A00001	b2205a1feb19292d5f08	67.742	124	121	124	100	1.84e-51	160	1	121	1	123
A00001	d79bfcce8691cbbfe1dd	69.106	123	121	122	100	4.38e-51	159	1	121	1	121
A00001	2b327663b6415edbae72	70.400	125	121	121	100	1.18e-50	158	1	121	1	120
A00001	906545a12d106065ddc7	68.293	123	121	121	100	1.56e-50	157	1	121	1	120
A00001	a51fd75d569e43d6ff26	67.200	125	121	125	100	2.28e-50	157	1	121	1	124
A00001	22bd172bdaac1f91d835	65.854	123	121	123	100	2.50e-50	157	1	121	1	122
A00001	c6ada29970f06ad538e1	68.293	123	121	122	100	3.33e-50	157	1	121	1	121
A00001	d85f9ff6b04a7117d0d2	67.480	123	121	121	100	3.84e-50	156	1	121	1	120
A00001	59abbc78709ead0b2da7	66.667	123	121	115	100	4.53e-50	156	1	121	1	114
A00001	d45d9735eb8c32f19c81	66.935	124	121	124	100	5.03e-50	156	1	121	1	123
A00002	b2205a1feb19292d5f08	67.742	124	121	124	100	1.58e-51	160	1	121	1	123
A00002	d79bfcce8691cbbfe1dd	69.106	123	121	122	100	4.43e-51	159	1	121	1	121
A00002	906545a12d106065ddc7	68.293	123	121	121	100	1.10e-50	158	1	121	1	120
A00002	2b327663b6415edbae72	70.400	125	121	121	100	1.23e-50	158	1	121	1	120
A00002	a51fd75d569e43d6ff26	67.200	125	121	125	100	2.26e-50	157	1	121	1	124
A00002	22bd172bdaac1f91d835	65.854	123	121	123	100	2.53e-50	157	1	121	1	122
A00002	d85f9ff6b04a7117d0d2	67.480	123	121	121	100	3.84e-50	156	1	121	1	120
A00002	c6ada29970f06ad538e1	68.293	123	121	122	100	5.57e-50	156	1	121	1	121
A00002	dd6126d591ad20e14af1	66.667	123	121	123	100	6.00e-50	156	1	121	1	122
A00002	88a1b8c874efc57cd6f1	69.106	123	121	119	100	7.20e-50	156	1	121	1	118
A00003	b2205a1feb19292d5f08	67.742	124	121	124	100	1.44e-51	160	1	121	1	123
A00003	d79bfcce8691cbbfe1dd	69.106	123	121	122	100	3.72e-51	159	1	121	1	121
A00003	2b327663b6415edbae72	70.400	125	121	121	100	6.23e-51	159	1	121	1	120
A00003	a51fd75d569e43d6ff26	67.200	125	121	125	100	1.89e-50	157	1	121	1	124
A00003	22bd172bdaac1f91d835	65.854	123	121	123	100	2.17e-50	157	1	121	1	122
A00003	906545a12d106065ddc7	68.293	123	121	121	100	2.45e-50	157	1	121	1	120
A00003	d85f9ff6b04a7117d0d2	67.480	123	121	121	100	3.48e-50	157	1	121	1	120
A00003	88a1b8c874efc57cd6f1	69.106	123	121	119	100	4.35e-50	156	1	121	1	118
A00003	d45d9735eb8c32f19c81	66.935	124	121	124	100	4.51e-50	156	1	121	1	123
A00003	c6ada29970f06ad538e1	68.293	123	121	122	100	5.10e-50	156	1	121	1	121
A00004	b2205a1feb19292d5f08	67.742	124	121	124	100	2.01e-51	160	1	121	1	123
A00004	d79bfcce8691cbbfe1dd	69.106	123	121	122	100	5.22e-51	159	1	121	1	121
A00004	906545a12d106065ddc7	68.293	123	121	121	100	1.22e-50	158	1	121	1	120
A00004	2b327663b6415edbae72	70.400	125	121	121	100	2.10e-50	157	1	121	1	120
A00004	a51fd75d569e43d6ff26	67.200	125	121	125	100	2.69e-50	157	1	121	1	124
A00004	22bd172bdaac1f91d835	65.854	123	121	123	100	3.04e-50	157	1	121	1	122
A00004	c6ada29970f06ad538e1	68.293	123	121	122	100	4.23e-50	156	1	121	1	121
A00004	d85f9ff6b04a7117d0d2	67.480	123	121	121	100	4.89e-50	156	1	121	1	120
A00004	59abbc78709ead0b2da7	66.667	123	121	115	100	7.33e-50	155	1	121	1	114
A00004	dd6126d591ad20e14af1	66.667	123	121	123	100	7.47e-50	156	1	121	1	122
A00005	b2205a1feb19292d5f08	67.742	124	121	124	100	4.62e-52	161	1	121	1	123
A00005	d79bfcce8691cbbfe1dd	69.106	123	121	122	100	6.37e-52	161	1	121	1	121
A00005	a51fd75d569e43d6ff26	67.200	125	121	125	100	4.41e-51	159	1	121	1	124
A00005	22bd172bdaac1f91d835	65.854	123	121	123	100	5.45e-51	159	1	121	1	122
A00005	d85f9ff6b04a7117d0d2	67.480	123	121	121	100	9.15e-51	158	1	121	1	120
A00005	e65705384c49f3c438bd	67.200	125	121	125	100	1.08e-50	158	1	121	1	124
A00005	d45d9735eb8c32f19c81	66.935	124	121	124	100	1.13e-50	158	1	121	1	123
A00005	2b6c15d84bcafba655b7	66.935	124	121	124	100	1.66e-50	157	1	121	1	123
A00005	7dd1c4b82fc060d3eea6	68.293	123	121	123	100	1.70e-50	157	1	121	1	122
A00005	cc4214c4fc0c20dbd3af	66.667	123	121	123	100	1.76e-50	157	1	121	1	122
A00006	b2205a1feb19292d5f08	67.742	124	121	124	100	1.43e-51	160	1	121	1	123
A00006	d79bfcce8691cbbfe1dd	69.106	123	121	122	100	3.23e-51	159	1	121	1	121
A00006	a51fd75d569e43d6ff26	67.200	125	121	125	100	1.87e-50	157	1	121	1	124
A00006	2b327663b6415edbae72	70.400	125	121	121	100	2.04e-50	157	1	121	1	120
A00006	906545a12d106065ddc7	68.293	123	121	121	100	2.06e-50	157	1	121	1	120
A00006	22bd172bdaac1f91d835	65.854	123	121	123	100	2.50e-50	157	1	121	1	122
A00006	d85f9ff6b04a7117d0d2	67.480	123	121	121	100	2.99e-50	157	1	121	1	120
A00006	c6ada29970f06ad538e1	68.293	123	121	122	100	3.59e-50	157	1	121	1	121
A00006	d45d9735eb8c32f19c81	66.935	124	121	124	100	5.20e-50	156	1	121	1	123
A00006	930e3364cea697cf3c81	67.200	125	121	116	100	6.35e-50	156	1	121	1	115
A00007	d79bfcce8691cbbfe1dd	69.919	123	121	122	100	4.95e-52	161	1	121	1	121
A00007	b2205a1feb19292d5f08	67.742	124	121	124	100	7.65e-52	161	1	121	1	123
A00007	a51fd75d569e43d6ff26	68.000	125	121	125	100	3.32e-51	159	1	121	1	124
A00007	22bd172bdaac1f91d835	66.667	123	121	123	100	4.78e-51	159	1	121	1	122
A00007	d85f9ff6b04a7117d0d2	68.293	123	121	121	100	5.41e-51	159	1	121	1	120
A00007	c6ada29970f06ad538e1	69.106	123	121	122	100	6.29e-51	159	1	121	1	121
A00007	906545a12d106065ddc7	68.293	123	121	121	100	1.60e-50	157	1	121	1	120
A00007	15811a2af3779446ac8a	66.929	127	121	127	100	2.54e-50	157	1	121	1	126
A00007	2b327663b6415edbae72	70.400	125	121	121	100	2.99e-50	157	1	121	1	120
A00007	f00b9abaeed7b4dacb0f	68.293	123	121	121	100	4.06e-50	156	1	121	1	120
A00008	b2205a1feb19292d5f08	67.742	124	121	124	100	8.63e-52	161	1	121	1	123
A00008	d79bfcce8691cbbfe1dd	69.106	123	121	122	100	2.65e-51	159	1	121	1	121
A00008	a51fd75d569e43d6ff26	67.200	125	121	125	100	1.44e-50	158	1	121	1	124
A00008	2b327663b6415edbae72	70.400	125	121	121	100	1.86e-50	157	1	121	1	120
A00008	906545a12d106065ddc7	68.293	123	121	121	100	2.17e-50	157	1	121	1	120
A00008	22bd172bdaac1f91d835	65.854	123	121	123	100	2.19e-50	157	1	121	1	122
A00008	d85f9ff6b04a7117d0d2	67.480	123	121	121	100	2.37e-50	157	1	121	1	120
A00008	c6ada29970f06ad538e1	68.293	123	121	122	100	3.59e-50	157	1	121	1	121
A00008	dd6126d591ad20e14af1	66.667	123	121	123	100	4.56e-50	156	1	121	1	122
A00008	cc4214c4fc0c20dbd3af	66.667	123	121	123	100	7.00e-50	156	1	121	1	122
A00009	d79bfcce8691cbbfe1dd	69.106	123	121	122	100	3.68e-52	162	1	121	1	121
A00009	b2205a1feb19292d5f08	67.742	124	121	124	100	4.62e-52	161	1	121	1	123
A00009	a51fd75d569e43d6ff26	67.200	125	121	125	100	2.47e-51	160	1	121	1	124
A00009	22bd172bdaac1f91d835	65.854	123	121	123	100	3.80e-51	159	1	121	1	122
A00009	d85f9ff6b04a7117d0d2	67.480	123	121	121	100	4.64e-51	159	1	121	1	120
A00009	dd6126d591ad20e14af1	67.480	123	121	123	100	4.88e-51	159	1	121	1	122
A00009	e65705384c49f3c438bd	67.200	125	121	125	100	1.20e-50	158	1	121	1	124
A00009	cc4214c4fc0c20dbd3af	66.667	123	121	123	100	2.05e-50	157	1	121	1	122
A00009	c6ada29970f06ad538e1	68.293	123	121	122	100	2.29e-50	157	1	121	1	121
A00009	d45d9735eb8c32f19c81	66.935	124	121	124	100	2.31e-50	157	1	121	1	123
B00001	c8460fc855d31a0951c6	67.200	125	125	119	100	1.51e-51	160	1	125	1	118
B00001	9ac0239e4e4e0f88696a	67.200	125	125	119	100	1.55e-51	160	1	125	1	118
B00001	fc86e1309e26dfb47c4a	67.200	125	125	119	100	1.80e-51	160	1	125	1	118
B00001	7cf81d9e6ab606e74190	67.200	125	125	119	100	2.01e-51	160	1	125	1	118
B00001	2e37174eba1371db19ba	67.200	125	125	119	100	2.45e-51	160	1	125	1	118
B00001	726025800ca5564febbb	67.200	125	125	119	100	2.76e-51	159	1	125	1	118
B00001	71b47bda7d2b15e14b6a	68.254	126	125	127	99	2.94e-51	160	2	125	1	126
B00001	4aa0e062f56ff43b3984	67.200	125	125	119	100	2.95e-51	159	1	125	1	118
B00001	fc589245cd7b237c3d69	67.200	125	125	119	100	3.05e-51	159	1	125	1	118
B00001	292339095ff525bfbf2d	67.200	125	125	119	100	3.22e-51	159	1	125	1	118
B00002	c8460fc855d31a0951c6	67.200	125	125	119	100	1.51e-51	160	1	125	1	118
B00002	9ac0239e4e4e0f88696a	67.200	125	125	119	100	1.55e-51	160	1	125	1	118
B00002	fc86e1309e26dfb47c4a	67.200	125	125	119	100	1.80e-51	160	1	125	1	118
B00002	7cf81d9e6ab606e74190	67.200	125	125	119	100	2.01e-51	160	1	125	1	118
B00002	2e37174eba1371db19ba	67.200	125	125	119	100	2.45e-51	160	1	125	1	118
B00002	726025800ca5564febbb	67.200	125	125	119	100	2.76e-51	159	1	125	1	118
B00002	71b47bda7d2b15e14b6a	68.254	126	125	127	99	2.94e-51	160	2	125	1	126
B00002	4aa0e062f56ff43b3984	67.200	125	125	119	100	2.95e-51	159	1	125	1	118
B00002	fc589245cd7b237c3d69	67.200	125	125	119	100	3.05e-51	159	1	125	1	118
B00002	292339095ff525bfbf2d	67.200	125	125	119	100	3.22e-51	159	1	125	1	118
B00003	c8460fc855d31a0951c6	67.200	125	125	119	100	1.51e-51	160	1	125	1	118
B00003	9ac0239e4e4e0f88696a	67.200	125	125	119	100	1.55e-51	160	1	125	1	118
B00003	fc86e1309e26dfb47c4a	67.200	125	125	119	100	1.80e-51	160	1	125	1	118
B00003	7cf81d9e6ab606e74190	67.200	125	125	119	100	2.01e-51	160	1	125	1	118
B00003	2e37174eba1371db19ba	67.200	125	125	119	100	2.45e-51	160	1	125	1	118
B00003	726025800ca5564febbb	67.200	125	125	119	100	2.76e-51	159	1	125	1	118
B00003	71b47bda7d2b15e14b6a	68.254	126	125	127	99	2.94e-51	160	2	125	1	126
B00003	4aa0e062f56ff43b3984	67.200	125	125	119	100	2.95e-51	159	1	125	1	118
B00003	fc589245cd7b237c3d69	67.200	125	125	119	100	3.05e-51	159	1	125	1	118
B00003	292339095ff525bfbf2d	67.200	125	125	119	100	3.22e-51	159	1	125	1	118
B00004	c8460fc855d31a0951c6	67.200	125	125	119	100	1.51e-51	160	1	125	1	118
B00004	9ac0239e4e4e0f88696a	67.200	125	125	119	100	1.71e-51	160	1	125	1	118
B00004	fc86e1309e26dfb47c4a	67.200	125	125	119	100	1.72e-51	160	1	125	1	118
B00004	7cf81d9e6ab606e74190	67.200	125	125	119	100	2.34e-51	160	1	125	1	118
B00004	2e37174eba1371db19ba	67.200	125	125	119	100	2.56e-51	159	1	125	1	118
B00004	4aa0e062f56ff43b3984	67.200	125	125	119	100	2.89e-51	159	1	125	1	118
B00004	726025800ca5564febbb	67.200	125	125	119	100	3.01e-51	159	1	125	1	118
B00004	71b47bda7d2b15e14b6a	68.254	126	125	127	99	3.08e-51	160	2	125	1	126
B00004	fc589245cd7b237c3d69	67.200	125	125	119	100	3.22e-51	159	1	125	1	118
B00004	71929fcb7a058c574979	67.200	125	125	119	100	3.71e-51	159	1	125	1	118
B00005	c8460fc855d31a0951c6	67.200	125	125	119	100	1.51e-51	160	1	125	1	118
B00005	9ac0239e4e4e0f88696a	67.200	125	125	119	100	1.71e-51	160	1	125	1	118
B00005	fc86e1309e26dfb47c4a	67.200	125	125	119	100	1.72e-51	160	1	125	1	118
B00005	7cf81d9e6ab606e74190	67.200	125	125	119	100	2.34e-51	160	1	125	1	118
B00005	2e37174eba1371db19ba	67.200	125	125	119	100	2.56e-51	159	1	125	1	118
B00005	4aa0e062f56ff43b3984	67.200	125	125	119	100	2.89e-51	159	1	125	1	118
B00005	726025800ca5564febbb	67.200	125	125	119	100	3.01e-51	159	1	125	1	118
B00005	71b47bda7d2b15e14b6a	68.254	126	125	127	99	3.08e-51	160	2	125	1	126
B00005	fc589245cd7b237c3d69	67.200	125	125	119	100	3.22e-51	159	1	125	1	118
B00005	71929fcb7a058c574979	67.200	125	125	119	100	3.71e-51	159	1	125	1	118
B00006	c8460fc855d31a0951c6	67.200	125	125	119	100	1.51e-51	160	1	125	1	118
B00006	9ac0239e4e4e0f88696a	67.200	125	125	119	100	1.71e-51	160	1	125	1	118
B00006	fc86e1309e26dfb47c4a	67.200	125	125	119	100	1.72e-51	160	1	125	1	118
B00006	7cf81d9e6ab606e74190	67.200	125	125	119	100	2.34e-51	160	1	125	1	118
B00006	2e37174eba1371db19ba	67.200	125	125	119	100	2.56e-51	159	1	125	1	118
B00006	4aa0e062f56ff43b3984	67.200	125	125	119	100	2.89e-51	159	1	125	1	118
B00006	726025800ca5564febbb	67.200	125	125	119	100	3.01e-51	159	1	125	1	118
B00006	71b47bda7d2b15e14b6a	68.254	126	125	127	99	3.08e-51	160	2	125	1	126
B00006	fc589245cd7b237c3d69	67.200	125	125	119	100	3.22e-51	159	1	125	1	118
B00006	71929fcb7a058c574979	67.200	125	125	119	100	3.71e-51	159	1	125	1	118
B00007	c8460fc855d31a0951c6	67.200	125	125	119	100	2.17e-51	160	1	125	1	118
B00007	9ac0239e4e4e0f88696a	67.200	125	125	119	100	2.24e-51	160	1	125	1	118
B00007	fc86e1309e26dfb47c4a	67.200	125	125	119	100	2.56e-51	159	1	125	1	118
B00007	7cf81d9e6ab606e74190	67.200	125	125	119	100	2.85e-51	159	1	125	1	118
B00007	71b47bda7d2b15e14b6a	68.254	126	125	127	99	3.36e-51	159	2	125	1	126
B00007	2e37174eba1371db19ba	67.200	125	125	119	100	3.51e-51	159	1	125	1	118
B00007	726025800ca5564febbb	67.200	125	125	119	100	3.96e-51	159	1	125	1	118
B00007	4aa0e062f56ff43b3984	67.200	125	125	119	100	4.23e-51	159	1	125	1	118
B00007	fc589245cd7b237c3d69	67.200	125	125	119	100	4.38e-51	159	1	125	1	118
B00007	292339095ff525bfbf2d	67.200	125	125	119	100	4.57e-51	159	1	125	1	118
B00008	c8460fc855d31a0951c6	67.200	125	125	119	100	2.17e-51	160	1	125	1	118
B00008	9ac0239e4e4e0f88696a	67.200	125	125	119	100	2.24e-51	160	1	125	1	118
B00008	fc86e1309e26dfb47c4a	67.200	125	125	119	100	2.56e-51	159	1	125	1	118
B00008	7cf81d9e6ab606e74190	67.200	125	125	119	100	2.85e-51	159	1	125	1	118
B00008	71b47bda7d2b15e14b6a	68.254	126	125	127	99	3.36e-51	159	2	125	1	126
B00008	2e37174eba1371db19ba	67.200	125	125	119	100	3.51e-51	159	1	125	1	118
B00008	726025800ca5564febbb	67.200	125	125	119	100	3.96e-51	159	1	125	1	118
B00008	4aa0e062f56ff43b3984	67.200	125	125	119	100	4.23e-51	159	1	125	1	118
B00008	fc589245cd7b237c3d69	67.200	125	125	119	100	4.38e-51	159	1	125	1	118
B00008	292339095ff525bfbf2d	67.200	125	125	119	100	4.57e-51	159	1	125	1	118
B00009	c8460fc855d31a0951c6	67.200	125	125	119	100	2.17e-51	160	1	125	1	118
B00009	9ac0239e4e4e0f88696a	67.200	125	125	119	100	2.24e-51	160	1	125	1	118
B00009	fc86e1309e26dfb47c4a	67.200	125	125	119	100	2.56e-51	159	1	125	1	118
B00009	7cf81d9e6ab606e74190	67.200	125	125	119	100	2.85e-51	159	1	125	1	118
B00009	71b47bda7d2b15e14b6a	68.254	126	125	127	99	3.36e-51	159	2	125	1	126
B00009	2e37174eba1371db19ba	67.200	125	125	119	100	3.51e-51	159	1	125	1	118
B00009	726025800ca5564febbb	67.200	125	125	119	100	3.96e-51	159	1	125	1	118
B00009	4aa0e062f56ff43b3984	67.200	125	125	119	100	4.23e-51	159	1	125	1	118
B00009	fc589245cd7b237c3d69	67.200	125	125	119	100	4.38e-51	159	1	125	1	118
B00009	292339095ff525bfbf2d	67.200	125	125	119	100	4.57e-51	159	1	125	1	118
B00010	c8460fc855d31a0951c6	67.200	125	125	119	100	2.01e-51	160	1	125	1	118
B00010	9ac0239e4e4e0f88696a	67.200	125	125	119	100	2.27e-51	160	1	125	1	118
B00010	fc86e1309e26dfb47c4a	67.200	125	125	119	100	2.32e-51	160	1	125	1	118
B00010	71b47bda7d2b15e14b6a	68.254	126	125	127	99	2.42e-51	160	2	125	1	126
B00010	7cf81d9e6ab606e74190	67.200	125	125	119	100	3.15e-51	159	1	125	1	118
B00010	2e37174eba1371db19ba	67.200	125	125	119	100	3.44e-51	159	1	125	1	118
B00010	4aa0e062f56ff43b3984	67.200	125	125	119	100	3.84e-51	159	1	125	1	118
B00010	726025800ca5564febbb	67.200	125	125	119	100	4.05e-51	159	1	125	1	118
B00010	fc589245cd7b237c3d69	67.200	125	125	119	100	4.33e-51	159	1	125	1	118
B00010	71929fcb7a058c574979	67.200	125	125	119	100	4.94e-51	159	1	125	1	118
B00011	c8460fc855d31a0951c6	67.200	125	125	119	100	2.01e-51	160	1	125	1	118
B00011	9ac0239e4e4e0f88696a	67.200	125	125	119	100	2.27e-51	160	1	125	1	118
B00011	fc86e1309e26dfb47c4a	67.200	125	125	119	100	2.32e-51	160	1	125	1	118
B00011	71b47bda7d2b15e14b6a	68.254	126	125	127	99	2.42e-51	160	2	125	1	126
B00011	7cf81d9e6ab606e74190	67.200	125	125	119	100	3.15e-51	159	1	125	1	118
B00011	2e37174eba1371db19ba	67.200	125	125	119	100	3.44e-51	159	1	125	1	118
B00011	4aa0e062f56ff43b3984	67.200	125	125	119	100	3.84e-51	159	1	125	1	118
B00011	726025800ca5564febbb	67.200	125	125	119	100	4.05e-51	159	1	125	1	118
B00011	fc589245cd7b237c3d69	67.200	125	125	119	100	4.33e-51	159	1	125	1	118
B00011	71929fcb7a058c574979	67.200	125	125	119	100	4.94e-51	159	1	125	1	118
B00012	c8460fc855d31a0951c6	67.200	125	125	119	100	2.01e-51	160	1	125	1	118
B00012	9ac0239e4e4e0f88696a	67.200	125	125	119	100	2.27e-51	160	1	125	1	118
B00012	fc86e1309e26dfb47c4a	67.200	125	125	119	100	2.32e-51	160	1	125	1	118
B00012	71b47bda7d2b15e14b6a	68.254	126	125	127	99	2.42e-51	160	2	125	1	126
B00012	7cf81d9e6ab606e74190	67.200	125	125	119	100	3.15e-51	159	1	125	1	118
B00012	2e37174eba1371db19ba	67.200	125	125	119	100	3.44e-51	159	1	125	1	118
B00012	4aa0e062f56ff43b3984	67.200	125	125	119	100	3.84e-51	159	1	125	1	118
B00012	726025800ca5564febbb	67.200	125	125	119	100	4.05e-51	159	1	125	1	118
B00012	fc589245cd7b237c3d69	67.200	125	125	119	100	4.33e-51	159	1	125	1	118
B00012	71929fcb7a058c574979	67.200	125	125	119	100	4.94e-51	159	1	125	1	118
B00013	c8460fc855d31a0951c6	67.200	125	125	119	100	1.40e-51	160	1	125	1	118
B00013	9ac0239e4e4e0f88696a	67.200	125	125	119	100	1.51e-51	160	1	125	1	118
B00013	fc86e1309e26dfb47c4a	67.200	125	125	119	100	1.53e-51	160	1	125	1	118
B00013	7cf81d9e6ab606e74190	67.200	125	125	119	100	2.03e-51	160	1	125	1	118
B00013	2e37174eba1371db19ba	67.200	125	125	119	100	2.45e-51	160	1	125	1	118
B00013	4aa0e062f56ff43b3984	67.200	125	125	119	100	2.50e-51	160	1	125	1	118
B00013	726025800ca5564febbb	67.200	125	125	119	100	2.67e-51	159	1	125	1	118
B00013	fc589245cd7b237c3d69	67.200	125	125	119	100	3.12e-51	159	1	125	1	118
B00013	292339095ff525bfbf2d	67.200	125	125	119	100	3.29e-51	159	1	125	1	118
B00013	2402a545fe94396cf6b1	67.200	125	125	119	100	3.40e-51	159	1	125	1	118
B00014	c8460fc855d31a0951c6	67.200	125	125	119	100	1.40e-51	160	1	125	1	118
B00014	9ac0239e4e4e0f88696a	67.200	125	125	119	100	1.51e-51	160	1	125	1	118
B00014	fc86e1309e26dfb47c4a	67.200	125	125	119	100	1.53e-51	160	1	125	1	118
B00014	7cf81d9e6ab606e74190	67.200	125	125	119	100	2.03e-51	160	1	125	1	118
B00014	2e37174eba1371db19ba	67.200	125	125	119	100	2.45e-51	160	1	125	1	118
B00014	4aa0e062f56ff43b3984	67.200	125	125	119	100	2.50e-51	160	1	125	1	118
B00014	726025800ca5564febbb	67.200	125	125	119	100	2.67e-51	159	1	125	1	118
B00014	fc589245cd7b237c3d69	67.200	125	125	119	100	3.12e-51	159	1	125	1	118
B00014	292339095ff525bfbf2d	67.200	125	125	119	100	3.29e-51	159	1	125	1	118
B00014	2402a545fe94396cf6b1	67.200	125	125	119	100	3.40e-51	159	1	125	1	118
B00015	c8460fc855d31a0951c6	67.200	125	125	119	100	1.40e-51	160	1	125	1	118
B00015	9ac0239e4e4e0f88696a	67.200	125	125	119	100	1.51e-51	160	1	125	1	118
B00015	fc86e1309e26dfb47c4a	67.200	125	125	119	100	1.53e-51	160	1	125	1	118
B00015	7cf81d9e6ab606e74190	67.200	125	125	119	100	2.03e-51	160	1	125	1	118
B00015	2e37174eba1371db19ba	67.200	125	125	119	100	2.45e-51	160	1	125	1	118
B00015	4aa0e062f56ff43b3984	67.200	125	125	119	100	2.50e-51	160	1	125	1	118
B00015	726025800ca5564febbb	67.200	125	125	119	100	2.67e-51	159	1	125	1	118
B00015	fc589245cd7b237c3d69	67.200	125	125	119	100	3.12e-51	159	1	125	1	118
B00015	292339095ff525bfbf2d	67.200	125	125	119	100	3.29e-51	159	1	125	1	118
B00015	2402a545fe94396cf6b1	67.200	125	125	119	100	3.40e-51	159	1	125	1	118
B00016	71b47bda7d2b15e14b6a	68.254	126	125	127	99	2.70e-51	160	2	125	1	126
B00016	c8460fc855d31a0951c6	66.400	125	125	119	100	6.71e-51	159	1	125	1	118
B00016	fc86e1309e26dfb47c4a	66.400	125	125	119	100	7.40e-51	158	1	125	1	118
B00016	9ac0239e4e4e0f88696a	66.400	125	125	119	100	8.08e-51	158	1	125	1	118
B00016	7cf81d9e6ab606e74190	66.400	125	125	119	100	9.74e-51	158	1	125	1	118
B00016	2e37174eba1371db19ba	66.400	125	125	119	100	1.12e-50	158	1	125	1	118
B00016	4aa0e062f56ff43b3984	66.400	125	125	119	100	1.28e-50	158	1	125	1	118
B00016	726025800ca5564febbb	66.400	125	125	119	100	1.41e-50	158	1	125	1	118
B00016	fc589245cd7b237c3d69	66.400	125	125	119	100	1.48e-50	157	1	125	1	118
B00016	71929fcb7a058c574979	66.400	125	125	119	100	1.53e-50	157	1	125	1	118
B00017	71b47bda7d2b15e14b6a	68.254	126	125	127	99	2.70e-51	160	2	125	1	126
B00017	c8460fc855d31a0951c6	66.400	125	125	119	100	6.71e-51	159	1	125	1	118
B00017	fc86e1309e26dfb47c4a	66.400	125	125	119	100	7.40e-51	158	1	125	1	118
B00017	9ac0239e4e4e0f88696a	66.400	125	125	119	100	8.08e-51	158	1	125	1	118
B00017	7cf81d9e6ab606e74190	66.400	125	125	119	100	9.74e-51	158	1	125	1	118
B00017	2e37174eba1371db19ba	66.400	125	125	119	100	1.12e-50	158	1	125	1	118
B00017	4aa0e062f56ff43b3984	66.400	125	125	119	100	1.28e-50	158	1	125	1	118
B00017	726025800ca5564febbb	66.400	125	125	119	100	1.41e-50	158	1	125	1	118
B00017	fc589245cd7b237c3d69	66.400	125	125	119	100	1.48e-50	157	1	125	1	118
B00017	71929fcb7a058c574979	66.400	125	125	119	100	1.53e-50	157	1	125	1	118
B00018	71b47bda7d2b15e14b6a	68.254	126	125	127	99	2.70e-51	160	2	125	1	126
B00018	c8460fc855d31a0951c6	66.400	125	125	119	100	6.71e-51	159	1	125	1	118
B00018	fc86e1309e26dfb47c4a	66.400	125	125	119	100	7.40e-51	158	1	125	1	118
B00018	9ac0239e4e4e0f88696a	66.400	125	125	119	100	8.08e-51	158	1	125	1	118
B00018	7cf81d9e6ab606e74190	66.400	125	125	119	100	9.74e-51	158	1	125	1	118
B00018	2e37174eba1371db19ba	66.400	125	125	119	100	1.12e-50	158	1	125	1	118
B00018	4aa0e062f56ff43b3984	66.400	125	125	119	100	1.28e-50	158	1	125	1	118
B00018	726025800ca5564febbb	66.400	125	125	119	100	1.41e-50	158	1	125	1	118
B00018	fc589245cd7b237c3d69	66.400	125	125	119	100	1.48e-50	157	1	125	1	118
B00018	71929fcb7a058c574979	66.400	125	125	119	100	1.53e-50	157	1	125	1	118
B00019	71b47bda7d2b15e14b6a	68.254	126	125	127	99	2.53e-51	160	2	125	1	126
B00019	c392079c44ee6319a2ad	69.600	125	125	121	100	5.93e-51	159	1	125	1	120
B00019	ac2df902b66cfa31ee32	67.200	125	125	125	100	8.64e-51	159	1	125	1	124
B00019	9a769e21174827d62eb7	69.600	125	125	123	100	9.06e-51	158	1	125	1	122
B00019	c085560ce8f8377ffe2b	69.600	125	125	123	100	1.27e-50	158	1	125	1	122
B00019	84de30f460475044b80c	69.600	125	125	123	100	1.67e-50	157	1	125	1	122
B00019	61e14e9d38ca8879ec00	69.600	125	125	123	100	2.08e-50	157	1	125	1	122
B00019	c8460fc855d31a0951c6	66.400	125	125	119	100	2.55e-50	157	1	125	1	118
B00019	608e1d4d63cad7b1ece5	68.000	125	125	124	100	2.76e-50	157	1	125	1	123
B00019	40ad9a13010a7b4b4345	68.000	125	125	121	100	2.87e-50	157	1	125	1	120
B00020	71b47bda7d2b15e14b6a	68.254	126	125	127	99	2.53e-51	160	2	125	1	126
B00020	c392079c44ee6319a2ad	69.600	125	125	121	100	5.93e-51	159	1	125	1	120
B00020	ac2df902b66cfa31ee32	67.200	125	125	125	100	8.64e-51	159	1	125	1	124
B00020	9a769e21174827d62eb7	69.600	125	125	123	100	9.06e-51	158	1	125	1	122
B00020	c085560ce8f8377ffe2b	69.600	125	125	123	100	1.27e-50	158	1	125	1	122
B00020	84de30f460475044b80c	69.600	125	125	123	100	1.67e-50	157	1	125	1	122
B00020	61e14e9d38ca8879ec00	69.600	125	125	123	100	2.08e-50	157	1	125	1	122
B00020	c8460fc855d31a0951c6	66.400	125	125	119	100	2.55e-50	157	1	125	1	118
B00020	608e1d4d63cad7b1ece5	68.000	125	125	124	100	2.76e-50	157	1	125	1	123
B00020	40ad9a13010a7b4b4345	68.000	125	125	121	100	2.87e-50	157	1	125	1	120
B00021	71b47bda7d2b15e14b6a	68.254	126	125	127	99	2.53e-51	160	2	125	1	126
B00021	c392079c44ee6319a2ad	69.600	125	125	121	100	5.93e-51	159	1	125	1	120
B00021	ac2df902b66cfa31ee32	67.200	125	125	125	100	8.64e-51	159	1	125	1	124
B00021	9a769e21174827d62eb7	69.600	125	125	123	100	9.06e-51	158	1	125	1	122
B00021	c085560ce8f8377ffe2b	69.600	125	125	123	100	1.27e-50	158	1	125	1	122
B00021	84de30f460475044b80c	69.600	125	125	123	100	1.67e-50	157	1	125	1	122
B00021	61e14e9d38ca8879ec00	69.600	125	125	123	100	2.08e-50	157	1	125	1	122
B00021	c8460fc855d31a0951c6	66.400	125	125	119	100	2.55e-50	157	1	125	1	118
B00021	608e1d4d63cad7b1ece5	68.000	125	125	124	100	2.76e-50	157	1	125	1	123
B00021	40ad9a13010a7b4b4345	68.000	125	125	121	100	2.87e-50	157	1	125	1	120
B00022	71b47bda7d2b15e14b6a	68.254	126	125	127	99	1.96e-51	160	2	125	1	126
B00022	9a769e21174827d62eb7	69.600	125	125	123	100	5.65e-51	159	1	125	1	122
B00022	c085560ce8f8377ffe2b	69.600	125	125	123	100	7.68e-51	159	1	125	1	122
B00022	608e1d4d63cad7b1ece5	68.000	125	125	124	100	1.22e-50	158	1	125	1	123
B00022	61e14e9d38ca8879ec00	69.600	125	125	123	100	1.43e-50	158	1	125	1	122
B00022	2103e2bb6b1327b88c7d	69.600	125	125	123	100	1.81e-50	157	1	125	1	122
B00022	c8460fc855d31a0951c6	66.400	125	125	119	100	1.92e-50	157	1	125	1	118
B00022	1eca64823f6a59cf3c1c	67.200	125	125	119	100	1.96e-50	157	1	125	1	118
B00022	fc86e1309e26dfb47c4a	66.400	125	125	119	100	2.21e-50	157	1	125	1	118
B00022	9ac0239e4e4e0f88696a	66.400	125	125	119	100	2.29e-50	157	1	125	1	118
B00023	71b47bda7d2b15e14b6a	68.254	126	125	127	99	1.96e-51	160	2	125	1	126
B00023	9a769e21174827d62eb7	69.600	125	125	123	100	5.65e-51	159	1	125	1	122
B00023	c085560ce8f8377ffe2b	69.600	125	125	123	100	7.68e-51	159	1	125	1	122
B00023	608e1d4d63cad7b1ece5	68.000	125	125	124	100	1.22e-50	158	1	125	1	123
B00023	61e14e9d38ca8879ec00	69.600	125	125	123	100	1.43e-50	158	1	125	1	122
B00023	2103e2bb6b1327b88c7d	69.600	125	125	123	100	1.81e-50	157	1	125	1	122
B00023	c8460fc855d31a0951c6	66.400	125	125	119	100	1.92e-50	157	1	125	1	118
B00023	1eca64823f6a59cf3c1c	67.200	125	125	119	100	1.96e-50	157	1	125	1	118
B00023	fc86e1309e26dfb47c4a	66.400	125	125	119	100	2.21e-50	157	1	125	1	118
B00023	9ac0239e4e4e0f88696a	66.400	125	125	119	100	2.29e-50	157	1	125	1	118
B00024	71b47bda7d2b15e14b6a	68.254	126	125	127	99	1.96e-51	160	2	125	1	126
B00024	9a769e21174827d62eb7	69.600	125	125	123	100	5.65e-51	159	1	125	1	122
B00024	c085560ce8f8377ffe2b	69.600	125	125	123	100	7.68e-51	159	1	125	1	122
B00024	608e1d4d63cad7b1ece5	68.000	125	125	124	100	1.22e-50	158	1	125	1	123
B00024	61e14e9d38ca8879ec00	69.600	125	125	123	100	1.43e-50	158	1	125	1	122
B00024	2103e2bb6b1327b88c7d	69.600	125	125	123	100	1.81e-50	157	1	125	1	122
B00024	c8460fc855d31a0951c6	66.400	125	125	119	100	1.92e-50	157	1	125	1	118
B00024	1eca64823f6a59cf3c1c	67.200	125	125	119	100	1.96e-50	157	1	125	1	118
B00024	fc86e1309e26dfb47c4a	66.400	125	125	119	100	2.21e-50	157	1	125	1	118
B00024	9ac0239e4e4e0f88696a	66.400	125	125	119	100	2.29e-50	157	1	125	1	118
G00001_C00	60560aa382b74c5b368f	68.504	127	127	118	100	1.17e-49	155	1	127	1	117
G00001_C00	e7c75e565eb2f090d1a8	66.929	127	127	116	100	5.34e-49	154	1	127	1	115
G00001_C00	8601cf494ebbe41b6cdb	68.504	127	127	242	100	5.55e-49	158	1	127	4	120
G00001_C00	numbered_5a7a8912b57de20e6d7c	66.142	127	127	123	100	5.76e-49	154	1	127	1	122
G00001_C00	fc4944c1dab78ceba37e	68.504	127	127	117	100	6.71e-49	154	1	127	1	116
G00001_C00	b0caf55ec56bc21fac99	63.780	127	127	129	100	7.18e-49	154	1	127	1	126
G00001_C00	2548162203e891320e9e	66.142	127	127	144	100	7.63e-49	154	1	127	1	122
G00001_C00	numbered_fe98fedccb5e82dc29f0	63.780	127	127	127	100	8.03e-49	154	1	127	1	126
G00001_C00	04538d4c48acc614dc02	67.188	128	127	124	100	8.72e-49	154	1	127	1	123
G00001_C00	dd7621d739ff6380e036	65.414	133	127	128	100	8.75e-49	154	1	127	1	127
G00001_C01	4948c75ffca58eb23def	68.504	127	127	123	100	6.50e-49	154	1	127	1	122
G00001_C01	0819e1d2ad6896b5431e	67.717	127	127	122	100	1.66e-47	150	1	127	1	121
G00001_C01	c43a3fdc33e03eadd49b	68.254	126	127	245	99	2.45e-47	154	1	126	1	121
G00001_C01	9984a91abe179d739b7a	65.354	127	127	121	100	2.64e-47	150	1	127	1	120
G00001_C01	99c066f228f1bd60d9f3	65.354	127	127	120	100	2.80e-47	149	1	127	1	119
G00001_C01	7689c8944f5c844c575f	64.567	127	127	120	100	2.92e-47	149	1	127	1	119
G00001_C01	bee0f9dee2a4f1cb1b38	64.567	127	127	120	100	3.09e-47	149	1	127	1	119
G00001_C01	numbered_cdd01c9239eb6788c330	65.354	127	127	115	100	3.36e-47	149	1	127	1	114
G00001_C01	5763bb6675b5537df261	66.917	133	127	124	100	3.49e-47	149	1	127	1	123
G00001_C01	e3930ce3fa42269744b8	65.354	127	127	120	100	3.52e-47	149	1	127	1	119
G00001_M00	0d062d07d100b6e27acc	66.142	127	127	121	100	1.45e-49	155	1	127	1	120
G00001_M00	48352b1705e312b3c53d	63.566	129	127	129	100	1.71e-49	155	1	127	1	128
G00001_M00	bd0f427fc55f305ec0d8	65.354	127	127	121	100	2.13e-49	155	1	127	3	120
G00001_M00	numbered_8f4969ae49b0bd2afc26	65.354	127	127	119	100	2.88e-49	154	1	127	1	118
G00001_M00	b8a518cece675b822533	66.406	128	127	120	100	6.12e-49	154	1	127	1	119
G00001_M00	d9bb6ebc4d2e465363f5	65.354	127	127	116	100	7.93e-49	153	1	127	1	115
G00001_M00	0e42d5554f10f18557e2	62.992	127	127	127	100	8.12e-49	154	1	127	1	126
G00001_M00	31070c0b6e0268573c46	66.929	127	127	122	100	8.38e-49	153	1	127	1	121
G00001_M00	c272825706f26a422de6	64.567	127	127	124	100	9.21e-49	153	1	127	1	123
G00001_M00	99c066f228f1bd60d9f3	65.354	127	127	120	100	1.14e-48	153	1	127	1	119
G00001_M01	70563a31b24ad298c0ca	63.846	130	127	131	100	3.03e-48	152	1	127	1	128
G00001_M01	numbered_f0c7fc855d45bdfe66a3	63.846	130	127	129	100	3.43e-48	152	1	127	1	128
G00001_M01	3200c4772f60e8113000	64.615	130	127	129	100	3.51e-48	152	1	127	1	126
G00001_M01	ebd2c2f5847abf97eb05	64.844	128	127	127	100	3.93e-48	152	1	127	1	124
G00001_M01	c6b64278caa061230cf3	64.844	128	127	127	100	4.34e-48	152	1	127	1	124
G00001_M01	numbered_02e2dddc8e71579c632f	64.615	130	127	127	100	4.39e-48	152	1	127	1	126
G00001_M01	numbered_c873752e2cb23007cbbc	64.844	128	127	125	100	4.80e-48	152	1	127	1	124
G00001_M01	7ca620050769f02bf8b5	67.442	129	127	126	100	5.12e-48	152	1	127	1	125
G00001_M01	0bc3aad747fc228fb8f5	64.844	128	127	127	100	5.40e-48	152	1	127	1	126
G00001_M01	numbered_05a25c8133569780902d	64.844	128	127	125	100	6.11e-48	151	1	127	1	124
G00001_M02	60560aa382b74c5b368f	66.929	127	127	118	100	1.31e-48	153	1	127	1	117
G00001_M02	numbered_2844e922c6798b12011c	66.142	127	127	125	100	1.56e-48	153	1	127	1	124
G00001_M02	6529a24320d636c60a64	66.142	127	127	127	100	2.25e-48	152	1	127	1	124
G00001_M02	8601cf494ebbe41b6cdb	66.929	127	127	242	100	6.27e-48	155	1	127	4	120
G00001_M02	ef0063e6b9b3e135d4f8	65.891	129	127	139	100	6.36e-48	152	1	127	1	125
G00001_M02	numbered_6c2902e28c697dc42f52	65.891	129	127	126	100	8.47e-48	151	1	127	1	125
G00001_M02	32a3248914566e250ef4	66.929	127	127	126	100	1.19e-47	150	1	127	1	125
G00001_M02	da0bd574713da97cbd98	64.844	128	127	124	100	2.49e-47	150	1	127	1	123
G00001_M02	9c75bfe9a057a29ea278	67.717	127	127	122	100	2.76e-47	149	1	127	1	121
G00001_M02	530e309ca3819cd8c5a4	64.567	127	127	117	100	3.43e-47	149	1	127	1	116
G00001_M03	52ef6c8cad989ed4fa51	67.969	128	127	120	100	7.98e-50	156	1	127	1	119
G00001_M03	60560aa382b74c5b368f	68.750	128	127	118	100	1.69e-49	155	1	127	1	117
G00001_M03	757550c1346ada025b91	66.929	127	127	122	100	2.48e-49	155	1	127	3	121
G00001_M03	numbered_56b310828572545e20fc	66.929	127	127	120	100	3.24e-49	154	1	127	1	119
G00001_M03	8601cf494ebbe41b6cdb	68.750	128	127	242	100	7.44e-49	157	1	127	4	120
G00001_M03	d3ad68a10e8b63c007f5	66.142	127	127	125	100	4.08e-48	152	1	127	1	124
G00001_M03	30f17d6e4a90a6cebf25	66.929	127	127	121	100	5.96e-48	151	1	127	1	120
G00001_M03	f6267bd44387592d323a	65.354	127	127	116	100	7.82e-48	151	1	127	1	115
G00001_M03	7ca4317d06effc42b928	65.354	127	127	122	100	7.91e-48	151	1	127	1	121
G00001_M03	8eff970de5491522eefe	66.406	128	127	127	100	9.33e-48	151	1	127	1	126
G00001_M04	9c75bfe9a057a29ea278	69.531	128	127	122	100	3.30e-49	154	1	127	1	121
G00001_M04	889751ea771fd7f2b795	64.567	127	127	120	100	2.60e-48	152	1	127	1	119
G00001_M04	235a4daf1e48f0584ed6	64.567	127	127	123	100	3.01e-48	152	1	127	1	122
G00001_M04	eda99a2eb23bfd06b91d	63.566	129	127	127	100	3.68e-48	152	1	127	1	126
G00001_M04	1bb94c1577efca00cf3f	64.615	130	127	130	100	3.91e-48	152	1	127	1	129
G00001_M04	da0bd574713da97cbd98	65.625	128	127	124	100	4.51e-48	152	1	127	1	123
G00001_M04	6c6bb1eda360449aa644	64.567	127	127	126	100	6.96e-48	151	1	127	1	125
G00001_M04	60560aa382b74c5b368f	66.929	127	127	118	100	7.71e-48	151	1	127	1	117
G00001_M04	numbered_2844e922c6798b12011c	66.142	127	127	125	100	1.12e-47	150	1	127	1	124
G00001_M04	77cb7aa2ea8036c0e923	64.615	130	127	130	100	1.17e-47	151	1	127	1	129
G00001_M05	60560aa382b74c5b368f	68.504	127	127	118	100	1.04e-49	155	1	127	1	117
G00001_M05	8601cf494ebbe41b6cdb	68.504	127	127	242	100	3.63e-49	158	1	127	4	120
G00001_M05	4948c75ffca58eb23def	67.717	127	127	123	100	6.79e-49	154	1	127	1	122
G00001_M05	16328d3b02dd893c3f8e	64.567	127	127	124	100	9.62e-49	153	1	127	1	123
G00001_M05	86b62762201cceea821a	62.992	127	127	114	100	2.11e-48	152	1	127	1	113
G00001_M05	2bb5bffb0df3da499dfb	65.354	127	127	123	100	2.34e-48	152	1	127	1	122
G00001_M05	94163d81a5f42ef8f414	63.780	127	127	114	100	3.00e-48	152	1	127	1	113
G00001_M05	0786aab50c9201b7a789	65.354	127	127	121	100	3.30e-48	152	1	127	1	120
G00001_M05	52ef6c8cad989ed4fa51	66.929	127	127	120	100	4.44e-48	152	1	127	1	119
G00001_M05	99c066f228f1bd60d9f3	65.354	127	127	120	100	5.78e-48	151	1	127	1	119
G00001_R00	4948c75ffca58eb23def	68.504	127	127	123	100	1.67e-49	155	1	127	1	122
G00001_R00	5557dd1a01c238280335	66.406	128	127	128	100	2.89e-48	152	1	127	1	127
G00001_R00	5a6ba7f30b6ac548de2f	65.354	127	127	127	100	5.34e-48	152	1	127	1	126
G00001_R00	c43a3fdc33e03eadd49b	68.254	126	127	245	99	5.85e-48	155	1	126	1	121
G00001_R00	numbered_2844e922c6798b12011c	65.354	127	127	125	100	1.18e-47	150	1	127	1	124
G00001_R00	6529a24320d636c60a64	65.354	127	127	127	100	1.61e-47	150	1	127	1	124
G00001_R00	52ef6c8cad989ed4fa51	66.929	127	127	120	100	1.75e-47	150	1	127	1	119
G00001_R00	0786aab50c9201b7a789	65.354	127	127	121	100	1.76e-47	150	1	127	1	120
G00001_R00	fdcdeae36fe3014dd56d	63.780	127	127	127	100	1.94e-47	150	1	127	1	126
G00001_R00	dd7ea8f4880bc2489d80	65.354	127	127	122	100	2.67e-47	150	1	127	1	121
G00001_R01	66bcce31a4d92b7c710b	66.142	127	127	122	100	1.59e-49	155	1	127	1	121
G00001_R01	52b5776d17ca9aa8a862	67.717	127	127	122	100	1.95e-49	155	1	127	1	121
G00001_R01	08b7f190e0a2d036ad97	65.385	130	127	130	100	2.17e-49	155	1	127	1	129
G00001_R01	d188f94c21f92f0102b7	66.406	128	127	128	100	8.38e-49	154	1	127	1	127
G00001_R01	1077791c14d0bbb223cb	67.717	127	127	123	100	1.21e-48	153	1	127	1	122
G00001_R01	5a6ba7f30b6ac548de2f	66.142	127	127	127	100	1.64e-48	153	1	127	1	126
G00001_R01	614190ed09223236c34d	63.359	131	127	125	100	1.87e-48	152	1	127	1	124
G00001_R01	536b07b19f4b17463324	66.667	129	127	127	100	2.99e-48	152	1	127	1	126
G00001_R01	444bed1f016631a801a9	67.717	127	127	121	100	3.33e-48	152	1	127	1	120
G00001_R01	01587e05d42753f4e59b	64.567	127	127	126	100	3.57e-48	152	1	127	1	125
G00001_R02	4948c75ffca58eb23def	70.866	127	127	123	100	1.47e-51	160	1	127	1	122
G00001_R02	60560aa382b74c5b368f	68.504	127	127	118	100	1.09e-50	158	1	127	1	117
G00001_R02	c43a3fdc33e03eadd49b	70.635	126	127	245	99	5.29e-50	160	1	126	1	121
G00001_R02	8601cf494ebbe41b6cdb	68.504	127	127	242	100	5.54e-50	160	1	127	4	120
G00001_R02	2fcd474e305d9401ed70	67.692	130	127	124	100	6.08e-49	154	1	127	1	123
G00001_R02	0db3ffa1328e1146286a	68.992	129	127	121	100	7.28e-49	154	1	127	1	120
G00001_R02	c7b82b4b28193fee825d	66.154	130	127	130	100	2.16e-48	152	1	127	1	129
G00001_R02	7a853a4ba144e62512f3	66.142	127	127	123	100	2.37e-48	152	1	127	1	122
G00001_R02	8758b983bc1b183d8dea	67.717	127	127	124	100	3.28e-48	152	1	127	1	123
G00001_R02	6bb8baf1f0d1c196a01b	66.142	127	127	121	100	7.26e-48	151	1	127	1	118
G00001_R03	60560aa382b74c5b368f	67.717	127	127	118	100	3.78e-48	152	1	127	1	117
G00001_R03	8601cf494ebbe41b6cdb	67.717	127	127	242	100	1.68e-47	154	1	127	4	120
G00001_R03	35e34e71fe66ff9c33de	65.354	127	127	139	100	2.91e-47	150	1	127	1	121
G00001_R03	c430c895b7274abbee77	65.354	127	127	122	100	3.51e-47	149	1	127	1	121
G00001_R03	4e5a5e02edd5cfcd6ae2	63.780	127	127	123	100	3.86e-47	149	1	127	1	120
G00001_R03	84a02331f0249f8091d1	66.142	127	127	126	100	4.43e-47	149	1	127	1	125
G00001_R03	6be960793ddf4ae1e39b	64.615	130	127	130	100	5.01e-47	149	1	127	1	129
G00001_R03	numbered_d984e5108f0fc7b71841	63.780	127	127	121	100	5.04e-47	149	1	127	1	120
G00001_R03	504f7623eae0c5f43445	64.615	130	127	132	100	5.51e-47	149	1	127	1	129
G00001_R03	beec503afc162b87b93a	65.354	127	127	122	100	5.99e-47	149	1	127	1	121
G00001_R04	60560aa382b74c5b368f	66.929	127	127	118	100	1.88e-49	155	1	127	1	117
G00001_R04	e02e6539b6e6d38c0cf3	63.780	127	127	118	100	4.67e-49	154	1	127	1	117
G00001_R04	numbered_2844e922c6798b12011c	66.929	127	127	125	100	8.15e-49	154	1	127	1	124
G00001_R04	6529a24320d636c60a64	66.929	127	127	127	100	8.77e-49	154	1	127	1	124
G00001_R04	19a3a412896ace26cfde	62.992	127	127	118	100	1.28e-48	153	1	127	1	117
G00001_R04	8601cf494ebbe41b6cdb	66.929	127	127	242	100	1.65e-48	157	1	127	4	120
G00001_R04	00287286336cacf75bf0	63.780	127	127	118	100	2.21e-48	152	1	127	1	117
G00001_R04	0996328f670edf79190d	64.567	127	127	127	100	2.77e-48	152	1	127	1	126
G00001_R04	f325395747eb2c38e865	61.719	128	127	128	100	2.92e-48	152	1	127	1	127
G00001_R04	7dde4e2412ff8d980486	65.649	131	127	125	100	3.31e-48	152	1	127	1	124
G00001_R05	60560aa382b74c5b368f	67.717	127	127	118	100	1.56e-48	152	1	127	1	117
G00001_R05	8601cf494ebbe41b6cdb	67.717	127	127	242	100	8.22e-48	155	1	127	4	120
G00001_R05	52ef6c8cad989ed4fa51	66.142	127	127	120	100	4.01e-47	149	1	127	1	119
G00001_R05	c5082662e2dc0ee32a8e	67.188	128	127	127	100	4.72e-47	149	1	127	1	126
G00001_R05	beec503afc162b87b93a	66.142	127	127	122	100	6.13e-47	149	1	127	1	121
G00001_R05	ea6f03bf75835d281010	65.891	129	127	121	100	6.34e-47	149	1	127	1	120
G00001_R05	8ff2f43423a140dd41e6	64.567	127	127	117	100	6.61e-47	149	1	127	1	116
G00001_R05	4cd3e9607b8c9d6e991f	65.354	127	127	119	100	8.75e-47	148	1	127	1	118
G00001_R05	32a3248914566e250ef4	67.717	127	127	126	100	1.01e-46	148	1	127	1	125
G00001_R05	d563c684e321961f36c6	65.354	127	127	121	100	1.02e-46	148	1	127	1	120
G00002_C00	df2be6a65614ea947300	65.385	130	127	128	100	4.67e-51	159	1	127	1	125
G00002_C00	08373a9ae6d7aa764f96	66.923	130	127	121	100	6.85e-51	159	1	127	1	120
G00002_C00	numbered_7075648f3072d4e6d937	65.385	130	127	126	100	7.41e-51	159	1	127	1	125
G00002_C00	e5ab18a80a8e0b4ab8c7	64.615	130	127	127	100	1.82e-50	158	1	127	1	126
G00002_C00	f23f25faa06be3e5a200	65.385	130	127	124	100	3.41e-50	157	1	127	1	123
G00002_C00	dce41e6a566d2e86df12	64.885	131	127	127	100	6.84e-50	156	1	127	1	126
G00002_C00	555e7177f526c118028d	66.142	127	127	124	100	7.18e-50	156	1	127	1	123
G00002_C00	d5d818848ff7717490b3	68.217	129	127	124	100	7.67e-50	156	1	127	1	123
G00002_C00	8618c9d64e9a1796d043	63.846	130	127	127	100	8.61e-50	156	1	127	1	126
G00002_C00	bc15ff05d38e6be747d5	66.142	127	127	124	100	8.65e-50	156	1	127	1	123
G00002_C01	71b47bda7d2b15e14b6a	67.969	128	127	127	99	2.85e-50	157	2	127	1	126
G00002_C01	7ddb09f0f0eb1d1daa29	64.844	128	127	123	100	4.02e-50	157	1	127	1	122
G00002_C01	af5ef330737aa1d36184	66.154	130	127	124	100	7.75e-50	156	1	127	1	123
G00002_C01	4b240fde85df48ee1036	66.154	130	127	124	100	9.86e-50	156	1	127	1	123
G00002_C01	b84c8cc27789a00e5d74	63.281	128	127	124	100	1.31e-49	155	1	127	1	123
G00002_C01	72c89f282b51fc2d8740	65.891	129	127	124	100	1.34e-49	155	1	127	1	123
G00002_C01	6f24aae13a15b96c51b4	66.923	130	127	138	100	2.05e-49	155	1	127	1	124
G00002_C01	d7a68a0ef7a5edd36724	66.667	129	127	120	100	2.21e-49	155	1	127	1	119
G00002_C01	c223c49ea2cf4dd4c2eb	64.844	128	127	125	100	2.39e-49	155	1	127	1	124
G00002_C01	bd335bbed54379735d8c	64.844	128	127	121	100	2.41e-49	155	1	127	1	120
G00002_M00	769027c28202ad04d7d9	67.969	128	127	120	100	1.26e-51	160	1	127	1	119
G00002_M00	0006b2f39980ac412f80	64.844	128	127	127	100	9.02e-51	159	1	127	1	126
G00002_M00	d2994d839ba22b6b7ed6	65.385	130	127	127	100	1.98e-50	158	1	127	1	126
G00002_M00	71b47bda7d2b15e14b6a	67.969	128	127	127	99	2.47e-50	157	2	127	1	126
G00002_M00	bb72b5d2e28c67600fc9	63.846	130	127	139	100	2.64e-50	158	1	127	1	121
G00002_M00	3df4bfd1a84fd1bcb1c1	65.354	127	127	127	100	2.67e-50	157	1	127	1	126
G00002_M00	d1d6d82f53249edf40ad	66.406	128	127	134	100	3.14e-50	157	1	127	1	121
G00002_M00	320b15a542e55679d822	64.062	128	127	139	100	3.59e-50	157	1	127	1	121
G00002_M00	56a5a628ba9d1a8356fb	67.188	128	127	123	100	3.81e-50	157	1	127	1	122
G00002_M00	4d07bea705d824dc8ba8	66.406	128	127	122	100	3.90e-50	157	1	127	1	121
G00002_M01	0006b2f39980ac412f80	64.122	131	127	127	100	2.02e-49	155	1	127	1	126
G00002_M01	b8da5889996b368191dd	65.625	128	127	124	100	2.45e-49	155	1	127	1	123
G00002_M01	f9c6082739709156cde6	67.188	128	127	125	100	2.76e-49	155	1	127	1	124
G00002_M01	4e8d4803b27e629ea954	66.142	127	127	115	100	3.23e-49	154	1	127	1	114
G00002_M01	16bd725c6dcec621d624	64.062	128	127	131	100	3.59e-49	155	1	127	3	127
G00002_M01	da7720369ac9c9803df6	66.165	133	127	123	100	3.72e-49	154	1	127	1	122
G00002_M01	e4503bc868d2fce7873a	65.891	129	127	120	100	4.12e-49	154	1	127	1	119
G00002_M01	e3930ce3fa42269744b8	66.923	130	127	120	100	4.70e-49	154	1	127	1	119
G00002_M01	d1d6d82f53249edf40ad	65.625	128	127	134	100	4.75e-49	154	1	127	1	121
G00002_M01	08373a9ae6d7aa764f96	64.844	128	127	121	100	5.53e-49	154	1	127	1	120
G00002_M02	769027c28202ad04d7d9	65.354	127	127	120	100	1.49e-50	158	1	127	1	119
G00002_M02	32954314c2f7808af7df	66.142	127	127	125	100	5.70e-50	156	1	127	1	124
G00002_M02	d2994d839ba22b6b7ed6	66.142	127	127	127	100	6.91e-50	156	1	127	1	126
G00002_M02	9c68be9c443628c4e4c3	63.780	127	127	127	100	2.46e-49	155	1	127	1	126
G00002_M02	08373a9ae6d7aa764f96	65.354	127	127	121	100	2.60e-49	155	1	127	1	120
G00002_M02	dd9019f813ebe2a375b5	66.142	127	127	120	100	2.78e-49	154	1	127	1	119
G00002_M02	91c5eb31152ca732daee	66.406	128	127	121	100	3.49e-49	154	1	127	1	120
G00002_M02	11db1ae6ac0a2c48a250	64.567	127	127	123	100	4.15e-49	154	1	127	1	122
G00002_M02	a66c06a17094781ea9a5	63.636	132	127	127	100	4.35e-49	154	1	127	1	126
G00002_M02	22b0408c124913e8dee3	63.780	127	127	127	100	4.35e-49	154	1	127	1	126
G00002_M03	3df4bfd1a84fd1bcb1c1	66.142	127	127	127	100	2.06e-51	160	1	127	1	126
G00002_M03	5191fe95eca7cc301614	66.154	130	127	120	100	2.01e-50	157	1	127	1	119
G00002_M03	d7a68a0ef7a5edd36724	66.142	127	127	120	100	2.12e-50	157	1	127	1	119
G00002_M03	feb56cdca665dfef6c03	66.142	127	127	120	100	4.42e-50	157	1	127	1	119
G00002_M03	1c713718f82ffe9998f7	66.142	127	127	120	100	4.46e-50	157	1	127	1	119
G00002_M03	d1d6d82f53249edf40ad	65.354	127	127	134	100	5.03e-50	157	1	127	1	121
G00002_M03	44f0217b164c71796d40	66.929	127	127	165	100	5.09e-50	158	1	127	12	129
G00002_M03	0b2d2a1e3f4050fdad1b	66.142	127	127	120	100	5.09e-50	156	1	127	1	119
G00002_M03	0f2a7d954528d676ad56	66.142	127	127	120	100	5.56e-50	156	1	127	1	119
G00002_M03	3452751b880a9b8b77dc	66.142	127	127	120	100	5.62e-50	156	1	127	1	119
G00002_M04	18d8092f54cbd428e4d8	64.567	127	127	127	100	2.93e-49	155	1	127	1	126
G00002_M04	71b47bda7d2b15e14b6a	66.406	128	127	127	99	3.27e-49	155	2	127	1	126
G00002_M04	63c87fc3a8974db64f44	66.929	127	127	118	100	4.42e-49	154	1	127	1	117
G00002_M04	7ddb09f0f0eb1d1daa29	62.992	127	127	123	100	7.09e-49	154	1	127	1	122
G00002_M04	dce41e6a566d2e86df12	62.205	127	127	127	100	1.18e-48	153	1	127	1	126
G00002_M04	6f734e5898318b12334d	64.615	130	127	127	100	1.23e-48	153	1	127	1	126
G00002_M04	0304c844cf59af5c3262	63.846	130	127	127	100	1.37e-48	153	1	127	1	126
G00002_M04	6ee7521ea0a618385fd7	66.142	127	127	121	100	1.53e-48	153	1	127	1	120
G00002_M04	276b1876cc4d19b5167e	64.567	127	127	121	100	1.83e-48	152	1	127	1	120
G00002_M04	e4503bc868d2fce7873a	65.354	127	127	120	100	2.43e-48	152	1	127	1	119
G00002_M05	18d8092f54cbd428e4d8	63.846	130	127	127	100	4.30e-49	154	1	127	1	126
G00002_M05	b283eccf03c36e6323f4	64.179	134	127	122	100	4.84e-49	154	1	127	1	121
G00002_M05	3df4bfd1a84fd1bcb1c1	63.780	127	127	127	100	7.61e-49	154	1	127	1	126
G00002_M05	8a4292aab9d199176546	65.152	132	127	120	100	8.31e-49	153	1	127	1	119
G00002_M05	1c713718f82ffe9998f7	65.152	132	127	120	100	1.26e-48	153	1	127	1	119
G00002_M05	820a72690d6809746e0e	65.909	132	127	120	100	1.33e-48	153	1	127	1	119
G00002_M05	79e311ec06ff464857cd	65.909	132	127	120	100	1.36e-48	153	1	127	1	119
G00002_M05	431968b21ac3650736f1	65.152	132	127	120	100	1.39e-48	153	1	127	1	119
G00002_M05	4ea1bf3e1942e2783208	64.615	130	127	120	100	1.44e-48	153	1	127	1	119
G00002_M05	fe188108611075c371ca	64.615	130	127	120	100	1.87e-48	152	1	127	1	119
G00002_R00	769027c28202ad04d7d9	66.142	127	127	120	100	1.41e-50	158	1	127	1	119
G00002_R00	f23f25faa06be3e5a200	65.354	127	127	124	100	3.09e-50	157	1	127	1	123
G00002_R00	18d8092f54cbd428e4d8	63.780	127	127	127	100	1.33e-49	155	1	127	1	126
G00002_R00	91ddfc382e29cecd3ff2	63.566	129	127	123	100	1.43e-49	155	1	127	1	122
G00002_R00	f4e53c8ae3dcca89616f	66.142	127	127	122	100	1.75e-49	155	1	127	1	121
G00002_R00	3df4bfd1a84fd1bcb1c1	63.780	127	127	127	100	1.79e-49	155	1	127	1	126
G00002_R00	fdcdeae36fe3014dd56d	63.780	127	127	127	100	5.98e-49	154	1	127	1	126
G00002_R00	eb29ee1ddd2dcfb71f6f	63.780	127	127	122	100	6.03e-49	154	1	127	1	121
G00002_R00	6db678f16d5cb83863f3	62.791	129	127	123	100	6.15e-49	154	1	127	1	122
G00002_R00	b703b76c3625427d6dc2	64.567	127	127	127	100	6.18e-49	154	1	127	1	126
G00002_R01	55e9902483b1821160bb	66.154	130	127	121	100	3.14e-50	157	1	127	1	120
G00002_R01	4ebd02bd474d2135e46f	66.929	127	127	119	100	8.26e-50	156	1	127	1	118
G00002_R01	7438f7bbc6b0458d5580	64.615	130	127	119	100	1.48e-49	155	1	127	1	118
G00002_R01	021c612e2adf56aeed99	66.142	127	127	116	100	2.89e-49	154	1	127	1	115
G00002_R01	c1676d929e1f9a797f0d	65.891	129	127	120	100	3.17e-49	154	1	127	1	119
G00002_R01	3df4bfd1a84fd1bcb1c1	64.567	127	127	127	100	3.24e-49	155	1	127	1	126
G00002_R01	dd9019f813ebe2a375b5	67.969	128	127	120	100	3.99e-49	154	1	127	1	119
G00002_R01	03340efc082d5790fb44	67.176	131	127	122	100	4.29e-49	154	1	127	1	121
G00002_R01	7bbbc1a18f786e1d5b49	65.625	128	127	127	100	4.50e-49	154	1	127	1	126
G00002_R01	a26410f8b7e5061b188d	65.625	128	127	127	100	5.24e-49	154	1	127	1	126
G00002_R02	f23f25faa06be3e5a200	64.567	127	127	124	100	9.84e-49	153	1	127	1	123
G00002_R02	4ddc323f117c110e62f1	65.116	129	127	146	100	1.95e-48	153	1	127	1	128
G00002_R02	899c6e9fed16c26ce22d	65.354	127	127	126	100	3.16e-48	152	1	127	1	125
G00002_R02	5254e6bd1f6cd87b545e	66.142	127	127	121	100	3.48e-48	152	1	127	1	120
G00002_R02	numbered_909643c42bfdc8e79c47	65.116	129	127	129	100	3.59e-48	152	1	127	1	128
G00002_R02	bc6398080a5d74903720	66.142	127	127	124	100	4.31e-48	152	1	127	3	120
G00002_R02	5a79c4dd86d81b0ea6b7	65.079	126	127	120	99	4.74e-48	151	2	127	1	119
G00002_R02	32954314c2f7808af7df	65.354	127	127	125	100	4.86e-48	152	1	127	1	124
G00002_R02	20be6e91fa82598e9e19	66.406	128	127	126	100	5.90e-48	151	1	127	3	125
G00002_R02	18d8092f54cbd428e4d8	63.566	129	127	127	100	5.96e-48	151	1	127	1	126
G00002_R03	a8e463704f4c214a2bc0	66.406	128	127	127	100	2.62e-51	160	1	127	1	126
G00002_R03	769027c28202ad04d7d9	65.625	128	127	120	100	4.87e-50	156	1	127	1	119
G00002_R03	9c68be9c443628c4e4c3	64.062	128	127	127	100	7.63e-50	156	1	127	1	126
G00002_R03	0006b2f39980ac412f80	64.844	128	127	127	100	7.88e-50	156	1	127	1	126
G00002_R03	d9bb6ebc4d2e465363f5	67.188	128	127	116	100	9.36e-50	155	1	127	1	115
G00002_R03	55d416c1404ca82931f9	65.625	128	127	122	100	9.68e-50	156	1	127	1	121
G00002_R03	24843d578c623566fea9	65.625	128	127	119	100	1.22e-49	155	1	127	1	118
G00002_R03	496afb9d22f63736f6f0	66.154	130	127	124	100	3.05e-49	155	1	127	1	123
G00002_R03	5d741748f5516a5b2c45	65.625	128	127	124	100	3.25e-49	154	1	127	1	123
G00002_R03	3df4bfd1a84fd1bcb1c1	64.567	127	127	127	100	4.40e-49	154	1	127	1	126
G00002_R04	b0edaaab1b90669b37d2	67.717	127	127	128	100	5.89e-52	162	1	127	1	126
G00002_R04	numbered_6600d255b54fd62b6713	67.717	127	127	127	100	6.09e-52	162	1	127	1	126
G00002_R04	615413befd485de6a944	68.217	129	127	128	100	1.35e-50	158	1	127	1	127
G00002_R04	990cd86044af64fcc600	70.079	127	127	141	100	1.44e-50	159	1	127	1	121
G00002_R04	71b47bda7d2b15e14b6a	67.969	128	127	127	99	1.84e-50	158	2	127	1	126
G00002_R04	c29b749466f240d49164	70.079	127	127	122	100	1.89e-50	157	1	127	1	121
G00002_R04	cfc57f14935b81135004	67.176	131	127	128	100	1.96e-50	158	1	127	1	127
G00002_R04	b7505af3eca2268a3774	66.929	127	127	122	100	2.14e-50	157	1	127	1	120
G00002_R04	numbered_a8af2dda1b142b19c500	66.929	127	127	121	100	2.41e-50	157	1	127	1	120
G00002_R04	f7823eeced5f5a9630e0	66.929	127	127	122	100	5.19e-50	156	1	127	1	120
G00002_R05	01587e05d42753f4e59b	68.217	129	127	126	100	1.57e-51	160	1	127	1	125
G00002_R05	525db242544df8fa0af4	67.717	127	127	125	100	9.14e-51	159	1	127	1	124
G00002_R05	9665dd80a1bbba76e042	66.929	127	127	125	100	1.82e-50	158	1	127	1	124
G00002_R05	5f2161621788a75e63b3	66.929	127	127	125	100	2.08e-50	157	1	127	1	124
G00002_R05	3e1b688667cdcdae8b81	66.929	127	127	125	100	3.72e-50	157	1	127	1	124
G00002_R05	00ee83f5f79a3f27bd97	66.929	127	127	124	100	4.02e-50	157	1	127	1	123
G00002_R05	3452751b880a9b8b77dc	65.891	129	127	120	100	5.38e-50	156	1	127	1	119
G00002_R05	1c713718f82ffe9998f7	65.891	129	127	120	100	5.93e-50	156	1	127	1	119
G00002_R05	5ab4769fce5135d68ae3	66.929	127	127	125	100	8.36e-50	156	1	127	1	124
G00002_R05	614190ed09223236c34d	66.929	127	127	125	100	9.53e-50	156	1	127	1	124
G00002_R06	52ef6c8cad989ed4fa51	68.504	127	127	120	100	4.02e-53	164	1	127	1	119
G00002_R06	ece031a08c5b7e0487c7	66.406	128	127	165	100	3.71e-52	163	1	127	12	129
G00002_R06	71b47bda7d2b15e14b6a	67.188	128	127	127	99	6.37e-52	161	2	127	1	126
G00002_R06	numbered_8adc4066a7c0f3bde0fe	66.406	128	127	119	100	6.73e-52	161	1	127	1	118
G00002_R06	numbered_6600d255b54fd62b6713	66.142	127	127	127	100	8.94e-52	161	1	127	1	126
G00002_R06	b0edaaab1b90669b37d2	66.142	127	127	128	100	1.12e-51	161	1	127	1	126
G00002_R06	6156fd303e5a2e5ac039	66.929	127	127	120	100	1.12e-51	160	1	127	1	119
G00002_R06	24843d578c623566fea9	66.142	127	127	119	100	3.37e-51	159	1	127	1	118
G00002_R06	f7cce91460406bf39ee1	65.354	127	127	127	100	4.88e-51	159	1	127	1	126
G00002_R06	4de17d5e200e702f585d	65.354	127	127	119	100	7.92e-51	158	1	127	1	118
G00002_R07	fe188108611075c371ca	66.667	129	127	120	100	7.07e-50	156	1	127	1	119
G00002_R07	e3b36a54c6caf8b8ef67	66.667	129	127	120	100	8.15e-50	156	1	127	1	119
G00002_R07	c33ea5ff53a336587346	66.667	129	127	120	100	1.00e-49	155	1	127	1	119
G00002_R07	3df4bfd1a84fd1bcb1c1	65.354	127	127	127	100	1.24e-49	155	1	127	1	126
G00002_R07	1c713718f82ffe9998f7	66.923	130	127	120	100	1.28e-49	155	1	127	1	119
G00002_R07	ec9a86aa315e5f89c69a	66.406	128	127	124	100	1.28e-49	155	1	127	1	123
G00002_R07	d7a68a0ef7a5edd36724	66.667	129	127	120	100	1.38e-49	155	1	127	1	119
G00002_R07	3452751b880a9b8b77dc	66.923	130	127	120	100	1.72e-49	155	1	127	1	119
G00002_R07	feb56cdca665dfef6c03	66.667	129	127	120	100	1.85e-49	155	1	127	1	119
G00002_R07	d847d5cf329ca75ee0cf	66.667	129	127	120	100	1.94e-49	155	1	127	1	119
G00002_R08	8befcacc816173d11134	65.354	127	127	123	100	4.82e-48	152	1	127	1	122
G00002_R08	3df4bfd1a84fd1bcb1c1	64.567	127	127	127	100	5.06e-48	152	1	127	1	126
G00002_R08	1c713718f82ffe9998f7	65.891	129	127	120	100	5.23e-48	151	1	127	1	119
G00002_R08	9c68be9c443628c4e4c3	63.780	127	127	127	100	6.50e-48	151	1	127	1	126
G00002_R08	3452751b880a9b8b77dc	65.891	129	127	120	100	7.51e-48	151	1	127	1	119
G00002_R08	d6b0df40781b74fc84ef	65.891	129	127	120	100	9.46e-48	150	1	127	1	119
G00002_R08	6d99c006a9bef731bc83	65.891	129	127	120	100	1.06e-47	150	1	127	1	119
G00002_R08	3de2564df4d304d2f0d5	65.354	127	127	121	100	1.21e-47	150	1	127	1	120
G00002_R08	e3930ce3fa42269744b8	65.891	129	127	120	100	1.33e-47	150	1	127	1	119
G00002_R08	e4503bc868d2fce7873a	66.142	127	127	120	100	1.40e-47	150	1	127	1	119
G00003_C00	bac103f954f468363c75	68.852	122	121	119	100	4.54e-49	154	1	121	1	116
G00003_C00	f487133e0cd739180647	68.852	122	121	117	100	5.92e-49	153	1	121	1	116
G00003_C00	a60ff62ad7b33fbf6955	69.672	122	121	116	100	3.21e-48	151	1	121	1	115
G00003_C00	9bbceb3d1ac7f2a2b2bc	68.595	121	121	120	100	3.96e-48	151	1	121	1	119
G00003_C00	3424f38e896dd9f6978d	66.116	121	121	120	100	4.19e-48	151	1	121	1	119
G00003_C00	d5433b842d024a802181	68.033	122	121	120	100	4.52e-48	151	1	121	1	119
G00003_C00	70f47abfb396c835cc18	66.942	121	121	121	100	5.43e-48	151	1	121	1	120
G00003_C00	46578340ec206cd66734	68.293	123	121	121	100	7.55e-48	150	1	121	1	120
G00003_C00	b0046fe61012b46913ea	68.033	122	121	117	100	7.95e-48	150	1	121	1	116
G00003_C00	f8e86eff3b504274eb88	68.033	122	121	120	100	8.91e-48	150	1	121	1	119
G00003_C01	5f73942c22a6bade121a	68.504	127	121	127	100	4.85e-51	159	1	121	1	126
G00003_C01	2c7b79a134166da4fe40	67.717	127	121	127	100	2.77e-50	157	1	121	1	126
G00003_C01	8b895a2ef2656c05d486	69.421	121	121	120	100	2.96e-50	157	1	121	1	119
G00003_C01	8eff970de5491522eefe	67.717	127	121	127	100	4.11e-50	157	1	121	1	126
G00003_C01	0be0ac8a9b297a44ab45	66.929	127	121	127	100	6.30e-50	156	1	121	1	126
G00003_C01	44da318cefa17438ed08	68.595	121	121	120	100	6.51e-50	156	1	121	1	119
G00003_C01	81bc875b1e311daff29a	70.248	121	121	120	100	7.11e-50	156	1	121	1	119
G00003_C01	4466bac1aa4c9cd9d537	67.769	121	121	121	100	8.74e-50	155	1	121	1	120
G00003_C01	409dd89d60dc44ea839f	67.769	121	121	120	100	8.85e-50	155	1	121	1	119
G00003_C01	462ba9a7fdef6819a9ea	69.421	121	121	120	100	9.05e-50	155	1	121	1	119
G00003_M00	6bb384b5636f5fedf190	67.769	121	121	123	100	1.10e-50	158	1	121	1	120
G00003_M00	numbered_55bded3a8b4e90e079f0	67.769	121	121	121	100	1.82e-50	157	1	121	1	120
G00003_M00	df0124f4da47f9d3b962	67.769	121	121	121	100	2.06e-50	157	1	121	1	120
G00003_M00	73bcfb675ea4449c3165	65.854	123	121	123	100	3.75e-50	157	1	121	1	122
G00003_M00	a873da5174b81066c903	65.854	123	121	123	100	4.00e-50	157	1	121	1	122
G00003_M00	3804a52b3b623dbe1ec2	66.942	121	121	120	100	4.90e-50	156	1	121	1	119
G00003_M00	d3e22b4b137478069f26	68.750	128	121	127	100	5.71e-50	156	1	121	1	126
G00003_M00	5fc8227f2d8af63f7f53	66.116	121	121	120	100	5.77e-50	156	1	121	1	119
G00003_M00	ed3d1f7f65a8a9949c1f	68.595	121	121	121	100	7.83e-50	155	1	121	1	120
G00003_M00	d3dc74730b920d51ad5c	67.769	121	121	123	100	8.07e-50	156	1	121	1	120
G00003_M01	d5433b842d024a802181	67.480	123	121	120	100	2.80e-49	154	1	121	1	119
G00003_M01	701308afe3af8c2b47f7	66.942	121	121	121	100	1.54e-48	152	1	121	1	120
G00003_M01	6fc285bacc56c4506510	66.406	128	121	142	100	1.60e-48	153	1	121	20	139
G00003_M01	numbered_81a834bbc93d5e55d62b	66.406	128	121	121	100	1.63e-48	152	1	121	1	120
G00003_M01	6d20f206dc98c99ee6a0	65.289	121	121	121	100	2.24e-48	152	1	121	1	120
G00003_M01	4466bac1aa4c9cd9d537	65.625	128	121	121	100	2.44e-48	152	1	121	1	120
G00003_M01	8863591f32cb53da1fe2	65.600	125	121	121	100	3.18e-48	152	1	121	1	120
G00003_M01	70f47abfb396c835cc18	65.600	125	121	121	100	3.66e-48	151	1	121	1	120
G00003_M01	824d0db6959fc44af057	66.942	121	121	121	100	3.83e-48	151	1	121	1	120
G00003_M01	a9ebae12edbc73e80cde	64.885	131	121	124	100	9.55e-48	150	1	121	1	123
G00003_M02	8b895a2ef2656c05d486	71.545	123	121	120	100	5.92e-52	161	1	121	1	119
G00003_M02	44da318cefa17438ed08	70.732	123	121	120	100	1.01e-51	160	1	121	1	119
G00003_M02	b44536acfd1535079566	69.919	123	121	121	100	1.64e-51	160	1	121	1	120
G00003_M02	3804a52b3b623dbe1ec2	66.942	121	121	120	100	1.79e-51	160	1	121	1	119
G00003_M02	f2c4fc0a982f6db75e25	70.400	125	121	122	100	1.93e-51	160	1	121	1	121
G00003_M02	9b12f960e356c488873a	68.033	122	121	121	100	5.90e-51	159	1	121	1	120
G00003_M02	c170a259c776374e4128	70.400	125	121	122	100	6.29e-51	159	1	121	1	121
G00003_M02	4466bac1aa4c9cd9d537	67.769	121	121	121	100	7.76e-51	158	1	121	1	120
G00003_M02	ceadf5365fc346c56a04	68.033	122	121	120	100	1.03e-50	158	1	121	1	119
G00003_M02	ed3d1f7f65a8a9949c1f	68.595	121	121	121	100	1.22e-50	158	1	121	1	120
G00003_M03	4466bac1aa4c9cd9d537	67.769	121	121	121	100	1.18e-50	158	1	121	1	120
G00003_M03	d3e22b4b137478069f26	67.969	128	121	127	100	2.62e-50	157	1	121	1	126
G00003_M03	7fac93635c6e7074ce4d	69.048	126	121	124	100	6.54e-50	156	1	121	1	123
G00003_M03	6d20f206dc98c99ee6a0	66.942	121	121	121	100	9.54e-50	155	1	121	1	120
G00003_M03	da9ff7a6344f555575a8	69.048	126	121	143	100	1.03e-49	156	1	121	20	142
G00003_M03	daea69bdfb84e9db26ad	68.595	121	121	121	100	1.94e-49	155	1	121	1	120
G00003_M03	27e023c4dd04dd10c808	67.769	121	121	121	100	2.59e-49	154	1	121	1	120
G00003_M03	c7f3ebc7d15624cd34a4	68.595	121	121	119	100	4.79e-49	154	1	121	1	118
G00003_M03	038fb5f57abfc208e102	67.769	121	121	121	100	4.83e-49	154	1	121	1	120
G00003_M03	3428ce935b647ab712e2	66.942	121	121	120	100	5.34e-49	154	1	121	1	119
G00003_M04	4466bac1aa4c9cd9d537	66.942	121	121	121	100	8.46e-50	155	1	121	1	120
G00003_M04	e3ee297ba60a14b8f9a2	68.595	121	121	121	100	1.35e-49	155	1	121	1	120
G00003_M04	b9a15e945de4898323af	66.116	121	121	121	100	2.67e-49	154	1	121	1	120
G00003_M04	4ebd02bd474d2135e46f	69.421	121	121	119	100	2.83e-49	154	1	121	1	118
G00003_M04	043a9b6af422b0d252b8	66.942	121	121	121	100	4.37e-49	154	1	121	1	120
G00003_M04	444bed1f016631a801a9	66.942	121	121	121	100	5.04e-49	154	1	121	1	120
G00003_M04	ba9990f5fd142a03f4c1	66.942	121	121	121	100	7.90e-49	153	1	121	1	120
G00003_M04	9e8dfb9890b62d481bb5	68.595	121	121	120	100	9.75e-49	153	1	121	1	119
G00003_M04	8b895a2ef2656c05d486	68.595	121	121	120	100	1.06e-48	153	1	121	1	119
G00003_M04	9b12f960e356c488873a	68.033	122	121	121	100	1.09e-48	153	1	121	1	120
G00003_M05	4466bac1aa4c9cd9d537	68.852	122	121	121	100	3.06e-51	159	1	121	1	120
G00003_M05	44da318cefa17438ed08	68.595	121	121	120	100	1.05e-50	158	1	121	1	119
G00003_M05	ba9990f5fd142a03f4c1	68.852	122	121	121	100	1.11e-50	158	1	121	1	120
G00003_M05	4ebd02bd474d2135e46f	70.492	122	121	119	100	3.73e-50	156	1	121	1	118
G00003_M05	22e9bb8377852941b9c3	68.595	121	121	115	100	1.53e-49	155	1	121	1	114
G00003_M05	numbered_9cc1c5f2ed756be676f7	69.167	120	121	121	99	1.61e-49	155	2	121	2	120
G00003_M05	eb230b0f92b10a3829c2	67.213	122	121	123	100	1.66e-49	155	1	121	1	122
G00003_M05	edf804158129bd176b5b	69.167	120	121	124	99	2.23e-49	155	2	121	3	121
G00003_M05	8b895a2ef2656c05d486	70.492	122	121	120	100	2.83e-49	154	1	121	1	119
G00003_M05	5f73942c22a6bade121a	66.929	127	121	127	100	3.40e-49	154	1	121	1	126
G00003_R00	b72bfb72e209e6e45e4d	69.600	125	121	122	100	1.51e-49	155	1	121	1	121
G00003_R00	02bda45fce95269fe8da	69.421	121	121	120	100	2.43e-49	154	1	121	1	119
G00003_R00	bc338a8fbc7bc92ea7af	70.248	121	121	119	100	3.09e-49	154	1	121	1	118
G00003_R00	numbered_6292ddcd3923664b6805	70.000	120	121	119	99	4.11e-49	154	2	121	1	118
G00003_R00	421c4df3e4b92bffbb1a	69.421	121	121	119	100	5.29e-49	154	1	121	1	118
G00003_R00	30df391d1134ee11a6fa	68.595	121	121	119	100	5.71e-49	154	1	121	1	118
G00003_R00	a60ff62ad7b33fbf6955	71.074	121	121	116	100	7.72e-49	153	1	121	1	115
G00003_R00	numbered_3a90be1ef521a969d092	69.421	121	121	119	100	1.03e-48	153	1	121	1	118
G00003_R00	22ddb94ea3f50538345c	69.421	121	121	120	100	1.30e-48	152	1	121	1	118
G00003_R00	ab8e08abb353c0a39ab2	71.074	121	121	117	100	1.41e-48	152	1	121	1	116
G00003_R01	daea69bdfb84e9db26ad	67.769	121	121	121	100	2.17e-50	157	1	121	1	120
G00003_R01	4466bac1aa4c9cd9d537	66.116	121	121	121	100	8.93e-50	155	1	121	1	120
G00003_R01	d4125a81741a463bebe2	68.033	122	121	120	100	1.37e-49	155	1	121	1	119
G00003_R01	0d062d07d100b6e27acc	67.769	121	121	121	100	1.55e-49	155	1	121	1	120
G00003_R01	a0c07d1cbe1b7ffec8e8	67.213	122	121	124	100	1.81e-49	155	1	121	1	121
G00003_R01	9bc944cfa8264970afd1	69.106	123	121	120	100	1.89e-49	155	1	121	1	119
G00003_R01	5fa76d0a2d4bf637cbaf	67.480	123	121	123	100	2.21e-49	155	1	121	1	122
G00003_R01	numbered_b7f368f61a2e131e3549	67.213	122	121	122	100	2.58e-49	154	1	121	1	121
G00003_R01	e77f8a333204eda21831	63.636	121	121	121	100	3.05e-49	154	1	121	1	120
G00003_R01	8803becee4acbdced1ff	65.574	122	121	122	100	7.39e-49	153	1	121	1	121
G00003_R02	ef9ca8ac847adcdadf60	67.213	122	121	116	100	8.23e-48	150	1	121	1	115
G00003_R02	b212d48b35e34ee69e37	66.393	122	121	122	100	1.52e-47	150	1	121	1	121
G00003_R02	numbered_4c885facb8922600a580	66.667	123	121	119	100	2.27e-47	149	1	121	1	118
G00003_R02	2d89be2feb60e9c92b92	66.667	123	121	119	100	2.27e-47	149	1	121	1	118
G00003_R02	a60ff62ad7b33fbf6955	68.293	123	121	116	100	2.33e-47	149	1	121	1	115
G00003_R02	a066972f8da3285c1551	66.400	125	121	123	100	3.48e-47	149	1	121	1	122
G00003_R02	58349065fff0c02e4c0e	67.742	124	121	121	100	3.58e-47	149	1	121	1	120
G00003_R02	24cd0ef357410d791445	66.116	121	121	120	100	3.74e-47	149	1	121	1	119
G00003_R02	eb230b0f92b10a3829c2	65.854	123	121	123	100	5.23e-47	149	1	121	1	122
G00003_R02	e3ee297ba60a14b8f9a2	67.769	121	121	121	100	5.42e-47	149	1	121	1	120
G00003_R03	69c7e578d7b0e1b7f142	69.531	128	121	127	100	3.30e-50	157	1	121	1	126
G00003_R03	b7cfc4c7db2acc48ccbf	69.531	128	121	127	100	5.17e-50	156	1	121	1	126
G00003_R03	1a0b80bd64d1b9fc2f36	68.750	128	121	127	100	8.19e-50	156	1	121	1	126
G00003_R03	8803becee4acbdced1ff	68.033	122	121	122	100	1.02e-49	155	1	121	1	121
G00003_R03	dd9fe57e157e3f3dc786	68.750	128	121	127	100	1.08e-49	155	1	121	1	126
G00003_R03	41be64764176421f0e6d	68.750	128	121	127	100	1.40e-49	155	1	121	1	126
G00003_R03	numbered_c70034eac16c4440a6b0	67.769	121	121	121	100	1.51e-49	155	1	121	1	120
G00003_R03	2516113dfdad03984b00	67.769	121	121	126	100	1.64e-49	155	1	121	1	120
G00003_R03	4997db6a597ec3137b08	68.750	128	121	127	100	1.84e-49	155	1	121	1	126
G00003_R03	99fb97d07e97c3c6f8a1	67.769	121	121	119	100	2.38e-49	154	1	121	1	118
G00003_R04	a60ff62ad7b33fbf6955	71.074	121	121	116	100	5.88e-50	156	1	121	1	115
G00003_R04	8eff970de5491522eefe	67.717	127	121	127	100	6.73e-50	156	1	121	1	126
G00003_R04	5f73942c22a6bade121a	67.717	127	121	127	100	9.45e-50	155	1	121	1	126
G00003_R04	0be0ac8a9b297a44ab45	66.929	127	121	127	100	9.65e-50	155	1	121	1	126
G00003_R04	8f5efb66f8feaa5d8e84	67.717	127	121	127	100	1.01e-49	155	1	121	1	126
G00003_R04	ab8e08abb353c0a39ab2	70.248	121	121	117	100	1.10e-49	155	1	121	1	116
G00003_R04	ad97290ab6d85817db45	71.074	121	121	117	100	1.16e-49	155	1	121	1	116
G00003_R04	f4e3e11c27394f874183	67.717	127	121	127	100	1.20e-49	155	1	121	1	126
G00003_R04	02bda45fce95269fe8da	68.595	121	121	120	100	1.37e-49	155	1	121	1	119
G00003_R04	46578340ec206cd66734	69.106	123	121	121	100	1.45e-49	155	1	121	1	120
G00003_R05	756394a615f0bf126d47	71.311	122	121	122	100	1.34e-50	158	1	121	1	121
G00003_R05	e3ee297ba60a14b8f9a2	68.595	121	121	121	100	6.94e-50	156	1	121	1	120
G00003_R05	7d338d57935ae3303a2f	68.595	121	121	121	100	1.01e-49	155	1	121	1	120
G00003_R05	0bea6b1a447f8d3f0ccd	67.769	121	121	121	100	1.34e-49	155	1	121	1	120
G00003_R05	d9bb6ebc4d2e465363f5	70.248	121	121	116	100	1.37e-49	155	1	121	1	115
G00003_R05	4334aee098bedc99d7b3	69.355	124	121	124	100	1.46e-49	155	1	121	1	123
G00003_R05	9b12f960e356c488873a	67.769	121	121	121	100	1.63e-49	155	1	121	1	120
G00003_R05	824b5e64099f76ce1800	67.769	121	121	121	100	1.84e-49	155	1	121	1	120
G00003_R05	fcc6c620358d4830409b	68.595	121	121	121	100	1.92e-49	155	1	121	1	120
G00003_R05	ea85bfebb43b135b835a	70.000	120	121	116	99	2.07e-49	154	2	121	1	115
G00003_R06	02bda45fce95269fe8da	70.248	121	121	120	100	7.53e-52	161	1	121	1	119
G00003_R06	numbered_6292ddcd3923664b6805	70.833	120	121	119	99	1.05e-51	160	2	121	1	118
G00003_R06	3452751b880a9b8b77dc	70.248	121	121	120	100	1.14e-50	158	1	121	1	119
G00003_R06	1c713718f82ffe9998f7	70.248	121	121	120	100	1.18e-50	158	1	121	1	119
G00003_R06	cc2475a8244d164dd804	69.421	121	121	118	100	2.07e-50	157	1	121	1	117
G00003_R06	6b3a9bb445ab86069ad6	68.595	121	121	118	100	2.28e-50	157	1	121	1	117
G00003_R06	93c94dd68e39b5a58f8f	69.421	121	121	120	100	2.33e-50	157	1	121	1	119
G00003_R06	6f792c8d9b9f2d4439e6	69.421	121	121	118	100	2.36e-50	157	1	121	1	117
G00003_R06	71b47bda7d2b15e14b6a	67.939	131	121	127	99	2.48e-50	157	2	121	1	126
G00003_R06	8a4292aab9d199176546	69.421	121	121	120	100	2.59e-50	157	1	121	1	119
G00003_R07	46a2638acad080c77d1c	68.595	121	121	120	100	7.68e-50	155	1	121	1	119
G00003_R07	adf0a65356eec9e390fa	68.293	123	121	122	100	8.92e-50	155	1	121	1	121
G00003_R07	4feab57ffb1545ec718b	68.595	121	121	120	100	1.11e-49	155	1	121	1	119
G00003_R07	25f26c441e2d8da4d885	67.769	121	121	120	100	1.14e-49	155	1	121	1	119
G00003_R07	a56eff8aeff59f3d0378	68.595	121	121	120	100	1.18e-49	155	1	121	1	119
G00003_R07	b689f71f4c32814879cf	67.769	121	121	120	100	1.50e-49	155	1	121	1	119
G00003_R07	fb44fde80499f62e5240	67.769	121	121	120	100	1.73e-49	155	1	121	1	119
G00003_R07	820a72690d6809746e0e	68.595	121	121	120	100	1.89e-49	155	1	121	1	119
G00003_R07	69c7e578d7b0e1b7f142	67.717	127	121	127	100	2.12e-49	155	1	121	1	126
G00003_R07	7177875849178e8647b1	67.769	121	121	120	100	2.20e-49	154	1	121	1	119
G00003_R08	2d4c4cda083d31e57f97	69.672	122	121	119	100	1.14e-50	158	1	121	1	118
G00003_R08	7fac93635c6e7074ce4d	67.742	124	121	124	100	1.09e-49	155	1	121	1	123
G00003_R08	3452751b880a9b8b77dc	68.033	122	121	120	100	2.15e-49	154	1	121	1	119
G00003_R08	da9ff7a6344f555575a8	67.742	124	121	143	100	2.16e-49	155	1	121	20	142
G00003_R08	9304642b58b7e95f2531	69.421	121	121	118	100	2.60e-49	154	1	121	1	117
G00003_R08	46a2638acad080c77d1c	68.033	122	121	120	100	2.80e-49	154	1	121	1	119
G00003_R08	4466bac1aa4c9cd9d537	67.213	122	121	121	100	3.59e-49	154	1	121	1	120
G00003_R08	25f26c441e2d8da4d885	67.213	122	121	120	100	3.64e-49	154	1	121	1	119
G00003_R08	4d3fd7b8be0c295b58d8	68.852	122	121	118	100	3.73e-49	154	1	121	1	117
G00003_R08	1692246f09e6b0a62b46	66.406	128	121	128	100	3.75e-49	154	1	121	1	127
G00004_C00	71b47bda7d2b15e14b6a	70.635	126	121	127	99	8.82e-49	153	2	121	1	126
G00004_C00	7a72e891f84eb63cd451	68.033	122	121	121	100	1.37e-48	152	1	121	1	120
G00004_C00	numbered_086291c6d48f1aac8b1f	69.421	121	121	119	100	2.43e-48	152	1	121	1	118
G00004_C00	6f6a5e1d998f93f01d71	68.033	122	121	121	100	7.39e-48	150	1	121	1	120
G00004_C00	2ff49d3121351b467bc2	69.421	121	121	192	100	7.85e-48	153	1	121	12	129
G00004_C00	963ba96880d8356bc47b	68.033	122	121	121	100	1.18e-47	150	1	121	1	120
G00004_C00	4ebd02bd474d2135e46f	69.421	121	121	119	100	1.37e-47	150	1	121	1	118
G00004_C00	dece6af9dc13336b1b74	66.942	121	121	121	100	2.94e-47	149	1	121	1	120
G00004_C00	6869283b68476a522c77	67.213	122	121	121	100	4.81e-47	149	1	121	1	120
G00004_C00	4514fc55534940db3168	67.213	122	121	121	100	5.19e-47	149	1	121	1	120
G00004_C01	319243d48354c24e4b8a	69.106	123	121	119	100	6.96e-49	153	1	121	1	118
G00004_C01	5722cc684edcb31f4c69	68.033	122	121	127	100	1.29e-48	153	1	121	3	123
G00004_C01	71b47bda7d2b15e14b6a	69.841	126	121	127	99	1.59e-48	152	2	121	1	126
G00004_C01	numbered_dbd95de507fc989ebcac	68.033	122	121	122	100	1.98e-48	152	1	121	1	121
G00004_C01	384d773208415a9442c1	68.033	122	121	127	100	9.71e-48	150	1	121	3	123
G00004_C01	3ac8a2187993bf234fe2	70.248	121	121	116	100	1.19e-47	150	1	121	1	115
G00004_C01	numbered_729fc8a2aa1efb88835f	68.033	122	121	122	100	1.39e-47	150	1	121	1	121
G00004_C01	5c975bbb08a332210309	69.672	122	121	121	100	1.52e-47	150	1	121	1	120
G00004_C01	906545a12d106065ddc7	68.852	122	121	121	100	1.54e-47	150	1	121	1	120
G00004_C01	6788ea3ea42b9822e37b	68.852	122	121	118	100	1.93e-47	149	1	121	1	117
G00004_M00	319243d48354c24e4b8a	69.106	123	121	119	100	6.23e-49	153	1	121	1	118
G00004_M00	d41521e643c70bd4995e	68.800	125	121	125	100	2.59e-48	152	1	121	1	124
G00004_M00	60560aa382b74c5b368f	68.852	122	121	118	100	4.64e-48	151	1	121	1	117
G00004_M00	0dec07cb4de0b2ce67c4	67.460	126	121	142	100	5.64e-48	152	1	121	1	124
G00004_M00	906545a12d106065ddc7	68.033	122	121	121	100	6.99e-48	151	1	121	1	120
G00004_M00	71b47bda7d2b15e14b6a	69.048	126	121	127	99	7.80e-48	151	2	121	1	126
G00004_M00	28a81afc3c4a28921b87	69.672	122	121	115	100	8.43e-48	150	1	121	1	114
G00004_M00	numbered_de79078d973d67914dcb	67.460	126	121	125	100	1.11e-47	150	1	121	1	124
G00004_M00	52ef6c8cad989ed4fa51	69.421	121	121	120	100	2.16e-47	149	1	121	1	119
G00004_M00	8601cf494ebbe41b6cdb	68.852	122	121	242	100	2.39e-47	153	1	121	4	120
G00004_M01	28a81afc3c4a28921b87	69.672	122	121	115	100	3.29e-49	154	1	121	1	114
G00004_M01	cf38e9cb6a8568a1c307	69.355	124	121	123	100	1.39e-48	152	1	121	1	122
G00004_M01	44a74d20affe42ee2de1	69.355	124	121	123	100	1.70e-48	152	1	121	1	122
G00004_M01	60560aa382b74c5b368f	67.460	126	121	118	100	1.77e-48	152	1	121	1	117
G00004_M01	3aa5f097425d795908ba	70.968	124	121	123	100	2.90e-48	152	1	121	1	122
G00004_M01	0f8581e6603ca1284728	68.033	122	121	121	100	2.94e-48	152	1	121	1	120
G00004_M01	ed81d2c0730b21ddcb67	68.033	122	121	147	100	3.23e-48	152	1	121	1	120
G00004_M01	2a9ff7be0972fc3d7c8e	69.355	124	121	123	100	3.31e-48	152	1	121	1	122
G00004_M01	61e14e9d38ca8879ec00	70.161	124	121	123	100	4.30e-48	151	1	121	1	122
G00004_M01	numbered_607bc9e0017ad85c7aec	68.033	122	121	121	100	5.09e-48	151	1	121	1	120
G00004_M02	28a81afc3c4a28921b87	69.672	122	121	115	100	8.46e-51	158	1	121	1	114
G00004_M02	60560aa382b74c5b368f	69.421	121	121	118	100	4.45e-50	156	1	121	1	117
G00004_M02	d41521e643c70bd4995e	68.000	125	121	125	100	3.27e-49	154	1	121	1	124
G00004_M02	173f3fc76699b38b7909	70.492	122	121	143	100	3.46e-49	155	1	121	1	116
G00004_M02	8601cf494ebbe41b6cdb	68.254	126	121	242	100	3.53e-49	158	1	121	4	120
G00004_M02	8a9baaa996c5c7ea0251	68.254	126	121	125	100	5.12e-49	154	1	121	1	124
G00004_M02	d32adfa663f653512384	68.852	122	121	138	100	5.96e-49	154	1	121	1	120
G00004_M02	319243d48354c24e4b8a	68.033	122	121	119	100	8.85e-49	153	1	121	1	118
G00004_M02	3ac3606bbafa5d91c234	70.492	122	121	117	100	9.49e-49	153	1	121	1	116
G00004_M02	numbered_92868f2baab2d96710b1	68.852	122	121	121	100	1.06e-48	153	1	121	1	120
G00004_M03	d41521e643c70bd4995e	68.800	125	121	125	100	3.61e-49	154	1	121	1	124
G00004_M03	60560aa382b74c5b368f	67.460	126	121	118	100	7.44e-49	153	1	121	1	117
G00004_M03	28a81afc3c4a28921b87	68.852	122	121	115	100	1.13e-48	152	1	121	1	114
G00004_M03	32a3248914566e250ef4	68.254	126	121	126	100	1.84e-48	152	1	121	1	125
G00004_M03	dda056d8c9d515fd50bb	67.717	127	121	124	100	2.83e-48	152	1	121	1	123
G00004_M03	67b85cd4ed4041435000	66.667	126	121	142	100	3.98e-48	152	1	121	1	124
G00004_M03	817be6df3929dcb26b41	69.672	122	121	118	100	4.69e-48	151	1	121	1	117
G00004_M03	8601cf494ebbe41b6cdb	67.460	126	121	242	100	4.84e-48	155	1	121	4	120
G00004_M03	5d45c533033672c030bd	70.492	122	121	120	100	5.63e-48	151	1	121	1	119
G00004_M03	numbered_3afc3ce33384083b36e2	66.667	126	121	125	100	5.95e-48	151	1	121	1	124
G00004_M04	28a81afc3c4a28921b87	70.492	122	121	115	100	6.23e-51	158	1	121	1	114
G00004_M04	817be6df3929dcb26b41	70.492	122	121	118	100	3.06e-49	154	1	121	1	117
G00004_M04	e3df77d41873ab9c7798	69.672	122	121	120	100	6.29e-49	153	1	121	1	119
G00004_M04	6360c937be9e1c224d56	71.311	122	121	120	100	9.23e-49	153	1	121	1	119
G00004_M04	52dd3b11c5841ccc1c4d	68.033	122	121	121	100	1.37e-48	152	1	121	1	120
G00004_M04	60560aa382b74c5b368f	68.852	122	121	118	100	1.81e-48	152	1	121	1	117
G00004_M04	0106fbe1de869cd39409	69.672	122	121	121	100	1.90e-48	152	1	121	1	120
G00004_M04	9900b7527b23614e6d22	71.311	122	121	120	100	2.15e-48	152	1	121	1	119
G00004_M04	6879559dba72b4c81619	70.492	122	121	120	100	2.15e-48	152	1	121	1	119
G00004_M04	5d45c533033672c030bd	70.492	122	121	120	100	2.42e-48	152	1	121	1	119
G00004_M05	0786aab50c9201b7a789	70.732	123	121	121	100	5.75e-49	154	1	121	1	120
G00004_M05	319243d48354c24e4b8a	69.106	123	121	119	100	6.73e-49	153	1	121	1	118
G00004_M05	c0de8095ea1bcec3d8f5	70.732	123	121	122	100	1.10e-48	153	1	121	1	121
G00004_M05	71b47bda7d2b15e14b6a	70.635	126	121	127	99	1.56e-48	152	2	121	1	126
G00004_M05	a0eb98a0116564cc081b	69.919	123	121	121	100	1.98e-48	152	1	121	1	120
G00004_M05	4e5a5e02edd5cfcd6ae2	66.116	121	121	123	100	2.00e-48	152	1	121	1	120
G00004_M05	numbered_d984e5108f0fc7b71841	66.116	121	121	121	100	2.01e-48	152	1	121	1	120
G00004_M05	f14859c08e1fc3d23e4f	68.800	125	121	124	100	2.89e-48	152	1	121	1	123
G00004_M05	d41521e643c70bd4995e	68.800	125	121	125	100	3.05e-48	152	1	121	1	124
G00004_M05	f748a32b791fbb656b78	69.919	123	121	121	100	3.14e-48	152	1	121	1	120
G00004_R00	71b47bda7d2b15e14b6a	70.635	126	121	127	99	4.21e-51	159	2	121	1	126
G00004_R00	4ebd02bd474d2135e46f	69.421	121	121	119	100	1.38e-50	157	1	121	1	118
G00004_R00	28a81afc3c4a28921b87	68.852	122	121	115	100	1.15e-49	155	1	121	1	114
G00004_R00	95af044f2d66fb443cb7	67.480	123	121	123	100	2.94e-49	154	1	121	1	122
G00004_R00	fd8b81f56ca98dfc5b99	68.852	122	121	116	100	3.83e-49	154	1	121	1	115
G00004_R00	60560aa382b74c5b368f	68.852	122	121	118	100	6.31e-49	153	1	121	1	117
G00004_R00	ec474ce4752a53b98890	67.213	122	121	121	100	1.09e-48	153	1	121	1	120
G00004_R00	b8420d86077fe6c6ecf0	67.213	122	121	121	100	1.28e-48	152	1	121	1	120
G00004_R00	bd0f427fc55f305ec0d8	66.935	124	121	121	100	1.32e-48	152	1	121	3	120
G00004_R00	e9c414521d22cde04d4e	68.033	122	121	136	100	1.36e-48	153	1	121	1	118
G00004_R01	71b47bda7d2b15e14b6a	69.048	126	121	127	99	3.07e-48	152	2	121	1	126
G00004_R01	4ebd02bd474d2135e46f	69.421	121	121	119	100	4.53e-48	151	1	121	1	118
G00004_R01	82bc4cb59ea19896a5ef	70.248	121	121	119	100	1.45e-47	150	1	121	1	118
G00004_R01	5f95ba1f4c8ffaf83454	70.248	121	121	119	100	2.01e-47	149	1	121	1	118
G00004_R01	7fa9b8e0ac72fbf9e951	70.732	123	121	119	100	2.03e-47	149	1	121	1	118
G00004_R01	01555ae85fcd5909b187	70.248	121	121	119	100	4.05e-47	149	1	121	1	118
G00004_R01	319243d48354c24e4b8a	69.600	125	121	119	100	4.57e-47	149	1	121	1	118
G00004_R01	77292dd4a044dc36be92	71.545	123	121	117	100	5.71e-47	148	1	121	1	116
G00004_R01	aaa6a6c1f005f4ee03b1	70.732	123	121	119	100	6.07e-47	148	1	121	1	118
G00004_R01	ce7ec39b0d27c0d65ec0	70.732	123	121	138	100	6.82e-47	149	1	121	20	137
G00004_R02	7a72e891f84eb63cd451	67.213	122	121	121	100	8.82e-49	153	1	121	1	120
G00004_R02	5e66b9e2d67b6f4523ed	69.919	123	121	120	100	9.33e-49	153	1	121	1	119
G00004_R02	71b47bda7d2b15e14b6a	69.841	126	121	127	99	1.84e-48	152	2	121	1	126
G00004_R02	8023afa4a4cd79c922e9	69.672	122	121	120	100	1.92e-48	152	1	121	1	119
G00004_R02	16bd725c6dcec621d624	66.142	127	121	131	100	2.80e-48	152	1	121	3	127
G00004_R02	ee6feaccd8dff5cc1349	69.672	122	121	119	100	2.89e-48	152	1	121	1	118
G00004_R02	f14859c08e1fc3d23e4f	67.200	125	121	124	100	2.93e-48	152	1	121	1	123
G00004_R02	5736cc6f7c56f049271e	68.852	122	121	121	100	2.98e-48	152	1	121	1	120
G00004_R02	861e3214b911e9a58da3	68.852	122	121	121	100	3.32e-48	152	1	121	1	120
G00004_R02	0786aab50c9201b7a789	69.919	123	121	121	100	3.62e-48	152	1	121	1	120
G00004_R03	4e5a5e02edd5cfcd6ae2	66.116	121	121	123	100	3.70e-49	154	1	121	1	120
G00004_R03	f14859c08e1fc3d23e4f	68.000	125	121	124	100	4.55e-49	154	1	121	1	123
G00004_R03	numbered_d984e5108f0fc7b71841	66.116	121	121	121	100	5.33e-49	154	1	121	1	120
G00004_R03	71b47bda7d2b15e14b6a	70.635	126	121	127	99	1.51e-48	153	2	121	1	126
G00004_R03	8a9baaa996c5c7ea0251	69.291	127	121	125	100	1.62e-48	152	1	121	1	124
G00004_R03	7a72e891f84eb63cd451	67.213	122	121	121	100	2.29e-48	152	1	121	1	120
G00004_R03	0786aab50c9201b7a789	69.919	123	121	121	100	3.18e-48	152	1	121	1	120
G00004_R03	bd0f427fc55f305ec0d8	67.742	124	121	121	100	3.36e-48	152	1	121	3	120
G00004_R03	5736cc6f7c56f049271e	69.672	122	121	121	100	3.79e-48	151	1	121	1	120
G00004_R03	numbered_8f4969ae49b0bd2afc26	67.742	124	121	119	100	4.68e-48	151	1	121	1	118
G00004_R04	319243d48354c24e4b8a	70.492	122	121	119	100	6.19e-51	159	1	121	1	118
G00004_R04	32a3248914566e250ef4	70.635	126	121	126	100	1.93e-50	157	1	121	1	125
G00004_R04	817be6df3929dcb26b41	71.074	121	121	118	100	2.58e-50	157	1	121	1	117
G00004_R04	c981c0345a7237ec3b57	68.595	121	121	117	100	3.07e-50	157	1	121	1	116
G00004_R04	6360c937be9e1c224d56	71.901	121	121	120	100	4.20e-50	156	1	121	1	119
G00004_R04	28a81afc3c4a28921b87	70.492	122	121	115	100	5.00e-50	156	1	121	1	114
G00004_R04	9900b7527b23614e6d22	72.951	122	121	120	100	5.35e-50	156	1	121	1	119
G00004_R04	0dec07cb4de0b2ce67c4	68.000	125	121	142	100	7.48e-50	156	1	121	1	124
G00004_R04	numbered_de79078d973d67914dcb	68.000	125	121	125	100	9.37e-50	155	1	121	1	124
G00004_R04	6879559dba72b4c81619	71.074	121	121	120	100	9.88e-50	155	1	121	1	119
G00004_R05	c0de8095ea1bcec3d8f5	69.919	123	121	122	100	6.71e-50	156	1	121	1	121
G00004_R05	7a72e891f84eb63cd451	68.033	122	121	121	100	9.86e-50	155	1	121	1	120
G00004_R05	0786aab50c9201b7a789	70.732	123	121	121	100	1.63e-49	155	1	121	1	120
G00004_R05	71b47bda7d2b15e14b6a	70.635	126	121	127	99	1.90e-49	155	2	121	1	126
G00004_R05	4e5a5e02edd5cfcd6ae2	65.289	121	121	123	100	2.09e-49	155	1	121	1	120
G00004_R05	8450adb96ad76b950392	67.480	123	121	123	100	2.66e-49	154	1	121	1	121
G00004_R05	numbered_d984e5108f0fc7b71841	65.289	121	121	121	100	2.67e-49	154	1	121	1	120
G00004_R05	f14859c08e1fc3d23e4f	68.000	125	121	124	100	2.72e-49	154	1	121	1	123
G00004_R05	963ba96880d8356bc47b	68.033	122	121	121	100	3.18e-49	154	1	121	1	120
G00004_R05	numbered_2bb68405706e0c93ec80	67.480	123	121	122	100	3.36e-49	154	1	121	1	121
G00004_R06	0786aab50c9201b7a789	69.919	123	121	121	100	3.91e-48	151	1	121	1	120
G00004_R06	71b47bda7d2b15e14b6a	70.635	126	121	127	99	5.62e-48	151	2	121	1	126
G00004_R06	319243d48354c24e4b8a	68.033	122	121	119	100	9.43e-48	150	1	121	1	118
G00004_R06	b4919711b3ddcaeeacbc	69.672	122	121	116	100	1.29e-47	150	1	121	1	115
G00004_R06	a0eb98a0116564cc081b	69.106	123	121	121	100	1.64e-47	150	1	121	1	120
G00004_R06	f748a32b791fbb656b78	69.106	123	121	121	100	1.74e-47	150	1	121	1	120
G00004_R06	d41521e643c70bd4995e	68.000	125	121	125	100	3.11e-47	149	1	121	1	124
G00004_R06	4e5a5e02edd5cfcd6ae2	64.463	121	121	123	100	3.64e-47	149	1	121	1	120
G00004_R06	8a9baaa996c5c7ea0251	69.291	127	121	125	100	3.96e-47	149	1	121	1	124
G00004_R06	c0de8095ea1bcec3d8f5	69.106	123	121	122	100	4.69e-47	149	1	121	1	121
G00004_R07	3ac8a2187993bf234fe2	70.248	121	121	116	100	3.65e-47	149	1	121	1	115
G00004_R07	8a9baaa996c5c7ea0251	68.504	127	121	125	100	4.77e-47	149	1	121	1	124
G00004_R07	0dec07cb4de0b2ce67c4	67.460	126	121	142	100	6.48e-47	149	1	121	1	124
G00004_R07	4ebd02bd474d2135e46f	67.769	121	121	119	100	1.02e-46	148	1	121	1	118
G00004_R07	b4919711b3ddcaeeacbc	68.548	124	121	116	100	1.10e-46	147	1	121	1	115
G00004_R07	319243d48354c24e4b8a	68.852	122	121	119	100	1.16e-46	147	1	121	1	118
G00004_R07	5722cc684edcb31f4c69	67.213	122	121	127	100	1.20e-46	148	1	121	3	123
G00004_R07	c04df14d4ab55f88a2c0	68.595	121	121	121	100	1.22e-46	147	1	121	1	120
G00004_R07	numbered_de79078d973d67914dcb	67.460	126	121	125	100	1.28e-46	148	1	121	1	124
G00004_R07	c981c0345a7237ec3b57	66.942	121	121	117	100	1.37e-46	147	1	121	1	116
G00004_R08	4e5a5e02edd5cfcd6ae2	65.289	121	121	123	100	8.60e-49	153	1	121	1	120
G00004_R08	numbered_d984e5108f0fc7b71841	65.289	121	121	121	100	1.10e-48	153	1	121	1	120
G00004_R08	0dec07cb4de0b2ce67c4	68.504	127	121	142	100	1.23e-48	153	1	121	1	124
G00004_R08	5736cc6f7c56f049271e	69.672	122	121	121	100	1.25e-48	153	1	121	1	120
G00004_R08	8a9baaa996c5c7ea0251	69.291	127	121	125	100	1.31e-48	153	1	121	1	124
G00004_R08	55e9902483b1821160bb	68.033	122	121	121	100	1.37e-48	152	1	121	1	120
G00004_R08	bd0f427fc55f305ec0d8	67.742	124	121	121	100	1.61e-48	152	1	121	3	120
G00004_R08	906545a12d106065ddc7	68.852	122	121	121	100	1.78e-48	152	1	121	1	120
G00004_R08	203628ebd641a874d071	67.769	121	121	125	100	1.84e-48	152	1	121	3	121
G00004_R08	5722cc684edcb31f4c69	68.033	122	121	127	100	2.12e-48	152	1	121	3	123
G00005_C00	43ab04fb6df4cd502c63	68.595	121	121	121	100	8.08e-49	153	1	121	1	120
G00005_C00	c0bd425219d2d2adddab	68.595	121	121	121	100	1.86e-48	152	1	121	1	120
G00005_C00	c4bfc02840526e175d00	67.769	121	121	121	100	1.94e-48	152	1	121	1	120
G00005_C00	c1ac93cab5d787f74aba	69.421	121	121	131	100	2.99e-48	152	1	121	1	117
G00005_C00	numbered_c59965811cd87bab4271	69.421	121	121	118	100	3.41e-48	151	1	121	1	117
G00005_C00	9d33628ec9e0addf1a97	70.248	121	121	116	100	3.58e-48	151	1	121	1	115
G00005_C00	4653c13807e9fb2544b7	65.289	121	121	121	100	3.62e-48	152	1	121	1	120
G00005_C00	0880aebcf0fa7d935cc8	66.667	123	121	123	100	4.30e-48	151	1	121	1	122
G00005_C00	ba462d5d497ffec2ba07	68.595	121	121	120	100	4.88e-48	151	1	121	1	119
G00005_C00	1692246f09e6b0a62b46	67.188	128	121	128	100	5.25e-48	151	1	121	1	127
G00005_C01	25fb93ef8976997799c9	67.213	122	121	127	100	1.17e-50	158	1	121	3	123
G00005_C01	d217552b89c864119722	69.672	122	121	122	100	1.31e-50	158	1	121	1	121
G00005_C01	numbered_34c8402984a2a78a3660	67.213	122	121	122	100	1.78e-50	157	1	121	1	121
G00005_C01	b34ecd2446e6dc292b32	67.769	121	121	121	100	2.04e-50	157	1	121	1	120
G00005_C01	e7a0890288f889428b1c	65.289	121	121	121	100	2.71e-50	157	1	121	1	120
G00005_C01	8c1c8fb9f54669e64fac	70.248	121	121	120	100	3.89e-50	156	1	121	1	119
G00005_C01	0e14615b1b282f4a6d51	64.463	121	121	121	100	4.24e-50	156	1	121	1	120
G00005_C01	332413b8593ead6bab4a	68.595	121	121	125	100	5.36e-50	156	1	121	3	121
G00005_C01	148e04b1500a24fd39d6	70.248	121	121	119	100	6.31e-50	156	1	121	1	118
G00005_C01	3e5d2e66ab12dabcebba	69.672	122	121	122	100	7.09e-50	156	1	121	1	121
G00005_C02	1692246f09e6b0a62b46	67.188	128	121	128	100	2.50e-49	155	1	121	1	127
G00005_C02	a06cb88d504a32b2500f	69.421	121	121	120	100	5.22e-49	154	1	121	1	119
G00005_C02	42c8bf542e8e518d04d3	66.406	128	121	128	100	2.66e-48	152	1	121	1	127
G00005_C02	d217552b89c864119722	66.935	124	121	122	100	3.24e-48	152	1	121	1	121
G00005_C02	615413befd485de6a944	66.406	128	121	128	100	4.41e-48	152	1	121	1	127
G00005_C02	4653c13807e9fb2544b7	66.116	121	121	121	100	5.38e-48	151	1	121	1	120
G00005_C02	0e8ddc444a1eda36d82a	66.116	121	121	121	100	6.77e-48	151	1	121	1	120
G00005_C02	5721a550aad24e53f25f	66.116	121	121	121	100	9.19e-48	150	1	121	1	120
G00005_C02	numbered_f776fdea26bcbf457dc4	69.355	124	121	119	100	1.04e-47	150	1	121	1	118
G00005_C02	ce35534fe460b98c43d9	65.854	123	121	123	100	1.04e-47	150	1	121	1	122
G00005_C03	615413befd485de6a944	67.969	128	121	128	100	1.60e-49	155	1	121	1	127
G00005_C03	d85d8e0270eb74abb265	66.942	121	121	121	100	2.05e-49	155	1	121	1	120
G00005_C03	numbered_f9f169adb8b618b75836	65.289	121	121	121	100	2.73e-49	154	1	121	1	120
G00005_C03	66f1b11e2069cfb242b8	66.942	121	121	121	100	3.63e-49	154	1	121	1	120
G00005_C03	a8c6f1419333c0009601	66.116	121	121	138	100	3.77e-49	154	1	121	1	120
G00005_C03	e5edf580f226b1f07fc7	67.769	121	121	121	100	6.14e-49	154	1	121	1	120
G00005_C03	1692246f09e6b0a62b46	67.969	128	121	128	100	6.20e-49	154	1	121	1	127
G00005_C03	148e04b1500a24fd39d6	69.421	121	121	119	100	6.81e-49	153	1	121	1	118
G00005_C03	0a8c9d672ce15f5923a7	66.116	121	121	121	100	7.08e-49	153	1	121	1	120
G00005_C03	3452751b880a9b8b77dc	68.033	122	121	120	100	7.25e-49	153	1	121	1	119
G00005_C04	1692246f09e6b0a62b46	67.969	128	121	128	100	6.70e-49	154	1	121	1	127
G00005_C04	1c65efce8d76ee64e8e9	65.289	121	121	121	100	2.76e-48	152	1	121	1	120
G00005_C04	3452751b880a9b8b77dc	68.033	122	121	120	100	2.79e-48	152	1	121	1	119
G00005_C04	a56eff8aeff59f3d0378	68.033	122	121	120	100	2.88e-48	152	1	121	1	119
G00005_C04	547ac96427cc4ee54f40	66.116	121	121	121	100	3.28e-48	152	1	121	1	120
G00005_C04	4653c13807e9fb2544b7	65.289	121	121	121	100	3.39e-48	152	1	121	1	120
G00005_C04	1c713718f82ffe9998f7	68.033	122	121	120	100	3.75e-48	151	1	121	1	119
G00005_C04	57da1a8100f6ee63b58a	65.289	121	121	121	100	4.13e-48	151	1	121	1	120
G00005_C04	e1b6da1cc2795fcb4a29	68.033	122	121	120	100	4.62e-48	151	1	121	1	119
G00005_C04	58562fd753f743b72543	67.769	121	121	120	100	4.67e-48	151	1	121	1	119
G00005_C05	6ddc1bd93c2ef8bc217a	66.942	121	121	120	100	8.09e-49	153	1	121	1	119
G00005_C05	87ecc68739aa9ae9050d	66.942	121	121	120	100	1.04e-48	153	1	121	1	119
G00005_C05	4d459c450370f31d789a	67.769	121	121	120	100	1.10e-48	153	1	121	1	119
G00005_C05	1c0db4a0186bbb4c295a	67.769	121	121	120	100	1.11e-48	153	1	121	1	119
G00005_C05	fe188108611075c371ca	67.769	121	121	120	100	1.21e-48	153	1	121	1	119
G00005_C05	619497b809fc9e02a76b	66.942	121	121	120	100	1.27e-48	152	1	121	1	119
G00005_C05	e3b36a54c6caf8b8ef67	67.769	121	121	120	100	1.28e-48	152	1	121	1	119
G00005_C05	4ea1bf3e1942e2783208	66.942	121	121	120	100	1.51e-48	152	1	121	1	119
G00005_C05	f9166efde4e0c5d0f285	65.323	124	121	127	100	1.76e-48	152	1	121	4	126
G00005_C05	d7a68a0ef7a5edd36724	66.942	121	121	120	100	1.88e-48	152	1	121	1	119
G00005_M00	2e15a68b0f2a75b1affa	66.116	121	121	121	100	4.47e-49	154	1	121	1	120
G00005_M00	09d602d461f893cc2750	66.942	121	121	121	100	8.35e-49	153	1	121	1	120
G00005_M00	2eb69ac673149bd6d39a	66.116	121	121	136	100	1.01e-48	153	1	121	1	120
G00005_M00	615413befd485de6a944	66.406	128	121	128	100	1.32e-48	153	1	121	1	127
G00005_M00	c01bc635828b2b2675f5	66.116	121	121	121	100	1.41e-48	152	1	121	1	120
G00005_M00	56002d520462a9173cc8	67.769	121	121	165	100	2.17e-48	154	1	121	12	129
G00005_M00	03340efc082d5790fb44	67.213	122	121	122	100	2.72e-48	152	1	121	1	121
G00005_M00	numbered_a2a2f183253045ac13c8	67.769	121	121	119	100	3.05e-48	152	1	121	1	118
G00005_M00	a4b64fcf642f767ae23b	66.942	121	121	121	100	3.87e-48	151	1	121	1	120
G00005_M00	aaa2b0da33225559cc99	66.667	123	121	123	100	3.94e-48	151	1	121	1	122
G00005_M01	0a8c9d672ce15f5923a7	66.116	121	121	121	100	5.27e-49	154	1	121	1	120
G00005_M01	2eb69ac673149bd6d39a	66.116	121	121	136	100	4.74e-48	152	1	121	1	120
G00005_M01	c01bc635828b2b2675f5	66.116	121	121	121	100	4.82e-48	151	1	121	1	120
G00005_M01	148e04b1500a24fd39d6	69.421	121	121	119	100	5.11e-48	151	1	121	1	118
G00005_M01	94163d81a5f42ef8f414	66.942	121	121	114	100	5.57e-48	151	1	121	1	113
G00005_M01	1c713718f82ffe9998f7	67.480	123	121	120	100	5.63e-48	151	1	121	1	119
G00005_M01	f1dd0cd2ca5af7ac4516	68.595	121	121	118	100	5.71e-48	151	1	121	1	117
G00005_M01	615413befd485de6a944	66.406	128	121	128	100	7.13e-48	151	1	121	1	127
G00005_M01	09d602d461f893cc2750	66.942	121	121	121	100	9.71e-48	150	1	121	1	120
G00005_M01	d217552b89c864119722	68.033	122	121	122	100	1.11e-47	150	1	121	1	121
G00005_M02	a4b64fcf642f767ae23b	68.852	122	121	121	100	5.01e-51	159	1	121	1	120
G00005_M02	2e15a68b0f2a75b1affa	68.033	122	121	121	100	1.45e-50	157	1	121	1	120
G00005_M02	547ac96427cc4ee54f40	68.033	122	121	121	100	2.56e-50	157	1	121	1	120
G00005_M02	54fe5128c44537388959	66.935	124	121	119	100	2.69e-50	157	1	121	1	118
G00005_M02	59adfe4c0c0cb71de081	67.742	124	121	119	100	3.53e-50	157	1	121	1	118
G00005_M02	aaa2b0da33225559cc99	69.600	125	121	123	100	5.09e-50	156	1	121	1	122
G00005_M02	1692246f09e6b0a62b46	67.969	128	121	128	100	6.71e-50	156	1	121	1	127
G00005_M02	f6050198b1e2d71f6cfb	69.672	122	121	120	100	7.93e-50	155	1	121	1	119
G00005_M02	ea815e2fda894768e0c4	67.742	124	121	119	100	8.03e-50	155	1	121	1	118
G00005_M02	7588c9d5a98ff36cff23	66.935	124	121	119	100	9.68e-50	155	1	121	1	118
G00005_M03	a4b64fcf642f767ae23b	68.852	122	121	121	100	4.20e-51	159	1	121	1	120
G00005_M03	b71dd832ac63db5d2949	68.033	122	121	121	100	6.17e-51	159	1	121	1	120
G00005_M03	29f3d4994688cdd54dfe	68.852	122	121	121	100	8.57e-51	158	1	121	1	120
G00005_M03	673c1dbd7be31f029f62	68.852	122	121	120	100	9.79e-51	158	1	121	1	119
G00005_M03	aaa2b0da33225559cc99	70.400	125	121	123	100	1.56e-50	157	1	121	1	122
G00005_M03	6b9999130ce33b095a9f	69.106	123	121	122	100	1.71e-50	157	1	121	1	121
G00005_M03	c426c82d0f401c875bd5	69.106	123	121	122	100	1.80e-50	157	1	121	1	121
G00005_M03	9b12f960e356c488873a	69.672	122	121	121	100	1.91e-50	157	1	121	1	120
G00005_M03	615413befd485de6a944	68.750	128	121	128	100	2.27e-50	157	1	121	1	127
G00005_M03	b6cf95100783cc845b9a	68.852	122	121	121	100	2.56e-50	157	1	121	1	120
G00005_M04	1692246f09e6b0a62b46	67.969	128	121	128	100	3.56e-50	157	1	121	1	127
G00005_M04	1c65efce8d76ee64e8e9	65.289	121	121	121	100	9.86e-50	155	1	121	1	120
G00005_M04	4653c13807e9fb2544b7	65.289	121	121	121	100	9.97e-50	155	1	121	1	120
G00005_M04	0a8c9d672ce15f5923a7	66.116	121	121	121	100	1.53e-49	155	1	121	1	120
G00005_M04	00bff1e248bbe32ca44b	67.213	122	121	122	100	1.61e-49	155	1	121	1	121
G00005_M04	028f1063732201611a52	68.595	121	121	118	100	2.18e-49	154	1	121	1	117
G00005_M04	42c8bf542e8e518d04d3	67.188	128	121	128	100	2.55e-49	155	1	121	1	127
G00005_M04	94163d81a5f42ef8f414	67.769	121	121	114	100	2.83e-49	154	1	121	1	113
G00005_M04	fe728d1cf0246c15fe47	65.289	121	121	121	100	3.08e-49	154	1	121	1	120
G00005_M04	5ae1b2c973550722a8bf	64.463	121	121	121	100	5.10e-49	154	1	121	1	120
G00005_M05	1692246f09e6b0a62b46	67.188	128	121	128	100	9.53e-50	156	1	121	1	127
G00005_M05	00bff1e248bbe32ca44b	67.213	122	121	122	100	1.01e-49	155	1	121	1	121
G00005_M05	a4b64fcf642f767ae23b	66.942	121	121	121	100	2.76e-49	154	1	121	1	120
G00005_M05	eece9b416913ef0109cc	65.289	121	121	121	100	3.36e-49	154	1	121	1	120
G00005_M05	9a475e96284985a257d1	67.213	122	121	122	100	5.20e-49	154	1	121	1	121
G00005_M05	5e15dde2ad868ac90b34	65.289	121	121	121	100	6.28e-49	154	1	121	1	120
G00005_M05	b9fb8e17ff288cdb737c	66.116	121	121	120	100	6.50e-49	153	1	121	1	119
G00005_M05	aaa2b0da33225559cc99	66.667	123	121	123	100	6.61e-49	154	1	121	1	122
G00005_M05	31c82715e8471b9764a3	66.942	121	121	121	100	7.24e-49	153	1	121	1	120
G00005_M05	42c8bf542e8e518d04d3	66.406	128	121	128	100	7.81e-49	154	1	121	1	127
G00005_R00	1692246f09e6b0a62b46	67.969	128	121	128	100	2.99e-50	157	1	121	1	127
G00005_R00	42c8bf542e8e518d04d3	67.188	128	121	128	100	2.03e-49	155	1	121	1	127
G00005_R00	1c65efce8d76ee64e8e9	65.289	121	121	121	100	4.01e-49	154	1	121	1	120
G00005_R00	615413befd485de6a944	67.188	128	121	128	100	4.82e-49	154	1	121	1	127
G00005_R00	4653c13807e9fb2544b7	65.289	121	121	121	100	5.57e-49	154	1	121	1	120
G00005_R00	3452751b880a9b8b77dc	68.033	122	121	120	100	6.50e-49	153	1	121	1	119
G00005_R00	a56eff8aeff59f3d0378	68.033	122	121	120	100	7.25e-49	153	1	121	1	119
G00005_R00	1c713718f82ffe9998f7	68.033	122	121	120	100	8.55e-49	153	1	121	1	119
G00005_R00	fe728d1cf0246c15fe47	65.289	121	121	121	100	1.06e-48	153	1	121	1	120
G00005_R00	e1b6da1cc2795fcb4a29	68.033	122	121	120	100	1.08e-48	153	1	121	1	119
G00005_R01	4653c13807e9fb2544b7	66.393	122	121	121	100	7.57e-49	153	1	121	1	120
G00005_R01	0fa836db73e8ae5c1f80	70.248	121	121	119	100	8.38e-49	153	1	121	1	118
G00005_R01	8a4292aab9d199176546	69.106	123	121	120	100	1.09e-48	153	1	121	1	119
G00005_R01	96cdd342a9442c8d5bad	69.919	123	121	120	100	1.31e-48	152	1	121	1	119
G00005_R01	009b72c44e9953246e64	67.717	127	121	123	100	1.81e-48	152	1	121	1	122
G00005_R01	fe188108611075c371ca	68.033	122	121	120	100	1.86e-48	152	1	121	1	119
G00005_R01	7070ba976530647a45ae	67.480	123	121	139	100	1.88e-48	153	1	121	1	121
G00005_R01	5ae1b2c973550722a8bf	66.393	122	121	121	100	1.96e-48	152	1	121	1	120
G00005_R01	f1fe160603d33525e1c4	69.106	123	121	120	100	1.99e-48	152	1	121	1	119
G00005_R01	e3b36a54c6caf8b8ef67	69.106	123	121	120	100	2.10e-48	152	1	121	1	119
G00005_R02	a4b64fcf642f767ae23b	68.852	122	121	121	100	6.17e-51	159	1	121	1	120
G00005_R02	2e15a68b0f2a75b1affa	67.213	122	121	121	100	2.82e-49	154	1	121	1	120
G00005_R02	fe6b3db9366ed495549b	64.394	132	121	131	100	3.98e-49	154	1	121	1	130
G00005_R02	aaa2b0da33225559cc99	68.000	125	121	123	100	6.12e-49	154	1	121	1	122
G00005_R02	7148c23ecd9188d20e66	67.480	123	121	122	100	7.07e-49	153	1	121	1	121
G00005_R02	00bff1e248bbe32ca44b	66.667	123	121	122	100	9.72e-49	153	1	121	1	121
G00005_R02	5e15dde2ad868ac90b34	68.033	122	121	121	100	1.03e-48	153	1	121	1	120
G00005_R02	f6050198b1e2d71f6cfb	68.852	122	121	120	100	1.11e-48	153	1	121	1	119
G00005_R02	82e57b68bc1a414dc354	66.393	122	121	119	100	1.11e-48	153	1	121	1	119
G00005_R02	9b51f699bb58fbdbffdf	65.574	122	121	121	100	1.16e-48	153	1	121	1	120
G00005_R03	4653c13807e9fb2544b7	67.213	122	121	121	100	2.68e-51	159	1	121	1	120
G00005_R03	fe728d1cf0246c15fe47	68.033	122	121	121	100	5.59e-51	159	1	121	1	120
G00005_R03	1c65efce8d76ee64e8e9	67.213	122	121	121	100	1.55e-50	157	1	121	1	120
G00005_R03	5ae1b2c973550722a8bf	66.393	122	121	121	100	1.60e-50	157	1	121	1	120
G00005_R03	57da1a8100f6ee63b58a	66.393	122	121	121	100	1.84e-50	157	1	121	1	120
G00005_R03	746c8bcc0c6280ff71d9	66.393	122	121	121	100	2.43e-50	157	1	121	1	120
G00005_R03	1692246f09e6b0a62b46	67.969	128	121	128	100	2.68e-50	157	1	121	1	127
G00005_R03	a4b64fcf642f767ae23b	69.672	122	121	121	100	3.05e-50	157	1	121	1	120
G00005_R03	281e6f0e1398f6a667c9	67.213	122	121	121	100	3.23e-50	157	1	121	1	120
G00005_R03	152c27ec63b0af48ef4c	70.492	122	121	119	100	4.16e-50	156	1	121	1	118
G00005_R04	2e15a68b0f2a75b1affa	67.213	122	121	121	100	1.43e-50	157	1	121	1	120
G00005_R04	aaa2b0da33225559cc99	69.355	124	121	123	100	3.96e-50	157	1	121	1	122
G00005_R04	a4b64fcf642f767ae23b	68.852	122	121	121	100	5.34e-50	156	1	121	1	120
G00005_R04	2eb69ac673149bd6d39a	67.213	122	121	136	100	7.08e-50	156	1	121	1	120
G00005_R04	061fcc31dbf5c3418a24	70.492	122	121	119	100	8.87e-50	155	1	121	1	118
G00005_R04	c01bc635828b2b2675f5	67.213	122	121	121	100	9.33e-50	155	1	121	1	120
G00005_R04	945b52697d94087a604b	71.545	123	121	121	100	1.11e-49	155	1	121	1	120
G00005_R04	615413befd485de6a944	67.969	128	121	128	100	1.17e-49	155	1	121	1	127
G00005_R04	fe188108611075c371ca	68.852	122	121	120	100	1.31e-49	155	1	121	1	119
G00005_R04	e3b36a54c6caf8b8ef67	68.852	122	121	120	100	1.56e-49	155	1	121	1	119
G00005_R05	a4b64fcf642f767ae23b	68.852	122	121	121	100	1.11e-49	155	1	121	1	120
G00005_R05	00bff1e248bbe32ca44b	67.480	123	121	122	100	5.93e-49	154	1	121	1	121
G00005_R05	f6050198b1e2d71f6cfb	69.672	122	121	120	100	7.18e-49	153	1	121	1	119
G00005_R05	4653c13807e9fb2544b7	65.574	122	121	121	100	9.11e-49	153	1	121	1	120
G00005_R05	aad1aae1786d459aa965	67.742	124	121	121	100	1.19e-48	153	1	121	1	120
G00005_R05	1692246f09e6b0a62b46	67.188	128	121	128	100	1.94e-48	152	1	121	1	127
G00005_R05	5ae1b2c973550722a8bf	65.574	122	121	121	100	1.96e-48	152	1	121	1	120
G00005_R05	589d5f79d03256fa99e5	68.254	126	121	123	100	2.46e-48	152	1	121	1	122
G00005_R05	1e87ffc10b59fe17cc5f	67.742	124	121	121	100	2.47e-48	152	1	121	1	120
G00005_R05	57da1a8100f6ee63b58a	65.574	122	121	121	100	2.58e-48	152	1	121	1	120
G00005_R06	a4b64fcf642f767ae23b	68.033	122	121	121	100	3.59e-49	154	1	121	1	120
G00005_R06	ce35534fe460b98c43d9	66.935	124	121	123	100	1.04e-48	153	1	121	1	122
G00005_R06	cc419a2d3be825fb37e8	64.754	122	121	121	100	1.20e-48	153	1	121	1	120
G00005_R06	f6050198b1e2d71f6cfb	69.672	122	121	120	100	1.40e-48	152	1	121	1	119
G00005_R06	b34ecd2446e6dc292b32	67.213	122	121	121	100	1.56e-48	152	1	121	1	120
G00005_R06	18c802ef735b1921425f	68.852	122	121	118	100	1.75e-48	152	1	121	1	117
G00005_R06	aad1aae1786d459aa965	66.935	124	121	121	100	2.34e-48	152	1	121	1	120
G00005_R06	ef2c5e6418d4f538147e	67.742	124	121	123	100	2.41e-48	152	1	121	1	122
G00005_R06	c5cb1fcab573a48bb0aa	65.873	126	121	125	100	3.19e-48	152	1	121	1	124
G00005_R06	1d66c58f06abcbba7e3a	68.033	122	121	120	100	3.33e-48	152	1	121	1	119
G00005_R07	152c27ec63b0af48ef4c	69.421	121	121	119	100	3.09e-49	154	1	121	1	118
G00005_R07	1692246f09e6b0a62b46	67.188	128	121	128	100	3.15e-49	154	1	121	1	127
G00005_R07	14d40f661d3ecba5b3f6	67.213	122	121	139	100	3.41e-49	155	1	121	1	121
G00005_R07	numbered_9b8e398eadc5389fb099	67.213	122	121	122	100	4.66e-49	154	1	121	1	121
G00005_R07	a4b64fcf642f767ae23b	68.595	121	121	121	100	7.24e-49	153	1	121	1	120
G00005_R07	f6050198b1e2d71f6cfb	69.421	121	121	120	100	9.33e-49	153	1	121	1	119
G00005_R07	7070ba976530647a45ae	66.393	122	121	139	100	9.43e-49	154	1	121	1	121
G00005_R07	numbered_db5abeef0924ef1ca266	66.393	122	121	122	100	1.39e-48	152	1	121	1	121
G00005_R07	0a8c9d672ce15f5923a7	66.116	121	121	121	100	1.70e-48	152	1	121	1	120
G00005_R07	09d602d461f893cc2750	66.942	121	121	121	100	2.14e-48	152	1	121	1	120
G00005_R08	a4b64fcf642f767ae23b	69.672	122	121	121	100	6.29e-50	156	1	121	1	120
G00005_R08	f6050198b1e2d71f6cfb	69.672	122	121	120	100	4.84e-49	154	1	121	1	119
G00005_R08	4344c955c59e51085c79	69.106	123	121	121	100	6.08e-49	154	1	121	1	120
G00005_R08	4653c13807e9fb2544b7	66.393	122	121	121	100	6.86e-49	153	1	121	1	120
G00005_R08	fe728d1cf0246c15fe47	67.213	122	121	121	100	8.53e-49	153	1	121	1	120
G00005_R08	cc419a2d3be825fb37e8	64.754	122	121	121	100	1.20e-48	153	1	121	1	120
G00005_R08	c1ac93cab5d787f74aba	68.548	124	121	131	100	1.20e-48	153	1	121	1	117
G00005_R08	numbered_c59965811cd87bab4271	68.548	124	121	118	100	1.30e-48	152	1	121	1	117
G00005_R08	1692246f09e6b0a62b46	67.188	128	121	128	100	1.38e-48	153	1	121	1	127
G00005_R08	c3a6fa8939b6464b15b9	68.033	122	121	121	100	1.59e-48	152	1	121	1	120
G00006_C00	02148ea49782442065cb	70.833	120	119	117	100	2.40e-48	152	1	119	1	116
G00006_C00	8f16af1652ea359a9b98	70.000	120	119	117	100	3.89e-48	151	1	119	1	116
G00006_C00	dc2f08e93c966a7c44af	67.769	121	119	120	100	5.20e-48	151	1	119	1	119
G00006_C00	701308afe3af8c2b47f7	69.421	121	119	121	100	6.25e-48	151	1	119	1	120
G00006_C00	ceae36839dd23fe95023	70.000	120	119	117	100	6.73e-48	150	1	119	1	116
G00006_C00	6cdd0e479e5e1268ff6e	70.000	120	119	117	100	9.05e-48	150	1	119	1	116
G00006_C00	e745186ef6e61cca7838	69.167	120	119	117	100	1.27e-47	150	1	119	1	116
G00006_C00	99b3296141f69c79d283	69.421	121	119	121	100	1.57e-47	150	1	119	1	120
G00006_C00	94d098ee6c00e6c1ce0c	68.033	122	119	122	100	1.67e-47	150	1	119	1	121
G00006_C00	adb1379cf0ad227b3e1b	70.000	120	119	117	100	1.86e-47	149	1	119	1	116
G00006_C01	94d098ee6c00e6c1ce0c	68.852	122	119	122	100	8.12e-48	150	1	119	1	121
G00006_C01	8acfb2ed30b9764b053a	68.595	121	119	121	100	3.69e-47	149	1	119	1	120
G00006_C01	1f5f08591057b3e851fd	67.769	121	119	119	100	5.37e-47	148	1	119	1	118
G00006_C01	02148ea49782442065cb	69.672	122	119	117	100	8.09e-47	148	1	119	1	116
G00006_C01	52b5776d17ca9aa8a862	69.672	122	119	122	100	8.65e-47	148	1	119	1	121
G00006_C01	numbered_118b7a73f913453c35eb	69.167	120	119	119	99	9.60e-47	148	2	119	1	118
G00006_C01	cee66f392f0fd32717f1	66.116	121	119	121	100	9.99e-47	148	1	119	1	120
G00006_C01	942266a4428a433317d1	67.213	122	119	122	100	1.11e-46	148	1	119	1	121
G00006_C01	906545a12d106065ddc7	68.033	122	119	121	100	1.11e-46	148	1	119	1	120
G00006_C01	945b52697d94087a604b	69.672	122	119	121	100	1.15e-46	147	1	119	1	120
G00006_C02	02148ea49782442065cb	70.732	123	119	117	100	5.01e-49	154	1	119	1	116
G00006_C02	8f16af1652ea359a9b98	69.919	123	119	117	100	7.86e-49	153	1	119	1	116
G00006_C02	ceae36839dd23fe95023	69.919	123	119	117	100	1.57e-48	152	1	119	1	116
G00006_C02	6cdd0e479e5e1268ff6e	69.919	123	119	117	100	2.23e-48	152	1	119	1	116
G00006_C02	e745186ef6e61cca7838	69.106	123	119	117	100	2.48e-48	152	1	119	1	116
G00006_C02	4fb976a5dd143e6bf032	67.213	122	119	122	100	3.20e-48	152	1	119	1	121
G00006_C02	adb1379cf0ad227b3e1b	69.919	123	119	117	100	4.34e-48	151	1	119	1	116
G00006_C02	c84222a9a5057639cb89	69.919	123	119	121	100	5.02e-48	151	1	119	1	120
G00006_C02	f18d5ec1c9279c3403f3	68.595	121	119	115	100	6.68e-48	150	1	119	1	114
G00006_C02	28e50e0ffef37741ea6b	68.595	121	119	120	100	7.63e-48	150	1	119	1	119
G00006_C03	0bff02126c70ca333229	69.106	123	119	121	100	9.18e-48	150	1	119	1	120
G00006_C03	701308afe3af8c2b47f7	68.548	124	119	121	100	1.39e-47	150	1	119	1	120
G00006_C03	dbf9e3d2dc682a5a4a11	68.800	125	119	122	100	1.77e-47	150	1	119	1	121
G00006_C03	f18d5ec1c9279c3403f3	66.935	124	119	115	100	9.90e-47	147	1	119	1	114
G00006_C03	02148ea49782442065cb	70.000	120	119	117	100	1.74e-46	147	1	119	1	116
G00006_C03	3baef04ec0a5e4bf372d	66.935	124	119	121	100	1.79e-46	147	1	119	1	120
G00006_C03	0b0ade26230c93485969	66.935	124	119	137	100	2.68e-46	147	1	119	1	119
G00006_C03	8f16af1652ea359a9b98	69.167	120	119	117	100	2.82e-46	147	1	119	1	116
G00006_C03	9b12f960e356c488873a	66.129	124	119	121	100	2.99e-46	147	1	119	1	120
G00006_C03	numbered_371d89d05eaa4eea67ef	67.213	122	119	117	100	3.11e-46	146	1	119	1	116
G00006_C04	94d098ee6c00e6c1ce0c	68.852	122	119	122	100	7.52e-48	150	1	119	1	121
G00006_C04	942266a4428a433317d1	67.213	122	119	122	100	2.51e-47	149	1	119	1	121
G00006_C04	906545a12d106065ddc7	68.033	122	119	121	100	2.80e-47	149	1	119	1	120
G00006_C04	numbered_371d89d05eaa4eea67ef	67.227	119	119	117	100	3.19e-47	149	1	119	1	116
G00006_C04	02148ea49782442065cb	69.106	123	119	117	100	5.40e-47	148	1	119	1	116
G00006_C04	36c59e53fa365b81ba31	67.227	119	119	124	100	6.70e-47	148	1	119	1	116
G00006_C04	e4f12af051d0acb12bd4	64.567	127	119	125	100	8.23e-47	148	1	119	1	124
G00006_C04	8f16af1652ea359a9b98	68.293	123	119	117	100	1.03e-46	147	1	119	1	116
G00006_C04	35e34e71fe66ff9c33de	68.548	124	119	139	100	1.20e-46	148	1	119	1	121
G00006_C04	dc2f08e93c966a7c44af	67.769	121	119	120	100	1.55e-46	147	1	119	1	119
G00006_C05	numbered_81852c485c6faa891148	70.492	122	119	119	100	1.32e-48	152	1	119	1	118
G00006_C05	numbered_17d302624ff7a61d95f0	69.106	123	119	121	100	2.28e-48	152	1	119	1	120
G00006_C05	2c426640c705652f5093	69.106	123	119	154	100	3.79e-48	152	1	119	1	120
G00006_C05	cee8b336f44a6c6d1e95	70.732	123	119	123	100	6.88e-48	151	1	119	1	119
G00006_C05	94d098ee6c00e6c1ce0c	69.919	123	119	122	100	7.28e-48	150	1	119	1	121
G00006_C05	28e50e0ffef37741ea6b	68.852	122	119	120	100	7.30e-48	150	1	119	1	119
G00006_C05	numbered_3a9a41059ffe963664c0	70.732	123	119	120	100	1.00e-47	150	1	119	1	119
G00006_C05	4a46b5d7b54605cc6b28	66.400	125	119	124	100	1.56e-47	150	1	119	1	123
G00006_C05	7cbfa39194d69c09e9af	68.293	123	119	122	100	1.71e-47	150	1	119	1	121
G00006_C05	522ee3b80aa05e9cebbf	69.106	123	119	120	100	2.33e-47	149	1	119	1	119
G00006_M00	02148ea49782442065cb	70.833	120	119	117	100	7.21e-50	155	1	119	1	116
G00006_M00	dc2f08e93c966a7c44af	69.421	121	119	120	100	7.33e-50	155	1	119	1	119
G00006_M00	8f16af1652ea359a9b98	70.000	120	119	117	100	1.25e-49	155	1	119	1	116
G00006_M00	ceae36839dd23fe95023	70.000	120	119	117	100	2.38e-49	154	1	119	1	116
G00006_M00	6cdd0e479e5e1268ff6e	70.000	120	119	117	100	2.69e-49	154	1	119	1	116
G00006_M00	e745186ef6e61cca7838	69.167	120	119	117	100	3.65e-49	154	1	119	1	116
G00006_M00	adb1379cf0ad227b3e1b	70.000	120	119	117	100	5.66e-49	153	1	119	1	116
G00006_M00	d9bb6ebc4d2e465363f5	69.672	122	119	116	100	7.45e-49	153	1	119	1	115
G00006_M00	c08aba8a4c85cd097b09	66.929	127	119	127	100	5.60e-48	151	1	119	1	126
G00006_M00	e62ab6c2ffc78afa6561	68.852	122	119	116	100	8.12e-48	150	1	119	1	115
G00006_M01	02148ea49782442065cb	68.293	123	119	117	100	2.35e-47	149	1	119	1	116
G00006_M01	94d098ee6c00e6c1ce0c	68.548	124	119	122	100	2.59e-47	149	1	119	1	121
G00006_M01	8f16af1652ea359a9b98	68.333	120	119	117	100	4.38e-47	149	1	119	1	116
G00006_M01	7fac93635c6e7074ce4d	65.323	124	119	124	100	5.15e-47	149	1	119	1	123
G00006_M01	b2364fc7dcc07755dd33	67.213	122	119	122	100	5.58e-47	149	1	119	1	121
G00006_M01	c5a754ca789b972c6e5d	68.254	126	119	125	100	6.26e-47	149	1	119	1	124
G00006_M01	ceae36839dd23fe95023	68.333	120	119	117	100	7.74e-47	148	1	119	1	116
G00006_M01	numbered_b90636aaf745143de97b	68.595	121	119	118	100	8.16e-47	148	1	119	1	117
G00006_M01	d9bb6ebc4d2e465363f5	68.595	121	119	116	100	9.56e-47	148	1	119	1	115
G00006_M01	6cdd0e479e5e1268ff6e	68.333	120	119	117	100	1.03e-46	147	1	119	1	116
G00006_M02	02148ea49782442065cb	70.833	120	119	117	100	2.28e-49	154	1	119	1	116
G00006_M02	8f16af1652ea359a9b98	70.000	120	119	117	100	4.12e-49	154	1	119	1	116
G00006_M02	ceae36839dd23fe95023	70.000	120	119	117	100	6.82e-49	153	1	119	1	116
G00006_M02	6cdd0e479e5e1268ff6e	70.000	120	119	117	100	8.58e-49	153	1	119	1	116
G00006_M02	e745186ef6e61cca7838	69.167	120	119	117	100	1.33e-48	152	1	119	1	116
G00006_M02	adb1379cf0ad227b3e1b	70.000	120	119	117	100	1.83e-48	152	1	119	1	116
G00006_M02	dc2f08e93c966a7c44af	68.595	121	119	120	100	3.07e-48	152	1	119	1	119
G00006_M02	8acfb2ed30b9764b053a	67.769	121	119	121	100	1.62e-47	150	1	119	1	120
G00006_M02	0eb39efc55d084ed5ce4	66.116	121	119	120	100	2.26e-47	149	1	119	1	119
G00006_M02	6abbb1a7b69ad7f029e5	66.116	121	119	139	100	2.68e-47	150	1	119	20	138
G00006_M03	7fac93635c6e7074ce4d	67.742	124	119	124	100	1.19e-48	153	1	119	1	123
G00006_M03	02148ea49782442065cb	69.106	123	119	117	100	1.25e-48	152	1	119	1	116
G00006_M03	8f16af1652ea359a9b98	68.293	123	119	117	100	2.06e-48	152	1	119	1	116
G00006_M03	da9ff7a6344f555575a8	67.742	124	119	143	100	2.47e-48	152	1	119	20	142
G00006_M03	94d098ee6c00e6c1ce0c	69.355	124	119	122	100	3.17e-48	152	1	119	1	121
G00006_M03	ceae36839dd23fe95023	68.293	123	119	117	100	4.07e-48	151	1	119	1	116
G00006_M03	6cdd0e479e5e1268ff6e	68.293	123	119	117	100	5.59e-48	151	1	119	1	116
G00006_M03	e745186ef6e61cca7838	67.480	123	119	117	100	5.65e-48	151	1	119	1	116
G00006_M03	d57d8d3c6b1258caebfc	66.667	123	119	123	100	8.19e-48	150	1	119	1	122
G00006_M03	numbered_c70034eac16c4440a6b0	66.942	121	119	121	100	9.59e-48	150	1	119	1	120
G00006_M04	02148ea49782442065cb	70.833	120	119	117	100	2.83e-48	152	1	119	1	116
G00006_M04	8f16af1652ea359a9b98	70.000	120	119	117	100	4.69e-48	151	1	119	1	116
G00006_M04	ceae36839dd23fe95023	70.000	120	119	117	100	7.76e-48	150	1	119	1	116
G00006_M04	6cdd0e479e5e1268ff6e	70.000	120	119	117	100	1.18e-47	150	1	119	1	116
G00006_M04	d9bb6ebc4d2e465363f5	69.919	123	119	116	100	1.37e-47	150	1	119	1	115
G00006_M04	e745186ef6e61cca7838	69.167	120	119	117	100	1.42e-47	150	1	119	1	116
G00006_M04	dc2f08e93c966a7c44af	68.595	121	119	120	100	1.44e-47	150	1	119	1	119
G00006_M04	adb1379cf0ad227b3e1b	70.000	120	119	117	100	2.08e-47	149	1	119	1	116
G00006_M04	71b47bda7d2b15e14b6a	71.429	126	119	127	99	2.93e-47	149	2	119	1	126
G00006_M04	c08aba8a4c85cd097b09	66.154	130	119	127	100	4.34e-47	149	1	119	1	126
G00006_M05	cee66f392f0fd32717f1	67.769	121	119	121	100	1.11e-48	153	1	119	1	120
G00006_M05	701308afe3af8c2b47f7	68.595	121	119	121	100	3.82e-48	151	1	119	1	120
G00006_M05	47056f3501b30b54717a	69.421	121	119	117	100	4.02e-48	151	1	119	1	116
G00006_M05	94d098ee6c00e6c1ce0c	69.355	124	119	122	100	4.75e-48	151	1	119	1	121
G00006_M05	3baef04ec0a5e4bf372d	67.769	121	119	121	100	6.90e-48	150	1	119	1	120
G00006_M05	numbered_c70034eac16c4440a6b0	66.942	121	119	121	100	7.62e-48	150	1	119	1	120
G00006_M05	2516113dfdad03984b00	66.942	121	119	126	100	8.33e-48	150	1	119	1	120
G00006_M05	02148ea49782442065cb	70.000	120	119	117	100	8.66e-48	150	1	119	1	116
G00006_M05	1eff8fa3e7a24667dfd7	67.769	121	119	121	100	8.78e-48	150	1	119	1	120
G00006_M05	09149a060af83e5df106	67.480	123	119	121	100	1.38e-47	150	1	119	1	120
G00006_R00	02148ea49782442065cb	70.000	120	119	117	100	8.95e-48	150	1	119	1	116
G00006_R00	9b12f960e356c488873a	65.289	121	119	121	100	1.30e-47	150	1	119	1	120
G00006_R00	701308afe3af8c2b47f7	68.595	121	119	121	100	1.55e-47	150	1	119	1	120
G00006_R00	8f16af1652ea359a9b98	69.167	120	119	117	100	1.75e-47	149	1	119	1	116
G00006_R00	75cffef99e9b16ea8c66	68.852	122	119	122	100	2.45e-47	149	1	119	1	121
G00006_R00	ceae36839dd23fe95023	69.167	120	119	117	100	2.92e-47	149	1	119	1	116
G00006_R00	numbered_9a8bde61b75e84b75839	68.595	121	119	118	100	3.96e-47	149	1	119	1	117
G00006_R00	6cdd0e479e5e1268ff6e	69.167	120	119	117	100	3.97e-47	149	1	119	1	116
G00006_R00	d57d8d3c6b1258caebfc	67.480	123	119	123	100	4.14e-47	149	1	119	1	122
G00006_R00	e745186ef6e61cca7838	68.333	120	119	117	100	4.73e-47	149	1	119	1	116
G00006_R01	99b3296141f69c79d283	69.421	121	119	121	100	6.46e-48	151	1	119	1	120
G00006_R01	dc2f08e93c966a7c44af	68.595	121	119	120	100	1.51e-47	150	1	119	1	119
G00006_R01	c2ca94936652a963e98b	66.400	125	119	124	100	2.17e-47	149	1	119	1	123
G00006_R01	02148ea49782442065cb	70.000	120	119	117	100	2.40e-47	149	1	119	1	116
G00006_R01	906545a12d106065ddc7	67.769	121	119	121	100	2.84e-47	149	1	119	1	120
G00006_R01	numbered_17d302624ff7a61d95f0	66.942	121	119	121	100	2.90e-47	149	1	119	1	120
G00006_R01	8f16af1652ea359a9b98	69.167	120	119	117	100	4.19e-47	149	1	119	1	116
G00006_R01	3bdb50f64adbcb91854a	69.355	124	119	124	100	4.27e-47	149	1	119	1	123
G00006_R01	2c426640c705652f5093	66.942	121	119	154	100	4.35e-47	150	1	119	1	120
G00006_R01	ceae36839dd23fe95023	69.167	120	119	117	100	6.87e-47	148	1	119	1	116
G00006_R02	02148ea49782442065cb	70.000	120	119	117	100	1.39e-48	152	1	119	1	116
G00006_R02	8f16af1652ea359a9b98	69.167	120	119	117	100	2.43e-48	152	1	119	1	116
G00006_R02	ceae36839dd23fe95023	69.167	120	119	117	100	4.25e-48	151	1	119	1	116
G00006_R02	6cdd0e479e5e1268ff6e	69.167	120	119	117	100	5.06e-48	151	1	119	1	116
G00006_R02	e745186ef6e61cca7838	68.333	120	119	117	100	6.95e-48	150	1	119	1	116
G00006_R02	adb1379cf0ad227b3e1b	69.167	120	119	117	100	9.66e-48	150	1	119	1	116
G00006_R02	9b12f960e356c488873a	66.116	121	119	121	100	2.51e-47	149	1	119	1	120
G00006_R02	dbf9e3d2dc682a5a4a11	68.033	122	119	122	100	2.86e-47	149	1	119	1	121
G00006_R02	dc2f08e93c966a7c44af	67.769	121	119	120	100	4.50e-47	149	1	119	1	119
G00006_R02	55d5038cdefa2b9e02a4	66.129	124	119	122	100	6.95e-47	148	1	119	1	121
G00006_R03	numbered_1cebd00fe63625c23d8d	68.548	124	119	121	100	1.33e-47	150	1	119	1	120
G00006_R03	1c7eb18999d078ae3547	68.548	124	119	120	100	1.35e-47	150	1	119	1	120
G00006_R03	bf061087e4f5451605be	68.254	126	119	121	100	1.91e-47	150	1	119	1	119
G00006_R03	c0f6f7951adfe26d6478	68.254	126	119	120	100	1.92e-47	149	1	119	1	119
G00006_R03	673c1dbd7be31f029f62	66.935	124	119	120	100	3.17e-47	149	1	119	1	119
G00006_R03	b6cf95100783cc845b9a	69.355	124	119	121	100	3.45e-47	149	1	119	1	120
G00006_R03	5eafc6e558b443dd399e	66.935	124	119	117	100	5.22e-47	148	1	119	1	116
G00006_R03	5fb2502f2ca6a5b9d82e	67.742	124	119	120	100	6.32e-47	148	1	119	1	119
G00006_R03	701308afe3af8c2b47f7	68.548	124	119	121	100	7.27e-47	148	1	119	1	120
G00006_R03	e62ab6c2ffc78afa6561	69.919	123	119	116	100	7.68e-47	148	1	119	1	115
G00006_R04	aa82961f6e4e5f3d539b	65.354	127	119	124	100	9.74e-48	150	1	119	1	123
G00006_R04	673c1dbd7be31f029f62	66.935	124	119	120	100	1.42e-47	150	1	119	1	119
G00006_R04	b2364fc7dcc07755dd33	66.393	122	119	122	100	1.85e-47	150	1	119	1	121
G00006_R04	99b3296141f69c79d283	68.595	121	119	121	100	2.18e-47	149	1	119	1	120
G00006_R04	38fcacdc0b5fb8289a64	68.293	123	119	123	99	2.27e-47	149	2	119	2	119
G00006_R04	numbered_e3f35381d216157bf5a7	68.293	123	119	120	99	3.42e-47	149	2	119	2	119
G00006_R04	02148ea49782442065cb	69.106	123	119	117	100	4.78e-47	149	1	119	1	116
G00006_R04	e8a4b3cb92ac93ddae2f	66.935	124	119	148	100	6.46e-47	149	1	119	20	136
G00006_R04	5eafc6e558b443dd399e	68.000	125	119	117	100	7.49e-47	148	1	119	1	116
G00006_R04	0b0ade26230c93485969	66.935	124	119	137	100	7.86e-47	149	1	119	1	119
G00006_R05	28e50e0ffef37741ea6b	69.106	123	119	120	100	9.93e-48	150	1	119	1	119
G00006_R05	numbered_81852c485c6faa891148	69.919	123	119	119	100	1.82e-47	150	1	119	1	118
G00006_R05	4a46b5d7b54605cc6b28	66.667	126	119	124	100	3.08e-47	149	1	119	1	123
G00006_R05	8acfb2ed30b9764b053a	69.355	124	119	121	100	3.31e-47	149	1	119	1	120
G00006_R05	673c1dbd7be31f029f62	68.000	125	119	120	100	3.82e-47	149	1	119	1	119
G00006_R05	numbered_17d302624ff7a61d95f0	67.480	123	119	121	100	3.98e-47	149	1	119	1	120
G00006_R05	573d8ba2bcb2ba38865a	70.400	125	119	122	100	4.58e-47	149	1	119	1	121
G00006_R05	0b0ade26230c93485969	68.000	125	119	137	100	4.60e-47	149	1	119	1	119
G00006_R05	2c426640c705652f5093	67.480	123	119	154	100	5.97e-47	149	1	119	1	120
G00006_R05	90bc0f60749dd7189ab6	67.480	123	119	121	100	6.81e-47	148	1	119	1	120
G00006_R06	dbf9e3d2dc682a5a4a11	68.000	125	119	122	100	4.35e-48	151	1	119	1	121
G00006_R06	02148ea49782442065cb	70.000	120	119	117	100	6.03e-48	150	1	119	1	116
G00006_R06	8f16af1652ea359a9b98	69.167	120	119	117	100	1.02e-47	150	1	119	1	116
G00006_R06	9b12f960e356c488873a	67.213	122	119	121	100	1.04e-47	150	1	119	1	120
G00006_R06	701308afe3af8c2b47f7	67.742	124	119	121	100	1.30e-47	150	1	119	1	120
G00006_R06	ceae36839dd23fe95023	69.167	120	119	117	100	1.78e-47	149	1	119	1	116
G00006_R06	f18d5ec1c9279c3403f3	66.129	124	119	115	100	2.09e-47	149	1	119	1	114
G00006_R06	3baef04ec0a5e4bf372d	66.129	124	119	121	100	2.30e-47	149	1	119	1	120
G00006_R06	6cdd0e479e5e1268ff6e	69.167	120	119	117	100	2.56e-47	149	1	119	1	116
G00006_R06	e745186ef6e61cca7838	68.333	120	119	117	100	3.19e-47	149	1	119	1	116
G00006_R07	701308afe3af8c2b47f7	70.492	122	119	121	100	2.05e-48	152	1	119	1	120
G00006_R07	94d098ee6c00e6c1ce0c	69.600	125	119	122	100	1.57e-47	150	1	119	1	121
G00006_R07	02148ea49782442065cb	69.167	120	119	117	100	3.26e-47	149	1	119	1	116
G00006_R07	d57d8d3c6b1258caebfc	67.742	124	119	123	100	3.29e-47	149	1	119	1	122
G00006_R07	dbf9e3d2dc682a5a4a11	69.106	123	119	122	100	3.60e-47	149	1	119	1	121
G00006_R07	99b3296141f69c79d283	70.492	122	119	121	100	4.07e-47	149	1	119	1	120
G00006_R07	08373a9ae6d7aa764f96	67.213	122	119	121	100	4.07e-47	149	1	119	1	120
G00006_R07	28e50e0ffef37741ea6b	68.033	122	119	120	100	4.17e-47	149	1	119	1	119
G00006_R07	18ff60f5f774f0e361b1	70.492	122	119	119	100	4.27e-47	149	1	119	1	118
G00006_R07	9abcdfad947f9dbcc6a7	66.935	124	119	123	100	4.28e-47	149	1	119	1	122
G00006_R08	7cbfa39194d69c09e9af	67.480	123	119	122	100	8.48e-48	150	1	119	1	121
G00006_R08	25fb93ef8976997799c9	68.293	123	119	127	100	1.36e-47	150	1	119	3	123
G00006_R08	906545a12d106065ddc7	67.769	121	119	121	100	1.49e-47	150	1	119	1	120
G00006_R08	673c1dbd7be31f029f62	67.769	121	119	120	100	1.68e-47	150	1	119	1	119
G00006_R08	94d098ee6c00e6c1ce0c	68.852	122	119	122	100	3.06e-47	149	1	119	1	121
G00006_R08	numbered_34c8402984a2a78a3660	68.293	123	119	122	100	3.23e-47	149	1	119	1	121
G00006_R08	dc2f08e93c966a7c44af	66.942	121	119	120	100	4.08e-47	149	1	119	1	119
G00006_R08	942266a4428a433317d1	68.033	122	119	122	100	5.46e-47	149	1	119	1	121
G00006_R08	02148ea49782442065cb	69.167	120	119	117	100	5.64e-47	148	1	119	1	116
G00006_R08	8f16af1652ea359a9b98	68.333	120	119	117	100	9.64e-47	148	1	119	1	116
G00007_C00	9231743a65b3d77c0cb7	68.293	123	121	121	100	9.52e-49	153	1	121	1	120
G00007_C00	b5a8bbb8887591431efa	72.358	123	121	119	100	1.42e-48	152	1	121	1	118
G00007_C00	4f2ca5715c698f66a9b2	69.919	123	121	118	100	1.60e-48	152	1	121	1	117
G00007_C00	7e0047623a6dd6b426f6	69.672	122	121	117	100	2.49e-48	152	1	121	1	116
G00007_C00	71b47bda7d2b15e14b6a	69.291	127	121	127	99	3.32e-48	152	2	121	1	126
G00007_C00	9722b831f4f13b7ea04a	68.293	123	121	121	100	3.39e-48	152	1	121	1	120
G00007_C00	8c1c8fb9f54669e64fac	68.033	122	121	120	100	4.01e-48	151	1	121	1	119
G00007_C00	ae2af1615588aac19a97	66.129	124	121	121	100	4.13e-48	151	1	121	1	120
G00007_C00	53622b89a4f429aa90ce	69.672	122	121	119	100	4.63e-48	151	1	121	1	118
G00007_C00	ac745c0e1e233e71fa81	68.293	123	121	121	100	5.93e-48	151	1	121	1	120
G00007_C01	71b47bda7d2b15e14b6a	68.504	127	121	127	99	3.97e-49	154	2	121	1	126
G00007_C01	88510dd0d6ae46dd97ff	67.480	123	121	121	100	4.42e-49	154	1	121	1	120
G00007_C01	b5a8bbb8887591431efa	72.358	123	121	119	100	4.49e-49	154	1	121	1	118
G00007_C01	9231743a65b3d77c0cb7	69.106	123	121	121	100	7.48e-49	153	1	121	1	120
G00007_C01	bb72b5d2e28c67600fc9	66.929	127	121	139	100	7.57e-49	154	1	121	1	121
G00007_C01	5b06078309e3d440c97a	70.732	123	121	118	100	7.86e-49	153	1	121	1	117
G00007_C01	4a8a3c0ad282000f7cec	68.293	123	121	118	100	7.86e-49	153	1	121	1	117
G00007_C01	4ebd02bd474d2135e46f	68.800	125	121	119	100	8.95e-49	153	1	121	1	118
G00007_C01	b64efc58012507f9b06a	70.492	122	121	119	100	9.56e-49	153	1	121	1	118
G00007_C01	7070ba976530647a45ae	66.929	127	121	139	100	1.67e-48	153	1	121	1	121
G00007_M00	7589db724d21a0b3f34c	66.129	124	121	121	100	2.25e-50	157	1	121	1	120
G00007_M00	03340efc082d5790fb44	68.548	124	121	122	100	8.73e-50	155	1	121	1	121
G00007_M00	08373a9ae6d7aa764f96	67.480	123	121	121	100	1.63e-49	155	1	121	1	120
G00007_M00	0ddd0b9e8ed5f519babc	70.161	124	121	118	100	3.06e-49	154	1	121	1	117
G00007_M00	5fd5967e7f0d50f5b2a7	69.355	124	121	120	100	3.22e-49	154	1	121	1	119
G00007_M00	5ad94dccb71395ebf42f	67.480	123	121	118	100	4.40e-49	154	1	121	1	117
G00007_M00	94f9f859f7a32ed93462	69.600	125	121	122	100	4.42e-49	154	1	121	1	121
G00007_M00	bb72b5d2e28c67600fc9	66.400	125	121	139	100	4.48e-49	154	1	121	1	121
G00007_M00	1c540cf94be84fa6fdc2	67.480	123	121	118	100	4.50e-49	154	1	121	1	117
G00007_M00	91f196500e6c69e4cdc1	68.548	124	121	118	100	6.11e-49	153	1	121	1	117
G00007_M01	d217552b89c864119722	67.742	124	121	122	100	5.26e-49	154	1	121	1	121
G00007_M01	cd6c4c0ec1d1adba6261	70.968	124	121	120	100	8.55e-49	153	1	121	1	119
G00007_M01	b689f71f4c32814879cf	69.919	123	121	120	100	9.86e-49	153	1	121	1	119
G00007_M01	04c023935d0fda00960a	69.919	123	121	120	100	1.14e-48	153	1	121	1	119
G00007_M01	d847d5cf329ca75ee0cf	69.919	123	121	120	100	1.16e-48	153	1	121	1	119
G00007_M01	cab7cc7e78b5fa385abf	69.355	124	121	120	100	1.27e-48	152	1	121	1	119
G00007_M01	c1676d929e1f9a797f0d	68.293	123	121	120	100	1.42e-48	152	1	121	1	119
G00007_M01	c33ea5ff53a336587346	69.355	124	121	120	100	1.54e-48	152	1	121	1	119
G00007_M01	87ecc68739aa9ae9050d	69.919	123	121	120	100	1.63e-48	152	1	121	1	119
G00007_M01	d7a68a0ef7a5edd36724	69.355	124	121	120	100	1.88e-48	152	1	121	1	119
G00007_M02	fe188108611075c371ca	70.732	123	121	120	100	2.11e-51	160	1	121	1	119
G00007_M02	87ecc68739aa9ae9050d	71.545	123	121	120	100	3.53e-51	159	1	121	1	119
G00007_M02	4ea1bf3e1942e2783208	69.919	123	121	120	100	4.35e-51	159	1	121	1	119
G00007_M02	d847d5cf329ca75ee0cf	71.545	123	121	120	100	4.49e-51	159	1	121	1	119
G00007_M02	04c023935d0fda00960a	71.545	123	121	120	100	4.96e-51	159	1	121	1	119
G00007_M02	e3b36a54c6caf8b8ef67	69.919	123	121	120	100	5.98e-51	159	1	121	1	119
G00007_M02	51250a588c2882c78c19	69.919	123	121	120	100	6.24e-51	159	1	121	1	119
G00007_M02	7cc8af3ce1e4bdb913d8	70.732	123	121	120	100	6.97e-51	158	1	121	1	119
G00007_M02	d7a68a0ef7a5edd36724	69.919	123	121	120	100	7.28e-51	158	1	121	1	119
G00007_M02	187343a134954db1ff0d	71.545	123	121	120	100	7.61e-51	158	1	121	1	119
G00007_M03	4df54398e83c12f2461a	67.480	123	121	117	100	2.78e-49	154	1	121	1	116
G00007_M03	307d43fcac67eaebc933	66.667	123	121	117	100	7.37e-49	153	1	121	1	116
G00007_M03	a95fc006cf4434c76885	71.774	124	121	121	100	1.04e-48	153	1	121	1	120
G00007_M03	7fa9b8e0ac72fbf9e951	69.919	123	121	119	100	1.16e-48	153	1	121	1	118
G00007_M03	da1e76f8df4d8b0f8a62	70.968	124	121	121	100	1.28e-48	152	1	121	1	120
G00007_M03	17dea8db557712ddc493	70.732	123	121	120	100	1.49e-48	152	1	121	1	119
G00007_M03	00e3116092c2229cd8da	67.480	123	121	120	100	1.53e-48	152	1	121	1	119
G00007_M03	436eaa5fed1365883150	70.732	123	121	119	100	1.60e-48	152	1	121	1	118
G00007_M03	02148ea49782442065cb	69.919	123	121	117	100	1.64e-48	152	1	121	1	116
G00007_M03	65a89b8da79eeb91fb78	69.841	126	121	123	100	1.71e-48	152	1	121	1	122
G00007_M04	08373a9ae6d7aa764f96	68.293	123	121	121	100	2.07e-48	152	1	121	1	120
G00007_M04	6fe2484914414cc7ace5	64.800	125	121	123	100	2.16e-48	152	1	121	1	122
G00007_M04	71b47bda7d2b15e14b6a	69.291	127	121	127	99	2.19e-48	152	2	121	1	126
G00007_M04	9a7da630f71fe4cce861	66.667	123	121	116	100	3.43e-48	151	1	121	1	115
G00007_M04	b5a8bbb8887591431efa	71.545	123	121	119	100	4.53e-48	151	1	121	1	118
G00007_M04	ac995584eada53ad2a59	71.200	125	121	117	100	6.04e-48	151	1	121	1	116
G00007_M04	76911d6b9884f39f596b	65.116	129	121	127	100	6.33e-48	151	1	121	1	126
G00007_M04	0006b2f39980ac412f80	66.154	130	121	127	100	6.55e-48	151	1	121	1	126
G00007_M04	366771231aa02557082e	69.355	124	121	122	100	9.08e-48	150	1	121	1	121
G00007_M04	numbered_9cc1c5f2ed756be676f7	68.033	122	121	121	99	9.50e-48	150	2	121	2	120
G00007_M05	9231743a65b3d77c0cb7	69.919	123	121	121	100	4.24e-50	156	1	121	1	120
G00007_M05	9722b831f4f13b7ea04a	69.919	123	121	121	100	1.94e-49	155	1	121	1	120
G00007_M05	08373a9ae6d7aa764f96	68.293	123	121	121	100	2.15e-49	155	1	121	1	120
G00007_M05	numbered_ec980f84b4ea9b44a96e	68.033	122	121	120	99	3.41e-49	154	2	121	1	119
G00007_M05	88510dd0d6ae46dd97ff	66.667	123	121	121	100	8.82e-49	153	1	121	1	120
G00007_M05	b5a8bbb8887591431efa	69.106	123	121	119	100	1.91e-48	152	1	121	1	118
G00007_M05	c6f51e4d2e07a1e57451	68.852	122	121	119	100	2.59e-48	152	1	121	1	118
G00007_M05	71b47bda7d2b15e14b6a	67.717	127	121	127	99	2.61e-48	152	2	121	1	126
G00007_M05	db1c4b5a78fc11c27ce3	68.033	122	121	241	99	2.65e-48	156	2	121	1	119
G00007_M05	f6050198b1e2d71f6cfb	70.732	123	121	120	100	4.14e-48	151	1	121	1	119
G00007_R00	08373a9ae6d7aa764f96	67.480	123	121	121	100	1.76e-49	155	1	121	1	120
G00007_R00	555e7177f526c118028d	67.460	126	121	124	100	5.30e-49	154	1	121	1	123
G00007_R00	bc15ff05d38e6be747d5	67.460	126	121	124	100	6.32e-49	154	1	121	1	123
G00007_R00	b6a8f883cd892dd553e2	67.460	126	121	124	100	7.61e-49	153	1	121	1	123
G00007_R00	60560aa382b74c5b368f	71.545	123	121	118	100	7.95e-49	153	1	121	1	117
G00007_R00	e3930ce3fa42269744b8	68.548	124	121	120	100	8.27e-49	153	1	121	1	119
G00007_R00	3452751b880a9b8b77dc	68.548	124	121	120	100	1.42e-48	152	1	121	1	119
G00007_R00	71b47bda7d2b15e14b6a	66.667	126	121	127	99	1.58e-48	152	2	121	1	126
G00007_R00	96cdd342a9442c8d5bad	68.548	124	121	120	100	1.74e-48	152	1	121	1	119
G00007_R00	1411250349742a796a41	68.000	125	121	125	100	2.20e-48	152	1	121	1	122
G00007_R01	9333a1d890f3cc73f5eb	67.480	123	121	121	100	4.15e-50	156	1	121	1	120
G00007_R01	3bfae2a57a6a09c68329	69.919	123	121	124	100	1.59e-49	155	1	121	3	120
G00007_R01	71b47bda7d2b15e14b6a	68.504	127	121	127	99	2.12e-49	155	2	121	1	126
G00007_R01	numbered_e27933df1f2e429e9c86	69.919	123	121	119	100	2.77e-49	154	1	121	1	118
G00007_R01	4a8a3c0ad282000f7cec	68.293	123	121	118	100	5.66e-49	154	1	121	1	117
G00007_R01	52dc6783b1402f09a5d8	65.854	123	121	121	100	6.42e-49	153	1	121	1	120
G00007_R01	152c27ec63b0af48ef4c	68.000	125	121	119	100	7.35e-49	153	1	121	1	118
G00007_R01	6c7b668f73ea61ee46a9	70.968	124	121	120	100	9.86e-49	153	1	121	1	119
G00007_R01	7cc8af3ce1e4bdb913d8	70.161	124	121	120	100	1.37e-48	152	1	121	1	119
G00007_R01	eed6ad8cf6049475e7bc	67.480	123	121	118	100	1.39e-48	152	1	121	1	117
G00007_R02	0b0ade26230c93485969	69.106	123	121	137	100	2.78e-49	155	1	121	1	119
G00007_R02	numbered_83751b05047448e04f78	69.106	123	121	120	100	3.09e-49	154	1	121	1	119
G00007_R02	08373a9ae6d7aa764f96	67.480	123	121	121	100	1.29e-48	152	1	121	1	120
G00007_R02	14209cd2e8a4c3d25be3	65.854	123	121	121	100	1.86e-48	152	1	121	1	120
G00007_R02	8c1c8fb9f54669e64fac	69.106	123	121	120	100	2.08e-48	152	1	121	1	119
G00007_R02	numbered_81852c485c6faa891148	69.919	123	121	119	100	2.20e-48	152	1	121	1	118
G00007_R02	60a501aa666310d6b43e	66.667	123	121	121	100	2.39e-48	152	1	121	1	120
G00007_R02	numbered_371d89d05eaa4eea67ef	68.595	121	121	117	100	2.66e-48	152	1	121	1	116
G00007_R02	e97014a44fa840a6a90b	67.480	123	121	120	100	2.79e-48	152	1	121	1	119
G00007_R02	9b12f960e356c488873a	66.667	123	121	121	100	3.21e-48	152	1	121	1	120
G00007_R03	08373a9ae6d7aa764f96	66.667	123	121	121	100	6.02e-50	156	1	121	1	120
G00007_R03	96cdd342a9442c8d5bad	70.161	124	121	120	100	1.47e-49	155	1	121	1	119
G00007_R03	ce35534fe460b98c43d9	68.800	125	121	123	100	2.02e-49	155	1	121	1	122
G00007_R03	6994bba61f7ecd4b45a8	71.774	124	121	120	100	2.65e-49	154	1	121	1	119
G00007_R03	88510dd0d6ae46dd97ff	67.480	123	121	121	100	3.75e-49	154	1	121	1	120
G00007_R03	431968b21ac3650736f1	69.355	124	121	120	100	3.97e-49	154	1	121	1	119
G00007_R03	820a72690d6809746e0e	71.774	124	121	120	100	5.05e-49	154	1	121	1	119
G00007_R03	f8bccb7fc4b5c114a4bf	67.480	123	121	119	100	6.37e-49	153	1	121	1	118
G00007_R03	0a7e1c83caa40adc8580	70.161	124	121	120	100	6.43e-49	153	1	121	1	119
G00007_R03	a56eff8aeff59f3d0378	70.968	124	121	120	100	6.57e-49	153	1	121	1	119
G00007_R04	88510dd0d6ae46dd97ff	69.106	123	121	121	100	3.19e-50	157	1	121	1	120
G00007_R04	71b47bda7d2b15e14b6a	69.291	127	121	127	99	4.58e-50	157	2	121	1	126
G00007_R04	cee66f392f0fd32717f1	68.293	123	121	121	100	7.42e-50	156	1	121	1	120
G00007_R04	0ddd0b9e8ed5f519babc	69.600	125	121	118	100	1.17e-49	155	1	121	1	117
G00007_R04	96cdd342a9442c8d5bad	69.355	124	121	120	100	1.86e-49	155	1	121	1	119
G00007_R04	4f2ca5715c698f66a9b2	69.919	123	121	118	100	2.13e-49	154	1	121	1	117
G00007_R04	fe188108611075c371ca	69.106	123	121	120	100	2.35e-49	154	1	121	1	119
G00007_R04	c33ea5ff53a336587346	69.106	123	121	120	100	2.45e-49	154	1	121	1	119
G00007_R04	e4503bc868d2fce7873a	69.106	123	121	120	100	2.59e-49	154	1	121	1	119
G00007_R04	cab7cc7e78b5fa385abf	69.106	123	121	120	100	2.80e-49	154	1	121	1	119
G00007_R05	08373a9ae6d7aa764f96	67.480	123	121	121	100	2.10e-50	157	1	121	1	120
G00007_R05	96cdd342a9442c8d5bad	70.161	124	121	120	100	4.02e-50	156	1	121	1	119
G00007_R05	431968b21ac3650736f1	69.355	124	121	120	100	8.11e-50	155	1	121	1	119
G00007_R05	79e311ec06ff464857cd	70.161	124	121	120	100	1.15e-49	155	1	121	1	119
G00007_R05	8a4292aab9d199176546	69.355	124	121	120	100	1.33e-49	155	1	121	1	119
G00007_R05	e3930ce3fa42269744b8	69.355	124	121	120	100	1.67e-49	155	1	121	1	119
G00007_R05	0a7e1c83caa40adc8580	70.161	124	121	120	100	1.84e-49	155	1	121	1	119
G00007_R05	6994bba61f7ecd4b45a8	70.161	124	121	120	100	2.15e-49	154	1	121	1	119
G00007_R05	e3b36a54c6caf8b8ef67	69.355	124	121	120	100	2.30e-49	154	1	121	1	119
G00007_R05	6c7b668f73ea61ee46a9	70.161	124	121	120	100	2.65e-49	154	1	121	1	119
G00007_R06	366771231aa02557082e	70.161	124	121	122	100	8.54e-50	155	1	121	1	121
G00007_R06	60979fc012d9abe5442c	70.161	124	121	121	100	9.86e-50	155	1	121	1	120
G00007_R06	ac320efbc642a4529f94	69.106	123	121	120	100	1.04e-49	155	1	121	1	119
G00007_R06	3bfae2a57a6a09c68329	69.841	126	121	124	100	1.25e-49	155	1	121	3	120
G00007_R06	08373a9ae6d7aa764f96	68.293	123	121	121	100	1.51e-49	155	1	121	1	120
G00007_R06	39963ae8d3c8322824d9	70.161	124	121	121	100	1.63e-49	155	1	121	1	120
G00007_R06	00a874c4317f3445f091	70.968	124	121	122	100	1.84e-49	155	1	121	1	121
G00007_R06	feb56cdca665dfef6c03	69.106	123	121	120	100	1.93e-49	155	1	121	1	119
G00007_R06	390e2be890544d512602	70.732	123	121	119	100	1.93e-49	155	1	121	1	118
G00007_R06	e30d4142c510de98cc16	69.106	123	121	120	100	2.01e-49	155	1	121	1	119
G00007_R07	684a35ffef85cca9fff4	68.800	125	121	126	100	5.53e-50	156	1	121	1	125
G00007_R07	5529f4aa7a97d4958127	68.000	125	121	122	100	1.43e-49	155	1	121	1	121
G00007_R07	858eb4783f846c3821d7	69.919	123	121	121	100	2.53e-49	154	1	121	1	120
G00007_R07	e6ac4ccfa918ba77a4da	69.106	123	121	119	100	2.99e-49	154	1	121	1	118
G00007_R07	0ddd0b9e8ed5f519babc	69.355	124	121	118	100	3.00e-49	154	1	121	1	117
G00007_R07	ce35534fe460b98c43d9	67.200	125	121	123	100	3.00e-49	154	1	121	1	122
G00007_R07	cee66f392f0fd32717f1	67.480	123	121	121	100	3.15e-49	154	1	121	1	120
G00007_R07	769027c28202ad04d7d9	70.161	124	121	120	100	4.19e-49	154	1	121	1	119
G00007_R07	366771231aa02557082e	68.548	124	121	122	100	4.46e-49	154	1	121	1	121
G00007_R07	23754e7de15b00a94c51	66.935	124	121	121	100	6.63e-49	153	1	121	1	120
G00007_R08	bc15ff05d38e6be747d5	68.254	126	121	124	100	5.43e-50	156	1	121	1	123
G00007_R08	555e7177f526c118028d	68.254	126	121	124	100	5.80e-50	156	1	121	1	123
G00007_R08	b6a8f883cd892dd553e2	68.254	126	121	124	100	7.79e-50	156	1	121	1	123
G00007_R08	564c878d48fbe1a4810d	67.460	126	121	124	100	2.18e-49	155	1	121	1	123
G00007_R08	1c837f045aaa45d1072d	66.406	128	121	126	100	1.45e-48	153	1	121	1	125
G00007_R08	6c306d322d4fa8faa0a7	67.460	126	121	124	100	1.75e-48	152	1	121	1	123
G00007_R08	71b47bda7d2b15e14b6a	67.717	127	121	127	99	1.94e-48	152	2	121	1	126
G00007_R08	6f8a8448a8334ce4b3f1	68.254	126	121	356	100	4.45e-48	159	1	121	1	123
G00007_R08	76200e2c2fa9055533fa	68.254	126	121	356	100	4.69e-48	159	1	121	1	123
G00007_R08	b5a8bbb8887591431efa	69.672	122	121	119	100	5.05e-48	151	1	121	1	118
G00008_C00	71b47bda7d2b15e14b6a	68.254	126	123	127	99	4.46e-51	159	2	123	1	126
G00008_C00	ba5e0e4d9f990e918fa7	69.919	123	123	165	100	4.88e-51	160	1	123	12	129
G00008_C00	numbered_338ef8a3c14341ca401b	69.919	123	123	119	100	1.29e-50	158	1	123	1	118
G00008_C00	7ab585419f22cbc292c9	70.968	124	123	120	100	3.46e-50	157	1	123	1	119
G00008_C00	87ecc68739aa9ae9050d	70.400	125	123	120	100	3.86e-50	157	1	123	1	119
G00008_C00	eaaed929dfcfe27200d7	70.400	125	123	120	100	4.45e-50	156	1	123	1	119
G00008_C00	e9833b44101490bb3e82	70.400	125	123	120	100	4.45e-50	156	1	123	1	119
G00008_C00	9511756ff4ca67abf2d7	70.161	124	123	120	100	4.80e-50	156	1	123	1	119
G00008_C00	01f95da919b596b785b3	69.106	123	123	165	100	4.85e-50	158	1	123	12	129
G00008_C00	1e89939d3fd93113ce8d	69.600	125	123	120	100	4.96e-50	156	1	123	1	119
G00008_C01	f3879490a5c7eee0f465	66.667	123	123	117	100	2.37e-51	159	1	123	1	116
G00008_C01	ba5e0e4d9f990e918fa7	69.106	123	123	165	100	3.26e-51	161	1	123	12	129
G00008_C01	08eea734ea0b3328ef3d	68.293	123	123	132	100	8.44e-51	159	1	123	1	118
G00008_C01	4b95bbb866c376360e32	67.460	126	123	124	100	8.93e-51	158	1	123	1	123
G00008_C01	numbered_338ef8a3c14341ca401b	69.106	123	123	119	100	9.20e-51	158	1	123	1	118
G00008_C01	40744c41b8f3e2690204	68.293	123	123	119	100	9.30e-51	158	1	123	1	118
G00008_C01	0e66e696ee2711b15f29	69.919	123	123	119	100	1.00e-50	158	1	123	1	118
G00008_C01	12c762ea146a11235703	67.460	126	123	124	100	1.02e-50	158	1	123	1	123
G00008_C01	numbered_9558446b751d36c7023a	68.293	123	123	119	100	1.06e-50	158	1	123	1	118
G00008_C01	ea8ef6bff667fb6dd136	67.460	126	123	124	100	1.10e-50	158	1	123	1	123
G00008_M00	71b47bda7d2b15e14b6a	68.504	127	123	127	99	3.63e-53	164	2	123	1	126
G00008_M00	ad33b60cf8d57d9a47e8	67.742	124	123	122	100	7.46e-53	164	1	123	1	121
G00008_M00	5224c7b1a1e55b33cd1e	67.480	123	123	121	100	9.00e-53	163	1	123	1	120
G00008_M00	809046a4de7b8000b5b9	68.548	124	123	122	100	1.35e-52	163	1	123	1	121
G00008_M00	03340efc082d5790fb44	70.161	124	123	122	100	1.62e-52	162	1	123	1	121
G00008_M00	769027c28202ad04d7d9	69.106	123	123	120	100	1.94e-52	162	1	123	1	119
G00008_M00	90dc46797d190fcbaf4d	66.667	123	123	121	100	3.04e-52	162	1	123	1	120
G00008_M00	345d45f1b30f75930cf6	69.919	123	123	119	100	4.42e-52	161	1	123	1	118
G00008_M00	4ebd02bd474d2135e46f	69.919	123	123	119	100	5.27e-52	161	1	123	1	118
G00008_M00	3bfae2a57a6a09c68329	67.480	123	123	124	100	6.37e-52	161	1	123	3	120
G00008_M01	6a4224f09c85af9cdf65	70.161	124	123	121	100	1.66e-51	160	1	123	1	120
G00008_M01	71b47bda7d2b15e14b6a	67.460	126	123	127	99	3.28e-51	159	2	123	1	126
G00008_M01	87db3954eb6835838c54	69.600	125	123	121	100	1.18e-50	158	1	123	1	120
G00008_M01	ef781bc363040234b0a2	69.600	125	123	120	100	1.30e-50	158	1	123	1	119
G00008_M01	38bf767d3a867a307228	68.548	124	123	118	100	1.65e-50	157	1	123	1	117
G00008_M01	3688e7596408210b3477	69.600	125	123	121	100	1.83e-50	157	1	123	1	120
G00008_M01	148e04b1500a24fd39d6	69.106	123	123	119	100	1.92e-50	157	1	123	1	118
G00008_M01	60e768d0bf9baa730e06	67.200	125	123	121	100	1.95e-50	157	1	123	1	120
G00008_M01	87ecc68739aa9ae9050d	69.106	123	123	120	100	2.84e-50	157	1	123	1	119
G00008_M01	b689f71f4c32814879cf	69.106	123	123	120	100	3.77e-50	157	1	123	1	119
G00008_M02	71b47bda7d2b15e14b6a	67.969	128	123	127	99	2.97e-51	160	2	123	1	126
G00008_M02	7cc8af3ce1e4bdb913d8	69.919	123	123	120	100	1.71e-50	157	1	123	1	119
G00008_M02	4ea1bf3e1942e2783208	69.106	123	123	120	100	2.28e-50	157	1	123	1	119
G00008_M02	0e8ddc444a1eda36d82a	66.400	125	123	121	100	2.77e-50	157	1	123	1	120
G00008_M02	87ecc68739aa9ae9050d	68.293	123	123	120	100	2.81e-50	157	1	123	1	119
G00008_M02	fe188108611075c371ca	69.106	123	123	120	100	2.93e-50	157	1	123	1	119
G00008_M02	4d459c450370f31d789a	69.919	123	123	120	100	3.06e-50	157	1	123	1	119
G00008_M02	1c0db4a0186bbb4c295a	69.919	123	123	120	100	3.06e-50	157	1	123	1	119
G00008_M02	d7a68a0ef7a5edd36724	69.106	123	123	120	100	3.42e-50	157	1	123	1	119
G00008_M02	e3b36a54c6caf8b8ef67	69.106	123	123	120	100	3.50e-50	157	1	123	1	119
G00008_M03	6994bba61f7ecd4b45a8	72.581	124	123	120	100	8.34e-53	163	1	123	1	119
G00008_M03	03340efc082d5790fb44	70.161	124	123	122	100	1.11e-52	163	1	123	1	121
G00008_M03	71b47bda7d2b15e14b6a	69.291	127	123	127	99	1.90e-52	162	2	123	1	126
G00008_M03	820a72690d6809746e0e	72.581	124	123	120	100	2.26e-52	162	1	123	1	119
G00008_M03	7ab585419f22cbc292c9	71.774	124	123	120	100	4.56e-52	161	1	123	1	119
G00008_M03	79e311ec06ff464857cd	71.774	124	123	120	100	4.56e-52	161	1	123	1	119
G00008_M03	9511756ff4ca67abf2d7	70.968	124	123	120	100	6.41e-52	161	1	123	1	119
G00008_M03	431968b21ac3650736f1	70.968	124	123	120	100	6.41e-52	161	1	123	1	119
G00008_M03	576d8d4dbf7520f7b71d	71.774	124	123	120	100	6.55e-52	161	1	123	1	119
G00008_M03	08a97697cca9b7da14e5	71.774	124	123	120	100	6.69e-52	161	1	123	1	119
G00008_M04	71b47bda7d2b15e14b6a	69.048	126	123	127	99	1.61e-51	160	2	123	1	126
G00008_M04	946166b1bcb9fe8d7722	68.293	123	123	125	100	2.88e-51	159	1	123	3	121
G00008_M04	numbered_f68524088e7caf37c1d8	68.293	123	123	120	100	5.67e-51	159	1	123	1	119
G00008_M04	384d773208415a9442c1	67.742	124	123	127	100	3.34e-50	157	1	123	3	123
G00008_M04	345d45f1b30f75930cf6	68.293	123	123	119	100	4.66e-50	156	1	123	1	118
G00008_M04	numbered_729fc8a2aa1efb88835f	67.742	124	123	122	100	6.58e-50	156	1	123	1	121
G00008_M04	4e8d4803b27e629ea954	69.106	123	123	115	100	6.66e-50	156	1	123	1	114
G00008_M04	dde804178a227a45a574	66.129	124	123	122	100	6.72e-50	156	1	123	1	121
G00008_M04	fb44fde80499f62e5240	65.625	128	123	120	100	7.20e-50	156	1	123	1	119
G00008_M04	7ab585419f22cbc292c9	66.406	128	123	120	100	7.69e-50	156	1	123	1	119
