P00001_00	sp|P01784|HV01_CANLF	59.055	127	127	114	1	127	1	113	3.31e-43	140	100
P00001_00	sp|P01762|HV311_HUMAN	69.072	97	127	117	1	97	20	115	2.25e-39	130	76
P00001_00	sp|P01767|HV353_HUMAN	68.627	102	127	116	1	97	20	114	3.06e-39	130	76
P00001_00	sp|P19181|HV05_CARAU	68.627	102	127	116	1	97	20	114	8.28e-39	129	76
P00001_00	sp|P01763|HV348_HUMAN	69.072	97	127	117	1	97	20	115	8.35e-39	129	76
P00001_00	sp|A0A0C4DH42|HV366_HUMAN	68.627	102	127	116	1	97	20	114	1.49e-38	129	76
P00001_00	sp|A0A0B4J1V1|HV321_HUMAN	65.979	97	127	117	1	97	20	115	8.96e-38	127	76
P00001_00	sp|P01772|HV333_HUMAN	69.388	98	127	117	1	97	20	115	1.11e-37	126	76
P00001_00	sp|A0A0B4J1X5|HV374_HUMAN	67.010	97	127	117	1	97	20	115	2.01e-37	126	76
P00001_00	sp|P0DP02|HVC33_HUMAN	69.072	97	127	117	1	97	20	115	2.32e-37	125	76
P00001_00	sp|P01764|HV323_HUMAN	67.308	104	127	117	1	99	20	117	3.71e-37	125	78
P00001_00	sp|P01780|HV307_HUMAN	67.010	97	127	117	1	97	20	115	3.75e-37	125	76
P00001_00	sp|P0DP03|HVC05_HUMAN	68.000	100	127	117	1	99	20	117	4.42e-37	125	78
P00001_00	sp|P01768|HV330_HUMAN	68.000	100	127	117	1	99	20	117	4.42e-37	125	78
P00001_00	sp|A0A0B4J1Y9|HV372_HUMAN	65.049	103	127	119	1	97	20	117	4.69e-37	125	76
P00001_00	sp|A0A0B4J1V0|HV315_HUMAN	62.500	104	127	119	1	98	20	118	1.08e-36	124	77
P00001_00	sp|P0DOX5|IGG1_HUMAN	57.812	128	127	449	1	127	1	118	2.18e-36	132	100
P00001_00	sp|P01805|HVR01_RAT	52.713	129	127	142	1	127	20	141	2.37e-36	124	100
P00001_00	sp|P01799|HVM30_MOUSE	52.344	128	127	113	1	126	1	113	3.35e-36	122	99
P00001_00	sp|P01786|HVM17_MOUSE	50.758	132	127	117	1	127	1	116	3.41e-36	122	100
P00001_01	sp|P01784|HV01_CANLF	56.693	127	127	114	1	127	1	113	2.72e-41	135	100
P00001_01	sp|P01805|HVR01_RAT	55.814	129	127	142	1	127	20	141	1.37e-39	132	100
P00001_01	sp|P0DP02|HVC33_HUMAN	69.000	100	127	117	1	99	20	117	9.73e-39	129	78
P00001_01	sp|A0A0C4DH42|HV366_HUMAN	67.677	99	127	116	1	99	20	116	1.14e-38	129	78
P00001_01	sp|P01772|HV333_HUMAN	67.677	99	127	117	1	99	20	117	1.59e-38	129	78
P00001_01	sp|P0DP03|HVC05_HUMAN	69.000	100	127	117	1	99	20	117	1.72e-38	129	78
P00001_01	sp|P01768|HV330_HUMAN	69.000	100	127	117	1	99	20	117	1.72e-38	129	78
P00001_01	sp|P01762|HV311_HUMAN	66.667	99	127	117	1	99	20	117	2.02e-38	128	78
P00001_01	sp|P01764|HV323_HUMAN	67.677	99	127	117	1	99	20	117	2.33e-38	128	78
P00001_01	sp|P01782|HV309_HUMAN	67.327	101	127	118	1	99	20	117	2.93e-38	128	78
P00001_01	sp|P01767|HV353_HUMAN	66.667	99	127	116	1	99	20	116	3.96e-38	127	78
P00001_01	sp|P0DP04|HV43D_HUMAN	65.385	104	127	118	1	99	20	117	5.28e-38	127	78
P00001_01	sp|P01763|HV348_HUMAN	66.667	99	127	117	1	99	20	117	5.42e-38	127	78
P00001_01	sp|A0A0C4DH32|HV320_HUMAN	65.385	104	127	117	1	99	20	117	8.12e-38	127	78
P00001_01	sp|P19181|HV05_CARAU	66.667	99	127	116	1	99	20	116	8.51e-38	127	78
P00001_01	sp|P01801|HVM32_MOUSE	53.488	129	127	115	1	127	1	114	1.02e-37	126	100
P00001_01	sp|A0A0B4J1X5|HV374_HUMAN	65.657	99	127	117	1	99	20	117	1.42e-37	126	78
P00001_01	sp|A0A0B4J1V1|HV321_HUMAN	65.657	99	127	117	1	99	20	117	2.15e-37	125	78
P00001_01	sp|A0A0J9YX35|HV64D_HUMAN	64.646	99	127	117	1	99	20	117	2.62e-37	125	78
P00001_01	sp|A0A0B4J1X8|HV343_HUMAN	64.423	104	127	118	1	99	20	117	3.39e-37	125	78
P00001_02	sp|P01784|HV01_CANLF	57.480	127	127	114	1	127	1	113	4.69e-40	132	100
P00001_02	sp|A0A0C4DH42|HV366_HUMAN	70.000	100	127	116	1	97	20	114	5.40e-39	130	76
P00001_02	sp|P01762|HV311_HUMAN	69.072	97	127	117	1	97	20	115	9.01e-39	129	76
P00001_02	sp|P01767|HV353_HUMAN	68.627	102	127	116	1	97	20	114	1.01e-38	129	76
P00001_02	sp|P19181|HV05_CARAU	68.627	102	127	116	1	97	20	114	2.82e-38	128	76
P00001_02	sp|P01763|HV348_HUMAN	69.388	98	127	117	1	97	20	115	9.78e-38	127	76
P00001_02	sp|P01764|HV323_HUMAN	67.308	104	127	117	1	99	20	117	7.39e-37	124	78
P00001_02	sp|P01780|HV307_HUMAN	68.317	101	127	117	1	97	20	115	7.55e-37	124	76
P00001_02	sp|A0A0B4J1V1|HV321_HUMAN	66.327	98	127	117	1	97	20	115	8.43e-37	124	76
P00001_02	sp|P01772|HV333_HUMAN	69.388	98	127	117	1	97	20	115	1.32e-36	124	76
P00001_02	sp|A0A0B4J1Y9|HV372_HUMAN	65.657	99	127	119	1	97	20	117	1.49e-36	124	76
P00001_02	sp|A0A0B4J1X5|HV374_HUMAN	67.010	97	127	117	1	97	20	115	1.73e-36	123	76
P00001_02	sp|P0DP02|HVC33_HUMAN	69.072	97	127	117	1	97	20	115	3.23e-36	123	76
P00001_02	sp|P0DP03|HVC05_HUMAN	68.000	100	127	117	1	99	20	117	4.84e-36	122	78
P00001_02	sp|P01768|HV330_HUMAN	68.000	100	127	117	1	99	20	117	4.84e-36	122	78
P00001_02	sp|P0DTE1|HV383_HUMAN	65.385	104	127	115	1	99	20	115	5.56e-36	122	78
P00001_02	sp|P01799|HVM30_MOUSE	52.344	128	127	113	1	126	1	113	7.68e-36	122	99
P00001_02	sp|A0A0J9YX35|HV64D_HUMAN	65.686	102	127	117	1	97	20	115	1.54e-35	121	76
P00001_02	sp|P01801|HVM32_MOUSE	53.077	130	127	115	1	127	1	114	2.02e-35	120	100
P00001_02	sp|P01800|HVM31_MOUSE	52.273	132	127	113	1	126	1	113	2.32e-35	120	99
P00001_03	sp|P01784|HV01_CANLF	58.268	127	127	114	1	127	1	113	3.17e-41	135	100
P00001_03	sp|P01767|HV353_HUMAN	67.308	104	127	116	1	99	20	116	1.30e-38	129	78
P00001_03	sp|P01762|HV311_HUMAN	67.677	99	127	117	1	99	20	117	1.38e-38	129	78
P00001_03	sp|P19181|HV05_CARAU	67.308	104	127	116	1	99	20	116	3.83e-38	127	78
P00001_03	sp|P01763|HV348_HUMAN	68.000	100	127	117	1	99	20	117	5.18e-38	127	78
P00001_03	sp|P01772|HV333_HUMAN	69.000	100	127	117	1	99	20	117	5.48e-38	127	78
P00001_03	sp|A0A0C4DH42|HV366_HUMAN	67.308	104	127	116	1	99	20	116	6.76e-38	127	78
P00001_03	sp|A0A0B4J1V1|HV321_HUMAN	66.000	100	127	117	1	99	20	117	1.58e-37	126	78
P00001_03	sp|P0DP03|HVC05_HUMAN	69.000	100	127	117	1	99	20	117	2.10e-37	125	78
P00001_03	sp|P01768|HV330_HUMAN	69.000	100	127	117	1	99	20	117	2.10e-37	125	78
P00001_03	sp|P0DP02|HVC33_HUMAN	69.000	100	127	117	1	99	20	117	2.42e-37	125	78
P00001_03	sp|P01764|HV323_HUMAN	68.571	105	127	117	1	99	20	117	5.94e-37	124	78
P00001_03	sp|P01805|HVR01_RAT	53.488	129	127	142	1	127	20	141	7.55e-37	125	100
P00001_03	sp|P01791|HVM22_MOUSE	52.713	129	127	123	1	127	1	122	8.65e-37	124	100
P00001_03	sp|A0A0B4J1X5|HV374_HUMAN	67.000	100	127	117	1	99	20	117	1.62e-36	124	78
P00001_03	sp|P01780|HV307_HUMAN	67.677	99	127	117	1	98	20	116	2.57e-36	123	77
P00001_03	sp|A0A0B4J1V0|HV315_HUMAN	63.462	104	127	119	1	98	20	118	3.39e-36	123	77
P00001_03	sp|P01801|HVM32_MOUSE	52.713	129	127	115	1	127	1	114	3.51e-36	122	100
P00001_03	sp|P01799|HVM30_MOUSE	52.344	128	127	113	1	126	1	113	4.59e-36	122	99
P00001_03	sp|A0A0B4J1Y9|HV372_HUMAN	65.049	103	127	119	1	97	20	117	4.61e-36	122	76
P00001_04	sp|P01784|HV01_CANLF	58.268	127	127	114	1	127	1	113	6.61e-44	142	100
P00001_04	sp|P01763|HV348_HUMAN	68.687	99	127	117	1	99	20	117	2.26e-40	133	78
P00001_04	sp|P01762|HV311_HUMAN	67.677	99	127	117	1	99	20	117	1.36e-39	131	78
P00001_04	sp|P01767|HV353_HUMAN	67.308	104	127	116	1	99	20	116	2.28e-39	130	78
P00001_04	sp|A0A0C4DH42|HV366_HUMAN	68.687	99	127	116	1	99	20	116	4.07e-39	130	78
P00001_04	sp|P19181|HV05_CARAU	67.308	104	127	116	1	99	20	116	6.23e-39	129	78
P00001_04	sp|P01772|HV333_HUMAN	67.677	99	127	117	1	99	20	117	8.35e-39	129	78
P00001_04	sp|A0A0B4J1V1|HV321_HUMAN	65.657	99	127	117	1	99	20	117	9.41e-39	129	78
P00001_04	sp|P01764|HV323_HUMAN	68.269	104	127	117	1	99	20	117	1.52e-38	129	78
P00001_04	sp|P0DP02|HVC33_HUMAN	67.677	99	127	117	1	99	20	117	1.85e-38	128	78
P00001_04	sp|A0A0B4J1X5|HV374_HUMAN	65.657	99	127	117	1	99	20	117	3.54e-38	128	78
P00001_04	sp|P0DP03|HVC05_HUMAN	67.677	99	127	117	1	99	20	117	4.31e-38	127	78
P00001_04	sp|P01768|HV330_HUMAN	67.677	99	127	117	1	99	20	117	4.31e-38	127	78
P00001_04	sp|P01780|HV307_HUMAN	65.657	99	127	117	1	99	20	117	4.70e-38	127	78
P00001_04	sp|A0A0J9YX35|HV64D_HUMAN	65.385	104	127	117	1	99	20	117	1.90e-37	126	78
P00001_04	sp|P01805|HVR01_RAT	52.713	129	127	142	1	127	20	141	2.56e-37	126	100
P00001_04	sp|P01801|HVM32_MOUSE	52.713	129	127	115	1	127	1	114	5.72e-37	124	100
P00001_04	sp|A0A0B4J1V0|HV315_HUMAN	64.078	103	127	119	1	98	20	118	7.67e-37	124	77
P00001_04	sp|A0A0B4J1Y9|HV372_HUMAN	63.725	102	127	119	1	99	20	119	7.76e-37	124	78
P00001_04	sp|A0A0C4DH32|HV320_HUMAN	64.423	104	127	117	1	99	20	117	7.89e-37	124	78
P00001_05	sp|P01784|HV01_CANLF	56.693	127	127	114	1	127	1	113	5.76e-42	137	100
P00001_05	sp|P01763|HV348_HUMAN	67.677	99	127	117	1	99	20	117	1.19e-39	131	78
P00001_05	sp|P01805|HVR01_RAT	55.039	129	127	142	1	127	20	141	1.24e-39	132	100
P00001_05	sp|P0DP02|HVC33_HUMAN	68.687	99	127	117	1	99	20	117	7.56e-39	129	78
P00001_05	sp|P0DP03|HVC05_HUMAN	68.687	99	127	117	1	99	20	117	1.54e-38	129	78
P00001_05	sp|P01768|HV330_HUMAN	68.687	99	127	117	1	99	20	117	1.54e-38	129	78
P00001_05	sp|P01801|HVM32_MOUSE	54.264	129	127	115	1	127	1	114	2.89e-38	128	100
P00001_05	sp|P01764|HV323_HUMAN	67.677	99	127	117	1	99	20	117	3.86e-38	127	78
P00001_05	sp|P01782|HV309_HUMAN	65.657	99	127	118	1	99	20	117	6.87e-38	127	78
P00001_05	sp|P01762|HV311_HUMAN	68.687	99	127	117	1	99	20	117	7.20e-38	127	78
P00001_05	sp|P01767|HV353_HUMAN	67.308	104	127	116	1	99	20	116	8.79e-38	127	78
P00001_05	sp|A0A0J9YX35|HV64D_HUMAN	65.657	99	127	117	1	99	20	117	1.50e-37	126	78
P00001_05	sp|P01794|HVM25_MOUSE	51.938	129	127	123	1	127	1	122	1.52e-37	126	100
P00001_05	sp|A0A0B4J1X5|HV374_HUMAN	65.657	99	127	117	1	99	20	117	1.55e-37	126	78
P00001_05	sp|P01791|HVM22_MOUSE	52.273	132	127	123	1	127	1	122	1.83e-37	126	100
P00001_05	sp|P01772|HV333_HUMAN	67.677	99	127	117	1	99	20	117	1.88e-37	126	78
P00001_05	sp|P01788|HVM19_MOUSE	53.077	130	127	123	1	127	1	122	1.93e-37	126	100
P00001_05	sp|P01787|HVM18_MOUSE	53.077	130	127	123	1	127	1	122	2.11e-37	126	100
P00001_05	sp|P19181|HV05_CARAU	67.308	104	127	116	1	99	20	116	2.35e-37	125	78
P00001_05	sp|A0A0B4J1Y9|HV372_HUMAN	65.657	99	127	119	1	97	20	117	3.20e-37	125	76
P00002_00	sp|P01764|HV323_HUMAN	71.134	97	127	117	1	97	20	115	7.64e-41	134	76
P00002_00	sp|A0A0J9YX35|HV64D_HUMAN	70.103	97	127	117	1	97	20	115	1.78e-40	134	76
P00002_00	sp|P01780|HV307_HUMAN	68.367	98	127	117	1	98	20	116	2.28e-40	133	77
P00002_00	sp|P0DP02|HVC33_HUMAN	70.408	98	127	117	1	98	20	116	4.21e-40	132	77
P00002_00	sp|A0A0C4DH42|HV366_HUMAN	70.408	98	127	116	1	98	20	115	7.22e-40	132	77
P00002_00	sp|P0DP03|HVC05_HUMAN	70.408	98	127	117	1	98	20	116	1.15e-39	131	77
P00002_00	sp|P01768|HV330_HUMAN	70.408	98	127	117	1	98	20	116	1.15e-39	131	77
P00002_00	sp|P01784|HV01_CANLF	57.480	127	127	114	1	127	1	113	1.51e-39	131	100
P00002_00	sp|P01772|HV333_HUMAN	70.408	98	127	117	1	98	20	116	1.73e-39	131	77
P00002_00	sp|P01767|HV353_HUMAN	69.388	98	127	116	1	98	20	115	2.65e-39	130	77
P00002_00	sp|A0A0B4J1X5|HV374_HUMAN	68.687	99	127	117	1	98	20	116	4.68e-39	130	77
P00002_00	sp|P19181|HV05_CARAU	69.388	98	127	116	1	98	20	115	5.52e-39	130	77
P00002_00	sp|P01763|HV348_HUMAN	67.347	98	127	117	1	98	20	116	7.32e-39	129	77
P00002_00	sp|A0A075B6Q5|HV364_HUMAN	68.367	98	127	118	1	98	21	117	8.99e-39	129	77
P00002_00	sp|P01762|HV311_HUMAN	68.367	98	127	117	1	98	20	116	1.46e-38	129	77
P00002_00	sp|P01782|HV309_HUMAN	66.000	100	127	118	1	100	20	118	2.62e-38	128	79
P00002_00	sp|P0DP04|HV43D_HUMAN	66.000	100	127	118	1	100	20	118	4.02e-38	127	79
P00002_00	sp|A0A0B4J1V1|HV321_HUMAN	67.347	98	127	117	1	98	20	116	4.91e-38	127	77
P00002_00	sp|A0A0B4J1Y9|HV372_HUMAN	66.000	100	127	119	1	98	20	118	1.52e-37	126	77
P00002_00	sp|A0A0B4J1X8|HV343_HUMAN	65.000	100	127	118	1	100	20	118	1.90e-37	126	79
P00002_01	sp|A0A0J9YX35|HV64D_HUMAN	70.103	97	127	117	1	97	20	115	1.16e-42	139	76
P00002_01	sp|P01764|HV323_HUMAN	71.134	97	127	117	1	97	20	115	1.29e-42	139	76
P00002_01	sp|P0DP02|HVC33_HUMAN	70.408	98	127	117	1	98	20	116	1.65e-41	136	77
P00002_01	sp|P01780|HV307_HUMAN	68.367	98	127	117	1	98	20	116	1.75e-41	136	77
P00002_01	sp|P01782|HV309_HUMAN	67.000	100	127	118	1	100	20	118	2.17e-41	136	79
P00002_01	sp|P01763|HV348_HUMAN	67.347	98	127	117	1	98	20	116	2.64e-41	135	77
P00002_01	sp|P0DP03|HVC05_HUMAN	70.408	98	127	117	1	98	20	116	3.75e-41	135	77
P00002_01	sp|P01768|HV330_HUMAN	70.408	98	127	117	1	98	20	116	3.75e-41	135	77
P00002_01	sp|P01772|HV333_HUMAN	70.408	98	127	117	1	98	20	116	5.82e-41	135	77
P00002_01	sp|A0A075B6Q5|HV364_HUMAN	68.367	98	127	118	1	98	21	117	6.33e-41	135	77
P00002_01	sp|P0DP04|HV43D_HUMAN	67.000	100	127	118	1	100	20	118	1.60e-40	134	79
P00002_01	sp|A0A0C4DH42|HV366_HUMAN	69.388	98	127	116	1	98	20	115	3.11e-40	133	77
P00002_01	sp|P01784|HV01_CANLF	55.906	127	127	114	1	127	1	113	4.63e-40	132	100
P00002_01	sp|A0A0B4J1X8|HV343_HUMAN	66.000	100	127	118	1	100	20	118	8.46e-40	132	79
P00002_01	sp|P01767|HV353_HUMAN	68.367	98	127	116	1	98	20	115	9.39e-40	132	77
P00002_01	sp|A0A0B4J1X5|HV374_HUMAN	67.347	98	127	117	1	98	20	116	1.15e-39	131	77
P00002_01	sp|P19181|HV05_CARAU	68.367	98	127	116	1	98	20	115	2.28e-39	130	77
P00002_01	sp|P01762|HV311_HUMAN	66.327	98	127	117	1	98	20	116	7.99e-39	129	77
P00002_01	sp|P01810|HVM40_MOUSE	51.969	127	127	119	1	127	1	117	1.03e-38	129	100
P00002_01	sp|A0A0C4DH35|HV335_HUMAN	65.979	97	127	117	1	97	20	115	1.24e-38	129	76
P00002_02	sp|P01782|HV309_HUMAN	67.327	101	127	118	1	100	20	118	1.69e-39	131	79
P00002_02	sp|A0A0C4DH42|HV366_HUMAN	72.277	101	127	116	1	98	20	115	2.68e-39	130	77
P00002_02	sp|P01764|HV323_HUMAN	72.000	100	127	117	1	97	20	115	4.33e-39	130	76
P00002_02	sp|A0A0J9YX35|HV64D_HUMAN	71.000	100	127	117	1	97	20	115	5.88e-39	130	76
P00002_02	sp|P0DP02|HVC33_HUMAN	71.287	101	127	117	1	98	20	116	6.56e-39	129	77
P00002_02	sp|P01767|HV353_HUMAN	71.287	101	127	116	1	98	20	115	7.42e-39	129	77
P00002_02	sp|A0A0B4J1X5|HV374_HUMAN	68.687	99	127	117	1	98	20	116	1.24e-38	129	77
P00002_02	sp|P01780|HV307_HUMAN	67.677	99	127	117	1	98	20	116	1.59e-38	129	77
P00002_02	sp|P0DP03|HVC05_HUMAN	71.287	101	127	117	1	98	20	116	1.66e-38	129	77
P00002_02	sp|P01768|HV330_HUMAN	71.287	101	127	117	1	98	20	116	1.66e-38	129	77
P00002_02	sp|P19181|HV05_CARAU	71.287	101	127	116	1	98	20	115	2.12e-38	128	77
P00002_02	sp|P01762|HV311_HUMAN	68.687	99	127	117	1	98	20	116	2.23e-38	128	77
P00002_02	sp|P01786|HVM17_MOUSE	54.198	131	127	117	1	127	1	116	2.78e-38	128	100
P00002_02	sp|P01784|HV01_CANLF	56.693	127	127	114	1	127	1	113	2.83e-38	128	100
P00002_02	sp|P01772|HV333_HUMAN	71.287	101	127	117	1	98	20	116	3.73e-38	127	77
P00002_02	sp|P0DP04|HV43D_HUMAN	67.961	103	127	118	1	100	20	118	5.70e-38	127	79
P00002_02	sp|A0A0B4J1Y9|HV372_HUMAN	67.327	101	127	119	1	98	20	118	8.34e-38	127	77
P00002_02	sp|P01788|HVM19_MOUSE	53.846	130	127	123	1	127	1	122	2.04e-37	126	100
P00002_02	sp|A0A0B4J1V1|HV321_HUMAN	66.667	99	127	117	1	98	20	116	2.53e-37	125	77
P00002_02	sp|A0A0B4J1X8|HV343_HUMAN	66.990	103	127	118	1	100	20	118	2.72e-37	125	79
P00002_03	sp|P01764|HV323_HUMAN	71.134	97	127	117	1	97	20	115	2.96e-42	138	76
P00002_03	sp|A0A0J9YX35|HV64D_HUMAN	70.103	97	127	117	1	97	20	115	5.35e-42	137	76
P00002_03	sp|P0DP02|HVC33_HUMAN	70.408	98	127	117	1	98	20	116	3.36e-41	135	77
P00002_03	sp|P01780|HV307_HUMAN	68.367	98	127	117	1	98	20	116	4.62e-41	135	77
P00002_03	sp|P0DP03|HVC05_HUMAN	70.408	98	127	117	1	98	20	116	7.81e-41	134	77
P00002_03	sp|P01768|HV330_HUMAN	70.408	98	127	117	1	98	20	116	7.81e-41	134	77
P00002_03	sp|P01782|HV309_HUMAN	67.000	100	127	118	1	100	20	118	1.45e-40	134	79
P00002_03	sp|P01772|HV333_HUMAN	70.408	98	127	117	1	98	20	116	1.66e-40	134	77
P00002_03	sp|P01763|HV348_HUMAN	67.347	98	127	117	1	98	20	116	1.78e-40	134	77
P00002_03	sp|P01784|HV01_CANLF	56.693	127	127	114	1	127	1	113	2.35e-40	133	100
P00002_03	sp|A0A075B6Q5|HV364_HUMAN	68.367	98	127	118	1	98	21	117	3.09e-40	133	77
P00002_03	sp|A0A0C4DH42|HV366_HUMAN	69.388	98	127	116	1	98	20	115	4.41e-40	132	77
P00002_03	sp|P0DP04|HV43D_HUMAN	67.000	100	127	118	1	100	20	118	6.03e-40	132	79
P00002_03	sp|P01767|HV353_HUMAN	68.367	98	127	116	1	98	20	115	1.45e-39	131	77
P00002_03	sp|A0A0B4J1X5|HV374_HUMAN	67.347	98	127	117	1	98	20	116	2.17e-39	131	77
P00002_03	sp|A0A0B4J1X8|HV343_HUMAN	66.000	100	127	118	1	100	20	118	2.76e-39	130	79
P00002_03	sp|P19181|HV05_CARAU	68.367	98	127	116	1	98	20	115	3.85e-39	130	77
P00002_03	sp|P0DOX5|IGG1_HUMAN	59.055	127	127	449	1	127	1	118	4.28e-39	139	100
P00002_03	sp|P01788|HVM19_MOUSE	52.713	129	127	123	1	127	1	122	1.16e-38	129	100
P00002_03	sp|P01762|HV311_HUMAN	66.327	98	127	117	1	98	20	116	1.18e-38	129	77
P00002_04	sp|P01784|HV01_CANLF	58.268	127	127	114	1	127	1	113	1.29e-42	139	100
P00002_04	sp|P01764|HV323_HUMAN	70.408	98	127	117	1	98	20	116	2.42e-41	135	77
P00002_04	sp|A0A0J9YX35|HV64D_HUMAN	70.103	97	127	117	1	97	20	115	7.00e-41	134	76
P00002_04	sp|P0DP02|HVC33_HUMAN	70.408	98	127	117	1	98	20	116	1.13e-40	134	77
P00002_04	sp|P01782|HV309_HUMAN	67.000	100	127	118	1	100	20	118	1.68e-40	134	79
P00002_04	sp|P0DP03|HVC05_HUMAN	70.408	98	127	117	1	98	20	116	2.60e-40	133	77
P00002_04	sp|P01768|HV330_HUMAN	70.408	98	127	117	1	98	20	116	2.60e-40	133	77
P00002_04	sp|P01780|HV307_HUMAN	68.367	98	127	117	1	98	20	116	2.97e-40	133	77
P00002_04	sp|P01772|HV333_HUMAN	70.408	98	127	117	1	98	20	116	3.54e-40	133	77
P00002_04	sp|P01762|HV311_HUMAN	68.367	98	127	117	1	98	20	116	3.86e-40	132	77
P00002_04	sp|A0A0B4J1X5|HV374_HUMAN	68.367	98	127	117	1	98	20	116	5.72e-40	132	77
P00002_04	sp|P01763|HV348_HUMAN	68.687	99	127	117	1	98	20	116	1.22e-39	131	77
P00002_04	sp|A0A075B6Q5|HV364_HUMAN	68.367	98	127	118	1	98	21	117	3.21e-39	130	77
P00002_04	sp|A0A0C4DH42|HV366_HUMAN	69.388	98	127	116	1	98	20	115	4.84e-39	130	77
P00002_04	sp|P0DP04|HV43D_HUMAN	66.000	100	127	118	1	100	20	118	1.12e-38	129	79
P00002_04	sp|P01767|HV353_HUMAN	68.367	98	127	116	1	98	20	115	1.41e-38	129	77
P00002_04	sp|P01810|HVM40_MOUSE	54.331	127	127	119	1	127	1	117	1.53e-38	129	100
P00002_04	sp|P01808|HVM38_MOUSE	54.331	127	127	119	1	127	1	117	2.35e-38	128	100
P00002_04	sp|P0DOX5|IGG1_HUMAN	59.055	127	127	449	1	127	1	118	2.93e-38	136	100
P00002_04	sp|A0A0B4J1V1|HV321_HUMAN	66.327	98	127	117	1	98	20	116	3.78e-38	127	77
P00002_05	sp|A0A0J9YX35|HV64D_HUMAN	70.103	97	127	117	1	97	20	115	3.88e-41	135	76
P00002_05	sp|P01764|HV323_HUMAN	71.134	97	127	117	1	97	20	115	4.52e-41	135	76
P00002_05	sp|P01780|HV307_HUMAN	68.367	98	127	117	1	98	20	116	6.93e-41	134	77
P00002_05	sp|P0DP02|HVC33_HUMAN	70.408	98	127	117	1	98	20	116	1.52e-40	134	77
P00002_05	sp|P0DP03|HVC05_HUMAN	70.408	98	127	117	1	98	20	116	3.65e-40	133	77
P00002_05	sp|P01768|HV330_HUMAN	70.408	98	127	117	1	98	20	116	3.65e-40	133	77
P00002_05	sp|P01772|HV333_HUMAN	70.408	98	127	117	1	98	20	116	6.97e-40	132	77
P00002_05	sp|A0A075B6Q5|HV364_HUMAN	68.367	98	127	118	1	98	21	117	2.19e-39	131	77
P00002_05	sp|P01784|HV01_CANLF	57.480	127	127	114	1	127	1	113	2.50e-39	130	100
P00002_05	sp|P01763|HV348_HUMAN	67.347	98	127	117	1	98	20	116	5.57e-39	130	77
P00002_05	sp|P01782|HV309_HUMAN	66.000	100	127	118	1	100	20	118	8.70e-39	129	79
P00002_05	sp|A0A0C4DH42|HV366_HUMAN	69.388	98	127	116	1	98	20	115	9.14e-39	129	77
P00002_05	sp|P0DP04|HV43D_HUMAN	66.000	100	127	118	1	100	20	118	1.12e-38	129	79
P00002_05	sp|A0A0B4J1X5|HV374_HUMAN	68.687	99	127	117	1	98	20	116	1.56e-38	129	77
P00002_05	sp|P01767|HV353_HUMAN	68.367	98	127	116	1	98	20	115	2.82e-38	128	77
P00002_05	sp|A0A0B4J1V1|HV321_HUMAN	66.327	98	127	117	1	98	20	116	4.03e-38	127	77
P00002_05	sp|A0A0B4J1X8|HV343_HUMAN	65.000	100	127	118	1	100	20	118	5.40e-38	127	79
P00002_05	sp|P19181|HV05_CARAU	68.367	98	127	116	1	98	20	115	6.69e-38	127	77
P00002_05	sp|A0A0B4J1V6|HV373_HUMAN	66.667	99	127	119	1	97	20	117	1.32e-37	126	76
P00002_05	sp|P01762|HV311_HUMAN	66.327	98	127	117	1	98	20	116	2.37e-37	125	77
P00002_06	sp|P01782|HV309_HUMAN	68.317	101	127	118	1	100	20	118	3.18e-41	135	79
P00002_06	sp|P0DP02|HVC33_HUMAN	70.408	98	127	117	1	98	20	116	6.42e-41	135	77
P00002_06	sp|P01762|HV311_HUMAN	68.367	98	127	117	1	98	20	116	9.31e-41	134	77
P00002_06	sp|P01784|HV01_CANLF	56.693	127	127	114	1	127	1	113	1.05e-40	134	100
P00002_06	sp|P0DP03|HVC05_HUMAN	71.717	99	127	117	1	98	20	116	1.07e-40	134	77
P00002_06	sp|P01768|HV330_HUMAN	71.717	99	127	117	1	98	20	116	1.07e-40	134	77
P00002_06	sp|P01780|HV307_HUMAN	67.347	98	127	117	1	98	20	116	1.76e-40	134	77
P00002_06	sp|P01764|HV323_HUMAN	70.103	97	127	117	1	97	20	115	1.83e-40	134	76
P00002_06	sp|A0A0C4DH42|HV366_HUMAN	70.408	98	127	116	1	98	20	115	1.92e-40	133	77
P00002_06	sp|P01772|HV333_HUMAN	71.717	99	127	117	1	98	20	116	2.46e-40	133	77
P00002_06	sp|A0A0J9YX35|HV64D_HUMAN	69.072	97	127	117	1	97	20	115	2.94e-40	133	76
P00002_06	sp|P01767|HV353_HUMAN	69.388	98	127	116	1	98	20	115	5.93e-40	132	77
P00002_06	sp|A0A0B4J1X5|HV374_HUMAN	67.347	98	127	117	1	98	20	116	9.78e-40	132	77
P00002_06	sp|P19181|HV05_CARAU	69.388	98	127	116	1	98	20	115	1.52e-39	131	77
P00002_06	sp|P0DP04|HV43D_HUMAN	67.327	101	127	118	1	100	20	118	2.70e-39	130	79
P00002_06	sp|P01763|HV348_HUMAN	67.677	99	127	117	1	98	20	116	7.48e-39	129	77
P00002_06	sp|A0A0B4J1X8|HV343_HUMAN	66.337	101	127	118	1	100	20	118	1.30e-38	129	79
P00002_06	sp|A0A075B6Q5|HV364_HUMAN	67.347	98	127	118	1	98	21	117	1.69e-38	129	77
P00002_06	sp|A0A0C4DH32|HV320_HUMAN	66.327	98	127	117	1	97	20	115	1.79e-38	128	76
P00002_06	sp|A0A0C4DH35|HV335_HUMAN	65.979	97	127	117	1	97	20	115	2.49e-38	128	76
P00002_07	sp|P01782|HV309_HUMAN	67.000	100	127	118	1	100	20	118	4.56e-41	135	79
P00002_07	sp|P01762|HV311_HUMAN	69.388	98	127	117	1	98	20	116	5.16e-41	135	77
P00002_07	sp|P0DP02|HVC33_HUMAN	71.429	98	127	117	1	98	20	116	5.27e-41	135	77
P00002_07	sp|P01784|HV01_CANLF	58.268	127	127	114	1	127	1	113	8.23e-41	134	100
P00002_07	sp|A0A0J9YX35|HV64D_HUMAN	70.103	97	127	117	1	97	20	115	1.17e-40	134	76
P00002_07	sp|P0DP03|HVC05_HUMAN	71.429	98	127	117	1	98	20	116	1.32e-40	134	77
P00002_07	sp|P01768|HV330_HUMAN	71.429	98	127	117	1	98	20	116	1.32e-40	134	77
P00002_07	sp|A0A0C4DH42|HV366_HUMAN	71.429	98	127	116	1	98	20	115	1.63e-40	134	77
P00002_07	sp|P01764|HV323_HUMAN	71.134	97	127	117	1	97	20	115	1.64e-40	134	76
P00002_07	sp|P01780|HV307_HUMAN	68.367	98	127	117	1	98	20	116	1.92e-40	133	77
P00002_07	sp|P01772|HV333_HUMAN	71.429	98	127	117	1	98	20	116	1.98e-40	133	77
P00002_07	sp|A0A0B4J1X5|HV374_HUMAN	68.367	98	127	117	1	98	20	116	2.46e-40	133	77
P00002_07	sp|P01810|HVM40_MOUSE	55.906	127	127	119	1	127	1	117	2.86e-40	133	100
P00002_07	sp|P01767|HV353_HUMAN	70.408	98	127	116	1	98	20	115	4.87e-40	132	77
P00002_07	sp|P19181|HV05_CARAU	70.408	98	127	116	1	98	20	115	1.45e-39	131	77
P00002_07	sp|P01795|HVM26_MOUSE	55.039	129	127	144	1	127	20	143	1.81e-39	132	100
P00002_07	sp|P0DP04|HV43D_HUMAN	66.000	100	127	118	1	100	20	118	4.82e-39	130	79
P00002_07	sp|P0DOX5|IGG1_HUMAN	59.843	127	127	449	1	127	1	118	5.80e-39	138	100
P00002_07	sp|A0A0C4DH35|HV335_HUMAN	67.010	97	127	117	1	97	20	115	6.49e-39	129	76
P00002_07	sp|A0A075B6Q5|HV364_HUMAN	68.367	98	127	118	1	98	21	117	7.54e-39	129	77
P00002_08	sp|P01780|HV307_HUMAN	68.367	98	127	117	1	98	20	116	1.61e-42	139	77
P00002_08	sp|A0A0J9YX35|HV64D_HUMAN	70.103	97	127	117	1	97	20	115	2.87e-42	138	76
P00002_08	sp|P01762|HV311_HUMAN	69.388	98	127	117	1	98	20	116	4.85e-42	137	77
P00002_08	sp|P01764|HV323_HUMAN	70.408	98	127	117	1	98	20	116	5.59e-42	137	77
P00002_08	sp|P01784|HV01_CANLF	58.268	127	127	114	1	127	1	113	1.01e-41	137	100
P00002_08	sp|P0DP02|HVC33_HUMAN	70.408	98	127	117	1	98	20	116	1.11e-41	137	77
P00002_08	sp|P01782|HV309_HUMAN	67.000	100	127	118	1	100	20	118	1.56e-41	136	79
P00002_08	sp|A0A0B4J1X5|HV374_HUMAN	68.367	98	127	117	1	98	20	116	1.75e-41	136	77
P00002_08	sp|P0DP03|HVC05_HUMAN	70.408	98	127	117	1	98	20	116	2.40e-41	135	77
P00002_08	sp|P01768|HV330_HUMAN	70.408	98	127	117	1	98	20	116	2.40e-41	135	77
P00002_08	sp|A0A0C4DH42|HV366_HUMAN	70.408	98	127	116	1	98	20	115	3.97e-41	135	77
P00002_08	sp|P01772|HV333_HUMAN	70.408	98	127	117	1	98	20	116	4.93e-41	135	77
P00002_08	sp|P01767|HV353_HUMAN	69.388	98	127	116	1	98	20	115	1.20e-40	134	77
P00002_08	sp|A0A075B6Q5|HV364_HUMAN	68.367	98	127	118	1	98	21	117	1.73e-40	134	77
P00002_08	sp|P19181|HV05_CARAU	69.388	98	127	116	1	98	20	115	3.47e-40	133	77
P00002_08	sp|P01763|HV348_HUMAN	67.347	98	127	117	1	98	20	116	6.11e-40	132	77
P00002_08	sp|P0DP04|HV43D_HUMAN	66.000	100	127	118	1	100	20	118	1.02e-39	132	79
P00002_08	sp|A0A0C4DH35|HV335_HUMAN	67.010	97	127	117	1	97	20	115	2.53e-39	130	76
P00002_08	sp|A0A0B4J1Y9|HV372_HUMAN	67.000	100	127	119	1	98	20	118	5.02e-39	130	77
P00002_08	sp|A0A0B4J1X8|HV343_HUMAN	65.000	100	127	118	1	100	20	118	5.14e-39	130	79
P00003_00	sp|P01772|HV333_HUMAN	71.134	97	121	117	1	97	20	115	1.62e-39	131	80
P00003_00	sp|A0A0J9YX35|HV64D_HUMAN	68.367	98	121	117	1	98	20	116	6.29e-39	129	81
P00003_00	sp|P0DP02|HVC33_HUMAN	71.134	97	121	117	1	97	20	115	6.57e-39	129	80
P00003_00	sp|P0DP03|HVC05_HUMAN	71.134	97	121	117	1	97	20	115	8.36e-39	129	80
P00003_00	sp|P01768|HV330_HUMAN	71.134	97	121	117	1	97	20	115	8.36e-39	129	80
P00003_00	sp|A0A0C4DH42|HV366_HUMAN	70.103	97	121	116	1	97	20	114	1.40e-38	128	80
P00003_00	sp|P01767|HV353_HUMAN	69.072	97	121	116	1	97	20	114	2.42e-38	128	80
P00003_00	sp|P01780|HV307_HUMAN	69.072	97	121	117	1	97	20	115	2.97e-38	127	80
P00003_00	sp|P01784|HV01_CANLF	60.163	123	121	114	1	121	1	113	4.16e-38	127	100
P00003_00	sp|P01764|HV323_HUMAN	69.072	97	121	117	1	97	20	115	5.92e-38	127	80
P00003_00	sp|P19181|HV05_CARAU	69.072	97	121	116	1	97	20	114	6.01e-38	127	80
P00003_00	sp|P0DP04|HV43D_HUMAN	69.388	98	121	118	1	97	20	115	1.58e-37	126	80
P00003_00	sp|A0A0C4DH35|HV335_HUMAN	66.327	98	121	117	1	98	20	116	1.59e-37	126	81
P00003_00	sp|P01782|HV309_HUMAN	68.367	98	121	118	1	97	20	115	1.62e-37	126	80
P00003_00	sp|P01763|HV348_HUMAN	67.010	97	121	117	1	97	20	115	1.69e-37	125	80
P00003_00	sp|P01793|HVM24_MOUSE	55.285	123	121	123	1	121	1	122	1.70e-37	126	100
P00003_00	sp|A0A0B4J1X5|HV374_HUMAN	68.041	97	121	117	1	97	20	115	4.84e-37	124	80
P00003_00	sp|P01791|HVM22_MOUSE	54.839	124	121	123	1	121	1	122	5.24e-37	125	100
P00003_00	sp|A0A0B4J1X8|HV343_HUMAN	68.367	98	121	118	1	97	20	115	6.92e-37	124	80
P00003_00	sp|P01785|HV02_CANLF	57.851	121	121	117	1	121	1	116	7.74e-37	124	100
P00003_01	sp|P01780|HV307_HUMAN	68.367	98	121	117	1	98	20	116	1.72e-38	128	81
P00003_01	sp|A0A0C4DH42|HV366_HUMAN	69.388	98	121	116	1	98	20	115	2.50e-38	128	81
P00003_01	sp|P01772|HV333_HUMAN	69.388	98	121	117	1	98	20	116	3.04e-38	127	81
P00003_01	sp|P01767|HV353_HUMAN	68.367	98	121	116	1	98	20	115	4.28e-38	127	81
P00003_01	sp|P01784|HV01_CANLF	59.836	122	121	114	1	121	1	113	6.74e-38	127	100
P00003_01	sp|P01764|HV323_HUMAN	68.367	98	121	117	1	98	20	116	1.09e-37	126	81
P00003_01	sp|P19181|HV05_CARAU	68.367	98	121	116	1	98	20	115	1.10e-37	126	81
P00003_01	sp|P0DP02|HVC33_HUMAN	69.388	98	121	117	1	98	20	116	1.15e-37	126	81
P00003_01	sp|P01805|HVR01_RAT	55.285	123	121	142	1	121	20	141	1.36e-37	127	100
P00003_01	sp|P0DP03|HVC05_HUMAN	69.388	98	121	117	1	98	20	116	1.41e-37	126	81
P00003_01	sp|P01768|HV330_HUMAN	69.388	98	121	117	1	98	20	116	1.41e-37	126	81
P00003_01	sp|A0A0J9YX35|HV64D_HUMAN	67.010	97	121	117	1	97	20	115	6.22e-37	124	80
P00003_01	sp|P01763|HV348_HUMAN	66.327	98	121	117	1	98	20	116	8.64e-37	124	81
P00003_01	sp|P01791|HVM22_MOUSE	54.839	124	121	123	1	121	1	122	9.06e-37	124	100
P00003_01	sp|P01792|HVM23_MOUSE	54.032	124	121	123	1	121	1	122	1.43e-36	124	100
P00003_01	sp|P01782|HV309_HUMAN	66.667	99	121	118	1	98	20	116	1.66e-36	123	81
P00003_01	sp|A0A0C4DH35|HV335_HUMAN	65.979	97	121	117	1	97	20	115	1.68e-36	123	80
P00003_01	sp|P0DP04|HV43D_HUMAN	67.677	99	121	118	1	98	20	116	2.63e-36	123	81
P00003_01	sp|P01788|HVM19_MOUSE	54.032	124	121	123	1	121	1	122	3.08e-36	123	100
P00003_01	sp|P01762|HV311_HUMAN	66.327	98	121	117	1	98	20	116	3.99e-36	122	81
P00003_02	sp|P01784|HV01_CANLF	60.163	123	121	114	1	121	1	113	1.20e-39	131	100
P00003_02	sp|P01772|HV333_HUMAN	69.307	101	121	117	1	98	20	116	1.90e-38	128	81
P00003_02	sp|P0DP02|HVC33_HUMAN	70.297	101	121	117	1	98	20	116	2.31e-38	128	81
P00003_02	sp|P01764|HV323_HUMAN	68.317	101	121	117	1	98	20	116	2.55e-38	128	81
P00003_02	sp|P01782|HV309_HUMAN	67.347	98	121	118	1	98	20	116	2.66e-38	128	81
P00003_02	sp|P0DP03|HVC05_HUMAN	70.297	101	121	117	1	98	20	116	2.85e-38	128	81
P00003_02	sp|P01768|HV330_HUMAN	70.297	101	121	117	1	98	20	116	2.85e-38	128	81
P00003_02	sp|P01786|HVM17_MOUSE	56.098	123	121	117	1	121	1	116	6.54e-38	127	100
P00003_02	sp|P01780|HV307_HUMAN	68.317	101	121	117	1	98	20	116	1.38e-37	126	81
P00003_02	sp|A0A0C4DH42|HV366_HUMAN	68.000	100	121	116	1	98	20	115	1.94e-37	125	81
P00003_02	sp|P01767|HV353_HUMAN	67.000	100	121	116	1	98	20	115	4.03e-37	125	81
P00003_02	sp|P01762|HV311_HUMAN	67.347	98	121	117	1	98	20	116	6.36e-37	124	81
P00003_02	sp|P01763|HV348_HUMAN	67.000	100	121	117	1	98	20	116	8.27e-37	124	81
P00003_02	sp|A0A0J9YX35|HV64D_HUMAN	67.677	99	121	117	1	97	20	115	9.85e-37	124	80
P00003_02	sp|P19181|HV05_CARAU	67.000	100	121	116	1	98	20	115	1.04e-36	124	81
P00003_02	sp|A0A0C4DH36|HV338_HUMAN	67.347	98	121	116	1	98	20	114	1.11e-36	124	81
P00003_02	sp|A0A0C4DH32|HV320_HUMAN	65.306	98	121	117	1	98	20	116	1.25e-36	124	81
P00003_02	sp|P0DTE1|HV383_HUMAN	68.041	97	121	115	1	97	20	113	1.29e-36	123	80
P00003_02	sp|A0A0C4DH35|HV335_HUMAN	67.010	97	121	117	1	97	20	115	1.43e-36	123	80
P00003_02	sp|P0DP04|HV43D_HUMAN	65.347	101	121	118	1	98	20	116	2.35e-36	123	81
P00003_03	sp|P01784|HV01_CANLF	59.836	122	121	114	1	121	1	113	1.27e-39	131	100
P00003_03	sp|P01764|HV323_HUMAN	68.317	101	121	117	1	98	20	116	1.58e-38	128	81
P00003_03	sp|P01782|HV309_HUMAN	66.327	98	121	118	1	98	20	116	5.91e-38	127	81
P00003_03	sp|P01780|HV307_HUMAN	67.347	98	121	117	1	98	20	116	6.54e-38	127	81
P00003_03	sp|P01805|HVR01_RAT	56.098	123	121	142	1	121	20	141	9.29e-38	127	100
P00003_03	sp|A0A0B4J1X5|HV374_HUMAN	67.347	98	121	117	1	98	20	116	1.02e-37	126	81
P00003_03	sp|P01772|HV333_HUMAN	68.367	98	121	117	1	98	20	116	1.44e-37	126	81
P00003_03	sp|A0A0C4DH42|HV366_HUMAN	69.697	99	121	116	1	98	20	115	1.81e-37	125	81
P00003_03	sp|P01767|HV353_HUMAN	68.687	99	121	116	1	98	20	115	3.49e-37	125	81
P00003_03	sp|P01762|HV311_HUMAN	68.000	100	121	117	1	98	20	116	3.80e-37	125	81
P00003_03	sp|P0DP02|HVC33_HUMAN	68.367	98	121	117	1	98	20	116	4.29e-37	125	81
P00003_03	sp|P0DP03|HVC05_HUMAN	68.367	98	121	117	1	98	20	116	5.89e-37	124	81
P00003_03	sp|P01768|HV330_HUMAN	68.367	98	121	117	1	98	20	116	5.89e-37	124	81
P00003_03	sp|P01763|HV348_HUMAN	67.000	100	121	117	1	98	20	116	5.95e-37	124	81
P00003_03	sp|A0A0C4DH36|HV338_HUMAN	68.367	98	121	116	1	98	20	114	6.52e-37	124	81
P00003_03	sp|P0DTE1|HV383_HUMAN	69.072	97	121	115	1	97	20	113	7.29e-37	124	80
P00003_03	sp|P19181|HV05_CARAU	68.687	99	121	116	1	98	20	115	1.01e-36	124	81
P00003_03	sp|A0A0J9YX35|HV64D_HUMAN	67.677	99	121	117	1	97	20	115	1.41e-36	123	80
P00003_03	sp|P01799|HVM30_MOUSE	56.557	122	121	113	1	120	1	113	1.84e-36	123	99
P00003_03	sp|A0A0B4J1V1|HV321_HUMAN	66.327	98	121	117	1	98	20	116	1.98e-36	123	81
P00003_04	sp|P01784|HV01_CANLF	59.350	123	121	114	1	121	1	113	4.20e-40	132	100
P00003_04	sp|P01772|HV333_HUMAN	71.000	100	121	117	1	98	20	116	5.54e-40	132	81
P00003_04	sp|P0DP02|HVC33_HUMAN	71.000	100	121	117	1	98	20	116	1.99e-39	130	81
P00003_04	sp|P01764|HV323_HUMAN	68.317	101	121	117	1	98	20	116	2.15e-39	130	81
P00003_04	sp|P0DP03|HVC05_HUMAN	71.000	100	121	117	1	98	20	116	3.33e-39	130	81
P00003_04	sp|P01768|HV330_HUMAN	71.000	100	121	117	1	98	20	116	3.33e-39	130	81
P00003_04	sp|A0A0B4J1X5|HV374_HUMAN	68.367	98	121	117	1	98	20	116	5.05e-39	129	81
P00003_04	sp|A0A0J9YX35|HV64D_HUMAN	68.687	99	121	117	1	97	20	115	8.92e-39	129	80
P00003_04	sp|A0A0C4DH42|HV366_HUMAN	69.697	99	121	116	1	98	20	115	1.13e-38	129	81
P00003_04	sp|P01780|HV307_HUMAN	69.000	100	121	117	1	98	20	116	1.51e-38	128	81
P00003_04	sp|P01782|HV309_HUMAN	66.327	98	121	118	1	98	20	116	1.62e-38	128	81
P00003_04	sp|P01763|HV348_HUMAN	67.000	100	121	117	1	98	20	116	2.12e-38	128	81
P00003_04	sp|P01767|HV353_HUMAN	68.687	99	121	116	1	98	20	115	2.48e-38	128	81
P00003_04	sp|A0A0B4J1V1|HV321_HUMAN	65.306	98	121	117	1	98	20	116	6.05e-38	127	81
P00003_04	sp|P19181|HV05_CARAU	68.687	99	121	116	1	98	20	115	6.27e-38	127	81
P00003_04	sp|P0DP04|HV43D_HUMAN	68.000	100	121	118	1	98	20	116	7.11e-38	127	81
P00003_04	sp|P01805|HVR01_RAT	56.000	125	121	142	1	121	20	141	1.13e-37	127	100
P00003_04	sp|A0A0C4DH36|HV338_HUMAN	67.347	98	121	116	1	98	20	114	1.20e-37	126	81
P00003_04	sp|A0A0B4J1X8|HV343_HUMAN	68.000	100	121	118	1	98	20	116	1.34e-37	126	81
P00003_04	sp|P01762|HV311_HUMAN	66.327	98	121	117	1	98	20	116	1.69e-37	125	81
P00003_05	sp|P01784|HV01_CANLF	59.677	124	121	114	1	121	1	113	1.75e-38	128	100
P00003_05	sp|P01780|HV307_HUMAN	70.588	102	121	117	1	98	20	116	3.17e-38	127	81
P00003_05	sp|P01772|HV333_HUMAN	68.317	101	121	117	1	98	20	116	6.12e-38	127	81
P00003_05	sp|P01764|HV323_HUMAN	68.317	101	121	117	1	98	20	116	6.26e-38	127	81
P00003_05	sp|P0DP02|HVC33_HUMAN	69.307	101	121	117	1	98	20	116	1.53e-37	126	81
P00003_05	sp|P0DP03|HVC05_HUMAN	69.307	101	121	117	1	98	20	116	1.69e-37	125	81
P00003_05	sp|P01768|HV330_HUMAN	69.307	101	121	117	1	98	20	116	1.69e-37	125	81
P00003_05	sp|A0A0C4DH42|HV366_HUMAN	68.000	100	121	116	1	98	20	115	2.07e-37	125	81
P00003_05	sp|P01767|HV353_HUMAN	67.000	100	121	116	1	98	20	115	4.30e-37	125	81
P00003_05	sp|A0A0B4J1Y9|HV372_HUMAN	67.327	101	121	119	1	98	20	118	6.18e-37	124	81
P00003_05	sp|P01762|HV311_HUMAN	68.687	99	121	117	1	98	20	116	1.01e-36	124	81
P00003_05	sp|P19181|HV05_CARAU	67.000	100	121	116	1	98	20	115	1.16e-36	124	81
P00003_05	sp|P01763|HV348_HUMAN	68.317	101	121	117	1	98	20	116	1.19e-36	124	81
P00003_05	sp|A0A0J9YX35|HV64D_HUMAN	66.000	100	121	117	1	97	20	115	3.99e-36	122	80
P00003_05	sp|A0A0B4J1V1|HV321_HUMAN	66.667	99	121	117	1	98	20	116	4.55e-36	122	81
P00003_05	sp|P01782|HV309_HUMAN	65.306	98	121	118	1	98	20	116	5.47e-36	122	81
P00003_05	sp|P01793|HVM24_MOUSE	54.839	124	121	123	1	121	1	122	5.74e-36	122	100
P00003_05	sp|P01791|HVM22_MOUSE	54.839	124	121	123	1	121	1	122	7.07e-36	122	100
P00003_05	sp|A0A0C4DH36|HV338_HUMAN	67.347	98	121	116	1	98	20	114	7.55e-36	121	81
P00003_05	sp|P01792|HVM23_MOUSE	54.032	124	121	123	1	121	1	122	7.89e-36	122	100
P00003_06	sp|P01772|HV333_HUMAN	69.307	101	121	117	1	98	20	116	7.53e-38	127	81
P00003_06	sp|P01784|HV01_CANLF	58.537	123	121	114	1	121	1	113	8.96e-38	126	100
P00003_06	sp|P01764|HV323_HUMAN	68.317	101	121	117	1	98	20	116	1.00e-37	126	81
P00003_06	sp|P0DP02|HVC33_HUMAN	69.307	101	121	117	1	98	20	116	1.73e-37	125	81
P00003_06	sp|A0A0C4DH42|HV366_HUMAN	68.000	100	121	116	1	98	20	115	2.16e-37	125	81
P00003_06	sp|P01780|HV307_HUMAN	68.317	101	121	117	1	98	20	116	2.59e-37	125	81
P00003_06	sp|P0DP03|HVC05_HUMAN	69.307	101	121	117	1	98	20	116	4.11e-37	125	81
P00003_06	sp|P01768|HV330_HUMAN	69.307	101	121	117	1	98	20	116	4.11e-37	125	81
P00003_06	sp|P01767|HV353_HUMAN	67.000	100	121	116	1	98	20	115	4.16e-37	125	81
P00003_06	sp|P01805|HVR01_RAT	55.285	123	121	142	1	121	20	141	7.81e-37	125	100
P00003_06	sp|P19181|HV05_CARAU	67.000	100	121	116	1	98	20	115	1.15e-36	124	81
P00003_06	sp|A0A0C4DH36|HV338_HUMAN	67.347	98	121	116	1	98	20	114	1.16e-36	124	81
P00003_06	sp|P01782|HV309_HUMAN	66.667	99	121	118	1	98	20	116	1.59e-36	123	81
P00003_06	sp|P01762|HV311_HUMAN	67.347	98	121	117	1	98	20	116	1.72e-36	123	81
P00003_06	sp|P01791|HVM22_MOUSE	54.331	127	121	123	1	121	1	122	1.75e-36	123	100
P00003_06	sp|P01788|HVM19_MOUSE	54.331	127	121	123	1	121	1	122	1.75e-36	123	100
P00003_06	sp|A0A0B4J1X5|HV374_HUMAN	67.347	98	121	117	1	98	20	116	1.82e-36	123	81
P00003_06	sp|P0DTE1|HV383_HUMAN	68.041	97	121	115	1	97	20	113	2.28e-36	123	80
P00003_06	sp|P01793|HVM24_MOUSE	55.285	123	121	123	1	121	1	122	3.63e-36	122	100
P00003_06	sp|P01763|HV348_HUMAN	67.000	100	121	117	1	98	20	116	4.13e-36	122	81
P00003_07	sp|P01772|HV333_HUMAN	73.000	100	121	117	1	97	20	115	8.77e-40	131	80
P00003_07	sp|A0A0B4J1X5|HV374_HUMAN	69.000	100	121	117	1	97	20	115	1.37e-39	131	80
P00003_07	sp|P01784|HV01_CANLF	60.163	123	121	114	1	121	1	113	2.58e-39	130	100
P00003_07	sp|P0DP02|HVC33_HUMAN	73.000	100	121	117	1	97	20	115	2.71e-39	130	80
P00003_07	sp|A0A0J9YX35|HV64D_HUMAN	71.000	100	121	117	1	97	20	115	2.96e-39	130	80
P00003_07	sp|P0DP03|HVC05_HUMAN	73.000	100	121	117	1	97	20	115	4.06e-39	130	80
P00003_07	sp|P01768|HV330_HUMAN	73.000	100	121	117	1	97	20	115	4.06e-39	130	80
P00003_07	sp|P01764|HV323_HUMAN	70.297	101	121	117	1	97	20	115	4.38e-39	130	80
P00003_07	sp|P01780|HV307_HUMAN	69.608	102	121	117	1	97	20	115	5.58e-39	129	80
P00003_07	sp|A0A0C4DH42|HV366_HUMAN	72.727	99	121	116	1	97	20	114	6.96e-39	129	80
P00003_07	sp|P01767|HV353_HUMAN	71.717	99	121	116	1	97	20	114	1.53e-38	128	80
P00003_07	sp|P01763|HV348_HUMAN	69.000	100	121	117	1	97	20	115	2.39e-38	128	80
P00003_07	sp|P01762|HV311_HUMAN	69.000	100	121	117	1	97	20	115	2.72e-38	128	80
P00003_07	sp|P0DTE1|HV383_HUMAN	69.697	99	121	115	1	98	20	114	2.86e-38	127	81
P00003_07	sp|P01782|HV309_HUMAN	68.367	98	121	118	1	97	20	115	2.87e-38	128	80
P00003_07	sp|P19181|HV05_CARAU	71.717	99	121	116	1	97	20	114	4.47e-38	127	80
P00003_07	sp|A0A0B4J1V1|HV321_HUMAN	68.367	98	121	117	1	97	20	115	6.90e-38	127	80
P00003_07	sp|A0A0C4DH36|HV338_HUMAN	70.408	98	121	116	1	97	20	113	7.56e-38	127	80
P00003_07	sp|A0A0C4DH35|HV335_HUMAN	67.347	98	121	117	1	97	20	115	1.06e-37	126	80
P00003_07	sp|P0DP04|HV43D_HUMAN	70.000	100	121	118	1	97	20	115	1.23e-37	126	80
P00003_08	sp|P01784|HV01_CANLF	59.504	121	121	114	1	121	1	113	1.42e-39	131	100
P00003_08	sp|P0DP02|HVC33_HUMAN	71.000	100	121	117	1	97	20	115	4.73e-39	130	80
P00003_08	sp|P0DP03|HVC05_HUMAN	71.000	100	121	117	1	97	20	115	7.83e-39	129	80
P00003_08	sp|P01768|HV330_HUMAN	71.000	100	121	117	1	97	20	115	7.83e-39	129	80
P00003_08	sp|P01772|HV333_HUMAN	71.000	100	121	117	1	97	20	115	8.83e-39	129	80
P00003_08	sp|P01764|HV323_HUMAN	69.000	100	121	117	1	97	20	115	2.78e-38	128	80
P00003_08	sp|P01780|HV307_HUMAN	69.000	100	121	117	1	97	20	115	5.73e-38	127	80
P00003_08	sp|A0A0J9YX35|HV64D_HUMAN	68.687	99	121	117	1	97	20	115	6.90e-38	127	80
P00003_08	sp|A0A0B4J1X5|HV374_HUMAN	69.072	97	121	117	1	97	20	115	8.05e-38	127	80
P00003_08	sp|P01782|HV309_HUMAN	68.041	97	121	118	1	97	20	115	9.98e-38	126	80
P00003_08	sp|P0DTE1|HV383_HUMAN	68.367	98	121	115	1	98	20	114	1.72e-37	125	81
P00003_08	sp|P01763|HV348_HUMAN	68.687	99	121	117	1	97	20	115	1.87e-37	125	80
P00003_08	sp|A0A0C4DH36|HV338_HUMAN	69.072	97	121	116	1	97	20	113	2.78e-37	125	80
P00003_08	sp|P0DP04|HV43D_HUMAN	68.687	99	121	118	1	97	20	115	7.00e-37	124	80
P00003_08	sp|P01766|HV313_HUMAN	67.677	99	121	116	1	97	20	114	1.46e-36	123	80
P00003_08	sp|A0A0C4DH42|HV366_HUMAN	69.388	98	121	116	1	97	20	114	1.78e-36	123	80
P00003_08	sp|A0A0B4J1X8|HV343_HUMAN	67.677	99	121	118	1	97	20	115	2.54e-36	123	80
P00003_08	sp|A0A0C4DH35|HV335_HUMAN	67.010	97	121	117	1	97	20	115	2.66e-36	123	80
P00003_08	sp|A0A075B6Q5|HV364_HUMAN	67.677	99	121	118	1	97	21	116	2.84e-36	122	80
P00003_08	sp|P01767|HV353_HUMAN	68.367	98	121	116	1	97	20	114	2.95e-36	122	80
P00004_00	sp|A0A0J9YX35|HV64D_HUMAN	71.134	97	121	117	1	97	20	115	4.95e-42	137	80
P00004_00	sp|P01764|HV323_HUMAN	72.165	97	121	117	1	97	20	115	7.84e-42	137	80
P00004_00	sp|P0DP04|HV43D_HUMAN	68.000	100	121	118	1	100	20	118	1.35e-40	134	83
P00004_00	sp|P0DP02|HVC33_HUMAN	71.134	97	121	117	1	97	20	115	1.90e-40	133	80
P00004_00	sp|A0A075B6Q5|HV364_HUMAN	70.103	97	121	118	1	97	21	116	2.20e-40	133	80
P00004_00	sp|P0DP03|HVC05_HUMAN	71.134	97	121	117	1	97	20	115	2.52e-40	133	80
P00004_00	sp|P01768|HV330_HUMAN	71.134	97	121	117	1	97	20	115	2.52e-40	133	80
P00004_00	sp|P01784|HV01_CANLF	59.836	122	121	114	1	121	1	113	3.20e-40	132	100
P00004_00	sp|P01780|HV307_HUMAN	70.103	97	121	117	1	97	20	115	3.90e-40	132	80
P00004_00	sp|A0A0C4DH42|HV366_HUMAN	71.134	97	121	116	1	97	20	114	5.32e-40	132	80
P00004_00	sp|A0A0B4J1X8|HV343_HUMAN	67.000	100	121	118	1	100	20	118	6.10e-40	132	83
P00004_00	sp|P01763|HV348_HUMAN	68.041	97	121	117	1	97	20	115	8.49e-40	132	80
P00004_00	sp|P01772|HV333_HUMAN	71.134	97	121	117	1	97	20	115	8.49e-40	132	80
P00004_00	sp|P01767|HV353_HUMAN	70.103	97	121	116	1	97	20	114	1.00e-39	131	80
P00004_00	sp|P19181|HV05_CARAU	70.103	97	121	116	1	97	20	114	2.72e-39	130	80
P00004_00	sp|P01793|HVM24_MOUSE	54.472	123	121	123	1	121	1	122	2.81e-39	130	100
P00004_00	sp|A0A0B4J1X5|HV374_HUMAN	69.072	97	121	117	1	97	20	115	4.38e-39	130	80
P00004_00	sp|P01762|HV311_HUMAN	68.041	97	121	117	1	97	20	115	1.86e-38	128	80
P00004_00	sp|P01782|HV309_HUMAN	66.000	100	121	118	1	100	20	118	2.93e-38	128	83
P00004_00	sp|P0DTE1|HV383_HUMAN	69.697	99	121	115	1	98	20	114	7.58e-38	127	81
P00004_01	sp|P01784|HV01_CANLF	61.983	121	121	114	1	121	1	113	5.23e-43	139	100
P00004_01	sp|P01764|HV323_HUMAN	71.134	97	121	117	1	97	20	115	2.33e-40	133	80
P00004_01	sp|P01763|HV348_HUMAN	69.072	97	121	117	1	97	20	115	3.17e-40	132	80
P00004_01	sp|A0A0J9YX35|HV64D_HUMAN	69.072	97	121	117	1	97	20	115	4.53e-39	130	80
P00004_01	sp|P01780|HV307_HUMAN	69.072	97	121	117	1	97	20	115	7.57e-39	129	80
P00004_01	sp|P0DP02|HVC33_HUMAN	70.103	97	121	117	1	97	20	115	7.83e-39	129	80
P00004_01	sp|A0A0C4DH42|HV366_HUMAN	70.103	97	121	116	1	97	20	114	8.76e-39	129	80
P00004_01	sp|P0DP03|HVC05_HUMAN	70.103	97	121	117	1	97	20	115	1.07e-38	129	80
P00004_01	sp|P01768|HV330_HUMAN	70.103	97	121	117	1	97	20	115	1.07e-38	129	80
P00004_01	sp|P01767|HV353_HUMAN	69.072	97	121	116	1	97	20	114	2.19e-38	128	80
P00004_01	sp|P01772|HV333_HUMAN	71.429	98	121	117	1	97	20	115	3.74e-38	127	80
P00004_01	sp|P19181|HV05_CARAU	69.072	97	121	116	1	97	20	114	6.77e-38	127	80
P00004_01	sp|A0A0B4J1V1|HV321_HUMAN	67.010	97	121	117	1	97	20	115	1.48e-37	126	80
P00004_01	sp|P01785|HV02_CANLF	57.851	121	121	117	1	121	1	116	1.52e-37	126	100
P00004_01	sp|P01762|HV311_HUMAN	68.041	97	121	117	1	97	20	115	1.66e-37	125	80
P00004_01	sp|A0A075B6Q5|HV364_HUMAN	68.041	97	121	118	1	97	21	116	2.03e-37	125	80
P00004_01	sp|P0DP04|HV43D_HUMAN	67.010	97	121	118	1	97	20	115	2.64e-37	125	80
P00004_01	sp|A0A0C4DH36|HV338_HUMAN	69.388	98	121	116	1	97	20	113	3.06e-37	125	80
P00004_01	sp|P0DTE1|HV383_HUMAN	69.388	98	121	115	1	97	20	113	6.06e-37	124	80
P00004_01	sp|P01789|HVM20_MOUSE	54.839	124	121	122	1	121	1	121	8.89e-37	124	100
P00004_02	sp|P01784|HV01_CANLF	60.331	121	121	114	1	121	1	113	1.44e-41	136	100
P00004_02	sp|P01764|HV323_HUMAN	71.134	97	121	117	1	97	20	115	3.05e-41	135	80
P00004_02	sp|P01780|HV307_HUMAN	70.103	97	121	117	1	97	20	115	7.32e-41	134	80
P00004_02	sp|A0A0J9YX35|HV64D_HUMAN	69.072	97	121	117	1	97	20	115	5.66e-40	132	80
P00004_02	sp|P0DP02|HVC33_HUMAN	70.103	97	121	117	1	97	20	115	7.05e-40	132	80
P00004_02	sp|P01763|HV348_HUMAN	68.041	97	121	117	1	97	20	115	7.45e-40	132	80
P00004_02	sp|P0DP03|HVC05_HUMAN	70.103	97	121	117	1	97	20	115	1.02e-39	131	80
P00004_02	sp|P01768|HV330_HUMAN	70.103	97	121	117	1	97	20	115	1.02e-39	131	80
P00004_02	sp|P01772|HV333_HUMAN	70.103	97	121	117	1	97	20	115	2.83e-39	130	80
P00004_02	sp|A0A0C4DH42|HV366_HUMAN	70.103	97	121	116	1	97	20	114	3.06e-39	130	80
P00004_02	sp|P01767|HV353_HUMAN	69.072	97	121	116	1	97	20	114	7.19e-39	129	80
P00004_02	sp|P0DP04|HV43D_HUMAN	66.000	100	121	118	1	100	20	118	2.07e-38	128	83
P00004_02	sp|P19181|HV05_CARAU	69.072	97	121	116	1	97	20	114	2.19e-38	128	80
P00004_02	sp|P01807|HVM37_MOUSE	55.372	121	121	119	1	121	1	117	3.12e-38	127	100
P00004_02	sp|A0A075B6Q5|HV364_HUMAN	68.041	97	121	118	1	97	21	116	3.13e-38	127	80
P00004_02	sp|A0A0B4J1V1|HV321_HUMAN	67.010	97	121	117	1	97	20	115	3.66e-38	127	80
P00004_02	sp|P01762|HV311_HUMAN	67.010	97	121	117	1	97	20	115	3.74e-38	127	80
P00004_02	sp|P01793|HVM24_MOUSE	53.659	123	121	123	1	121	1	122	5.00e-38	127	100
P00004_02	sp|A0A0B4J1X5|HV374_HUMAN	67.010	97	121	117	1	97	20	115	6.68e-38	127	80
P00004_02	sp|A0A0B4J1X8|HV343_HUMAN	65.000	100	121	118	1	100	20	118	7.04e-38	127	83
P00004_03	sp|P01784|HV01_CANLF	60.331	121	121	114	1	121	1	113	9.91e-41	134	100
P00004_03	sp|P01764|HV323_HUMAN	72.165	97	121	117	1	97	20	115	1.12e-40	134	80
P00004_03	sp|P01763|HV348_HUMAN	70.103	97	121	117	1	97	20	115	1.16e-40	134	80
P00004_03	sp|A0A0C4DH42|HV366_HUMAN	71.134	97	121	116	1	97	20	114	1.35e-39	131	80
P00004_03	sp|A0A0J9YX35|HV64D_HUMAN	70.103	97	121	117	1	97	20	115	2.56e-39	130	80
P00004_03	sp|P01767|HV353_HUMAN	70.103	97	121	116	1	97	20	114	3.31e-39	130	80
P00004_03	sp|P01780|HV307_HUMAN	69.072	97	121	117	1	97	20	115	5.34e-39	129	80
P00004_03	sp|P19181|HV05_CARAU	70.103	97	121	116	1	97	20	114	8.38e-39	129	80
P00004_03	sp|P0DP02|HVC33_HUMAN	70.103	97	121	117	1	97	20	115	3.54e-38	127	80
P00004_03	sp|P01762|HV311_HUMAN	69.072	97	121	117	1	97	20	115	3.74e-38	127	80
P00004_03	sp|P0DP04|HV43D_HUMAN	67.000	100	121	118	1	100	20	118	5.35e-38	127	83
P00004_03	sp|P0DP03|HVC05_HUMAN	69.697	99	121	117	1	97	20	115	8.13e-38	127	80
P00004_03	sp|P01768|HV330_HUMAN	69.697	99	121	117	1	97	20	115	8.13e-38	127	80
P00004_03	sp|A0A075B6Q5|HV364_HUMAN	69.072	97	121	118	1	97	21	116	1.09e-37	126	80
P00004_03	sp|A0A0B4J1V1|HV321_HUMAN	68.041	97	121	117	1	97	20	115	1.12e-37	126	80
P00004_03	sp|A0A0C4DH36|HV338_HUMAN	69.072	97	121	116	1	97	20	113	1.41e-37	126	80
P00004_03	sp|P01772|HV333_HUMAN	70.103	97	121	117	1	97	20	115	1.93e-37	125	80
P00004_03	sp|P01785|HV02_CANLF	57.851	121	121	117	1	121	1	116	2.40e-37	125	100
P00004_03	sp|A0A0B4J1X8|HV343_HUMAN	66.000	100	121	118	1	100	20	118	2.64e-37	125	83
P00004_03	sp|P0DTE1|HV383_HUMAN	69.072	97	121	115	1	97	20	113	2.76e-37	125	80
P00004_04	sp|P01784|HV01_CANLF	62.295	122	121	114	1	121	1	113	7.79e-41	134	100
P00004_04	sp|P01764|HV323_HUMAN	71.134	97	121	117	1	97	20	115	4.40e-40	132	80
P00004_04	sp|P01763|HV348_HUMAN	69.072	97	121	117	1	97	20	115	6.67e-40	132	80
P00004_04	sp|A0A0J9YX35|HV64D_HUMAN	69.072	97	121	117	1	97	20	115	7.66e-39	129	80
P00004_04	sp|P01780|HV307_HUMAN	69.072	97	121	117	1	97	20	115	9.85e-39	129	80
P00004_04	sp|P0DP02|HVC33_HUMAN	70.103	97	121	117	1	97	20	115	1.92e-38	128	80
P00004_04	sp|P0DP03|HVC05_HUMAN	70.103	97	121	117	1	97	20	115	2.31e-38	128	80
P00004_04	sp|P01768|HV330_HUMAN	70.103	97	121	117	1	97	20	115	2.31e-38	128	80
P00004_04	sp|A0A0C4DH42|HV366_HUMAN	70.103	97	121	116	1	97	20	114	2.95e-38	127	80
P00004_04	sp|P01785|HV02_CANLF	58.678	121	121	117	1	121	1	116	3.28e-38	127	100
P00004_04	sp|P01793|HVM24_MOUSE	54.472	123	121	123	1	121	1	122	8.08e-38	127	100
P00004_04	sp|P01767|HV353_HUMAN	68.687	99	121	116	1	97	20	114	8.52e-38	126	80
P00004_04	sp|P01772|HV333_HUMAN	70.103	97	121	117	1	97	20	115	1.09e-37	126	80
P00004_04	sp|P01789|HVM20_MOUSE	54.472	123	121	122	1	121	1	121	1.27e-37	126	100
P00004_04	sp|A0A0B4J1V1|HV321_HUMAN	67.010	97	121	117	1	97	20	115	2.23e-37	125	80
P00004_04	sp|P19181|HV05_CARAU	68.687	99	121	116	1	97	20	114	2.26e-37	125	80
P00004_04	sp|P01807|HVM37_MOUSE	56.557	122	121	119	1	121	1	117	2.44e-37	125	100
P00004_04	sp|A0A075B6Q5|HV364_HUMAN	68.041	97	121	118	1	97	21	116	3.63e-37	125	80
P00004_04	sp|P01762|HV311_HUMAN	68.041	97	121	117	1	97	20	115	3.89e-37	125	80
P00004_04	sp|P0DP04|HV43D_HUMAN	67.010	97	121	118	1	97	20	115	4.77e-37	125	80
P00004_05	sp|P01764|HV323_HUMAN	72.165	97	121	117	1	97	20	115	2.15e-41	135	80
P00004_05	sp|P01763|HV348_HUMAN	69.072	97	121	117	1	97	20	115	1.17e-40	134	80
P00004_05	sp|A0A0J9YX35|HV64D_HUMAN	70.103	97	121	117	1	97	20	115	2.05e-40	133	80
P00004_05	sp|P01780|HV307_HUMAN	70.103	97	121	117	1	97	20	115	6.11e-40	132	80
P00004_05	sp|P01784|HV01_CANLF	60.331	121	121	114	1	121	1	113	9.14e-40	131	100
P00004_05	sp|P0DP04|HV43D_HUMAN	67.000	100	121	118	1	100	20	118	2.15e-39	130	83
P00004_05	sp|P0DP02|HVC33_HUMAN	70.103	97	121	117	1	97	20	115	2.22e-39	130	80
P00004_05	sp|P0DP03|HVC05_HUMAN	70.103	97	121	117	1	97	20	115	2.80e-39	130	80
P00004_05	sp|P01768|HV330_HUMAN	70.103	97	121	117	1	97	20	115	2.80e-39	130	80
P00004_05	sp|A0A0C4DH42|HV366_HUMAN	71.134	97	121	116	1	97	20	114	3.03e-39	130	80
P00004_05	sp|P01785|HV02_CANLF	58.678	121	121	117	1	121	1	116	3.64e-39	130	100
P00004_05	sp|P01767|HV353_HUMAN	70.103	97	121	116	1	97	20	114	7.43e-39	129	80
P00004_05	sp|A0A0B4J1X8|HV343_HUMAN	66.000	100	121	118	1	100	20	118	9.10e-39	129	83
P00004_05	sp|A0A075B6Q5|HV364_HUMAN	69.072	97	121	118	1	97	21	116	9.71e-39	129	80
P00004_05	sp|P01772|HV333_HUMAN	70.103	97	121	117	1	97	20	115	1.07e-38	129	80
P00004_05	sp|A0A0B4J1X5|HV374_HUMAN	68.041	97	121	117	1	97	20	115	1.86e-38	128	80
P00004_05	sp|P19181|HV05_CARAU	70.103	97	121	116	1	97	20	114	1.92e-38	128	80
P00004_05	sp|P01762|HV311_HUMAN	69.072	97	121	117	1	97	20	115	3.50e-38	127	80
P00004_05	sp|A0A0C4DH35|HV335_HUMAN	67.010	97	121	117	1	97	20	115	1.10e-37	126	80
P00004_05	sp|P01795|HVM26_MOUSE	54.400	125	121	144	1	121	20	143	1.27e-37	127	100
P00004_06	sp|A0A0J9YX35|HV64D_HUMAN	70.103	97	121	117	1	97	20	115	2.59e-41	135	80
P00004_06	sp|P01763|HV348_HUMAN	69.072	97	121	117	1	97	20	115	4.14e-41	135	80
P00004_06	sp|P01764|HV323_HUMAN	71.134	97	121	117	1	97	20	115	4.77e-41	135	80
P00004_06	sp|P01784|HV01_CANLF	60.331	121	121	114	1	121	1	113	6.32e-41	134	100
P00004_06	sp|P0DP02|HVC33_HUMAN	71.134	97	121	117	1	97	20	115	9.01e-41	134	80
P00004_06	sp|P0DP03|HVC05_HUMAN	71.134	97	121	117	1	97	20	115	1.12e-40	134	80
P00004_06	sp|P01768|HV330_HUMAN	71.134	97	121	117	1	97	20	115	1.12e-40	134	80
P00004_06	sp|P01780|HV307_HUMAN	70.103	97	121	117	1	97	20	115	1.85e-40	133	80
P00004_06	sp|P01772|HV333_HUMAN	71.134	97	121	117	1	97	20	115	3.42e-40	132	80
P00004_06	sp|A0A075B6Q5|HV364_HUMAN	69.072	97	121	118	1	97	21	116	1.11e-39	131	80
P00004_06	sp|P01785|HV02_CANLF	58.678	121	121	117	1	121	1	116	1.81e-39	130	100
P00004_06	sp|P0DP04|HV43D_HUMAN	68.041	97	121	118	1	97	20	115	1.90e-39	130	80
P00004_06	sp|A0A0C4DH42|HV366_HUMAN	70.103	97	121	116	1	97	20	114	5.01e-39	129	80
P00004_06	sp|A0A0B4J1X8|HV343_HUMAN	67.010	97	121	118	1	97	20	115	7.00e-39	129	80
P00004_06	sp|A0A0B4J1X5|HV374_HUMAN	68.041	97	121	117	1	97	20	115	9.32e-39	129	80
P00004_06	sp|P01767|HV353_HUMAN	69.072	97	121	116	1	97	20	114	1.31e-38	129	80
P00004_06	sp|A0A0B4J1V1|HV321_HUMAN	67.010	97	121	117	1	97	20	115	3.21e-38	127	80
P00004_06	sp|P19181|HV05_CARAU	69.072	97	121	116	1	97	20	114	4.42e-38	127	80
P00004_06	sp|P01789|HVM20_MOUSE	54.839	124	121	122	1	121	1	121	5.97e-38	127	100
P00004_06	sp|P01762|HV311_HUMAN	68.041	97	121	117	1	97	20	115	7.13e-38	127	80
P00004_07	sp|P01764|HV323_HUMAN	72.165	97	121	117	1	97	20	115	2.42e-41	135	80
P00004_07	sp|P01784|HV01_CANLF	61.475	122	121	114	1	121	1	113	6.46e-41	134	100
P00004_07	sp|A0A0J9YX35|HV64D_HUMAN	70.103	97	121	117	1	97	20	115	4.86e-40	132	80
P00004_07	sp|P01780|HV307_HUMAN	69.072	97	121	117	1	97	20	115	1.81e-39	130	80
P00004_07	sp|A0A0C4DH42|HV366_HUMAN	71.134	97	121	116	1	97	20	114	1.98e-39	130	80
P00004_07	sp|P01767|HV353_HUMAN	70.103	97	121	116	1	97	20	114	4.59e-39	130	80
P00004_07	sp|P01763|HV348_HUMAN	68.041	97	121	117	1	97	20	115	4.94e-39	130	80
P00004_07	sp|P01793|HVM24_MOUSE	55.285	123	121	123	1	121	1	122	8.31e-39	129	100
P00004_07	sp|P19181|HV05_CARAU	70.103	97	121	116	1	97	20	114	1.36e-38	129	80
P00004_07	sp|P01762|HV311_HUMAN	68.041	97	121	117	1	97	20	115	1.58e-38	128	80
P00004_07	sp|A0A075B6Q5|HV364_HUMAN	69.072	97	121	118	1	97	21	116	1.70e-38	128	80
P00004_07	sp|P01785|HV02_CANLF	57.851	121	121	117	1	121	1	116	2.29e-38	128	100
P00004_07	sp|P0DP02|HVC33_HUMAN	70.103	97	121	117	1	97	20	115	2.42e-38	128	80
P00004_07	sp|P0DP04|HV43D_HUMAN	67.000	100	121	118	1	100	20	118	3.20e-38	127	83
P00004_07	sp|P0DP03|HVC05_HUMAN	70.103	97	121	117	1	97	20	115	3.35e-38	127	80
P00004_07	sp|P01768|HV330_HUMAN	70.103	97	121	117	1	97	20	115	3.35e-38	127	80
P00004_07	sp|P01772|HV333_HUMAN	71.429	98	121	117	1	97	20	115	7.29e-38	127	80
P00004_07	sp|A0A0B4J1X8|HV343_HUMAN	66.000	100	121	118	1	100	20	118	1.39e-37	126	83
P00004_07	sp|A0A0C4DH36|HV338_HUMAN	69.072	97	121	116	1	97	20	113	1.72e-37	125	80
P00004_07	sp|A0A0B4J1X5|HV374_HUMAN	68.041	97	121	117	1	97	20	115	1.77e-37	125	80
P00004_08	sp|A0A0J9YX35|HV64D_HUMAN	69.388	98	121	117	1	98	20	116	4.69e-42	137	81
P00004_08	sp|P01764|HV323_HUMAN	71.134	97	121	117	1	97	20	115	6.80e-42	137	80
P00004_08	sp|P0DP02|HVC33_HUMAN	71.134	97	121	117	1	97	20	115	7.84e-42	137	80
P00004_08	sp|P0DP03|HVC05_HUMAN	71.134	97	121	117	1	97	20	115	1.07e-41	136	80
P00004_08	sp|P01768|HV330_HUMAN	71.134	97	121	117	1	97	20	115	1.07e-41	136	80
P00004_08	sp|P01780|HV307_HUMAN	69.388	98	121	117	1	98	20	116	1.46e-41	136	81
P00004_08	sp|P01772|HV333_HUMAN	71.134	97	121	117	1	97	20	115	4.23e-41	135	80
P00004_08	sp|P0DP04|HV43D_HUMAN	67.000	100	121	118	1	100	20	118	7.96e-41	134	83
P00004_08	sp|P01763|HV348_HUMAN	68.041	97	121	117	1	97	20	115	1.78e-40	133	80
P00004_08	sp|A0A075B6Q5|HV364_HUMAN	69.072	97	121	118	1	97	21	116	2.57e-40	133	80
P00004_08	sp|A0A0B4J1X8|HV343_HUMAN	66.000	100	121	118	1	100	20	118	2.93e-40	133	83
P00004_08	sp|P01784|HV01_CANLF	59.504	121	121	114	1	121	1	113	3.60e-40	132	100
P00004_08	sp|A0A0B4J1X5|HV374_HUMAN	68.041	97	121	117	1	97	20	115	5.73e-40	132	80
P00004_08	sp|A0A0C4DH42|HV366_HUMAN	70.103	97	121	116	1	97	20	114	1.41e-39	131	80
P00004_08	sp|P01785|HV02_CANLF	57.851	121	121	117	1	121	1	116	1.52e-39	131	100
P00004_08	sp|P01807|HVM37_MOUSE	56.198	121	121	119	1	121	1	117	2.29e-39	130	100
P00004_08	sp|P01795|HVM26_MOUSE	55.200	125	121	144	1	121	20	143	3.72e-39	131	100
P00004_08	sp|P01767|HV353_HUMAN	69.072	97	121	116	1	97	20	114	3.94e-39	130	80
P00004_08	sp|P01782|HV309_HUMAN	66.000	100	121	118	1	100	20	118	6.92e-39	129	83
P00004_08	sp|P01793|HVM24_MOUSE	54.472	123	121	123	1	121	1	122	7.70e-39	129	100
P00005_00	sp|P01784|HV01_CANLF	58.678	121	121	114	1	121	1	113	1.43e-42	139	100
P00005_00	sp|P01764|HV323_HUMAN	69.072	97	121	117	1	97	20	115	1.02e-41	136	80
P00005_00	sp|P01763|HV348_HUMAN	68.041	97	121	117	1	97	20	115	2.64e-41	135	80
P00005_00	sp|A0A0C4DH35|HV335_HUMAN	67.347	98	121	117	1	98	20	116	3.51e-41	135	81
P00005_00	sp|A0A0J9YX35|HV64D_HUMAN	66.327	98	121	117	1	98	20	116	3.84e-41	135	81
P00005_00	sp|P01782|HV309_HUMAN	66.000	100	121	118	1	100	20	118	6.91e-41	134	83
P00005_00	sp|P0DOX5|IGG1_HUMAN	61.157	121	121	449	1	121	1	118	1.15e-40	142	100
P00005_00	sp|P0DP02|HVC33_HUMAN	68.041	97	121	117	1	97	20	115	3.03e-40	132	80
P00005_00	sp|P0DP04|HV43D_HUMAN	65.000	100	121	118	1	100	20	118	4.34e-40	132	83
P00005_00	sp|P0DP03|HVC05_HUMAN	67.347	98	121	117	1	98	20	116	5.08e-40	132	81
P00005_00	sp|P01768|HV330_HUMAN	67.347	98	121	117	1	98	20	116	5.08e-40	132	81
P00005_00	sp|P01767|HV353_HUMAN	68.041	97	121	116	1	97	20	114	9.19e-40	131	80
P00005_00	sp|P01780|HV307_HUMAN	66.327	98	121	117	1	98	20	116	1.08e-39	131	81
P00005_00	sp|P01772|HV333_HUMAN	67.347	98	121	117	1	98	20	116	1.60e-39	131	81
P00005_00	sp|P01762|HV311_HUMAN	65.979	97	121	117	1	97	20	115	1.93e-39	130	80
P00005_00	sp|A0A0B4J1X8|HV343_HUMAN	64.000	100	121	118	1	100	20	118	1.94e-39	130	83
P00005_00	sp|P19181|HV05_CARAU	68.041	97	121	116	1	97	20	114	2.38e-39	130	80
P00005_00	sp|A0A075B6Q5|HV364_HUMAN	65.306	98	121	118	1	98	21	117	3.18e-39	130	81
P00005_00	sp|A0A0C4DH42|HV366_HUMAN	68.041	97	121	116	1	97	20	114	3.85e-39	130	80
P00005_00	sp|A0A0B4J1V1|HV321_HUMAN	65.306	98	121	117	1	98	20	116	6.02e-39	129	81
P00005_01	sp|P01784|HV01_CANLF	58.678	121	121	114	1	121	1	113	3.31e-44	142	100
P00005_01	sp|P01764|HV323_HUMAN	69.072	97	121	117	1	97	20	115	1.36e-41	136	80
P00005_01	sp|A0A0C4DH35|HV335_HUMAN	67.347	98	121	117	1	98	20	116	4.77e-41	135	81
P00005_01	sp|A0A0J9YX35|HV64D_HUMAN	66.327	98	121	117	1	98	20	116	1.15e-40	134	81
P00005_01	sp|P0DOX5|IGG1_HUMAN	61.157	121	121	449	1	121	1	118	1.33e-40	142	100
P00005_01	sp|P01763|HV348_HUMAN	67.010	97	121	117	1	97	20	115	1.46e-40	134	80
P00005_01	sp|P01767|HV353_HUMAN	68.041	97	121	116	1	97	20	114	2.94e-40	132	80
P00005_01	sp|P01780|HV307_HUMAN	66.327	98	121	117	1	98	20	116	3.03e-40	132	81
P00005_01	sp|P01782|HV309_HUMAN	65.000	100	121	118	1	100	20	118	4.11e-40	132	83
P00005_01	sp|P01810|HVM40_MOUSE	55.372	121	121	119	1	121	1	117	5.10e-40	132	100
P00005_01	sp|P19181|HV05_CARAU	68.041	97	121	116	1	97	20	114	6.91e-40	132	80
P00005_01	sp|P0DP02|HVC33_HUMAN	68.041	97	121	117	1	97	20	115	9.07e-40	131	80
P00005_01	sp|A0A0C4DH42|HV366_HUMAN	68.041	97	121	116	1	97	20	114	1.29e-39	131	80
P00005_01	sp|P0DP03|HVC05_HUMAN	68.041	97	121	117	1	97	20	115	1.67e-39	131	80
P00005_01	sp|P01768|HV330_HUMAN	68.041	97	121	117	1	97	20	115	1.67e-39	131	80
P00005_01	sp|P01762|HV311_HUMAN	65.979	97	121	117	1	97	20	115	1.93e-39	130	80
P00005_01	sp|P01772|HV333_HUMAN	67.347	98	121	117	1	98	20	116	2.59e-39	130	81
P00005_01	sp|P01785|HV02_CANLF	56.198	121	121	117	1	121	1	116	2.68e-39	130	100
P00005_01	sp|P0DP04|HV43D_HUMAN	64.000	100	121	118	1	100	20	118	2.76e-39	130	83
P00005_01	sp|A0A0B4J1V1|HV321_HUMAN	65.306	98	121	117	1	98	20	116	3.19e-39	130	81
P00005_02	sp|P01784|HV01_CANLF	58.678	121	121	114	1	121	1	113	5.00e-43	140	100
P00005_02	sp|P01764|HV323_HUMAN	69.072	97	121	117	1	97	20	115	7.16e-41	134	80
P00005_02	sp|A0A0C4DH35|HV335_HUMAN	67.347	98	121	117	1	98	20	116	2.36e-40	133	81
P00005_02	sp|P01763|HV348_HUMAN	68.041	97	121	117	1	97	20	115	3.21e-40	132	80
P00005_02	sp|A0A0J9YX35|HV64D_HUMAN	66.327	98	121	117	1	98	20	116	3.99e-40	132	81
P00005_02	sp|P0DOX5|IGG1_HUMAN	60.331	121	121	449	1	121	1	118	4.18e-40	141	100
P00005_02	sp|P01782|HV309_HUMAN	66.000	100	121	118	1	100	20	118	4.85e-40	132	83
P00005_02	sp|P01767|HV353_HUMAN	68.041	97	121	116	1	97	20	114	1.25e-39	131	80
P00005_02	sp|P0DP02|HVC33_HUMAN	68.041	97	121	117	1	97	20	115	2.06e-39	130	80
P00005_02	sp|P0DP04|HV43D_HUMAN	65.000	100	121	118	1	100	20	118	2.47e-39	130	83
P00005_02	sp|P01780|HV307_HUMAN	66.327	98	121	117	1	98	20	116	3.23e-39	130	81
P00005_02	sp|P19181|HV05_CARAU	68.041	97	121	116	1	97	20	114	3.34e-39	130	80
P00005_02	sp|P0DP03|HVC05_HUMAN	68.041	97	121	117	1	97	20	115	4.19e-39	130	80
P00005_02	sp|P01768|HV330_HUMAN	68.041	97	121	117	1	97	20	115	4.19e-39	130	80
P00005_02	sp|A0A0C4DH42|HV366_HUMAN	68.041	97	121	116	1	97	20	114	4.64e-39	130	80
P00005_02	sp|P01795|HVM26_MOUSE	53.968	126	121	144	1	121	20	143	5.11e-39	130	100
P00005_02	sp|A0A0B4J1X8|HV343_HUMAN	64.000	100	121	118	1	100	20	118	9.71e-39	129	83
P00005_02	sp|P01772|HV333_HUMAN	68.041	97	121	117	1	97	20	115	1.20e-38	129	80
P00005_02	sp|P01762|HV311_HUMAN	65.979	97	121	117	1	97	20	115	1.29e-38	129	80
P00005_02	sp|A0A075B6Q5|HV364_HUMAN	65.979	97	121	118	1	97	21	116	3.53e-38	127	80
P00005_03	sp|P01784|HV01_CANLF	58.678	121	121	114	1	121	1	113	2.71e-43	140	100
P00005_03	sp|P01764|HV323_HUMAN	69.072	97	121	117	1	97	20	115	1.46e-41	136	80
P00005_03	sp|A0A0C4DH35|HV335_HUMAN	67.347	98	121	117	1	98	20	116	5.27e-41	134	81
P00005_03	sp|A0A0J9YX35|HV64D_HUMAN	66.327	98	121	117	1	98	20	116	1.06e-40	134	81
P00005_03	sp|P0DOX5|IGG1_HUMAN	61.983	121	121	449	1	121	1	118	1.08e-40	143	100
P00005_03	sp|P01782|HV309_HUMAN	66.000	100	121	118	1	100	20	118	1.45e-40	134	83
P00005_03	sp|P01810|HVM40_MOUSE	55.372	121	121	119	1	121	1	117	2.53e-40	133	100
P00005_03	sp|P01763|HV348_HUMAN	67.010	97	121	117	1	97	20	115	2.60e-40	133	80
P00005_03	sp|P01767|HV353_HUMAN	68.041	97	121	116	1	97	20	114	3.04e-40	132	80
P00005_03	sp|P01780|HV307_HUMAN	66.327	98	121	117	1	98	20	116	3.39e-40	132	81
P00005_03	sp|P0DP02|HVC33_HUMAN	68.041	97	121	117	1	97	20	115	6.18e-40	132	80
P00005_03	sp|P0DP04|HV43D_HUMAN	65.000	100	121	118	1	100	20	118	7.84e-40	132	83
P00005_03	sp|P19181|HV05_CARAU	68.041	97	121	116	1	97	20	114	8.33e-40	132	80
P00005_03	sp|A0A0B4J1X8|HV343_HUMAN	65.000	100	121	118	1	100	20	118	1.31e-39	131	83
P00005_03	sp|P0DP03|HVC05_HUMAN	68.041	97	121	117	1	97	20	115	1.50e-39	131	80
P00005_03	sp|P01768|HV330_HUMAN	68.041	97	121	117	1	97	20	115	1.50e-39	131	80
P00005_03	sp|A0A0C4DH42|HV366_HUMAN	68.041	97	121	116	1	97	20	114	1.50e-39	131	80
P00005_03	sp|P01772|HV333_HUMAN	67.347	98	121	117	1	98	20	116	1.83e-39	130	81
P00005_03	sp|P01762|HV311_HUMAN	65.979	97	121	117	1	97	20	115	2.15e-39	130	80
P00005_03	sp|A0A0B4J1V1|HV321_HUMAN	65.306	98	121	117	1	98	20	116	5.82e-39	129	81
P00005_04	sp|P01784|HV01_CANLF	58.678	121	121	114	1	121	1	113	1.88e-42	138	100
P00005_04	sp|P01767|HV353_HUMAN	68.041	97	121	116	1	97	20	114	1.04e-40	134	80
P00005_04	sp|P01764|HV323_HUMAN	69.072	97	121	117	1	97	20	115	1.11e-40	134	80
P00005_04	sp|P01782|HV309_HUMAN	67.000	100	121	118	1	100	20	118	2.51e-40	133	83
P00005_04	sp|P19181|HV05_CARAU	68.041	97	121	116	1	97	20	114	2.73e-40	133	80
P00005_04	sp|A0A0C4DH35|HV335_HUMAN	67.347	98	121	117	1	98	20	116	3.10e-40	132	81
P00005_04	sp|A0A0C4DH42|HV366_HUMAN	68.041	97	121	116	1	97	20	114	5.20e-40	132	80
P00005_04	sp|P01763|HV348_HUMAN	67.010	97	121	117	1	97	20	115	5.48e-40	132	80
P00005_04	sp|A0A0J9YX35|HV64D_HUMAN	66.327	98	121	117	1	98	20	116	8.04e-40	132	81
P00005_04	sp|P01810|HVM40_MOUSE	56.198	121	121	119	1	121	1	117	1.03e-39	131	100
P00005_04	sp|P0DOX5|IGG1_HUMAN	61.157	121	121	449	1	121	1	118	1.44e-39	140	100
P00005_04	sp|P0DP04|HV43D_HUMAN	66.000	100	121	118	1	100	20	118	2.67e-39	130	83
P00005_04	sp|P01762|HV311_HUMAN	67.010	97	121	117	1	97	20	115	3.02e-39	130	80
P00005_04	sp|P01780|HV307_HUMAN	66.327	98	121	117	1	98	20	116	7.83e-39	129	81
P00005_04	sp|P0DP02|HVC33_HUMAN	68.041	97	121	117	1	97	20	115	9.85e-39	129	80
P00005_04	sp|A0A0B4J1X8|HV343_HUMAN	65.000	100	121	118	1	100	20	118	1.08e-38	129	83
P00005_04	sp|P01807|HVM37_MOUSE	55.372	121	121	119	1	121	1	117	1.30e-38	129	100
P00005_04	sp|P01795|HVM26_MOUSE	54.762	126	121	144	1	121	20	143	1.41e-38	129	100
P00005_04	sp|P0DP03|HVC05_HUMAN	68.041	97	121	117	1	97	20	115	1.43e-38	128	80
P00005_04	sp|P01768|HV330_HUMAN	68.041	97	121	117	1	97	20	115	1.43e-38	128	80
P00005_05	sp|P01784|HV01_CANLF	58.678	121	121	114	1	121	1	113	3.26e-43	140	100
P00005_05	sp|P01764|HV323_HUMAN	69.072	97	121	117	1	97	20	115	1.36e-41	136	80
P00005_05	sp|A0A0C4DH35|HV335_HUMAN	67.347	98	121	117	1	98	20	116	2.06e-41	135	81
P00005_05	sp|P01782|HV309_HUMAN	67.000	100	121	118	1	100	20	118	3.62e-41	135	83
P00005_05	sp|P01763|HV348_HUMAN	68.041	97	121	117	1	97	20	115	8.72e-41	134	80
P00005_05	sp|A0A0J9YX35|HV64D_HUMAN	66.327	98	121	117	1	98	20	116	1.02e-40	134	81
P00005_05	sp|P0DP04|HV43D_HUMAN	66.000	100	121	118	1	100	20	118	2.04e-40	133	83
P00005_05	sp|P0DP02|HVC33_HUMAN	68.041	97	121	117	1	97	20	115	6.53e-40	132	80
P00005_05	sp|P0DOX5|IGG1_HUMAN	60.331	121	121	449	1	121	1	118	7.36e-40	140	100
P00005_05	sp|A0A0B4J1X8|HV343_HUMAN	65.000	100	121	118	1	100	20	118	7.59e-40	132	83
P00005_05	sp|P01780|HV307_HUMAN	66.327	98	121	117	1	98	20	116	8.68e-40	131	81
P00005_05	sp|P0DP03|HVC05_HUMAN	68.041	97	121	117	1	97	20	115	9.07e-40	131	80
P00005_05	sp|P01768|HV330_HUMAN	68.041	97	121	117	1	97	20	115	9.07e-40	131	80
P00005_05	sp|P01762|HV311_HUMAN	67.010	97	121	117	1	97	20	115	1.03e-39	131	80
P00005_05	sp|P01795|HVM26_MOUSE	54.762	126	121	144	1	121	20	143	1.11e-39	132	100
P00005_05	sp|P01767|HV353_HUMAN	68.041	97	121	116	1	97	20	114	1.61e-39	131	80
P00005_05	sp|A0A0C4DH32|HV320_HUMAN	65.306	98	121	117	1	98	20	116	3.26e-39	130	81
P00005_05	sp|P01772|HV333_HUMAN	67.347	98	121	117	1	98	20	116	3.52e-39	130	81
P00005_05	sp|P19181|HV05_CARAU	68.041	97	121	116	1	97	20	114	3.94e-39	130	80
P00005_05	sp|A0A0C4DH42|HV366_HUMAN	68.041	97	121	116	1	97	20	114	4.44e-39	130	80
P00005_06	sp|P01784|HV01_CANLF	58.678	121	121	114	1	121	1	113	4.25e-43	140	100
P00005_06	sp|P01782|HV309_HUMAN	67.000	100	121	118	1	100	20	118	4.13e-41	135	83
P00005_06	sp|P01764|HV323_HUMAN	69.072	97	121	117	1	97	20	115	1.02e-40	134	80
P00005_06	sp|P01763|HV348_HUMAN	68.041	97	121	117	1	97	20	115	3.31e-40	132	80
P00005_06	sp|P01795|HVM26_MOUSE	55.200	125	121	144	1	121	20	143	6.69e-40	133	100
P00005_06	sp|P01767|HV353_HUMAN	68.041	97	121	116	1	97	20	114	6.84e-40	132	80
P00005_06	sp|A0A0J9YX35|HV64D_HUMAN	66.327	98	121	117	1	98	20	116	7.28e-40	132	81
P00005_06	sp|P01762|HV311_HUMAN	67.010	97	121	117	1	97	20	115	9.47e-40	131	80
P00005_06	sp|A0A0C4DH35|HV335_HUMAN	66.327	98	121	117	1	98	20	116	1.01e-39	131	81
P00005_06	sp|P01787|HVM18_MOUSE	54.472	123	121	123	1	121	1	122	1.68e-39	131	100
P00005_06	sp|P19181|HV05_CARAU	68.041	97	121	116	1	97	20	114	1.71e-39	130	80
P00005_06	sp|P01792|HVM23_MOUSE	54.472	123	121	123	1	121	1	122	2.09e-39	130	100
P00005_06	sp|P0DP04|HV43D_HUMAN	66.000	100	121	118	1	100	20	118	2.10e-39	130	83
P00005_06	sp|A0A0C4DH32|HV320_HUMAN	65.306	98	121	117	1	98	20	116	2.77e-39	130	81
P00005_06	sp|P01810|HVM40_MOUSE	55.372	121	121	119	1	121	1	117	2.94e-39	130	100
P00005_06	sp|A0A0C4DH42|HV366_HUMAN	68.041	97	121	116	1	97	20	114	3.53e-39	130	80
P00005_06	sp|A0A0B4J1V1|HV321_HUMAN	65.306	98	121	117	1	98	20	116	5.76e-39	129	81
P00005_06	sp|A0A0B4J1X8|HV343_HUMAN	65.000	100	121	118	1	100	20	118	7.00e-39	129	83
P00005_06	sp|P01788|HVM19_MOUSE	53.659	123	121	123	1	121	1	122	7.37e-39	129	100
P00005_06	sp|P0DP02|HVC33_HUMAN	68.041	97	121	117	1	97	20	115	8.18e-39	129	80
P00005_07	sp|P01784|HV01_CANLF	58.678	121	121	114	1	121	1	113	3.41e-43	140	100
P00005_07	sp|P01764|HV323_HUMAN	69.072	97	121	117	1	97	20	115	6.03e-42	137	80
P00005_07	sp|P01763|HV348_HUMAN	69.072	97	121	117	1	97	20	115	1.11e-41	136	80
P00005_07	sp|A0A0J9YX35|HV64D_HUMAN	67.347	98	121	117	1	98	20	116	1.82e-41	136	81
P00005_07	sp|A0A0C4DH35|HV335_HUMAN	67.347	98	121	117	1	98	20	116	3.40e-41	135	81
P00005_07	sp|P0DOX5|IGG1_HUMAN	60.331	121	121	449	1	121	1	118	6.59e-41	143	100
P00005_07	sp|P01782|HV309_HUMAN	66.000	100	121	118	1	100	20	118	1.05e-40	134	83
P00005_07	sp|P0DP02|HVC33_HUMAN	68.041	97	121	117	1	97	20	115	3.46e-40	132	80
P00005_07	sp|P0DP04|HV43D_HUMAN	65.000	100	121	118	1	100	20	118	5.47e-40	132	83
P00005_07	sp|P01767|HV353_HUMAN	69.072	97	121	116	1	97	20	114	5.68e-40	132	80
P00005_07	sp|P0DP03|HVC05_HUMAN	68.041	97	121	117	1	97	20	115	6.82e-40	132	80
P00005_07	sp|P01768|HV330_HUMAN	68.041	97	121	117	1	97	20	115	6.82e-40	132	80
P00005_07	sp|P01780|HV307_HUMAN	66.327	98	121	117	1	98	20	116	8.77e-40	131	81
P00005_07	sp|A0A075B6Q5|HV364_HUMAN	67.010	97	121	118	1	97	21	116	1.14e-39	131	80
P00005_07	sp|P19181|HV05_CARAU	69.072	97	121	116	1	97	20	114	1.54e-39	131	80
P00005_07	sp|P01795|HVM26_MOUSE	55.200	125	121	144	1	121	20	143	2.04e-39	131	100
P00005_07	sp|A0A0B4J1X8|HV343_HUMAN	64.000	100	121	118	1	100	20	118	2.05e-39	130	83
P00005_07	sp|P01772|HV333_HUMAN	68.041	97	121	117	1	97	20	115	2.15e-39	130	80
P00005_07	sp|A0A0C4DH42|HV366_HUMAN	69.072	97	121	116	1	97	20	114	2.69e-39	130	80
P00005_07	sp|P01762|HV311_HUMAN	67.010	97	121	117	1	97	20	115	3.02e-39	130	80
P00005_08	sp|P01784|HV01_CANLF	58.678	121	121	114	1	121	1	113	5.23e-43	139	100
P00005_08	sp|P01764|HV323_HUMAN	69.072	97	121	117	1	97	20	115	6.88e-42	137	80
P00005_08	sp|P01763|HV348_HUMAN	69.072	97	121	117	1	97	20	115	1.43e-41	136	80
P00005_08	sp|A0A0J9YX35|HV64D_HUMAN	67.347	98	121	117	1	98	20	116	2.12e-41	135	81
P00005_08	sp|A0A0C4DH35|HV335_HUMAN	67.347	98	121	117	1	98	20	116	3.63e-41	135	81
P00005_08	sp|P0DOX5|IGG1_HUMAN	60.331	121	121	449	1	121	1	118	6.80e-41	143	100
P00005_08	sp|P0DP02|HVC33_HUMAN	68.041	97	121	117	1	97	20	115	4.03e-40	132	80
P00005_08	sp|P01767|HV353_HUMAN	69.072	97	121	116	1	97	20	114	6.06e-40	132	80
P00005_08	sp|P01782|HV309_HUMAN	65.000	100	121	118	1	100	20	118	6.88e-40	132	83
P00005_08	sp|P0DP03|HVC05_HUMAN	68.041	97	121	117	1	97	20	115	6.97e-40	132	80
P00005_08	sp|P01768|HV330_HUMAN	68.041	97	121	117	1	97	20	115	6.97e-40	132	80
P00005_08	sp|P01780|HV307_HUMAN	66.327	98	121	117	1	98	20	116	1.10e-39	131	81
P00005_08	sp|A0A075B6Q5|HV364_HUMAN	67.010	97	121	118	1	97	21	116	1.42e-39	131	80
P00005_08	sp|P19181|HV05_CARAU	69.072	97	121	116	1	97	20	114	1.73e-39	130	80
P00005_08	sp|P01772|HV333_HUMAN	68.041	97	121	117	1	97	20	115	2.35e-39	130	80
P00005_08	sp|A0A0C4DH42|HV366_HUMAN	69.072	97	121	116	1	97	20	114	3.03e-39	130	80
P00005_08	sp|P01762|HV311_HUMAN	67.010	97	121	117	1	97	20	115	3.26e-39	130	80
P00005_08	sp|P0DP04|HV43D_HUMAN	64.000	100	121	118	1	100	20	118	3.63e-39	130	83
P00005_08	sp|A0A0B4J1V1|HV321_HUMAN	66.327	98	121	117	1	98	20	116	8.54e-39	129	81
P00005_08	sp|A0A0B4J1X5|HV374_HUMAN	67.010	97	121	117	1	97	20	115	8.83e-39	129	80
P00006_00	sp|P01784|HV01_CANLF	58.678	121	119	114	1	119	1	113	2.90e-38	127	100
P00006_00	sp|P01782|HV309_HUMAN	70.000	100	119	118	1	96	20	116	3.53e-38	127	81
P00006_00	sp|P01793|HVM24_MOUSE	54.762	126	119	123	1	119	1	122	1.66e-37	126	100
P00006_00	sp|P01764|HV323_HUMAN	70.000	100	119	117	1	96	20	116	1.97e-37	125	81
P00006_00	sp|A0A0C4DH32|HV320_HUMAN	69.000	100	119	117	1	96	20	116	6.87e-37	124	81
P00006_00	sp|P01792|HVM23_MOUSE	53.968	126	119	123	1	119	1	122	7.61e-37	124	100
P00006_00	sp|A0A0C4DH42|HV366_HUMAN	66.337	101	119	116	1	96	20	115	1.37e-36	123	81
P00006_00	sp|P0DP02|HVC33_HUMAN	69.388	98	119	117	1	96	20	116	1.53e-36	123	81
P00006_00	sp|P01810|HVM40_MOUSE	57.377	122	119	119	1	119	1	117	1.53e-36	123	100
P00006_00	sp|P0DP04|HV43D_HUMAN	68.687	99	119	118	1	96	20	116	2.02e-36	123	81
P00006_00	sp|A0A0J9YX35|HV64D_HUMAN	68.687	99	119	117	1	95	20	115	2.69e-36	122	80
P00006_00	sp|P01767|HV353_HUMAN	65.347	101	119	116	1	96	20	115	3.44e-36	122	81
P00006_00	sp|P01807|HVM37_MOUSE	57.377	122	119	119	1	119	1	117	3.52e-36	122	100
P00006_00	sp|A0A0C4DH35|HV335_HUMAN	67.010	97	119	117	1	95	20	115	4.92e-36	122	80
P00006_00	sp|P0DP03|HVC05_HUMAN	69.388	98	119	117	1	96	20	116	5.37e-36	122	81
P00006_00	sp|P01768|HV330_HUMAN	69.388	98	119	117	1	96	20	116	5.37e-36	122	81
P00006_00	sp|P01772|HV333_HUMAN	69.697	99	119	117	1	96	20	116	5.49e-36	122	81
P00006_00	sp|P01787|HVM18_MOUSE	53.968	126	119	123	1	119	1	122	7.15e-36	122	100
P00006_00	sp|P01789|HVM20_MOUSE	54.762	126	119	122	1	119	1	121	7.83e-36	122	100
P00006_00	sp|A0A0B4J1X8|HV343_HUMAN	67.677	99	119	118	1	96	20	116	8.20e-36	121	81
P00006_01	sp|P01782|HV309_HUMAN	68.687	99	119	118	1	96	20	116	5.12e-38	127	81
P00006_01	sp|P01784|HV01_CANLF	59.504	121	119	114	1	119	1	113	1.26e-37	126	100
P00006_01	sp|P01764|HV323_HUMAN	70.000	100	119	117	1	96	20	116	3.19e-37	125	81
P00006_01	sp|A0A0C4DH32|HV320_HUMAN	68.317	101	119	117	1	96	20	116	4.29e-37	125	81
P00006_01	sp|P0DP02|HVC33_HUMAN	69.388	98	119	117	1	96	20	116	2.61e-36	122	81
P00006_01	sp|A0A0C4DH42|HV366_HUMAN	68.687	99	119	116	1	96	20	115	3.29e-36	122	81
P00006_01	sp|P01792|HVM23_MOUSE	54.762	126	119	123	1	119	1	122	3.48e-36	122	100
P00006_01	sp|P0DP04|HV43D_HUMAN	67.347	98	119	118	1	96	20	116	3.81e-36	122	81
P00006_01	sp|P01793|HVM24_MOUSE	54.762	126	119	123	1	119	1	122	5.21e-36	122	100
P00006_01	sp|A0A0C4DH35|HV335_HUMAN	67.010	97	119	117	1	95	20	115	5.31e-36	122	80
P00006_01	sp|A0A0J9YX35|HV64D_HUMAN	68.687	99	119	117	1	95	20	115	5.92e-36	122	80
P00006_01	sp|P01767|HV353_HUMAN	67.677	99	119	116	1	96	20	115	6.07e-36	122	81
P00006_01	sp|P0DP03|HVC05_HUMAN	69.388	98	119	117	1	96	20	116	9.27e-36	121	81
P00006_01	sp|P01768|HV330_HUMAN	69.388	98	119	117	1	96	20	116	9.27e-36	121	81
P00006_01	sp|P01772|HV333_HUMAN	69.697	99	119	117	1	96	20	116	1.45e-35	120	81
P00006_01	sp|P19181|HV05_CARAU	67.677	99	119	116	1	96	20	115	1.62e-35	120	81
P00006_01	sp|A0A0B4J1X8|HV343_HUMAN	66.327	98	119	118	1	96	20	116	1.72e-35	120	81
P00006_01	sp|P01763|HV348_HUMAN	68.367	98	119	117	1	96	20	116	1.95e-35	120	81
P00006_01	sp|P01780|HV307_HUMAN	68.367	98	119	117	1	96	20	116	2.35e-35	120	81
P00006_01	sp|P01787|HVM18_MOUSE	54.762	126	119	123	1	119	1	122	3.65e-35	120	100
P00006_02	sp|P01764|HV323_HUMAN	70.000	100	119	117	1	96	20	116	9.91e-38	126	81
P00006_02	sp|P01782|HV309_HUMAN	69.000	100	119	118	1	96	20	116	1.53e-37	126	81
P00006_02	sp|P01784|HV01_CANLF	59.200	125	119	114	1	119	1	113	2.08e-37	125	100
P00006_02	sp|A0A0C4DH42|HV366_HUMAN	66.337	101	119	116	1	96	20	115	1.06e-36	124	81
P00006_02	sp|P0DP02|HVC33_HUMAN	69.697	99	119	117	1	96	20	116	1.46e-36	123	81
P00006_02	sp|A0A0J9YX35|HV64D_HUMAN	68.687	99	119	117	1	95	20	115	1.98e-36	123	80
P00006_02	sp|P01767|HV353_HUMAN	67.677	99	119	116	1	96	20	115	2.17e-36	123	81
P00006_02	sp|P01763|HV348_HUMAN	68.687	99	119	117	1	96	20	116	2.55e-36	122	81
P00006_02	sp|A0A0C4DH32|HV320_HUMAN	68.000	100	119	117	1	96	20	116	3.54e-36	122	81
P00006_02	sp|P0DP03|HVC05_HUMAN	69.697	99	119	117	1	96	20	116	4.61e-36	122	81
P00006_02	sp|P01768|HV330_HUMAN	69.697	99	119	117	1	96	20	116	4.61e-36	122	81
P00006_02	sp|P01772|HV333_HUMAN	69.697	99	119	117	1	96	20	116	5.19e-36	122	81
P00006_02	sp|P19181|HV05_CARAU	67.677	99	119	116	1	96	20	115	5.75e-36	122	81
P00006_02	sp|A0A0C4DH35|HV335_HUMAN	67.347	98	119	117	1	95	20	115	8.22e-36	121	80
P00006_02	sp|P0DP04|HV43D_HUMAN	68.000	100	119	118	1	96	20	116	9.76e-36	121	81
P00006_02	sp|P01780|HV307_HUMAN	68.367	98	119	117	1	96	20	116	1.25e-35	121	81
P00006_02	sp|P0DOX5|IGG1_HUMAN	61.475	122	119	449	1	119	1	118	1.91e-35	129	100
P00006_02	sp|A0A0C4DH36|HV338_HUMAN	66.000	100	119	116	1	96	20	114	3.42e-35	120	81
P00006_02	sp|P0DTE1|HV383_HUMAN	66.667	99	119	115	1	95	20	113	3.43e-35	120	80
P00006_02	sp|A0A0B4J1X8|HV343_HUMAN	67.000	100	119	118	1	96	20	116	3.43e-35	120	81
P00006_03	sp|P01784|HV01_CANLF	59.200	125	119	114	1	119	1	113	2.46e-38	127	100
P00006_03	sp|P01782|HV309_HUMAN	67.677	99	119	118	1	96	20	116	7.04e-38	127	81
P00006_03	sp|P01764|HV323_HUMAN	70.000	100	119	117	1	96	20	116	1.06e-37	126	81
P00006_03	sp|P0DP02|HVC33_HUMAN	69.697	99	119	117	1	96	20	116	7.17e-37	124	81
P00006_03	sp|P0DOX5|IGG1_HUMAN	62.810	121	119	449	1	119	1	118	8.41e-37	132	100
P00006_03	sp|A0A0C4DH42|HV366_HUMAN	66.337	101	119	116	1	96	20	115	9.77e-37	124	81
P00006_03	sp|A0A0J9YX35|HV64D_HUMAN	68.687	99	119	117	1	95	20	115	1.17e-36	124	80
P00006_03	sp|A0A0C4DH32|HV320_HUMAN	66.667	99	119	117	1	96	20	116	1.61e-36	123	81
P00006_03	sp|P0DP03|HVC05_HUMAN	69.697	99	119	117	1	96	20	116	2.21e-36	123	81
P00006_03	sp|P01768|HV330_HUMAN	69.697	99	119	117	1	96	20	116	2.21e-36	123	81
P00006_03	sp|P01772|HV333_HUMAN	69.697	99	119	117	1	96	20	116	2.39e-36	123	81
P00006_03	sp|P01767|HV353_HUMAN	65.347	101	119	116	1	96	20	115	2.40e-36	123	81
P00006_03	sp|P0DP04|HV43D_HUMAN	66.667	99	119	118	1	96	20	116	4.74e-36	122	81
P00006_03	sp|A0A0C4DH35|HV335_HUMAN	67.347	98	119	117	1	95	20	115	4.76e-36	122	80
P00006_03	sp|P01763|HV348_HUMAN	68.687	99	119	117	1	96	20	116	4.97e-36	122	81
P00006_03	sp|P19181|HV05_CARAU	65.347	101	119	116	1	96	20	115	6.21e-36	122	81
P00006_03	sp|P01780|HV307_HUMAN	68.367	98	119	117	1	96	20	116	7.96e-36	121	81
P00006_03	sp|A0A0B4J1X8|HV343_HUMAN	66.667	99	119	118	1	96	20	116	8.94e-36	121	81
P00006_03	sp|P0DTE1|HV383_HUMAN	66.667	99	119	115	1	95	20	113	2.24e-35	120	80
P00006_03	sp|A0A0C4DH36|HV338_HUMAN	66.000	100	119	116	1	96	20	114	2.84e-35	120	81
P00006_04	sp|P01784|HV01_CANLF	59.504	121	119	114	1	119	1	113	9.71e-39	129	100
P00006_04	sp|P01782|HV309_HUMAN	68.687	99	119	118	1	96	20	116	1.50e-38	128	81
P00006_04	sp|P01764|HV323_HUMAN	70.000	100	119	117	1	96	20	116	9.69e-38	126	81
P00006_04	sp|A0A0C4DH32|HV320_HUMAN	67.677	99	119	117	1	96	20	116	2.40e-37	125	81
P00006_04	sp|A0A0C4DH42|HV366_HUMAN	68.687	99	119	116	1	96	20	115	8.03e-37	124	81
P00006_04	sp|P0DP02|HVC33_HUMAN	69.697	99	119	117	1	96	20	116	8.55e-37	124	81
P00006_04	sp|P0DP04|HV43D_HUMAN	67.347	98	119	118	1	96	20	116	1.26e-36	124	81
P00006_04	sp|P0DOX5|IGG1_HUMAN	61.983	121	119	449	1	119	1	118	1.51e-36	132	100
P00006_04	sp|P01767|HV353_HUMAN	67.677	99	119	116	1	96	20	115	1.56e-36	123	81
P00006_04	sp|A0A0J9YX35|HV64D_HUMAN	68.687	99	119	117	1	95	20	115	1.65e-36	123	80
P00006_04	sp|A0A0C4DH35|HV335_HUMAN	67.010	97	119	117	1	95	20	115	2.78e-36	122	80
P00006_04	sp|P01792|HVM23_MOUSE	53.175	126	119	123	1	119	1	122	2.92e-36	123	100
P00006_04	sp|P0DP03|HVC05_HUMAN	69.697	99	119	117	1	96	20	116	2.94e-36	122	81
P00006_04	sp|P01768|HV330_HUMAN	69.697	99	119	117	1	96	20	116	2.94e-36	122	81
P00006_04	sp|P01791|HVM22_MOUSE	53.968	126	119	123	1	119	1	122	3.22e-36	122	100
P00006_04	sp|P01772|HV333_HUMAN	69.697	99	119	117	1	96	20	116	4.04e-36	122	81
P00006_04	sp|P01788|HVM19_MOUSE	53.175	126	119	123	1	119	1	122	4.33e-36	122	100
P00006_04	sp|P19181|HV05_CARAU	67.677	99	119	116	1	96	20	115	4.67e-36	122	81
P00006_04	sp|A0A0B4J1X8|HV343_HUMAN	66.327	98	119	118	1	96	20	116	4.96e-36	122	81
P00006_04	sp|P01763|HV348_HUMAN	68.687	99	119	117	1	96	20	116	5.14e-36	122	81
P00006_05	sp|P01782|HV309_HUMAN	68.687	99	119	118	1	96	20	116	2.33e-38	128	81
P00006_05	sp|P01784|HV01_CANLF	59.504	121	119	114	1	119	1	113	5.91e-38	127	100
P00006_05	sp|P01764|HV323_HUMAN	70.000	100	119	117	1	96	20	116	8.05e-38	126	81
P00006_05	sp|A0A0C4DH32|HV320_HUMAN	67.677	99	119	117	1	96	20	116	4.48e-37	124	81
P00006_05	sp|A0A0C4DH42|HV366_HUMAN	68.687	99	119	116	1	96	20	115	5.66e-37	124	81
P00006_05	sp|P0DP02|HVC33_HUMAN	69.697	99	119	117	1	96	20	116	7.25e-37	124	81
P00006_05	sp|A0A0J9YX35|HV64D_HUMAN	68.687	99	119	117	1	95	20	115	1.17e-36	124	80
P00006_05	sp|P01767|HV353_HUMAN	67.677	99	119	116	1	96	20	115	1.24e-36	123	81
P00006_05	sp|A0A0C4DH35|HV335_HUMAN	67.347	98	119	117	1	95	20	115	1.65e-36	123	80
P00006_05	sp|P01763|HV348_HUMAN	68.687	99	119	117	1	96	20	116	1.76e-36	123	81
P00006_05	sp|P0DP04|HV43D_HUMAN	67.677	99	119	118	1	96	20	116	2.00e-36	123	81
P00006_05	sp|P0DP03|HVC05_HUMAN	69.697	99	119	117	1	96	20	116	2.44e-36	123	81
P00006_05	sp|P01768|HV330_HUMAN	69.697	99	119	117	1	96	20	116	2.44e-36	123	81
P00006_05	sp|P01772|HV333_HUMAN	69.697	99	119	117	1	96	20	116	3.25e-36	122	81
P00006_05	sp|P19181|HV05_CARAU	67.677	99	119	116	1	96	20	115	3.40e-36	122	81
P00006_05	sp|P01780|HV307_HUMAN	68.367	98	119	117	1	96	20	116	6.68e-36	122	81
P00006_05	sp|A0A0B4J1X8|HV343_HUMAN	66.667	99	119	118	1	96	20	116	8.47e-36	121	81
P00006_05	sp|P0DOX5|IGG1_HUMAN	62.295	122	119	449	1	119	1	118	1.00e-35	129	100
P00006_05	sp|P0DTE1|HV383_HUMAN	66.667	99	119	115	1	95	20	113	1.01e-35	121	80
P00006_05	sp|A0A0C4DH36|HV338_HUMAN	66.000	100	119	116	1	96	20	114	1.42e-35	120	81
P00006_06	sp|P01782|HV309_HUMAN	70.000	100	119	118	1	96	20	116	1.87e-38	128	81
P00006_06	sp|P01764|HV323_HUMAN	71.287	101	119	117	1	96	20	116	2.88e-38	127	81
P00006_06	sp|P01784|HV01_CANLF	59.504	121	119	114	1	119	1	113	6.96e-38	126	100
P00006_06	sp|A0A0C4DH32|HV320_HUMAN	70.297	101	119	117	1	96	20	116	9.28e-38	126	81
P00006_06	sp|P0DP02|HVC33_HUMAN	71.000	100	119	117	1	96	20	116	1.57e-37	125	81
P00006_06	sp|A0A0J9YX35|HV64D_HUMAN	70.000	100	119	117	1	95	20	115	1.97e-37	125	80
P00006_06	sp|P0DP03|HVC05_HUMAN	71.000	100	119	117	1	96	20	116	5.46e-37	124	81
P00006_06	sp|P01768|HV330_HUMAN	71.000	100	119	117	1	96	20	116	5.46e-37	124	81
P00006_06	sp|P01772|HV333_HUMAN	71.000	100	119	117	1	96	20	116	8.00e-37	124	81
P00006_06	sp|A0A0C4DH35|HV335_HUMAN	68.687	99	119	117	1	95	20	115	8.18e-37	124	80
P00006_06	sp|P01763|HV348_HUMAN	70.000	100	119	117	1	96	20	116	9.64e-37	124	81
P00006_06	sp|P0DOX5|IGG1_HUMAN	62.295	122	119	449	1	119	1	118	1.14e-36	132	100
P00006_06	sp|A0A0C4DH42|HV366_HUMAN	67.647	102	119	116	1	96	20	115	1.16e-36	124	81
P00006_06	sp|P01780|HV307_HUMAN	69.697	99	119	117	1	96	20	116	1.43e-36	123	81
P00006_06	sp|P0DP04|HV43D_HUMAN	68.687	99	119	118	1	96	20	116	1.68e-36	123	81
P00006_06	sp|P01767|HV353_HUMAN	69.000	100	119	116	1	96	20	115	3.33e-36	122	81
P00006_06	sp|A0A0B4J1X8|HV343_HUMAN	67.677	99	119	118	1	96	20	116	7.03e-36	122	81
P00006_06	sp|P19181|HV05_CARAU	69.000	100	119	116	1	96	20	115	8.07e-36	121	81
P00006_06	sp|A0A075B6Q5|HV364_HUMAN	68.317	101	119	118	1	96	21	117	1.21e-35	121	81
P00006_06	sp|P0DTE1|HV383_HUMAN	68.000	100	119	115	1	95	20	113	1.78e-35	120	80
P00006_07	sp|P01782|HV309_HUMAN	68.687	99	119	118	1	96	20	116	5.24e-38	127	81
P00006_07	sp|P01784|HV01_CANLF	59.504	121	119	114	1	119	1	113	7.20e-38	126	100
P00006_07	sp|P01764|HV323_HUMAN	70.000	100	119	117	1	96	20	116	2.40e-37	125	81
P00006_07	sp|A0A0C4DH32|HV320_HUMAN	67.677	99	119	117	1	96	20	116	7.25e-37	124	81
P00006_07	sp|A0A0C4DH42|HV366_HUMAN	68.687	99	119	116	1	96	20	115	2.10e-36	123	81
P00006_07	sp|P0DP02|HVC33_HUMAN	69.697	99	119	117	1	96	20	116	2.69e-36	122	81
P00006_07	sp|A0A0C4DH35|HV335_HUMAN	67.347	98	119	117	1	95	20	115	3.50e-36	122	80
P00006_07	sp|P01767|HV353_HUMAN	67.677	99	119	116	1	96	20	115	3.55e-36	122	81
P00006_07	sp|A0A0J9YX35|HV64D_HUMAN	68.687	99	119	117	1	95	20	115	4.76e-36	122	80
P00006_07	sp|P0DP04|HV43D_HUMAN	67.347	98	119	118	1	96	20	116	5.18e-36	122	81
P00006_07	sp|P01763|HV348_HUMAN	68.687	99	119	117	1	96	20	116	6.90e-36	122	81
P00006_07	sp|P0DP03|HVC05_HUMAN	69.697	99	119	117	1	96	20	116	8.78e-36	121	81
P00006_07	sp|P01768|HV330_HUMAN	69.697	99	119	117	1	96	20	116	8.78e-36	121	81
P00006_07	sp|P19181|HV05_CARAU	67.677	99	119	116	1	96	20	115	9.82e-36	121	81
P00006_07	sp|P01772|HV333_HUMAN	69.697	99	119	117	1	96	20	116	1.23e-35	121	81
P00006_07	sp|P01780|HV307_HUMAN	68.367	98	119	117	1	96	20	116	1.69e-35	120	81
P00006_07	sp|A0A0B4J1X8|HV343_HUMAN	66.327	98	119	118	1	96	20	116	2.10e-35	120	81
P00006_07	sp|P0DTE1|HV383_HUMAN	67.677	99	119	115	1	95	20	113	3.95e-35	119	80
P00006_07	sp|P01792|HVM23_MOUSE	52.381	126	119	123	1	119	1	122	6.87e-35	119	100
P00006_07	sp|A0A0C4DH36|HV338_HUMAN	67.000	100	119	116	1	96	20	114	8.11e-35	119	81
P00006_08	sp|P01782|HV309_HUMAN	70.707	99	119	118	1	95	20	115	6.38e-38	127	80
P00006_08	sp|P01764|HV323_HUMAN	70.707	99	119	117	1	95	20	115	1.95e-37	125	80
P00006_08	sp|P01784|HV01_CANLF	59.200	125	119	114	1	119	1	113	3.48e-37	125	100
P00006_08	sp|A0A0C4DH32|HV320_HUMAN	69.697	99	119	117	1	95	20	115	1.20e-36	124	80
P00006_08	sp|A0A0C4DH42|HV366_HUMAN	67.000	100	119	116	1	95	20	114	1.40e-36	123	80
P00006_08	sp|P0DP02|HVC33_HUMAN	70.408	98	119	117	1	95	20	115	1.94e-36	123	80
P00006_08	sp|A0A0C4DH35|HV335_HUMAN	67.010	97	119	117	1	95	20	115	2.82e-36	122	80
P00006_08	sp|A0A0J9YX35|HV64D_HUMAN	68.687	99	119	117	1	95	20	115	3.01e-36	122	80
P00006_08	sp|P01767|HV353_HUMAN	66.000	100	119	116	1	95	20	114	3.15e-36	122	80
P00006_08	sp|P01763|HV348_HUMAN	69.388	98	119	117	1	95	20	115	4.51e-36	122	80
P00006_08	sp|P0DP04|HV43D_HUMAN	69.388	98	119	118	1	95	20	115	4.54e-36	122	80
P00006_08	sp|P0DP03|HVC05_HUMAN	70.408	98	119	117	1	95	20	115	6.90e-36	122	80
P00006_08	sp|P01768|HV330_HUMAN	70.408	98	119	117	1	95	20	115	6.90e-36	122	80
P00006_08	sp|P01793|HVM24_MOUSE	53.175	126	119	123	1	119	1	122	7.39e-36	122	100
P00006_08	sp|P01772|HV333_HUMAN	70.408	98	119	117	1	95	20	115	7.96e-36	121	80
P00006_08	sp|P19181|HV05_CARAU	66.000	100	119	116	1	95	20	114	9.61e-36	121	80
P00006_08	sp|P01780|HV307_HUMAN	69.072	97	119	117	1	95	20	115	1.53e-35	120	80
P00006_08	sp|P0DTE1|HV383_HUMAN	66.000	100	119	115	1	96	20	114	1.56e-35	120	81
P00006_08	sp|A0A0B4J1X8|HV343_HUMAN	68.367	98	119	118	1	95	20	115	1.99e-35	120	80
P00006_08	sp|A0A0C4DH36|HV338_HUMAN	66.667	99	119	116	1	95	20	113	4.12e-35	119	80
P00007_00	sp|P01784|HV01_CANLF	60.163	123	121	114	1	121	1	113	2.00e-41	135	100
P00007_00	sp|P01764|HV323_HUMAN	71.000	100	121	117	1	97	20	115	1.49e-40	134	80
P00007_00	sp|A0A0J9YX35|HV64D_HUMAN	67.000	100	121	117	1	98	20	116	2.59e-39	130	81
P00007_00	sp|P01782|HV309_HUMAN	67.677	99	121	118	1	97	20	115	5.68e-39	129	80
P00007_00	sp|P01763|HV348_HUMAN	68.687	99	121	117	1	97	20	115	9.22e-39	129	80
P00007_00	sp|P01780|HV307_HUMAN	69.697	99	121	117	1	97	20	115	9.63e-39	129	80
P00007_00	sp|P01762|HV311_HUMAN	67.677	99	121	117	1	97	20	115	2.52e-38	128	80
P00007_00	sp|P0DP02|HVC33_HUMAN	68.687	99	121	117	1	97	20	115	2.78e-38	128	80
P00007_00	sp|A0A0C4DH42|HV366_HUMAN	68.367	98	121	116	1	97	20	114	4.42e-38	127	80
P00007_00	sp|P0DTE1|HV383_HUMAN	68.041	97	121	115	1	97	20	113	4.95e-38	127	80
P00007_00	sp|P0DP03|HVC05_HUMAN	68.687	99	121	117	1	97	20	115	8.98e-38	126	80
P00007_00	sp|P01768|HV330_HUMAN	68.687	99	121	117	1	97	20	115	8.98e-38	126	80
P00007_00	sp|A0A0B4J1X5|HV374_HUMAN	67.677	99	121	117	1	97	20	115	9.28e-38	126	80
P00007_00	sp|P01767|HV353_HUMAN	67.347	98	121	116	1	97	20	114	1.06e-37	126	80
P00007_00	sp|A0A0C4DH36|HV338_HUMAN	68.041	97	121	116	1	97	20	113	1.35e-37	126	80
P00007_00	sp|P01772|HV333_HUMAN	68.687	99	121	117	1	97	20	115	2.27e-37	125	80
P00007_00	sp|P0DOX5|IGG1_HUMAN	58.537	123	121	449	1	121	1	118	2.34e-37	134	100
P00007_00	sp|P19181|HV05_CARAU	67.347	98	121	116	1	97	20	114	2.66e-37	125	80
P00007_00	sp|A0A0B4J1V0|HV315_HUMAN	64.356	101	121	119	1	97	20	117	3.70e-37	125	80
P00007_00	sp|A0A0C4DH32|HV320_HUMAN	65.657	99	121	117	1	97	20	115	5.95e-37	124	80
P00007_01	sp|P01784|HV01_CANLF	60.163	123	121	114	1	121	1	113	1.84e-41	135	100
P00007_01	sp|P01764|HV323_HUMAN	72.000	100	121	117	1	97	20	115	3.44e-41	135	80
P00007_01	sp|A0A0J9YX35|HV64D_HUMAN	68.000	100	121	117	1	98	20	116	8.58e-40	132	81
P00007_01	sp|P01782|HV309_HUMAN	68.687	99	121	118	1	97	20	115	1.88e-39	130	80
P00007_01	sp|P0DTE1|HV383_HUMAN	70.103	97	121	115	1	97	20	113	2.69e-39	130	80
P00007_01	sp|P01762|HV311_HUMAN	68.687	99	121	117	1	97	20	115	2.77e-39	130	80
P00007_01	sp|A0A0C4DH42|HV366_HUMAN	70.408	98	121	116	1	97	20	114	3.31e-39	130	80
P00007_01	sp|P01780|HV307_HUMAN	69.697	99	121	117	1	97	20	115	6.09e-39	129	80
P00007_01	sp|P01767|HV353_HUMAN	69.388	98	121	116	1	97	20	114	7.59e-39	129	80
P00007_01	sp|P01763|HV348_HUMAN	68.687	99	121	117	1	97	20	115	8.00e-39	129	80
P00007_01	sp|A0A0C4DH36|HV338_HUMAN	70.103	97	121	116	1	97	20	113	8.20e-39	129	80
P00007_01	sp|P0DP02|HVC33_HUMAN	70.707	99	121	117	1	97	20	115	1.03e-38	129	80
P00007_01	sp|P19181|HV05_CARAU	69.388	98	121	116	1	97	20	114	2.01e-38	128	80
P00007_01	sp|P0DP03|HVC05_HUMAN	70.707	99	121	117	1	97	20	115	3.21e-38	127	80
P00007_01	sp|P01768|HV330_HUMAN	70.707	99	121	117	1	97	20	115	3.21e-38	127	80
P00007_01	sp|A0A0B4J1X5|HV374_HUMAN	67.677	99	121	117	1	97	20	115	4.04e-38	127	80
P00007_01	sp|P01787|HVM18_MOUSE	54.688	128	121	123	1	121	1	122	4.29e-38	127	100
P00007_01	sp|P01788|HVM19_MOUSE	54.688	128	121	123	1	121	1	122	5.45e-38	127	100
P00007_01	sp|P01791|HVM22_MOUSE	53.968	126	121	123	1	121	1	122	6.35e-38	127	100
P00007_01	sp|P01772|HV333_HUMAN	70.707	99	121	117	1	97	20	115	6.61e-38	127	80
P00007_02	sp|P01784|HV01_CANLF	59.350	123	121	114	1	121	1	113	4.07e-40	132	100
P00007_02	sp|P01764|HV323_HUMAN	71.000	100	121	117	1	97	20	115	5.85e-40	132	80
P00007_02	sp|A0A0J9YX35|HV64D_HUMAN	67.000	100	121	117	1	98	20	116	6.36e-39	129	81
P00007_02	sp|A0A0C4DH42|HV366_HUMAN	68.367	98	121	116	1	97	20	114	1.43e-38	128	80
P00007_02	sp|P01780|HV307_HUMAN	70.707	99	121	117	1	97	20	115	1.63e-38	128	80
P00007_02	sp|P01767|HV353_HUMAN	67.347	98	121	116	1	97	20	114	2.40e-38	128	80
P00007_02	sp|P0DTE1|HV383_HUMAN	68.041	97	121	115	1	97	20	113	2.89e-38	127	80
P00007_02	sp|P0DP02|HVC33_HUMAN	68.687	99	121	117	1	97	20	115	4.36e-38	127	80
P00007_02	sp|A0A0C4DH36|HV338_HUMAN	68.041	97	121	116	1	97	20	113	5.32e-38	127	80
P00007_02	sp|P19181|HV05_CARAU	67.347	98	121	116	1	97	20	114	6.01e-38	127	80
P00007_02	sp|P01763|HV348_HUMAN	67.677	99	121	117	1	97	20	115	7.70e-38	127	80
P00007_02	sp|P01807|HVM37_MOUSE	58.871	124	121	119	1	121	1	117	1.31e-37	126	100
P00007_02	sp|P0DP03|HVC05_HUMAN	68.687	99	121	117	1	97	20	115	1.33e-37	126	80
P00007_02	sp|P01768|HV330_HUMAN	68.687	99	121	117	1	97	20	115	1.33e-37	126	80
P00007_02	sp|A0A0B4J1X5|HV374_HUMAN	68.687	99	121	117	1	97	20	115	1.93e-37	125	80
P00007_02	sp|P01772|HV333_HUMAN	70.707	99	121	117	1	97	20	115	2.51e-37	125	80
P00007_02	sp|P01762|HV311_HUMAN	66.667	99	121	117	1	97	20	115	4.53e-37	125	80
P00007_02	sp|P0DOX5|IGG1_HUMAN	58.537	123	121	449	1	121	1	118	4.91e-37	133	100
P00007_02	sp|P01782|HV309_HUMAN	66.667	99	121	118	1	97	20	115	6.20e-37	124	80
P00007_02	sp|A0A075B6Q5|HV364_HUMAN	66.667	99	121	118	1	97	21	116	1.83e-36	123	80
P00007_03	sp|P01764|HV323_HUMAN	71.000	100	121	117	1	97	20	115	4.60e-40	132	80
P00007_03	sp|P01784|HV01_CANLF	58.537	123	121	114	1	121	1	113	5.17e-40	132	100
P00007_03	sp|A0A0J9YX35|HV64D_HUMAN	67.000	100	121	117	1	98	20	116	1.21e-38	129	81
P00007_03	sp|P0DTE1|HV383_HUMAN	69.072	97	121	115	1	97	20	113	1.52e-38	128	80
P00007_03	sp|A0A0C4DH42|HV366_HUMAN	69.388	98	121	116	1	97	20	114	1.80e-38	128	80
P00007_03	sp|P01782|HV309_HUMAN	67.677	99	121	118	1	97	20	115	2.28e-38	128	80
P00007_03	sp|P01762|HV311_HUMAN	67.677	99	121	117	1	97	20	115	2.64e-38	128	80
P00007_03	sp|A0A0C4DH36|HV338_HUMAN	69.072	97	121	116	1	97	20	113	3.51e-38	127	80
P00007_03	sp|P01767|HV353_HUMAN	68.367	98	121	116	1	97	20	114	4.33e-38	127	80
P00007_03	sp|P01780|HV307_HUMAN	68.687	99	121	117	1	97	20	115	4.36e-38	127	80
P00007_03	sp|P01791|HVM22_MOUSE	54.762	126	121	123	1	121	1	122	4.68e-38	127	100
P00007_03	sp|P01787|HVM18_MOUSE	55.469	128	121	123	1	121	1	122	4.68e-38	127	100
P00007_03	sp|P01788|HVM19_MOUSE	55.469	128	121	123	1	121	1	122	5.05e-38	127	100
P00007_03	sp|A0A0B4J1V0|HV315_HUMAN	65.347	101	121	119	1	97	20	117	6.29e-38	127	80
P00007_03	sp|P01790|HVM21_MOUSE	54.688	128	121	122	1	121	1	121	7.93e-38	127	100
P00007_03	sp|P19181|HV05_CARAU	68.367	98	121	116	1	97	20	114	1.05e-37	126	80
P00007_03	sp|P01763|HV348_HUMAN	67.677	99	121	117	1	97	20	115	1.09e-37	126	80
P00007_03	sp|P0DP02|HVC33_HUMAN	69.697	99	121	117	1	97	20	115	1.15e-37	126	80
P00007_03	sp|A0A0C4DH35|HV335_HUMAN	65.000	100	121	117	1	98	20	116	1.35e-37	126	81
P00007_03	sp|P0DP03|HVC05_HUMAN	69.697	99	121	117	1	97	20	115	3.56e-37	125	80
P00007_04	sp|P01784|HV01_CANLF	59.350	123	121	114	1	121	1	113	2.80e-40	132	100
P00007_04	sp|P01764|HV323_HUMAN	71.000	100	121	117	1	97	20	115	3.10e-40	132	80
P00007_04	sp|P0DP02|HVC33_HUMAN	69.608	102	121	117	1	97	20	115	9.43e-39	129	80
P00007_04	sp|A0A0J9YX35|HV64D_HUMAN	67.000	100	121	117	1	98	20	116	1.06e-38	129	81
P00007_04	sp|P01763|HV348_HUMAN	68.627	102	121	117	1	97	20	115	1.56e-38	128	80
P00007_04	sp|P01782|HV309_HUMAN	67.677	99	121	118	1	97	20	115	1.68e-38	128	80
P00007_04	sp|P0DP03|HVC05_HUMAN	69.608	102	121	117	1	97	20	115	2.75e-38	128	80
P00007_04	sp|P01768|HV330_HUMAN	69.608	102	121	117	1	97	20	115	2.75e-38	128	80
P00007_04	sp|P01772|HV333_HUMAN	69.608	102	121	117	1	97	20	115	3.91e-38	127	80
P00007_04	sp|P01780|HV307_HUMAN	68.627	102	121	117	1	97	20	115	3.95e-38	127	80
P00007_04	sp|A0A0B4J1X5|HV374_HUMAN	67.647	102	121	117	1	97	20	115	4.08e-38	127	80
P00007_04	sp|P01762|HV311_HUMAN	67.677	99	121	117	1	97	20	115	4.31e-38	127	80
P00007_04	sp|A0A0C4DH42|HV366_HUMAN	68.000	100	121	116	1	97	20	114	1.05e-37	126	80
P00007_04	sp|P0DTE1|HV383_HUMAN	68.041	97	121	115	1	97	20	113	1.24e-37	126	80
P00007_04	sp|P01767|HV353_HUMAN	67.327	101	121	116	1	97	20	114	1.25e-37	126	80
P00007_04	sp|A0A0C4DH36|HV338_HUMAN	68.041	97	121	116	1	97	20	113	2.60e-37	125	80
P00007_04	sp|P19181|HV05_CARAU	67.327	101	121	116	1	97	20	114	3.49e-37	125	80
P00007_04	sp|A0A0B4J1V0|HV315_HUMAN	64.356	101	121	119	1	97	20	117	7.05e-37	124	80
P00007_04	sp|P0DOX5|IGG1_HUMAN	59.524	126	121	449	1	121	1	118	7.37e-37	132	100
P00007_04	sp|P01789|HVM20_MOUSE	55.118	127	121	122	1	121	1	121	1.08e-36	124	100
P00007_05	sp|P01764|HV323_HUMAN	71.000	100	121	117	1	97	20	115	1.05e-40	134	80
P00007_05	sp|P01784|HV01_CANLF	59.350	123	121	114	1	121	1	113	1.09e-40	134	100
P00007_05	sp|A0A0J9YX35|HV64D_HUMAN	67.000	100	121	117	1	98	20	116	2.30e-39	130	81
P00007_05	sp|P01763|HV348_HUMAN	68.687	99	121	117	1	97	20	115	7.66e-39	129	80
P00007_05	sp|P01780|HV307_HUMAN	69.697	99	121	117	1	97	20	115	8.09e-39	129	80
P00007_05	sp|P01782|HV309_HUMAN	67.677	99	121	118	1	97	20	115	1.28e-38	129	80
P00007_05	sp|A0A0C4DH42|HV366_HUMAN	68.367	98	121	116	1	97	20	114	2.12e-38	128	80
P00007_05	sp|P0DP02|HVC33_HUMAN	68.687	99	121	117	1	97	20	115	2.72e-38	128	80
P00007_05	sp|P01762|HV311_HUMAN	67.677	99	121	117	1	97	20	115	4.22e-38	127	80
P00007_05	sp|P0DTE1|HV383_HUMAN	68.041	97	121	115	1	97	20	113	4.95e-38	127	80
P00007_05	sp|P01767|HV353_HUMAN	67.347	98	121	116	1	97	20	114	5.27e-38	127	80
P00007_05	sp|P0DP03|HVC05_HUMAN	68.687	99	121	117	1	97	20	115	9.38e-38	126	80
P00007_05	sp|P01768|HV330_HUMAN	68.687	99	121	117	1	97	20	115	9.38e-38	126	80
P00007_05	sp|A0A0B4J1X5|HV374_HUMAN	67.677	99	121	117	1	97	20	115	9.58e-38	126	80
P00007_05	sp|P01791|HVM22_MOUSE	53.968	126	121	123	1	121	1	122	1.01e-37	126	100
P00007_05	sp|A0A0C4DH36|HV338_HUMAN	68.041	97	121	116	1	97	20	113	1.07e-37	126	80
P00007_05	sp|P19181|HV05_CARAU	67.347	98	121	116	1	97	20	114	1.24e-37	126	80
P00007_05	sp|P01772|HV333_HUMAN	68.687	99	121	117	1	97	20	115	2.02e-37	125	80
P00007_05	sp|A0A0B4J1V0|HV315_HUMAN	64.356	101	121	119	1	97	20	117	2.47e-37	125	80
P00007_05	sp|P01787|HVM18_MOUSE	54.688	128	121	123	1	121	1	122	3.00e-37	125	100
P00007_06	sp|P01784|HV01_CANLF	60.163	123	121	114	1	121	1	113	6.63e-42	137	100
P00007_06	sp|P01764|HV323_HUMAN	71.000	100	121	117	1	97	20	115	7.56e-41	134	80
P00007_06	sp|P01763|HV348_HUMAN	69.697	99	121	117	1	97	20	115	5.13e-40	132	80
P00007_06	sp|P01782|HV309_HUMAN	68.687	99	121	118	1	97	20	115	1.69e-39	131	80
P00007_06	sp|P01762|HV311_HUMAN	68.687	99	121	117	1	97	20	115	4.58e-39	130	80
P00007_06	sp|A0A0C4DH42|HV366_HUMAN	69.388	98	121	116	1	97	20	114	5.29e-39	129	80
P00007_06	sp|P0DTE1|HV383_HUMAN	68.367	98	121	115	1	98	20	114	6.05e-39	129	81
P00007_06	sp|P01780|HV307_HUMAN	69.697	99	121	117	1	97	20	115	6.29e-39	129	80
P00007_06	sp|P01807|HVM37_MOUSE	58.065	124	121	119	1	121	1	117	7.13e-39	129	100
P00007_06	sp|P01790|HVM21_MOUSE	53.906	128	121	122	1	121	1	121	7.47e-39	129	100
P00007_06	sp|A0A0J9YX35|HV64D_HUMAN	67.677	99	121	117	1	97	20	115	8.36e-39	129	80
P00007_06	sp|P01767|HV353_HUMAN	68.367	98	121	116	1	97	20	114	9.25e-39	129	80
P00007_06	sp|A0A0C4DH36|HV338_HUMAN	69.072	97	121	116	1	97	20	113	1.74e-38	128	80
P00007_06	sp|P0DP02|HVC33_HUMAN	68.687	99	121	117	1	97	20	115	1.94e-38	128	80
P00007_06	sp|P19181|HV05_CARAU	68.367	98	121	116	1	97	20	114	2.45e-38	128	80
P00007_06	sp|P01791|HVM22_MOUSE	53.600	125	121	123	1	121	1	122	3.68e-38	127	100
P00007_06	sp|P0DP03|HVC05_HUMAN	68.687	99	121	117	1	97	20	115	6.75e-38	127	80
P00007_06	sp|P01768|HV330_HUMAN	68.687	99	121	117	1	97	20	115	6.75e-38	127	80
P00007_06	sp|P01787|HVM18_MOUSE	53.906	128	121	123	1	121	1	122	6.78e-38	127	100
P00007_06	sp|P01810|HVM40_MOUSE	57.258	124	121	119	1	121	1	117	7.57e-38	127	100
P00007_07	sp|P01784|HV01_CANLF	60.163	123	121	114	1	121	1	113	1.95e-40	133	100
P00007_07	sp|P01764|HV323_HUMAN	71.000	100	121	117	1	97	20	115	2.33e-40	133	80
P00007_07	sp|A0A0J9YX35|HV64D_HUMAN	67.000	100	121	117	1	98	20	116	4.38e-39	130	81
P00007_07	sp|P01782|HV309_HUMAN	67.677	99	121	118	1	97	20	115	5.15e-39	129	80
P00007_07	sp|P01780|HV307_HUMAN	69.697	99	121	117	1	97	20	115	9.96e-39	129	80
P00007_07	sp|P0DOX5|IGG1_HUMAN	59.350	123	121	449	1	121	1	118	1.20e-38	137	100
P00007_07	sp|P01763|HV348_HUMAN	68.687	99	121	117	1	97	20	115	1.27e-38	129	80
P00007_07	sp|P01762|HV311_HUMAN	67.677	99	121	117	1	97	20	115	3.32e-38	127	80
P00007_07	sp|P0DP02|HVC33_HUMAN	68.687	99	121	117	1	97	20	115	3.78e-38	127	80
P00007_07	sp|P0DP03|HVC05_HUMAN	68.687	99	121	117	1	97	20	115	1.21e-37	126	80
P00007_07	sp|A0A0B4J1X5|HV374_HUMAN	67.677	99	121	117	1	97	20	115	1.21e-37	126	80
P00007_07	sp|P01768|HV330_HUMAN	68.687	99	121	117	1	97	20	115	1.21e-37	126	80
P00007_07	sp|A0A0C4DH42|HV366_HUMAN	69.388	98	121	116	1	97	20	114	1.24e-37	126	80
P00007_07	sp|P0DTE1|HV383_HUMAN	68.041	97	121	115	1	97	20	113	1.28e-37	126	80
P00007_07	sp|P01772|HV333_HUMAN	68.687	99	121	117	1	97	20	115	2.99e-37	125	80
P00007_07	sp|P01767|HV353_HUMAN	68.367	98	121	116	1	97	20	114	3.20e-37	125	80
P00007_07	sp|A0A0C4DH36|HV338_HUMAN	68.041	97	121	116	1	97	20	113	3.49e-37	125	80
P00007_07	sp|A0A0B4J1V0|HV315_HUMAN	64.356	101	121	119	1	97	20	117	4.31e-37	125	80
P00007_07	sp|A0A0C4DH35|HV335_HUMAN	64.000	100	121	117	1	98	20	116	6.86e-37	124	81
P00007_07	sp|A0A0C4DH32|HV320_HUMAN	65.657	99	121	117	1	97	20	115	7.41e-37	124	80
P00007_08	sp|P01784|HV01_CANLF	60.163	123	121	114	1	121	1	113	2.79e-42	138	100
P00007_08	sp|P01764|HV323_HUMAN	71.000	100	121	117	1	97	20	115	3.58e-40	132	80
P00007_08	sp|P01780|HV307_HUMAN	68.687	99	121	117	1	97	20	115	1.20e-39	131	80
P00007_08	sp|P0DP02|HVC33_HUMAN	69.697	99	121	117	1	97	20	115	3.80e-39	130	80
P00007_08	sp|P01763|HV348_HUMAN	68.687	99	121	117	1	97	20	115	6.79e-39	129	80
P00007_08	sp|A0A0J9YX35|HV64D_HUMAN	67.000	100	121	117	1	98	20	116	7.83e-39	129	81
P00007_08	sp|P01762|HV311_HUMAN	67.677	99	121	117	1	97	20	115	8.92e-39	129	80
P00007_08	sp|P01782|HV309_HUMAN	67.677	99	121	118	1	97	20	115	9.71e-39	129	80
P00007_08	sp|P0DP03|HVC05_HUMAN	69.697	99	121	117	1	97	20	115	1.25e-38	129	80
P00007_08	sp|P01768|HV330_HUMAN	69.697	99	121	117	1	97	20	115	1.25e-38	129	80
P00007_08	sp|P01772|HV333_HUMAN	69.697	99	121	117	1	97	20	115	2.29e-38	128	80
P00007_08	sp|A0A0B4J1X5|HV374_HUMAN	67.677	99	121	117	1	97	20	115	2.82e-38	128	80
P00007_08	sp|A0A0C4DH42|HV366_HUMAN	68.367	98	121	116	1	97	20	114	1.18e-37	126	80
P00007_08	sp|P0DOX5|IGG1_HUMAN	60.163	123	121	449	1	121	1	118	1.25e-37	134	100
P00007_08	sp|P01807|HVM37_MOUSE	56.911	123	121	119	1	121	1	117	1.84e-37	125	100
P00007_08	sp|P01767|HV353_HUMAN	67.347	98	121	116	1	97	20	114	2.31e-37	125	80
P00007_08	sp|A0A0C4DH32|HV320_HUMAN	65.657	99	121	117	1	97	20	115	2.35e-37	125	80
P00007_08	sp|P0DTE1|HV383_HUMAN	68.041	97	121	115	1	97	20	113	2.36e-37	125	80
P00007_08	sp|A0A0C4DH36|HV338_HUMAN	68.041	97	121	116	1	97	20	113	4.12e-37	125	80
P00007_08	sp|A0A0B4J1V1|HV321_HUMAN	66.667	99	121	117	1	97	20	115	5.34e-37	124	80
P00008_00	sp|P01764|HV323_HUMAN	70.707	99	123	117	1	99	20	115	1.57e-42	139	80
P00008_00	sp|A0A0J9YX35|HV64D_HUMAN	69.000	100	123	117	1	100	20	116	6.24e-42	137	81
P00008_00	sp|P01784|HV01_CANLF	60.163	123	123	114	1	123	1	113	2.26e-41	135	100
P00008_00	sp|P01763|HV348_HUMAN	67.677	99	123	117	1	99	20	115	4.72e-41	135	80
P00008_00	sp|P0DP02|HVC33_HUMAN	73.000	100	123	117	1	99	20	115	2.33e-40	133	80
P00008_00	sp|P0DP03|HVC05_HUMAN	73.000	100	123	117	1	99	20	115	3.66e-40	132	80
P00008_00	sp|P01768|HV330_HUMAN	73.000	100	123	117	1	99	20	115	3.66e-40	132	80
P00008_00	sp|P01782|HV309_HUMAN	67.677	99	123	118	1	99	20	115	3.98e-40	132	80
P00008_00	sp|P01780|HV307_HUMAN	68.687	99	123	117	1	99	20	115	3.99e-40	132	80
P00008_00	sp|A0A0C4DH35|HV335_HUMAN	67.000	100	123	117	1	100	20	116	6.05e-40	132	81
P00008_00	sp|A0A075B6Q5|HV364_HUMAN	68.687	99	123	118	1	99	21	116	9.98e-40	131	80
P00008_00	sp|P01772|HV333_HUMAN	73.000	100	123	117	1	99	20	115	1.52e-39	131	80
P00008_00	sp|P01762|HV311_HUMAN	68.687	99	123	117	1	99	20	115	1.87e-39	131	80
P00008_00	sp|P0DP04|HV43D_HUMAN	67.677	99	123	118	1	99	20	115	3.92e-39	130	80
P00008_00	sp|A0A0C4DH32|HV320_HUMAN	65.657	99	123	117	1	99	20	115	5.51e-39	129	80
P00008_00	sp|P01807|HVM37_MOUSE	55.285	123	123	119	1	123	1	117	7.05e-39	129	100
P00008_00	sp|A0A0C4DH42|HV366_HUMAN	69.697	99	123	116	1	99	20	114	9.35e-39	129	80
P00008_00	sp|P01791|HVM22_MOUSE	54.762	126	123	123	1	123	1	122	1.07e-38	129	100
P00008_00	sp|A0A0B4J1X8|HV343_HUMAN	66.667	99	123	118	1	99	20	115	1.35e-38	129	80
P00008_00	sp|A0A0B4J1X5|HV374_HUMAN	67.677	99	123	117	1	99	20	115	1.63e-38	128	80
P00008_01	sp|P01784|HV01_CANLF	60.163	123	123	114	1	123	1	113	1.94e-41	135	100
P00008_01	sp|P01764|HV323_HUMAN	70.297	101	123	117	1	99	20	115	1.52e-40	134	80
P00008_01	sp|A0A0J9YX35|HV64D_HUMAN	68.627	102	123	117	1	100	20	116	5.66e-40	132	81
P00008_01	sp|A0A0B4J1X5|HV374_HUMAN	69.000	100	123	117	1	99	20	115	5.00e-39	130	80
P00008_01	sp|P0DP02|HVC33_HUMAN	69.307	101	123	117	1	99	20	115	6.86e-39	129	80
P00008_01	sp|P01786|HVM17_MOUSE	54.032	124	123	117	1	123	1	116	8.18e-39	129	100
P00008_01	sp|P01780|HV307_HUMAN	69.000	100	123	117	1	99	20	115	8.83e-39	129	80
P00008_01	sp|P0DP03|HVC05_HUMAN	69.307	101	123	117	1	99	20	115	1.17e-38	129	80
P00008_01	sp|P01768|HV330_HUMAN	69.307	101	123	117	1	99	20	115	1.17e-38	129	80
P00008_01	sp|P01782|HV309_HUMAN	66.667	99	123	118	1	99	20	115	1.52e-38	129	80
P00008_01	sp|P01762|HV311_HUMAN	67.677	99	123	117	1	99	20	115	1.61e-38	128	80
P00008_01	sp|P01807|HVM37_MOUSE	57.258	124	123	119	1	123	1	117	1.93e-38	128	100
P00008_01	sp|A0A0B4J1Y9|HV372_HUMAN	66.337	101	123	119	1	99	20	117	2.13e-38	128	80
P00008_01	sp|P01772|HV333_HUMAN	69.307	101	123	117	1	99	20	115	2.47e-38	128	80
P00008_01	sp|P01791|HVM22_MOUSE	53.968	126	123	123	1	123	1	122	2.92e-38	128	100
P00008_01	sp|A0A0C4DH35|HV335_HUMAN	66.337	101	123	117	1	100	20	116	4.26e-38	127	81
P00008_01	sp|P01787|HVM18_MOUSE	53.175	126	123	123	1	123	1	122	4.73e-38	127	100
P00008_01	sp|P01763|HV348_HUMAN	66.337	101	123	117	1	99	20	115	4.76e-38	127	80
P00008_01	sp|A0A0C4DH32|HV320_HUMAN	64.646	99	123	117	1	99	20	115	5.54e-38	127	80
P00008_01	sp|A0A0B4J1V1|HV321_HUMAN	65.657	99	123	117	1	99	20	115	6.32e-38	127	80
P00008_02	sp|P01784|HV01_CANLF	59.350	123	123	114	1	123	1	113	5.03e-41	135	100
P00008_02	sp|P01764|HV323_HUMAN	70.707	99	123	117	1	99	20	115	6.01e-41	134	80
P00008_02	sp|P01791|HVM22_MOUSE	56.349	126	123	123	1	123	1	122	5.89e-40	132	100
P00008_02	sp|P01762|HV311_HUMAN	69.697	99	123	117	1	99	20	115	9.79e-40	131	80
P00008_02	sp|A0A0J9YX35|HV64D_HUMAN	67.000	100	123	117	1	100	20	116	1.12e-39	131	81
P00008_02	sp|A0A0C4DH32|HV320_HUMAN	66.667	99	123	117	1	99	20	115	1.57e-39	131	80
P00008_02	sp|P01782|HV309_HUMAN	67.677	99	123	118	1	99	20	115	1.60e-39	131	80
P00008_02	sp|P01780|HV307_HUMAN	71.000	100	123	117	1	99	20	115	2.22e-39	130	80
P00008_02	sp|P01787|HVM18_MOUSE	55.556	126	123	123	1	123	1	122	2.75e-39	130	100
P00008_02	sp|A0A0C4DH35|HV335_HUMAN	66.000	100	123	117	1	100	20	116	2.77e-39	130	81
P00008_02	sp|P01788|HVM19_MOUSE	55.556	126	123	123	1	123	1	122	3.54e-39	130	100
P00008_02	sp|P01807|HVM37_MOUSE	56.098	123	123	119	1	123	1	117	3.66e-39	130	100
P00008_02	sp|A0A0B4J1X5|HV374_HUMAN	67.677	99	123	117	1	99	20	115	5.05e-39	130	80
P00008_02	sp|P01810|HVM40_MOUSE	56.098	123	123	119	1	123	1	117	7.61e-39	129	100
P00008_02	sp|P01792|HVM23_MOUSE	55.556	126	123	123	1	123	1	122	8.68e-39	129	100
P00008_02	sp|P01763|HV348_HUMAN	66.667	99	123	117	1	99	20	115	1.27e-38	129	80
P00008_02	sp|P0DP02|HVC33_HUMAN	69.307	101	123	117	1	99	20	115	1.49e-38	129	80
P00008_02	sp|P0DP03|HVC05_HUMAN	69.307	101	123	117	1	99	20	115	2.55e-38	128	80
P00008_02	sp|P01768|HV330_HUMAN	69.307	101	123	117	1	99	20	115	2.55e-38	128	80
P00008_02	sp|P01786|HVM17_MOUSE	54.032	124	123	117	1	123	1	116	3.35e-38	127	100
P00008_03	sp|P01784|HV01_CANLF	60.976	123	123	114	1	123	1	113	7.51e-43	139	100
P00008_03	sp|P01764|HV323_HUMAN	71.287	101	123	117	1	99	20	115	7.16e-41	134	80
P00008_03	sp|A0A0J9YX35|HV64D_HUMAN	68.627	102	123	117	1	100	20	116	3.86e-40	132	81
P00008_03	sp|P01780|HV307_HUMAN	70.000	100	123	117	1	99	20	115	6.46e-40	132	80
P00008_03	sp|P01791|HVM22_MOUSE	55.556	126	123	123	1	123	1	122	6.71e-40	132	100
P00008_03	sp|P01786|HVM17_MOUSE	54.839	124	123	117	1	123	1	116	8.68e-40	132	100
P00008_03	sp|P01782|HV309_HUMAN	67.677	99	123	118	1	99	20	115	4.23e-39	130	80
P00008_03	sp|P01787|HVM18_MOUSE	54.762	126	123	123	1	123	1	122	5.67e-39	130	100
P00008_03	sp|A0A0B4J1X5|HV374_HUMAN	67.677	99	123	117	1	99	20	115	7.01e-39	129	80
P00008_03	sp|P01762|HV311_HUMAN	68.687	99	123	117	1	99	20	115	7.83e-39	129	80
P00008_03	sp|P01807|HVM37_MOUSE	57.258	124	123	119	1	123	1	117	9.17e-39	129	100
P00008_03	sp|P01788|HVM19_MOUSE	54.762	126	123	123	1	123	1	122	1.03e-38	129	100
P00008_03	sp|A0A0C4DH32|HV320_HUMAN	65.657	99	123	117	1	99	20	115	1.24e-38	129	80
P00008_03	sp|P0DP02|HVC33_HUMAN	71.287	101	123	117	1	99	20	115	1.46e-38	129	80
P00008_03	sp|A0A0B4J1V1|HV321_HUMAN	66.667	99	123	117	1	99	20	115	2.03e-38	128	80
P00008_03	sp|P0DP03|HVC05_HUMAN	71.287	101	123	117	1	99	20	115	2.12e-38	128	80
P00008_03	sp|P01768|HV330_HUMAN	71.287	101	123	117	1	99	20	115	2.12e-38	128	80
P00008_03	sp|P01810|HVM40_MOUSE	55.285	123	123	119	1	123	1	117	2.15e-38	128	100
P00008_03	sp|P01792|HVM23_MOUSE	54.762	126	123	123	1	123	1	122	2.62e-38	128	100
P00008_03	sp|P01763|HV348_HUMAN	67.327	101	123	117	1	99	20	115	2.81e-38	128	80
P00008_04	sp|P01784|HV01_CANLF	60.163	123	123	114	1	123	1	113	3.40e-42	137	100
P00008_04	sp|P01764|HV323_HUMAN	70.297	101	123	117	1	99	20	115	8.31e-40	132	80
P00008_04	sp|P01791|HVM22_MOUSE	56.349	126	123	123	1	123	1	122	1.14e-39	131	100
P00008_04	sp|A0A0J9YX35|HV64D_HUMAN	67.647	102	123	117	1	100	20	116	2.04e-39	130	81
P00008_04	sp|P01786|HVM17_MOUSE	54.839	124	123	117	1	123	1	116	4.73e-39	130	100
P00008_04	sp|P0DP02|HVC33_HUMAN	69.307	101	123	117	1	99	20	115	1.04e-38	129	80
P00008_04	sp|P01780|HV307_HUMAN	67.677	99	123	117	1	99	20	115	1.31e-38	129	80
P00008_04	sp|P0DP03|HVC05_HUMAN	69.307	101	123	117	1	99	20	115	1.41e-38	129	80
P00008_04	sp|P01768|HV330_HUMAN	69.307	101	123	117	1	99	20	115	1.41e-38	129	80
P00008_04	sp|A0A0B4J1X5|HV374_HUMAN	67.677	99	123	117	1	99	20	115	1.49e-38	129	80
P00008_04	sp|P01782|HV309_HUMAN	66.667	99	123	118	1	99	20	115	2.43e-38	128	80
P00008_04	sp|P0DOX5|IGG1_HUMAN	59.200	125	123	449	1	123	1	118	2.49e-38	137	100
P00008_04	sp|P01772|HV333_HUMAN	69.307	101	123	117	1	99	20	115	3.78e-38	127	80
P00008_04	sp|A0A0C4DH35|HV335_HUMAN	66.337	101	123	117	1	100	20	116	4.17e-38	127	81
P00008_04	sp|A0A0C4DH32|HV320_HUMAN	64.646	99	123	117	1	99	20	115	5.37e-38	127	80
P00008_04	sp|P01763|HV348_HUMAN	68.317	101	123	117	1	99	20	115	5.42e-38	127	80
P00008_04	sp|P01788|HVM19_MOUSE	55.469	128	123	123	1	123	1	122	6.93e-38	127	100
P00008_04	sp|P01807|HVM37_MOUSE	55.285	123	123	119	1	123	1	117	7.33e-38	127	100
P00008_04	sp|P01787|HVM18_MOUSE	55.469	128	123	123	1	123	1	122	7.65e-38	127	100
P00008_04	sp|P0DP04|HV43D_HUMAN	68.317	101	123	118	1	99	20	115	1.16e-37	126	80
P00008_05	sp|P01764|HV323_HUMAN	70.707	99	123	117	1	99	20	115	3.69e-42	137	80
P00008_05	sp|A0A0J9YX35|HV64D_HUMAN	68.000	100	123	117	1	100	20	116	8.75e-42	137	81
P00008_05	sp|P01784|HV01_CANLF	60.163	123	123	114	1	123	1	113	1.21e-41	136	100
P00008_05	sp|P01782|HV309_HUMAN	67.647	102	123	118	1	102	20	118	1.96e-41	136	83
P00008_05	sp|P01762|HV311_HUMAN	69.697	99	123	117	1	99	20	115	7.16e-41	134	80
P00008_05	sp|A0A0C4DH32|HV320_HUMAN	66.667	99	123	117	1	99	20	115	7.32e-41	134	80
P00008_05	sp|P01780|HV307_HUMAN	71.000	100	123	117	1	99	20	115	9.01e-41	134	80
P00008_05	sp|P0DP04|HV43D_HUMAN	66.667	102	123	118	1	102	20	118	1.70e-40	133	83
P00008_05	sp|A0A0B4J1X5|HV374_HUMAN	67.677	99	123	117	1	99	20	115	2.09e-40	133	80
P00008_05	sp|A0A0C4DH35|HV335_HUMAN	66.000	100	123	117	1	100	20	116	2.49e-40	133	81
P00008_05	sp|P0DP02|HVC33_HUMAN	72.000	100	123	117	1	99	20	115	2.58e-40	133	80
P00008_05	sp|P0DP03|HVC05_HUMAN	72.000	100	123	117	1	99	20	115	3.58e-40	132	80
P00008_05	sp|P01768|HV330_HUMAN	72.000	100	123	117	1	99	20	115	3.58e-40	132	80
P00008_05	sp|A0A0B4J1X8|HV343_HUMAN	65.686	102	123	118	1	102	20	118	5.65e-40	132	83
P00008_05	sp|P01791|HVM22_MOUSE	55.556	126	123	123	1	123	1	122	7.09e-40	132	100
P00008_05	sp|P01763|HV348_HUMAN	67.677	99	123	117	1	99	20	115	8.13e-40	132	80
P00008_05	sp|P01772|HV333_HUMAN	72.000	100	123	117	1	99	20	115	1.02e-39	131	80
P00008_05	sp|P01786|HVM17_MOUSE	54.839	124	123	117	1	123	1	116	1.06e-39	131	100
P00008_05	sp|P01807|HVM37_MOUSE	56.098	123	123	119	1	123	1	117	1.40e-39	131	100
P00008_05	sp|A0A075B6Q5|HV364_HUMAN	67.677	99	123	118	1	99	21	116	1.80e-39	131	80
P00008_06	sp|P01764|HV323_HUMAN	73.737	99	123	117	1	99	20	115	2.68e-42	138	80
P00008_06	sp|A0A0J9YX35|HV64D_HUMAN	71.000	100	123	117	1	100	20	116	1.04e-41	136	81
P00008_06	sp|P01784|HV01_CANLF	60.163	123	123	114	1	123	1	113	3.95e-41	135	100
P00008_06	sp|P01763|HV348_HUMAN	70.707	99	123	117	1	99	20	115	4.33e-41	135	80
P00008_06	sp|P01780|HV307_HUMAN	71.717	99	123	117	1	99	20	115	1.13e-40	134	80
P00008_06	sp|P01782|HV309_HUMAN	69.697	99	123	118	1	99	20	115	1.91e-40	133	80
P00008_06	sp|P0DP02|HVC33_HUMAN	75.000	100	123	117	1	99	20	115	2.97e-40	133	80
P00008_06	sp|P0DP03|HVC05_HUMAN	75.000	100	123	117	1	99	20	115	4.22e-40	132	80
P00008_06	sp|P01768|HV330_HUMAN	75.000	100	123	117	1	99	20	115	4.22e-40	132	80
P00008_06	sp|A0A0C4DH42|HV366_HUMAN	72.727	99	123	116	1	99	20	114	9.60e-40	131	80
P00008_06	sp|P01807|HVM37_MOUSE	57.724	123	123	119	1	123	1	117	1.16e-39	131	100
P00008_06	sp|P01772|HV333_HUMAN	75.000	100	123	117	1	99	20	115	1.18e-39	131	80
P00008_06	sp|P01767|HV353_HUMAN	71.717	99	123	116	1	99	20	114	1.70e-39	131	80
P00008_06	sp|A0A075B6Q5|HV364_HUMAN	70.707	99	123	118	1	99	21	116	1.74e-39	131	80
P00008_06	sp|P0DP04|HV43D_HUMAN	69.697	99	123	118	1	99	20	115	1.80e-39	131	80
P00008_06	sp|P01810|HVM40_MOUSE	57.724	123	123	119	1	123	1	117	2.36e-39	130	100
P00008_06	sp|P0DOX5|IGG1_HUMAN	61.789	123	123	449	1	123	1	118	2.41e-39	139	100
P00008_06	sp|A0A0C4DH32|HV320_HUMAN	67.677	99	123	117	1	99	20	115	2.74e-39	130	80
P00008_06	sp|P0DTE1|HV383_HUMAN	70.707	99	123	115	1	99	20	113	4.45e-39	130	80
P00008_06	sp|P19181|HV05_CARAU	71.717	99	123	116	1	99	20	114	5.29e-39	129	80
P00008_07	sp|P01784|HV01_CANLF	61.789	123	123	114	1	123	1	113	8.09e-46	147	100
P00008_07	sp|P01764|HV323_HUMAN	70.707	99	123	117	1	99	20	115	1.87e-42	138	80
P00008_07	sp|P01762|HV311_HUMAN	70.707	99	123	117	1	99	20	115	6.37e-42	137	80
P00008_07	sp|A0A0J9YX35|HV64D_HUMAN	68.000	100	123	117	1	100	20	116	8.57e-42	137	81
P00008_07	sp|P01807|HVM37_MOUSE	56.911	123	123	119	1	123	1	117	2.57e-41	135	100
P00008_07	sp|P01782|HV309_HUMAN	68.687	99	123	118	1	99	20	115	2.61e-41	135	80
P00008_07	sp|P01810|HVM40_MOUSE	56.911	123	123	119	1	123	1	117	4.91e-41	135	100
P00008_07	sp|P01780|HV307_HUMAN	68.687	99	123	117	1	99	20	115	9.41e-41	134	80
P00008_07	sp|A0A0C4DH32|HV320_HUMAN	66.667	99	123	117	1	99	20	115	1.18e-40	134	80
P00008_07	sp|A0A0B4J1X5|HV374_HUMAN	67.677	99	123	117	1	99	20	115	1.38e-40	134	80
P00008_07	sp|P0DP02|HVC33_HUMAN	69.697	99	123	117	1	99	20	115	2.28e-40	133	80
P00008_07	sp|A0A0C4DH35|HV335_HUMAN	67.000	100	123	117	1	100	20	116	2.47e-40	133	81
P00008_07	sp|P0DP03|HVC05_HUMAN	69.697	99	123	117	1	99	20	115	3.14e-40	133	80
P00008_07	sp|P01768|HV330_HUMAN	69.697	99	123	117	1	99	20	115	3.14e-40	133	80
P00008_07	sp|P01763|HV348_HUMAN	67.677	99	123	117	1	99	20	115	3.74e-40	132	80
P00008_07	sp|P01791|HVM22_MOUSE	55.556	126	123	123	1	123	1	122	7.57e-40	132	100
P00008_07	sp|P0DP04|HV43D_HUMAN	67.677	99	123	118	1	99	20	115	7.76e-40	132	80
P00008_07	sp|A0A075B6Q5|HV364_HUMAN	67.677	99	123	118	1	99	21	116	1.22e-39	131	80
P00008_07	sp|P01772|HV333_HUMAN	69.697	99	123	117	1	99	20	115	1.30e-39	131	80
P00008_07	sp|A0A0B4J1X8|HV343_HUMAN	66.667	99	123	118	1	99	20	115	2.58e-39	130	80
P00008_08	sp|P01784|HV01_CANLF	60.163	123	123	114	1	123	1	113	1.40e-41	136	100
P00008_08	sp|P01764|HV323_HUMAN	70.297	101	123	117	1	99	20	115	4.03e-40	132	80
P00008_08	sp|A0A0J9YX35|HV64D_HUMAN	68.627	102	123	117	1	100	20	116	1.07e-39	131	81
P00008_08	sp|P01786|HVM17_MOUSE	54.032	124	123	117	1	123	1	116	1.99e-39	130	100
P00008_08	sp|P01791|HVM22_MOUSE	55.556	126	123	123	1	123	1	122	2.69e-39	130	100
P00008_08	sp|P01780|HV307_HUMAN	69.000	100	123	117	1	99	20	115	7.49e-39	129	80
P00008_08	sp|A0A0B4J1X5|HV374_HUMAN	69.000	100	123	117	1	99	20	115	1.21e-38	129	80
P00008_08	sp|A0A0C4DH35|HV335_HUMAN	67.327	101	123	117	1	100	20	116	1.63e-38	128	81
P00008_08	sp|P0DP02|HVC33_HUMAN	71.287	101	123	117	1	99	20	115	2.09e-38	128	80
P00008_08	sp|P01787|HVM18_MOUSE	54.762	126	123	123	1	123	1	122	2.11e-38	128	100
P00008_08	sp|P01782|HV309_HUMAN	66.667	99	123	118	1	99	20	115	2.21e-38	128	80
P00008_08	sp|P01762|HV311_HUMAN	67.677	99	123	117	1	99	20	115	3.01e-38	128	80
P00008_08	sp|A0A0B4J1Y9|HV372_HUMAN	66.337	101	123	119	1	99	20	117	3.16e-38	128	80
P00008_08	sp|P01788|HVM19_MOUSE	54.762	126	123	123	1	123	1	122	3.41e-38	128	100
P00008_08	sp|P0DP03|HVC05_HUMAN	71.287	101	123	117	1	99	20	115	3.46e-38	127	80
P00008_08	sp|P01768|HV330_HUMAN	71.287	101	123	117	1	99	20	115	3.46e-38	127	80
P00008_08	sp|P01807|HVM37_MOUSE	58.065	124	123	119	1	123	1	117	4.19e-38	127	100
P00008_08	sp|A0A0C4DH32|HV320_HUMAN	64.646	99	123	117	1	99	20	115	5.86e-38	127	80
P00008_08	sp|P01772|HV333_HUMAN	69.307	101	123	117	1	99	20	115	8.31e-38	127	80
P00008_08	sp|A0A0B4J1V1|HV321_HUMAN	65.657	99	123	117	1	99	20	115	9.48e-38	126	80
P00009_00	sp|P01784|HV01_CANLF	59.350	123	123	114	1	123	1	113	6.58e-40	132	100
P00009_00	sp|P01780|HV307_HUMAN	68.000	100	123	117	1	97	20	115	1.48e-39	131	79
P00009_00	sp|P01764|HV323_HUMAN	70.408	98	123	117	1	97	20	115	6.08e-39	129	79
P00009_00	sp|P01762|HV311_HUMAN	70.000	100	123	117	1	97	20	115	6.15e-39	129	79
P00009_00	sp|A0A0C4DH35|HV335_HUMAN	69.388	98	123	117	1	97	20	115	9.22e-39	129	79
P00009_00	sp|A0A0B4J1X5|HV374_HUMAN	67.000	100	123	117	1	97	20	115	1.61e-38	128	79
P00009_00	sp|P01763|HV348_HUMAN	68.367	98	123	117	1	97	20	115	2.21e-38	128	79
P00009_00	sp|P0DP02|HVC33_HUMAN	70.408	98	123	117	1	97	20	115	3.17e-38	127	79
P00009_00	sp|P0DP03|HVC05_HUMAN	70.408	98	123	117	1	97	20	115	3.58e-38	127	79
P00009_00	sp|P01768|HV330_HUMAN	70.408	98	123	117	1	97	20	115	3.58e-38	127	79
P00009_00	sp|A0A0J9YX35|HV64D_HUMAN	68.367	98	123	117	1	97	20	115	5.86e-38	127	79
P00009_00	sp|P01772|HV333_HUMAN	70.408	98	123	117	1	97	20	115	9.27e-38	126	79
P00009_00	sp|P01791|HVM22_MOUSE	54.688	128	123	123	1	123	1	122	2.05e-37	126	100
P00009_00	sp|P0DTE1|HV383_HUMAN	69.697	99	123	115	1	98	20	114	2.85e-37	125	80
P00009_00	sp|P01807|HVM37_MOUSE	55.118	127	123	119	1	123	1	117	4.21e-37	125	100
P00009_00	sp|A0A0B4J1Y9|HV372_HUMAN	65.686	102	123	119	1	97	20	117	7.36e-37	124	79
P00009_00	sp|A0A0C4DH36|HV338_HUMAN	70.408	98	123	116	1	97	20	113	7.76e-37	124	79
P00009_00	sp|P01810|HVM40_MOUSE	55.118	127	123	119	1	123	1	117	8.21e-37	124	100
P00009_00	sp|A0A0C4DH42|HV366_HUMAN	71.717	99	123	116	1	97	20	114	1.09e-36	124	79
P00009_00	sp|P01787|HVM18_MOUSE	53.906	128	123	123	1	123	1	122	1.34e-36	124	100
P00009_01	sp|P01784|HV01_CANLF	59.350	123	123	114	1	123	1	113	3.34e-40	132	100
P00009_01	sp|P01764|HV323_HUMAN	70.103	97	123	117	1	97	20	115	1.67e-39	131	79
P00009_01	sp|A0A0C4DH42|HV366_HUMAN	72.449	98	123	116	1	97	20	114	5.59e-39	129	79
P00009_01	sp|P01763|HV348_HUMAN	68.041	97	123	117	1	97	20	115	6.79e-39	129	79
P00009_01	sp|A0A0B4J1Y9|HV372_HUMAN	67.677	99	123	119	1	97	20	117	9.07e-39	129	79
P00009_01	sp|P01762|HV311_HUMAN	69.072	97	123	117	1	97	20	115	1.24e-38	129	79
P00009_01	sp|P01767|HV353_HUMAN	71.429	98	123	116	1	97	20	114	1.27e-38	129	79
P00009_01	sp|P01780|HV307_HUMAN	69.072	97	123	117	1	97	20	115	2.36e-38	128	79
P00009_01	sp|P01791|HVM22_MOUSE	55.200	125	123	123	1	123	1	122	2.45e-38	128	100
P00009_01	sp|A0A0B4J1X5|HV374_HUMAN	68.041	97	123	117	1	97	20	115	2.72e-38	128	79
P00009_01	sp|P01810|HVM40_MOUSE	56.452	124	123	119	1	123	1	117	2.77e-38	128	100
P00009_01	sp|P19181|HV05_CARAU	71.429	98	123	116	1	97	20	114	3.44e-38	127	79
P00009_01	sp|P01811|HVM41_MOUSE	52.846	123	123	117	1	123	1	116	3.62e-38	127	100
P00009_01	sp|P01785|HV02_CANLF	57.724	123	123	117	1	123	1	116	5.25e-38	127	100
P00009_01	sp|P01807|HVM37_MOUSE	56.452	124	123	119	1	123	1	117	5.57e-38	127	100
P00009_01	sp|P01792|HVM23_MOUSE	53.600	125	123	123	1	123	1	122	6.28e-38	127	100
P00009_01	sp|P0DP02|HVC33_HUMAN	71.000	100	123	117	1	97	20	115	8.13e-38	127	79
P00009_01	sp|A0A0J9YX35|HV64D_HUMAN	67.010	97	123	117	1	97	20	115	1.45e-37	126	79
P00009_01	sp|A0A0B4J1V0|HV315_HUMAN	65.657	99	123	119	1	97	20	117	1.48e-37	126	79
P00009_01	sp|P0DP03|HVC05_HUMAN	71.000	100	123	117	1	97	20	115	1.71e-37	126	79
P00009_02	sp|P01764|HV323_HUMAN	70.408	98	123	117	1	97	20	115	3.44e-39	130	79
P00009_02	sp|P01780|HV307_HUMAN	68.000	100	123	117	1	97	20	115	3.56e-39	130	79
P00009_02	sp|P01762|HV311_HUMAN	68.000	100	123	117	1	97	20	115	2.34e-38	128	79
P00009_02	sp|P01763|HV348_HUMAN	67.347	98	123	117	1	97	20	115	6.25e-38	127	79
P00009_02	sp|A0A0C4DH42|HV366_HUMAN	70.297	101	123	116	1	97	20	114	8.07e-38	127	79
P00009_02	sp|P01791|HVM22_MOUSE	55.469	128	123	123	1	123	1	122	1.31e-37	126	100
P00009_02	sp|P01784|HV01_CANLF	60.000	125	123	114	1	123	1	113	1.31e-37	126	100
P00009_02	sp|P01785|HV02_CANLF	58.065	124	123	117	1	123	1	116	1.40e-37	126	100
P00009_02	sp|A0A0J9YX35|HV64D_HUMAN	67.347	98	123	117	1	97	20	115	1.71e-37	126	79
P00009_02	sp|A0A0B4J1X5|HV374_HUMAN	66.000	100	123	117	1	97	20	115	1.79e-37	125	79
P00009_02	sp|P0DP02|HVC33_HUMAN	70.297	101	123	117	1	97	20	115	2.54e-37	125	79
P00009_02	sp|P01767|HV353_HUMAN	69.307	101	123	116	1	97	20	114	2.72e-37	125	79
P00009_02	sp|P0DP03|HVC05_HUMAN	69.388	98	123	117	1	97	20	115	3.33e-37	125	79
P00009_02	sp|P01768|HV330_HUMAN	69.388	98	123	117	1	97	20	115	3.33e-37	125	79
P00009_02	sp|A0A0C4DH35|HV335_HUMAN	67.347	98	123	117	1	97	20	115	3.41e-37	125	79
P00009_02	sp|A0A0B4J1V1|HV321_HUMAN	66.327	98	123	117	1	97	20	115	3.88e-37	125	79
P00009_02	sp|A0A0B4J1V0|HV315_HUMAN	67.000	100	123	119	1	97	20	117	4.21e-37	125	79
P00009_02	sp|P19181|HV05_CARAU	69.307	101	123	116	1	97	20	114	6.30e-37	124	79
P00009_02	sp|P01772|HV333_HUMAN	69.388	98	123	117	1	97	20	115	8.35e-37	124	79
P00009_02	sp|P01795|HVM26_MOUSE	53.906	128	123	144	1	123	20	143	9.14e-37	125	100
P00009_03	sp|P0DP02|HVC33_HUMAN	72.000	100	123	117	1	97	20	115	8.73e-39	129	79
P00009_03	sp|P01763|HV348_HUMAN	70.000	100	123	117	1	97	20	115	1.96e-38	128	79
P00009_03	sp|P0DP03|HVC05_HUMAN	70.588	102	123	117	1	99	20	117	2.07e-38	128	80
P00009_03	sp|P01768|HV330_HUMAN	70.588	102	123	117	1	99	20	117	2.07e-38	128	80
P00009_03	sp|P01780|HV307_HUMAN	69.000	100	123	117	1	97	20	115	4.86e-38	127	79
P00009_03	sp|P01784|HV01_CANLF	59.524	126	123	114	1	123	1	113	7.35e-38	127	100
P00009_03	sp|P01772|HV333_HUMAN	71.000	100	123	117	1	97	20	115	7.53e-38	127	79
P00009_03	sp|P01764|HV323_HUMAN	68.317	101	123	117	1	99	20	117	2.40e-37	125	80
P00009_03	sp|A0A0J9YX35|HV64D_HUMAN	67.327	101	123	117	1	99	20	117	3.48e-37	125	80
P00009_03	sp|A0A0C4DH42|HV366_HUMAN	68.000	100	123	116	1	97	20	114	3.65e-37	125	79
P00009_03	sp|P01767|HV353_HUMAN	67.000	100	123	116	1	97	20	114	2.24e-36	123	79
P00009_03	sp|P01782|HV309_HUMAN	63.000	100	123	118	1	100	20	118	2.80e-36	123	81
P00009_03	sp|A0A0B4J1X5|HV374_HUMAN	67.010	97	123	117	1	97	20	115	3.39e-36	122	79
P00009_03	sp|A0A0C4DH35|HV335_HUMAN	62.626	99	123	117	1	99	20	117	4.96e-36	122	80
P00009_03	sp|P19181|HV05_CARAU	67.000	100	123	116	1	97	20	114	5.62e-36	122	79
P00009_03	sp|A0A0B4J1V1|HV321_HUMAN	65.979	97	123	117	1	97	20	115	5.79e-36	122	79
P00009_03	sp|P01762|HV311_HUMAN	67.010	97	123	117	1	97	20	115	6.25e-36	122	79
P00009_03	sp|P01785|HV02_CANLF	56.000	125	123	117	1	123	1	116	9.36e-36	121	100
P00009_03	sp|P01799|HVM30_MOUSE	54.032	124	123	113	1	122	1	113	1.03e-35	121	99
P00009_03	sp|A0A0B4J1V6|HV373_HUMAN	61.386	101	123	119	1	99	20	119	1.36e-35	121	80
P00009_04	sp|P01764|HV323_HUMAN	71.134	97	123	117	1	97	20	115	2.39e-40	133	79
P00009_04	sp|P01780|HV307_HUMAN	70.103	97	123	117	1	97	20	115	6.60e-40	132	79
P00009_04	sp|P01784|HV01_CANLF	59.350	123	123	114	1	123	1	113	7.59e-40	132	100
P00009_04	sp|P01791|HVM22_MOUSE	56.800	125	123	123	1	123	1	122	1.58e-39	131	100
P00009_04	sp|P01763|HV348_HUMAN	68.041	97	123	117	1	97	20	115	2.04e-39	130	79
P00009_04	sp|P0DP02|HVC33_HUMAN	70.103	97	123	117	1	97	20	115	7.25e-39	129	79
P00009_04	sp|P01792|HVM23_MOUSE	56.000	125	123	123	1	123	1	122	1.01e-38	129	100
P00009_04	sp|A0A0J9YX35|HV64D_HUMAN	68.041	97	123	117	1	97	20	115	1.04e-38	129	79
P00009_04	sp|P01762|HV311_HUMAN	70.103	97	123	117	1	97	20	115	1.11e-38	129	79
P00009_04	sp|P01793|HVM24_MOUSE	56.800	125	123	123	1	123	1	122	1.34e-38	129	100
P00009_04	sp|P0DP03|HVC05_HUMAN	70.103	97	123	117	1	97	20	115	1.53e-38	129	79
P00009_04	sp|P01768|HV330_HUMAN	70.103	97	123	117	1	97	20	115	1.53e-38	129	79
P00009_04	sp|P01790|HVM21_MOUSE	56.000	125	123	122	1	123	1	121	2.04e-38	128	100
P00009_04	sp|P01795|HVM26_MOUSE	55.200	125	123	144	1	123	20	143	2.28e-38	129	100
P00009_04	sp|A0A0C4DH42|HV366_HUMAN	71.134	97	123	116	1	97	20	114	2.85e-38	128	79
P00009_04	sp|P01788|HVM19_MOUSE	56.000	125	123	123	1	123	1	122	3.56e-38	128	100
P00009_04	sp|P01772|HV333_HUMAN	70.103	97	123	117	1	97	20	115	3.82e-38	127	79
P00009_04	sp|A0A0C4DH35|HV335_HUMAN	68.041	97	123	117	1	97	20	115	4.08e-38	127	79
P00009_04	sp|P01787|HVM18_MOUSE	56.000	125	123	123	1	123	1	122	4.15e-38	127	100
P00009_04	sp|A0A0B4J1V0|HV315_HUMAN	67.677	99	123	119	1	97	20	117	6.43e-38	127	79
P00009_05	sp|P01764|HV323_HUMAN	69.697	99	123	117	1	99	20	117	1.67e-39	131	80
P00009_05	sp|P01784|HV01_CANLF	58.537	123	123	114	1	123	1	113	4.88e-39	130	100
P00009_05	sp|P01763|HV348_HUMAN	65.657	99	123	117	1	99	20	117	5.19e-38	127	80
P00009_05	sp|A0A0B4J1Y9|HV372_HUMAN	65.347	101	123	119	1	99	20	119	6.94e-38	127	80
P00009_05	sp|P01785|HV02_CANLF	56.911	123	123	117	1	123	1	116	7.61e-38	127	100
P00009_05	sp|P01780|HV307_HUMAN	67.677	99	123	117	1	99	20	117	7.70e-38	127	80
P00009_05	sp|A0A0C4DH42|HV366_HUMAN	67.677	99	123	116	1	99	20	116	2.33e-37	125	80
P00009_05	sp|A0A0J9YX35|HV64D_HUMAN	66.667	99	123	117	1	99	20	117	2.80e-37	125	80
P00009_05	sp|P01791|HVM22_MOUSE	53.600	125	123	123	1	123	1	122	3.90e-37	125	100
P00009_05	sp|P01762|HV311_HUMAN	66.667	99	123	117	1	99	20	117	4.06e-37	125	80
P00009_05	sp|P01786|HVM17_MOUSE	53.226	124	123	117	1	123	1	116	4.48e-37	125	100
P00009_05	sp|P01767|HV353_HUMAN	66.667	99	123	116	1	99	20	116	8.95e-37	124	80
P00009_05	sp|P01772|HV333_HUMAN	67.619	105	123	117	1	99	20	117	9.95e-37	124	80
P00009_05	sp|P0DP03|HVC05_HUMAN	67.677	99	123	117	1	99	20	117	1.72e-36	123	80
P00009_05	sp|P01768|HV330_HUMAN	67.677	99	123	117	1	99	20	117	1.72e-36	123	80
P00009_05	sp|P01805|HVR01_RAT	53.600	125	123	142	1	123	20	141	1.75e-36	124	100
P00009_05	sp|P0DP02|HVC33_HUMAN	67.677	99	123	117	1	99	20	117	2.03e-36	123	80
P00009_05	sp|P01788|HVM19_MOUSE	53.543	127	123	123	1	123	1	122	2.10e-36	123	100
P00009_05	sp|P19181|HV05_CARAU	66.667	99	123	116	1	99	20	116	2.19e-36	123	80
P00009_05	sp|A0A0B4J1V1|HV321_HUMAN	64.646	99	123	117	1	99	20	117	2.33e-36	123	80
P00009_06	sp|P01764|HV323_HUMAN	70.408	98	123	117	1	97	20	115	3.64e-39	130	79
P00009_06	sp|P01780|HV307_HUMAN	69.388	98	123	117	1	97	20	115	1.06e-38	129	79
P00009_06	sp|A0A0J9YX35|HV64D_HUMAN	68.367	98	123	117	1	97	20	115	1.35e-38	129	79
P00009_06	sp|P01763|HV348_HUMAN	68.367	98	123	117	1	97	20	115	2.41e-38	128	79
P00009_06	sp|P0DP03|HVC05_HUMAN	71.717	99	123	117	1	97	20	115	3.82e-38	127	79
P00009_06	sp|P01768|HV330_HUMAN	71.717	99	123	117	1	97	20	115	3.82e-38	127	79
P00009_06	sp|P0DP02|HVC33_HUMAN	70.408	98	123	117	1	97	20	115	5.03e-38	127	79
P00009_06	sp|P01772|HV333_HUMAN	71.717	99	123	117	1	97	20	115	1.03e-37	126	79
P00009_06	sp|A0A0B4J1X5|HV374_HUMAN	68.367	98	123	117	1	97	20	115	1.09e-37	126	79
P00009_06	sp|P01762|HV311_HUMAN	70.707	99	123	117	1	97	20	115	1.47e-37	126	79
P00009_06	sp|P01784|HV01_CANLF	58.537	123	123	114	1	123	1	113	1.71e-37	125	100
P00009_06	sp|A0A0B4J1Y9|HV372_HUMAN	68.000	100	123	119	1	97	20	117	2.36e-37	125	79
P00009_06	sp|P01785|HV02_CANLF	58.065	124	123	117	1	123	1	116	2.71e-37	125	100
P00009_06	sp|A0A0C4DH35|HV335_HUMAN	67.347	98	123	117	1	97	20	115	3.37e-37	125	79
P00009_06	sp|A0A0C4DH42|HV366_HUMAN	69.388	98	123	116	1	97	20	114	4.12e-37	125	79
P00009_06	sp|A0A075B6Q5|HV364_HUMAN	67.347	98	123	118	1	97	21	116	1.01e-36	124	79
P00009_06	sp|P01767|HV353_HUMAN	68.367	98	123	116	1	97	20	114	1.04e-36	124	79
P00009_06	sp|P0DP04|HV43D_HUMAN	67.347	98	123	118	1	97	20	115	1.29e-36	124	79
P00009_06	sp|P01810|HVM40_MOUSE	55.645	124	123	119	1	123	1	117	1.53e-36	124	100
P00009_06	sp|P01807|HVM37_MOUSE	55.645	124	123	119	1	123	1	117	1.58e-36	123	100
P00009_07	sp|P01784|HV01_CANLF	59.350	123	123	114	1	123	1	113	4.71e-41	135	100
P00009_07	sp|P01764|HV323_HUMAN	70.103	97	123	117	1	97	20	115	4.50e-40	132	79
P00009_07	sp|A0A0C4DH42|HV366_HUMAN	72.449	98	123	116	1	97	20	114	7.07e-40	132	79
P00009_07	sp|P01763|HV348_HUMAN	68.041	97	123	117	1	97	20	115	1.00e-39	131	79
P00009_07	sp|P01767|HV353_HUMAN	71.429	98	123	116	1	97	20	114	2.36e-39	130	79
P00009_07	sp|P01785|HV02_CANLF	57.724	123	123	117	1	123	1	116	2.80e-39	130	100
P00009_07	sp|A0A0B4J1X5|HV374_HUMAN	68.041	97	123	117	1	97	20	115	3.16e-39	130	79
P00009_07	sp|P01780|HV307_HUMAN	69.072	97	123	117	1	97	20	115	4.53e-39	130	79
P00009_07	sp|P19181|HV05_CARAU	71.429	98	123	116	1	97	20	114	5.84e-39	129	79
P00009_07	sp|P01762|HV311_HUMAN	68.041	97	123	117	1	97	20	115	9.53e-39	129	79
P00009_07	sp|P01799|HVM30_MOUSE	55.645	124	123	113	1	122	1	113	1.15e-38	129	99
P00009_07	sp|P01807|HVM37_MOUSE	55.645	124	123	119	1	123	1	117	1.62e-38	129	100
P00009_07	sp|A0A0B4J1V0|HV315_HUMAN	66.667	99	123	119	1	97	20	117	1.71e-38	128	79
P00009_07	sp|A0A0J9YX35|HV64D_HUMAN	67.010	97	123	117	1	97	20	115	2.31e-38	128	79
P00009_07	sp|P0DP02|HVC33_HUMAN	69.072	97	123	117	1	97	20	115	4.76e-38	127	79
P00009_07	sp|A0A0C4DH35|HV335_HUMAN	67.010	97	123	117	1	97	20	115	4.76e-38	127	79
P00009_07	sp|P01811|HVM41_MOUSE	51.220	123	123	117	1	123	1	116	7.87e-38	127	100
P00009_07	sp|P01810|HVM40_MOUSE	54.839	124	123	119	1	123	1	117	8.73e-38	127	100
P00009_07	sp|P01796|HVM27_MOUSE	54.839	124	123	113	1	122	1	113	9.08e-38	126	99
P00009_07	sp|P0DP03|HVC05_HUMAN	69.072	97	123	117	1	97	20	115	9.58e-38	126	79
P00009_08	sp|P01764|HV323_HUMAN	67.677	99	123	117	1	99	20	117	1.43e-40	134	80
P00009_08	sp|P01784|HV01_CANLF	57.724	123	123	114	1	123	1	113	3.38e-40	132	100
P00009_08	sp|P01780|HV307_HUMAN	66.667	99	123	117	1	99	20	117	7.69e-40	132	80
P00009_08	sp|P01763|HV348_HUMAN	65.657	99	123	117	1	99	20	117	1.48e-39	131	80
P00009_08	sp|P01762|HV311_HUMAN	65.657	99	123	117	1	99	20	117	3.41e-39	130	80
P00009_08	sp|P0DP02|HVC33_HUMAN	66.667	99	123	117	1	99	20	117	2.03e-38	128	80
P00009_08	sp|P01785|HV02_CANLF	56.911	123	123	117	1	123	1	116	2.26e-38	128	100
P00009_08	sp|A0A0B4J1X5|HV374_HUMAN	64.646	99	123	117	1	99	20	117	2.58e-38	128	80
P00009_08	sp|A0A0J9YX35|HV64D_HUMAN	64.646	99	123	117	1	99	20	117	3.24e-38	127	80
P00009_08	sp|P0DP03|HVC05_HUMAN	66.667	99	123	117	1	99	20	117	3.35e-38	127	80
P00009_08	sp|P01768|HV330_HUMAN	66.667	99	123	117	1	99	20	117	3.35e-38	127	80
P00009_08	sp|P01791|HVM22_MOUSE	53.600	125	123	123	1	123	1	122	3.64e-38	128	100
P00009_08	sp|A0A0C4DH35|HV335_HUMAN	64.948	97	123	117	1	97	20	115	4.26e-38	127	79
P00009_08	sp|A0A0B4J1V1|HV321_HUMAN	63.636	99	123	117	1	99	20	117	5.48e-38	127	80
P00009_08	sp|A0A0C4DH42|HV366_HUMAN	67.961	103	123	116	1	99	20	116	5.94e-38	127	80
P00009_08	sp|A0A0B4J1V0|HV315_HUMAN	65.657	99	123	119	1	97	20	117	6.86e-38	127	79
P00009_08	sp|P01772|HV333_HUMAN	66.667	99	123	117	1	99	20	117	7.87e-38	127	80
P00009_08	sp|P01807|HVM37_MOUSE	52.846	123	123	119	1	123	1	117	1.24e-37	126	100
P00009_08	sp|P01767|HV353_HUMAN	66.990	103	123	116	1	99	20	116	1.47e-37	126	80
P00009_08	sp|A0A0B4J1Y9|HV372_HUMAN	64.356	101	123	119	1	99	20	119	1.52e-37	126	80
P00010_00	sp|P01784|HV01_CANLF	59.524	126	125	114	1	125	1	113	3.93e-40	132	100
P00010_00	sp|P01767|HV353_HUMAN	68.367	98	125	116	1	98	20	115	1.81e-39	131	78
P00010_00	sp|P19181|HV05_CARAU	68.367	98	125	116	1	98	20	115	5.90e-39	129	78
P00010_00	sp|A0A0C4DH42|HV366_HUMAN	68.367	98	125	116	1	98	20	115	9.55e-39	129	78
P00010_00	sp|P01785|HV02_CANLF	56.000	125	125	117	1	125	1	116	1.52e-38	129	100
P00010_00	sp|P01780|HV307_HUMAN	69.000	100	125	117	1	98	20	116	1.82e-38	128	78
P00010_00	sp|A0A0C4DH36|HV338_HUMAN	67.347	98	125	116	1	98	20	114	2.95e-38	128	78
P00010_00	sp|P0DTE1|HV383_HUMAN	68.041	97	125	115	1	97	20	113	3.12e-38	128	78
P00010_00	sp|P01764|HV323_HUMAN	70.707	99	125	117	1	98	20	116	3.95e-38	127	78
P00010_00	sp|P0DP02|HVC33_HUMAN	69.697	99	125	117	1	98	20	116	4.31e-38	127	78
P00010_00	sp|P01762|HV311_HUMAN	67.347	98	125	117	1	98	20	116	9.37e-38	127	78
P00010_00	sp|P01763|HV348_HUMAN	66.327	98	125	117	1	98	20	116	1.02e-37	126	78
P00010_00	sp|P0DP03|HVC05_HUMAN	69.697	99	125	117	1	98	20	116	1.62e-37	126	78
P00010_00	sp|P01768|HV330_HUMAN	69.697	99	125	117	1	98	20	116	1.62e-37	126	78
P00010_00	sp|P01799|HVM30_MOUSE	55.556	126	125	113	1	124	1	113	2.92e-37	125	99
P00010_00	sp|A0A0J9YX35|HV64D_HUMAN	69.388	98	125	117	1	97	20	115	5.51e-37	124	78
P00010_00	sp|P01772|HV333_HUMAN	69.697	99	125	117	1	98	20	116	5.51e-37	124	78
P00010_00	sp|A0A0B4J1V1|HV321_HUMAN	65.306	98	125	117	1	98	20	116	5.88e-37	124	78
P00010_00	sp|A0A0B4J1X5|HV374_HUMAN	66.327	98	125	117	1	98	20	116	2.72e-36	123	78
P00010_00	sp|P01807|HVM37_MOUSE	53.600	125	125	119	1	125	1	117	3.25e-36	123	100
P00010_01	sp|P01767|HV353_HUMAN	70.408	98	125	116	1	98	20	115	3.96e-40	132	78
P00010_01	sp|A0A0C4DH42|HV366_HUMAN	71.717	99	125	116	1	98	20	115	5.20e-40	132	78
P00010_01	sp|P01784|HV01_CANLF	60.630	127	125	114	1	125	1	113	5.58e-40	132	100
P00010_01	sp|P19181|HV05_CARAU	70.408	98	125	116	1	98	20	115	1.29e-39	131	78
P00010_01	sp|P01807|HVM37_MOUSE	57.600	125	125	119	1	125	1	117	1.80e-39	131	100
P00010_01	sp|A0A0C4DH36|HV338_HUMAN	69.388	98	125	116	1	98	20	114	4.59e-39	130	78
P00010_01	sp|P0DTE1|HV383_HUMAN	70.103	97	125	115	1	97	20	113	4.60e-39	130	78
P00010_01	sp|P01780|HV307_HUMAN	68.367	98	125	117	1	98	20	116	6.35e-39	129	78
P00010_01	sp|P01785|HV02_CANLF	56.000	125	125	117	1	125	1	116	6.64e-39	129	100
P00010_01	sp|P01764|HV323_HUMAN	69.388	98	125	117	1	98	20	116	1.35e-38	129	78
P00010_01	sp|P0DP02|HVC33_HUMAN	70.707	99	125	117	1	98	20	116	1.59e-38	129	78
P00010_01	sp|P0DP03|HVC05_HUMAN	70.707	99	125	117	1	98	20	116	2.36e-38	128	78
P00010_01	sp|P01768|HV330_HUMAN	70.707	99	125	117	1	98	20	116	2.36e-38	128	78
P00010_01	sp|P01810|HVM40_MOUSE	56.800	125	125	119	1	125	1	117	2.80e-38	128	100
P00010_01	sp|P01762|HV311_HUMAN	68.367	98	125	117	1	98	20	116	3.35e-38	127	78
P00010_01	sp|P01772|HV333_HUMAN	70.707	99	125	117	1	98	20	116	4.60e-38	127	78
P00010_01	sp|P01763|HV348_HUMAN	67.347	98	125	117	1	98	20	116	5.02e-38	127	78
P00010_01	sp|P01799|HVM30_MOUSE	56.589	129	125	113	1	124	1	113	6.46e-38	127	99
P00010_01	sp|A0A0B4J1V1|HV321_HUMAN	66.327	98	125	117	1	98	20	116	8.58e-38	127	78
P00010_01	sp|P01805|HVR01_RAT	55.469	128	125	142	1	125	20	141	2.51e-37	126	100
P00010_02	sp|P01784|HV01_CANLF	58.400	125	125	114	1	125	1	113	1.88e-42	138	100
P00010_02	sp|P01780|HV307_HUMAN	70.408	98	125	117	1	98	20	116	2.51e-42	138	78
P00010_02	sp|P0DP02|HVC33_HUMAN	70.408	98	125	117	1	98	20	116	1.02e-40	134	78
P00010_02	sp|P0DP03|HVC05_HUMAN	70.408	98	125	117	1	98	20	116	1.56e-40	134	78
P00010_02	sp|P01768|HV330_HUMAN	70.408	98	125	117	1	98	20	116	1.56e-40	134	78
P00010_02	sp|P01764|HV323_HUMAN	70.408	98	125	117	1	98	20	116	3.00e-40	133	78
P00010_02	sp|A0A0B4J1X5|HV374_HUMAN	69.388	98	125	117	1	98	20	116	4.40e-40	132	78
P00010_02	sp|P01772|HV333_HUMAN	70.408	98	125	117	1	98	20	116	4.75e-40	132	78
P00010_02	sp|P01807|HVM37_MOUSE	56.000	125	125	119	1	125	1	117	6.02e-40	132	100
P00010_02	sp|P01762|HV311_HUMAN	68.367	98	125	117	1	98	20	116	6.82e-40	132	78
P00010_02	sp|P01767|HV353_HUMAN	69.388	98	125	116	1	98	20	115	8.70e-40	132	78
P00010_02	sp|P01763|HV348_HUMAN	68.367	98	125	117	1	98	20	116	1.27e-39	131	78
P00010_02	sp|A0A0B4J1V1|HV321_HUMAN	67.347	98	125	117	1	98	20	116	1.34e-39	131	78
P00010_02	sp|A0A0C4DH42|HV366_HUMAN	69.388	98	125	116	1	98	20	115	1.49e-39	131	78
P00010_02	sp|P01799|HVM30_MOUSE	56.349	126	125	113	1	124	1	113	1.58e-39	131	99
P00010_02	sp|P01810|HVM40_MOUSE	55.200	125	125	119	1	125	1	117	2.55e-39	130	100
P00010_02	sp|P19181|HV05_CARAU	69.388	98	125	116	1	98	20	115	2.63e-39	130	78
P00010_02	sp|A0A0J9YX35|HV64D_HUMAN	69.072	97	125	117	1	97	20	115	4.63e-39	130	78
P00010_02	sp|P01796|HVM27_MOUSE	55.556	126	125	113	1	124	1	113	1.70e-38	128	99
P00010_02	sp|P01801|HVM32_MOUSE	55.118	127	125	115	1	125	1	114	2.02e-38	128	100
P00010_03	sp|P01780|HV307_HUMAN	69.388	98	125	117	1	98	20	116	9.94e-41	134	78
P00010_03	sp|P01807|HVM37_MOUSE	56.800	125	125	119	1	125	1	117	4.78e-40	132	100
P00010_03	sp|P01784|HV01_CANLF	59.524	126	125	114	1	125	1	113	5.40e-40	132	100
P00010_03	sp|P01810|HVM40_MOUSE	56.589	129	125	119	1	125	1	117	1.43e-39	131	100
P00010_03	sp|A0A0B4J1X5|HV374_HUMAN	68.367	98	125	117	1	98	20	116	2.92e-39	130	78
P00010_03	sp|P0DP02|HVC33_HUMAN	69.388	98	125	117	1	98	20	116	6.42e-39	129	78
P00010_03	sp|P01764|HV323_HUMAN	69.388	98	125	117	1	98	20	116	7.01e-39	129	78
P00010_03	sp|P0DP03|HVC05_HUMAN	69.388	98	125	117	1	98	20	116	7.57e-39	129	78
P00010_03	sp|P01768|HV330_HUMAN	69.388	98	125	117	1	98	20	116	7.57e-39	129	78
P00010_03	sp|P01799|HVM30_MOUSE	56.349	126	125	113	1	124	1	113	2.66e-38	128	99
P00010_03	sp|P01772|HV333_HUMAN	69.388	98	125	117	1	98	20	116	4.86e-38	127	78
P00010_03	sp|A0A0C4DH42|HV366_HUMAN	70.000	100	125	116	1	98	20	115	5.44e-38	127	78
P00010_03	sp|A0A0B4J1V1|HV321_HUMAN	66.327	98	125	117	1	98	20	116	5.85e-38	127	78
P00010_03	sp|P01763|HV348_HUMAN	67.347	98	125	117	1	98	20	116	6.05e-38	127	78
P00010_03	sp|P01767|HV353_HUMAN	69.388	98	125	116	1	98	20	115	7.15e-38	127	78
P00010_03	sp|P01762|HV311_HUMAN	67.347	98	125	117	1	98	20	116	1.23e-37	126	78
P00010_03	sp|A0A0J9YX35|HV64D_HUMAN	68.041	97	125	117	1	97	20	115	1.79e-37	126	78
P00010_03	sp|P19181|HV05_CARAU	69.388	98	125	116	1	98	20	115	2.09e-37	125	78
P00010_03	sp|P01808|HVM38_MOUSE	54.400	125	125	119	1	125	1	117	2.14e-37	125	100
P00010_03	sp|P01796|HVM27_MOUSE	55.556	126	125	113	1	124	1	113	3.33e-37	125	99
P00010_04	sp|P01780|HV307_HUMAN	69.388	98	125	117	1	98	20	116	1.02e-41	137	78
P00010_04	sp|P01784|HV01_CANLF	59.524	126	125	114	1	125	1	113	1.13e-40	134	100
P00010_04	sp|P01805|HVR01_RAT	57.031	128	125	142	1	125	20	141	4.80e-40	133	100
P00010_04	sp|P01807|HVM37_MOUSE	56.000	125	125	119	1	125	1	117	6.42e-40	132	100
P00010_04	sp|P0DP02|HVC33_HUMAN	69.388	98	125	117	1	98	20	116	1.32e-39	131	78
P00010_04	sp|A0A0B4J1X5|HV374_HUMAN	69.697	99	125	117	1	98	20	116	1.40e-39	131	78
P00010_04	sp|P01764|HV323_HUMAN	69.388	98	125	117	1	98	20	116	2.22e-39	130	78
P00010_04	sp|P0DP03|HVC05_HUMAN	69.388	98	125	117	1	98	20	116	3.97e-39	130	78
P00010_04	sp|P01768|HV330_HUMAN	69.388	98	125	117	1	98	20	116	3.97e-39	130	78
P00010_04	sp|P01810|HVM40_MOUSE	57.143	126	125	119	1	125	1	117	4.08e-39	130	100
P00010_04	sp|P01799|HVM30_MOUSE	56.349	126	125	113	1	124	1	113	4.19e-39	130	99
P00010_04	sp|P01763|HV348_HUMAN	67.347	98	125	117	1	98	20	116	1.12e-38	129	78
P00010_04	sp|P01767|HV353_HUMAN	68.367	98	125	116	1	98	20	115	1.18e-38	129	78
P00010_04	sp|P01772|HV333_HUMAN	69.388	98	125	117	1	98	20	116	1.37e-38	129	78
P00010_04	sp|A0A0C4DH42|HV366_HUMAN	68.687	99	125	116	1	98	20	115	2.03e-38	128	78
P00010_04	sp|P01762|HV311_HUMAN	67.347	98	125	117	1	98	20	116	3.24e-38	128	78
P00010_04	sp|P01785|HV02_CANLF	55.469	128	125	117	1	125	1	116	3.28e-38	128	100
P00010_04	sp|P19181|HV05_CARAU	68.367	98	125	116	1	98	20	115	3.43e-38	127	78
P00010_04	sp|P01796|HVM27_MOUSE	54.762	126	125	113	1	124	1	113	4.31e-38	127	99
P00010_04	sp|A0A0J9YX35|HV64D_HUMAN	68.041	97	125	117	1	97	20	115	4.55e-38	127	78
P00010_05	sp|P01784|HV01_CANLF	58.400	125	125	114	1	125	1	113	5.33e-42	137	100
P00010_05	sp|P0DP02|HVC33_HUMAN	70.408	98	125	117	1	98	20	116	4.97e-40	132	78
P00010_05	sp|P01763|HV348_HUMAN	69.388	98	125	117	1	98	20	116	8.77e-40	132	78
P00010_05	sp|P01764|HV323_HUMAN	70.408	98	125	117	1	98	20	116	8.77e-40	132	78
P00010_05	sp|P01780|HV307_HUMAN	69.388	98	125	117	1	98	20	116	9.58e-40	132	78
P00010_05	sp|P0DP03|HVC05_HUMAN	70.408	98	125	117	1	98	20	116	1.34e-39	131	78
P00010_05	sp|P01768|HV330_HUMAN	70.408	98	125	117	1	98	20	116	1.34e-39	131	78
P00010_05	sp|P01772|HV333_HUMAN	70.408	98	125	117	1	98	20	116	5.82e-39	129	78
P00010_05	sp|A0A0B4J1V1|HV321_HUMAN	67.347	98	125	117	1	98	20	116	7.09e-39	129	78
P00010_05	sp|A0A0J9YX35|HV64D_HUMAN	69.072	97	125	117	1	97	20	115	1.96e-38	128	78
P00010_05	sp|P01762|HV311_HUMAN	67.347	98	125	117	1	98	20	116	2.00e-38	128	78
P00010_05	sp|A0A0B4J1X5|HV374_HUMAN	68.367	98	125	117	1	98	20	116	3.28e-38	128	78
P00010_05	sp|P01767|HV353_HUMAN	68.687	99	125	116	1	98	20	115	4.00e-38	127	78
P00010_05	sp|P01807|HVM37_MOUSE	55.200	125	125	119	1	125	1	117	4.58e-38	127	100
P00010_05	sp|P19181|HV05_CARAU	68.687	99	125	116	1	98	20	115	1.42e-37	126	78
P00010_05	sp|A0A0C4DH42|HV366_HUMAN	67.961	103	125	116	1	98	20	115	1.47e-37	126	78
P00010_05	sp|A0A0C4DH36|HV338_HUMAN	68.367	98	125	116	1	98	20	114	2.96e-37	125	78
P00010_05	sp|P01799|HVM30_MOUSE	55.556	126	125	113	1	124	1	113	4.19e-37	125	99
P00010_05	sp|P0DTE1|HV383_HUMAN	69.072	97	125	115	1	97	20	113	4.45e-37	125	78
P00010_05	sp|A0A075B6Q5|HV364_HUMAN	67.347	98	125	118	1	98	21	117	7.96e-37	124	78
P00010_06	sp|P01780|HV307_HUMAN	69.388	98	125	117	1	98	20	116	6.35e-41	134	78
P00010_06	sp|P01784|HV01_CANLF	57.600	125	125	114	1	125	1	113	6.51e-40	132	100
P00010_06	sp|P01810|HVM40_MOUSE	57.364	129	125	119	1	125	1	117	3.54e-39	130	100
P00010_06	sp|P01764|HV323_HUMAN	69.388	98	125	117	1	98	20	116	4.53e-39	130	78
P00010_06	sp|P0DP02|HVC33_HUMAN	69.388	98	125	117	1	98	20	116	5.76e-39	130	78
P00010_06	sp|A0A0B4J1X5|HV374_HUMAN	68.367	98	125	117	1	98	20	116	6.02e-39	129	78
P00010_06	sp|P0DP03|HVC05_HUMAN	69.388	98	125	117	1	98	20	116	7.91e-39	129	78
P00010_06	sp|P01768|HV330_HUMAN	69.388	98	125	117	1	98	20	116	7.91e-39	129	78
P00010_06	sp|P01772|HV333_HUMAN	69.388	98	125	117	1	98	20	116	2.55e-38	128	78
P00010_06	sp|P01807|HVM37_MOUSE	55.200	125	125	119	1	125	1	117	3.84e-38	127	100
P00010_06	sp|A0A0C4DH42|HV366_HUMAN	69.697	99	125	116	1	98	20	115	4.77e-38	127	78
P00010_06	sp|P01763|HV348_HUMAN	67.347	98	125	117	1	98	20	116	4.81e-38	127	78
P00010_06	sp|P01767|HV353_HUMAN	68.367	98	125	116	1	98	20	115	4.93e-38	127	78
P00010_06	sp|A0A0B4J1V1|HV321_HUMAN	66.327	98	125	117	1	98	20	116	6.25e-38	127	78
P00010_06	sp|P01762|HV311_HUMAN	67.347	98	125	117	1	98	20	116	9.79e-38	126	78
P00010_06	sp|P01799|HVM30_MOUSE	55.556	126	125	113	1	124	1	113	9.90e-38	126	99
P00010_06	sp|A0A0J9YX35|HV64D_HUMAN	68.041	97	125	117	1	97	20	115	1.26e-37	126	78
P00010_06	sp|P19181|HV05_CARAU	68.367	98	125	116	1	98	20	115	1.36e-37	126	78
P00010_06	sp|P01785|HV02_CANLF	56.000	125	125	117	1	125	1	116	3.19e-37	125	100
P00010_06	sp|P01796|HVM27_MOUSE	54.762	126	125	113	1	124	1	113	8.54e-37	124	99
P00010_07	sp|P01780|HV307_HUMAN	69.388	98	125	117	1	98	20	116	5.63e-41	135	78
P00010_07	sp|P01784|HV01_CANLF	59.524	126	125	114	1	125	1	113	2.68e-40	133	100
P00010_07	sp|P01805|HVR01_RAT	57.812	128	125	142	1	125	20	141	3.65e-40	134	100
P00010_07	sp|A0A0C4DH42|HV366_HUMAN	70.707	99	125	116	1	98	20	115	9.39e-40	132	78
P00010_07	sp|P01767|HV353_HUMAN	69.388	98	125	116	1	98	20	115	9.81e-40	131	78
P00010_07	sp|P01807|HVM37_MOUSE	56.000	125	125	119	1	125	1	117	1.82e-39	131	100
P00010_07	sp|P01799|HVM30_MOUSE	57.143	126	125	113	1	124	1	113	2.56e-39	130	99
P00010_07	sp|P19181|HV05_CARAU	69.388	98	125	116	1	98	20	115	2.81e-39	130	78
P00010_07	sp|P01785|HV02_CANLF	56.800	125	125	117	1	125	1	116	2.99e-39	130	100
P00010_07	sp|A0A0B4J1X5|HV374_HUMAN	68.367	98	125	117	1	98	20	116	4.33e-39	130	78
P00010_07	sp|P0DP02|HVC33_HUMAN	70.707	99	125	117	1	98	20	116	6.57e-39	129	78
P00010_07	sp|P0DP03|HVC05_HUMAN	70.707	99	125	117	1	98	20	116	7.33e-39	129	78
P00010_07	sp|P01768|HV330_HUMAN	70.707	99	125	117	1	98	20	116	7.33e-39	129	78
P00010_07	sp|P01764|HV323_HUMAN	69.388	98	125	117	1	98	20	116	8.63e-39	129	78
P00010_07	sp|P01796|HVM27_MOUSE	55.556	126	125	113	1	124	1	113	2.52e-38	128	99
P00010_07	sp|P01772|HV333_HUMAN	70.707	99	125	117	1	98	20	116	2.58e-38	128	78
P00010_07	sp|P01810|HVM40_MOUSE	55.200	125	125	119	1	125	1	117	2.95e-38	128	100
P00010_07	sp|P01800|HVM31_MOUSE	55.556	126	125	113	1	124	1	113	4.08e-38	127	99
P00010_07	sp|P01763|HV348_HUMAN	67.347	98	125	117	1	98	20	116	4.12e-38	127	78
P00010_07	sp|A0A0B4J1V1|HV321_HUMAN	66.327	98	125	117	1	98	20	116	6.75e-38	127	78
P00010_08	sp|P01784|HV01_CANLF	58.400	125	125	114	1	125	1	113	4.01e-42	137	100
P00010_08	sp|P01780|HV307_HUMAN	70.408	98	125	117	1	98	20	116	9.31e-41	134	78
P00010_08	sp|A0A0B4J1X5|HV374_HUMAN	69.388	98	125	117	1	98	20	116	3.88e-39	130	78
P00010_08	sp|P01764|HV323_HUMAN	70.408	98	125	117	1	98	20	116	4.63e-39	130	78
P00010_08	sp|P0DP02|HVC33_HUMAN	70.408	98	125	117	1	98	20	116	5.51e-39	130	78
P00010_08	sp|P0DP03|HVC05_HUMAN	70.408	98	125	117	1	98	20	116	7.65e-39	129	78
P00010_08	sp|P01768|HV330_HUMAN	70.408	98	125	117	1	98	20	116	7.65e-39	129	78
P00010_08	sp|A0A0C4DH42|HV366_HUMAN	70.707	99	125	116	1	98	20	115	2.37e-38	128	78
P00010_08	sp|P01763|HV348_HUMAN	68.367	98	125	117	1	98	20	116	2.97e-38	128	78
P00010_08	sp|P01767|HV353_HUMAN	69.388	98	125	116	1	98	20	115	3.79e-38	127	78
P00010_08	sp|P01772|HV333_HUMAN	70.408	98	125	117	1	98	20	116	4.91e-38	127	78
P00010_08	sp|A0A0B4J1V1|HV321_HUMAN	67.347	98	125	117	1	98	20	116	5.13e-38	127	78
P00010_08	sp|P01799|HVM30_MOUSE	57.143	126	125	113	1	124	1	113	8.97e-38	126	99
P00010_08	sp|P19181|HV05_CARAU	69.388	98	125	116	1	98	20	115	9.50e-38	126	78
P00010_08	sp|A0A0J9YX35|HV64D_HUMAN	69.072	97	125	117	1	97	20	115	1.24e-37	126	78
P00010_08	sp|P01762|HV311_HUMAN	67.347	98	125	117	1	98	20	116	1.52e-37	126	78
P00010_08	sp|P01807|HVM37_MOUSE	55.200	125	125	119	1	125	1	117	1.68e-37	126	100
P00010_08	sp|P01810|HVM40_MOUSE	56.589	129	125	119	1	125	1	117	2.16e-37	125	100
P00010_08	sp|P01805|HVR01_RAT	55.906	127	125	142	1	125	20	141	7.55e-37	125	100
P00010_08	sp|P01796|HVM27_MOUSE	56.349	126	125	113	1	124	1	113	1.07e-36	124	99
P00011_00	sp|P01784|HV01_CANLF	61.789	123	121	114	1	121	1	113	1.93e-40	133	100
P00011_00	sp|P01763|HV348_HUMAN	69.307	101	121	117	1	98	20	116	1.29e-38	129	81
P00011_00	sp|P01792|HVM23_MOUSE	53.659	123	121	123	1	121	1	122	2.54e-38	128	100
P00011_00	sp|P01764|HV323_HUMAN	69.307	101	121	117	1	98	20	116	9.80e-38	126	81
P00011_00	sp|P01793|HVM24_MOUSE	53.659	123	121	123	1	121	1	122	1.09e-37	126	100
P00011_00	sp|A0A0C4DH42|HV366_HUMAN	68.317	101	121	116	1	98	20	115	1.85e-37	125	81
P00011_00	sp|P01791|HVM22_MOUSE	53.659	123	121	123	1	121	1	122	2.60e-37	125	100
P00011_00	sp|P01787|HVM18_MOUSE	53.659	123	121	123	1	121	1	122	3.90e-37	125	100
P00011_00	sp|P01780|HV307_HUMAN	69.307	101	121	117	1	98	20	116	4.84e-37	124	81
P00011_00	sp|P01767|HV353_HUMAN	67.961	103	121	116	1	98	20	115	5.24e-37	124	81
P00011_00	sp|P0DP02|HVC33_HUMAN	69.307	101	121	117	1	98	20	116	5.95e-37	124	81
P00011_00	sp|P0DP03|HVC05_HUMAN	69.307	101	121	117	1	98	20	116	9.74e-37	124	81
P00011_00	sp|P01768|HV330_HUMAN	69.307	101	121	117	1	98	20	116	9.74e-37	124	81
P00011_00	sp|A0A0B4J1Y9|HV372_HUMAN	66.337	101	121	119	1	98	20	118	1.26e-36	124	81
P00011_00	sp|P19181|HV05_CARAU	67.961	103	121	116	1	98	20	115	1.55e-36	123	81
P00011_00	sp|P01788|HVM19_MOUSE	52.846	123	121	123	1	121	1	122	1.84e-36	123	100
P00011_00	sp|A0A0B4J1X5|HV374_HUMAN	67.347	98	121	117	1	98	20	116	2.07e-36	123	81
P00011_00	sp|P01786|HVM17_MOUSE	53.279	122	121	117	1	121	1	116	2.58e-36	123	100
P00011_00	sp|P01772|HV333_HUMAN	69.307	101	121	117	1	98	20	116	3.32e-36	122	81
P00011_00	sp|P01789|HVM20_MOUSE	53.659	123	121	122	1	121	1	121	3.37e-36	122	100
P00011_01	sp|P0DP02|HVC33_HUMAN	71.287	101	121	117	1	98	20	116	5.92e-40	132	81
P00011_01	sp|P0DP03|HVC05_HUMAN	71.287	101	121	117	1	98	20	116	1.20e-39	131	81
P00011_01	sp|P01768|HV330_HUMAN	71.287	101	121	117	1	98	20	116	1.20e-39	131	81
P00011_01	sp|P01780|HV307_HUMAN	70.297	101	121	117	1	98	20	116	3.37e-39	130	81
P00011_01	sp|P01772|HV333_HUMAN	71.287	101	121	117	1	98	20	116	3.68e-39	130	81
P00011_01	sp|A0A0B4J1X5|HV374_HUMAN	69.388	98	121	117	1	98	20	116	4.43e-39	130	81
P00011_01	sp|P01784|HV01_CANLF	60.976	123	121	114	1	121	1	113	6.41e-39	129	100
P00011_01	sp|A0A0J9YX35|HV64D_HUMAN	68.000	100	121	117	1	97	20	115	1.76e-38	128	80
P00011_01	sp|P01764|HV323_HUMAN	68.317	101	121	117	1	98	20	116	3.35e-38	127	81
P00011_01	sp|P0DP04|HV43D_HUMAN	67.327	101	121	118	1	98	20	116	4.64e-38	127	81
P00011_01	sp|A0A0B4J1X8|HV343_HUMAN	67.327	101	121	118	1	98	20	116	8.38e-38	127	81
P00011_01	sp|P01807|HVM37_MOUSE	55.372	121	121	119	1	121	1	117	8.92e-38	126	100
P00011_01	sp|P01763|HV348_HUMAN	67.327	101	121	117	1	98	20	116	8.98e-38	126	81
P00011_01	sp|P01792|HVM23_MOUSE	52.033	123	121	123	1	121	1	122	2.33e-37	125	100
P00011_01	sp|A0A0C4DH42|HV366_HUMAN	67.327	101	121	116	1	98	20	115	2.69e-37	125	81
P00011_01	sp|A0A075B6Q5|HV364_HUMAN	66.337	101	121	118	1	98	21	117	4.23e-37	125	81
P00011_01	sp|P01793|HVM24_MOUSE	54.032	124	121	123	1	121	1	122	4.55e-37	125	100
P00011_01	sp|P01767|HV353_HUMAN	66.990	103	121	116	1	98	20	115	7.43e-37	124	81
P00011_01	sp|P01789|HVM20_MOUSE	53.175	126	121	122	1	121	1	121	8.23e-37	124	100
P00011_01	sp|P01810|HVM40_MOUSE	54.545	121	121	119	1	121	1	117	1.13e-36	124	100
P00011_02	sp|P01784|HV01_CANLF	60.163	123	121	114	1	121	1	113	2.52e-38	128	100
P00011_02	sp|P0DP02|HVC33_HUMAN	70.297	101	121	117	1	98	20	116	7.79e-38	127	81
P00011_02	sp|P01792|HVM23_MOUSE	54.032	124	121	123	1	121	1	122	7.82e-38	127	100
P00011_02	sp|P0DP03|HVC05_HUMAN	70.297	101	121	117	1	98	20	116	1.44e-37	126	81
P00011_02	sp|P01768|HV330_HUMAN	70.297	101	121	117	1	98	20	116	1.44e-37	126	81
P00011_02	sp|P01763|HV348_HUMAN	68.317	101	121	117	1	98	20	116	2.71e-37	125	81
P00011_02	sp|P01791|HVM22_MOUSE	54.839	124	121	123	1	121	1	122	3.74e-37	125	100
P00011_02	sp|P01788|HVM19_MOUSE	54.032	124	121	123	1	121	1	122	3.95e-37	125	100
P00011_02	sp|P01772|HV333_HUMAN	70.297	101	121	117	1	98	20	116	5.58e-37	124	81
P00011_02	sp|P01787|HVM18_MOUSE	54.032	124	121	123	1	121	1	122	1.13e-36	124	100
P00011_02	sp|P01793|HVM24_MOUSE	51.908	131	121	123	1	121	1	122	1.15e-36	124	100
P00011_02	sp|P01764|HV323_HUMAN	68.317	101	121	117	1	98	20	116	1.27e-36	124	81
P00011_02	sp|A0A0C4DH42|HV366_HUMAN	67.327	101	121	116	1	98	20	115	1.50e-36	123	81
P00011_02	sp|P01780|HV307_HUMAN	68.317	101	121	117	1	98	20	116	1.86e-36	123	81
P00011_02	sp|A0A0B4J1X5|HV374_HUMAN	64.151	106	121	117	1	98	20	116	2.41e-36	123	81
P00011_02	sp|P01799|HVM30_MOUSE	53.077	130	121	113	1	120	1	113	3.21e-36	122	99
P00011_02	sp|P01767|HV353_HUMAN	66.990	103	121	116	1	98	20	115	4.52e-36	122	81
P00011_02	sp|P19181|HV05_CARAU	66.990	103	121	116	1	98	20	115	1.16e-35	121	81
P00011_02	sp|A0A0B4J1Y9|HV372_HUMAN	65.347	101	121	119	1	98	20	118	1.41e-35	121	81
P00011_02	sp|P01795|HVM26_MOUSE	53.175	126	121	144	1	121	20	143	1.70e-35	122	100
P00011_03	sp|P01784|HV01_CANLF	61.290	124	121	114	1	121	1	113	1.45e-39	131	100
P00011_03	sp|P01763|HV348_HUMAN	68.317	101	121	117	1	98	20	116	6.75e-38	127	81
P00011_03	sp|P0DP02|HVC33_HUMAN	69.307	101	121	117	1	98	20	116	1.45e-37	126	81
P00011_03	sp|P01791|HVM22_MOUSE	54.400	125	121	123	1	121	1	122	2.05e-37	125	100
P00011_03	sp|P01780|HV307_HUMAN	68.317	101	121	117	1	98	20	116	2.40e-37	125	81
P00011_03	sp|P0DP03|HVC05_HUMAN	69.307	101	121	117	1	98	20	116	2.68e-37	125	81
P00011_03	sp|P01768|HV330_HUMAN	69.307	101	121	117	1	98	20	116	2.68e-37	125	81
P00011_03	sp|P01792|HVM23_MOUSE	54.400	125	121	123	1	121	1	122	3.03e-37	125	100
P00011_03	sp|P01787|HVM18_MOUSE	54.400	125	121	123	1	121	1	122	3.24e-37	125	100
P00011_03	sp|P01772|HV333_HUMAN	69.307	101	121	117	1	98	20	116	5.11e-37	124	81
P00011_03	sp|A0A0C4DH42|HV366_HUMAN	68.367	98	121	116	1	98	20	115	5.91e-37	124	81
P00011_03	sp|P01764|HV323_HUMAN	68.317	101	121	117	1	98	20	116	8.45e-37	124	81
P00011_03	sp|P01799|HVM30_MOUSE	55.738	122	121	113	1	120	1	113	9.54e-37	124	99
P00011_03	sp|A0A0B4J1X5|HV374_HUMAN	67.347	98	121	117	1	98	20	116	1.02e-36	124	81
P00011_03	sp|P01788|HVM19_MOUSE	53.600	125	121	123	1	121	1	122	1.26e-36	124	100
P00011_03	sp|P01767|HV353_HUMAN	67.347	98	121	116	1	98	20	115	1.31e-36	123	81
P00011_03	sp|P01789|HVM20_MOUSE	55.556	126	121	122	1	121	1	121	1.89e-36	123	100
P00011_03	sp|A0A0B4J1Y9|HV372_HUMAN	65.347	101	121	119	1	98	20	118	2.01e-36	123	81
P00011_03	sp|P19181|HV05_CARAU	67.347	98	121	116	1	98	20	115	3.75e-36	122	81
P00011_03	sp|A0A0J9YX35|HV64D_HUMAN	67.000	100	121	117	1	97	20	115	7.37e-36	122	80
P00011_04	sp|P01780|HV307_HUMAN	71.287	101	121	117	1	98	20	116	5.58e-39	129	81
P00011_04	sp|P01784|HV01_CANLF	61.789	123	121	114	1	121	1	113	1.16e-38	129	100
P00011_04	sp|P01764|HV323_HUMAN	69.307	101	121	117	1	98	20	116	7.79e-38	127	81
P00011_04	sp|P01792|HVM23_MOUSE	54.839	124	121	123	1	121	1	122	8.08e-38	127	100
P00011_04	sp|P0DP02|HVC33_HUMAN	70.297	101	121	117	1	98	20	116	1.10e-37	126	81
P00011_04	sp|P0DP03|HVC05_HUMAN	70.297	101	121	117	1	98	20	116	1.73e-37	125	81
P00011_04	sp|P01768|HV330_HUMAN	70.297	101	121	117	1	98	20	116	1.73e-37	125	81
P00011_04	sp|A0A0B4J1X5|HV374_HUMAN	68.367	98	121	117	1	98	20	116	1.91e-37	125	81
P00011_04	sp|P01763|HV348_HUMAN	68.317	101	121	117	1	98	20	116	2.11e-37	125	81
P00011_04	sp|A0A0C4DH42|HV366_HUMAN	68.317	101	121	116	1	98	20	115	2.14e-37	125	81
P00011_04	sp|P01767|HV353_HUMAN	67.961	103	121	116	1	98	20	115	4.64e-37	124	81
P00011_04	sp|P01772|HV333_HUMAN	70.297	101	121	117	1	98	20	116	6.79e-37	124	81
P00011_04	sp|P01791|HVM22_MOUSE	54.839	124	121	123	1	121	1	122	9.57e-37	124	100
P00011_04	sp|P01787|HVM18_MOUSE	54.839	124	121	123	1	121	1	122	1.07e-36	124	100
P00011_04	sp|P01807|HVM37_MOUSE	55.372	121	121	119	1	121	1	117	1.32e-36	124	100
P00011_04	sp|P19181|HV05_CARAU	67.961	103	121	116	1	98	20	115	1.46e-36	123	81
P00011_04	sp|A0A0B4J1Y9|HV372_HUMAN	66.337	101	121	119	1	98	20	118	1.50e-36	123	81
P00011_04	sp|P01793|HVM24_MOUSE	55.118	127	121	123	1	121	1	122	1.67e-36	123	100
P00011_04	sp|P01795|HVM26_MOUSE	54.762	126	121	144	1	121	20	143	1.76e-36	124	100
P00011_04	sp|P01799|HVM30_MOUSE	54.918	122	121	113	1	120	1	113	1.86e-36	123	99
P00011_05	sp|P0DP02|HVC33_HUMAN	71.287	101	121	117	1	98	20	116	8.77e-40	131	81
P00011_05	sp|P0DP03|HVC05_HUMAN	71.287	101	121	117	1	98	20	116	1.73e-39	131	81
P00011_05	sp|P01768|HV330_HUMAN	71.287	101	121	117	1	98	20	116	1.73e-39	131	81
P00011_05	sp|P01784|HV01_CANLF	60.976	123	121	114	1	121	1	113	2.22e-39	130	100
P00011_05	sp|P01772|HV333_HUMAN	71.287	101	121	117	1	98	20	116	6.43e-39	129	81
P00011_05	sp|A0A0B4J1X5|HV374_HUMAN	68.367	98	121	117	1	98	20	116	1.07e-37	126	81
P00011_05	sp|P01764|HV323_HUMAN	68.317	101	121	117	1	98	20	116	4.29e-37	125	81
P00011_05	sp|A0A0J9YX35|HV64D_HUMAN	68.000	100	121	117	1	97	20	115	4.34e-37	125	80
P00011_05	sp|P01793|HVM24_MOUSE	52.846	123	121	123	1	121	1	122	4.96e-37	125	100
P00011_05	sp|P01763|HV348_HUMAN	68.317	101	121	117	1	98	20	116	5.00e-37	124	81
P00011_05	sp|A0A0C4DH42|HV366_HUMAN	67.327	101	121	116	1	98	20	115	6.74e-37	124	81
P00011_05	sp|P0DP04|HV43D_HUMAN	65.347	101	121	118	1	98	20	116	7.55e-37	124	81
P00011_05	sp|P01780|HV307_HUMAN	68.317	101	121	117	1	98	20	116	1.66e-36	123	81
P00011_05	sp|P01792|HVM23_MOUSE	52.033	123	121	123	1	121	1	122	1.73e-36	123	100
P00011_05	sp|P01767|HV353_HUMAN	66.990	103	121	116	1	98	20	115	1.88e-36	123	81
P00011_05	sp|A0A0B4J1X8|HV343_HUMAN	64.356	101	121	118	1	98	20	116	2.51e-36	123	81
P00011_05	sp|P01789|HVM20_MOUSE	53.175	126	121	122	1	121	1	121	2.74e-36	123	100
P00011_05	sp|P0DOX5|IGG1_HUMAN	60.331	121	121	449	1	121	1	118	3.14e-36	131	100
P00011_05	sp|P19181|HV05_CARAU	66.990	103	121	116	1	98	20	115	5.32e-36	122	81
P00011_05	sp|P01791|HVM22_MOUSE	54.762	126	121	123	1	121	1	122	7.55e-36	122	100
P00011_06	sp|P01784|HV01_CANLF	60.976	123	121	114	1	121	1	113	9.61e-39	129	100
P00011_06	sp|P0DP02|HVC33_HUMAN	71.000	100	121	117	1	97	20	115	2.47e-38	128	80
P00011_06	sp|P0DP03|HVC05_HUMAN	71.000	100	121	117	1	97	20	115	4.76e-38	127	80
P00011_06	sp|P01768|HV330_HUMAN	71.000	100	121	117	1	97	20	115	4.76e-38	127	80
P00011_06	sp|P01772|HV333_HUMAN	71.000	100	121	117	1	97	20	115	1.69e-37	125	80
P00011_06	sp|A0A0C4DH42|HV366_HUMAN	68.000	100	121	116	1	97	20	114	5.01e-37	124	80
P00011_06	sp|P01763|HV348_HUMAN	69.000	100	121	117	1	97	20	115	1.09e-36	124	80
P00011_06	sp|P01764|HV323_HUMAN	69.000	100	121	117	1	97	20	115	1.12e-36	124	80
P00011_06	sp|P01767|HV353_HUMAN	67.647	102	121	116	1	97	20	114	1.69e-36	123	80
P00011_06	sp|P01780|HV307_HUMAN	69.000	100	121	117	1	97	20	115	2.66e-36	123	80
P00011_06	sp|P01792|HVM23_MOUSE	53.226	124	121	123	1	121	1	122	4.05e-36	122	100
P00011_06	sp|P19181|HV05_CARAU	67.647	102	121	116	1	97	20	114	4.18e-36	122	80
P00011_06	sp|P01793|HVM24_MOUSE	52.846	123	121	123	1	121	1	122	4.52e-36	122	100
P00011_06	sp|A0A0B4J1X5|HV374_HUMAN	68.041	97	121	117	1	97	20	115	7.53e-36	122	80
P00011_06	sp|P0DOX5|IGG1_HUMAN	58.268	127	121	449	1	121	1	118	2.65e-35	128	100
P00011_06	sp|A0A0J9YX35|HV64D_HUMAN	67.000	100	121	117	1	97	20	115	2.77e-35	120	80
P00011_06	sp|P0DP04|HV43D_HUMAN	65.000	100	121	118	1	97	20	115	2.94e-35	120	80
P00011_06	sp|A0A0B4J1Y9|HV372_HUMAN	66.000	100	121	119	1	97	20	117	3.27e-35	120	80
P00011_06	sp|A0A0C4DH35|HV335_HUMAN	65.979	97	121	117	1	97	20	115	3.63e-35	120	80
P00011_06	sp|P01762|HV311_HUMAN	65.979	97	121	117	1	97	20	115	4.38e-35	120	80
P00011_07	sp|P01784|HV01_CANLF	60.976	123	121	114	1	121	1	113	5.15e-39	129	100
P00011_07	sp|P0DP02|HVC33_HUMAN	72.000	100	121	117	1	97	20	115	9.32e-39	129	80
P00011_07	sp|P0DP03|HVC05_HUMAN	72.000	100	121	117	1	97	20	115	2.10e-38	128	80
P00011_07	sp|P01768|HV330_HUMAN	72.000	100	121	117	1	97	20	115	2.10e-38	128	80
P00011_07	sp|P01763|HV348_HUMAN	70.000	100	121	117	1	97	20	115	4.41e-38	127	80
P00011_07	sp|P01772|HV333_HUMAN	72.000	100	121	117	1	97	20	115	4.71e-38	127	80
P00011_07	sp|P01780|HV307_HUMAN	70.000	100	121	117	1	97	20	115	1.50e-37	126	80
P00011_07	sp|P01764|HV323_HUMAN	70.000	100	121	117	1	97	20	115	2.25e-37	125	80
P00011_07	sp|A0A0C4DH42|HV366_HUMAN	69.000	100	121	116	1	97	20	114	3.03e-37	125	80
P00011_07	sp|P01793|HVM24_MOUSE	53.175	126	121	123	1	121	1	122	5.24e-37	125	100
P00011_07	sp|P01767|HV353_HUMAN	68.627	102	121	116	1	97	20	114	7.85e-37	124	80
P00011_07	sp|P01792|HVM23_MOUSE	53.600	125	121	123	1	121	1	122	7.94e-37	124	100
P00011_07	sp|A0A0B4J1X5|HV374_HUMAN	69.072	97	121	117	1	97	20	115	1.07e-36	124	80
P00011_07	sp|P19181|HV05_CARAU	68.627	102	121	116	1	97	20	114	2.08e-36	123	80
P00011_07	sp|A0A0B4J1Y9|HV372_HUMAN	64.706	102	121	119	1	97	20	117	2.43e-36	123	80
P00011_07	sp|A0A0J9YX35|HV64D_HUMAN	68.000	100	121	117	1	97	20	115	6.18e-36	122	80
P00011_07	sp|A0A0B4J1V1|HV321_HUMAN	65.979	97	121	117	1	97	20	115	9.17e-36	121	80
P00011_07	sp|P01791|HVM22_MOUSE	53.600	125	121	123	1	121	1	122	1.05e-35	121	100
P00011_07	sp|P01787|HVM18_MOUSE	53.600	125	121	123	1	121	1	122	1.25e-35	121	100
P00011_07	sp|P01799|HVM30_MOUSE	54.918	122	121	113	1	120	1	113	1.36e-35	121	99
P00011_08	sp|P01784|HV01_CANLF	61.475	122	121	114	1	121	1	113	1.08e-39	131	100
P00011_08	sp|P0DP02|HVC33_HUMAN	72.165	97	121	117	1	97	20	115	1.32e-39	131	80
P00011_08	sp|P0DP03|HVC05_HUMAN	72.165	97	121	117	1	97	20	115	2.45e-39	130	80
P00011_08	sp|P01768|HV330_HUMAN	72.165	97	121	117	1	97	20	115	2.45e-39	130	80
P00011_08	sp|P01772|HV333_HUMAN	72.165	97	121	117	1	97	20	115	9.96e-39	129	80
P00011_08	sp|P01763|HV348_HUMAN	69.072	97	121	117	1	97	20	115	1.50e-37	126	80
P00011_08	sp|A0A0J9YX35|HV64D_HUMAN	69.072	97	121	117	1	97	20	115	1.75e-37	125	80
P00011_08	sp|P01764|HV323_HUMAN	70.103	97	121	117	1	97	20	115	2.11e-37	125	80
P00011_08	sp|P01780|HV307_HUMAN	69.072	97	121	117	1	97	20	115	2.77e-37	125	80
P00011_08	sp|A0A0C4DH42|HV366_HUMAN	70.103	97	121	116	1	97	20	114	3.27e-37	125	80
P00011_08	sp|P0DP04|HV43D_HUMAN	67.010	97	121	118	1	97	20	115	4.82e-37	125	80
P00011_08	sp|P01767|HV353_HUMAN	69.072	97	121	116	1	97	20	114	7.68e-37	124	80
P00011_08	sp|A0A0B4J1X8|HV343_HUMAN	65.979	97	121	118	1	97	20	115	1.47e-36	123	80
P00011_08	sp|A0A0B4J1X5|HV374_HUMAN	68.041	97	121	117	1	97	20	115	1.53e-36	123	80
P00011_08	sp|P19181|HV05_CARAU	69.072	97	121	116	1	97	20	114	2.48e-36	123	80
P00011_08	sp|P0DOX5|IGG1_HUMAN	60.331	121	121	449	1	121	1	118	2.55e-36	131	100
P00011_08	sp|P01793|HVM24_MOUSE	52.846	123	121	123	1	121	1	122	3.75e-36	122	100
P00011_08	sp|P01792|HVM23_MOUSE	52.846	123	121	123	1	121	1	122	5.15e-36	122	100
P00011_08	sp|A0A0C4DH35|HV335_HUMAN	65.979	97	121	117	1	97	20	115	5.67e-36	122	80
P00011_08	sp|P01799|HVM30_MOUSE	54.918	122	121	113	1	120	1	113	8.05e-36	121	99
P00012_00	sp|P01764|HV323_HUMAN	70.000	100	121	117	1	97	20	117	5.29e-42	137	80
P00012_00	sp|P01784|HV01_CANLF	58.537	123	121	114	1	121	1	113	7.56e-42	137	100
P00012_00	sp|P0DP03|HVC05_HUMAN	69.697	99	121	117	1	97	20	117	9.24e-42	136	80
P00012_00	sp|P01768|HV330_HUMAN	69.697	99	121	117	1	97	20	117	9.24e-42	136	80
P00012_00	sp|P01772|HV333_HUMAN	69.697	99	121	117	1	97	20	117	2.37e-41	135	80
P00012_00	sp|P0DP02|HVC33_HUMAN	68.687	99	121	117	1	97	20	117	3.79e-41	135	80
P00012_00	sp|P01780|HV307_HUMAN	67.677	99	121	117	1	97	20	117	2.41e-40	133	80
P00012_00	sp|P0DOX5|IGG1_HUMAN	60.976	123	121	449	1	121	1	118	5.97e-40	140	100
P00012_00	sp|A0A0J9YX35|HV64D_HUMAN	66.667	99	121	117	1	97	20	117	6.32e-40	132	80
P00012_00	sp|P01763|HV348_HUMAN	66.667	99	121	117	1	97	20	117	1.57e-39	131	80
P00012_00	sp|P01762|HV311_HUMAN	66.667	99	121	117	1	97	20	117	6.29e-39	129	80
P00012_00	sp|A0A0B4J1X5|HV374_HUMAN	68.000	100	121	117	1	97	20	117	7.66e-39	129	80
P00012_00	sp|P01782|HV309_HUMAN	66.667	99	121	118	1	97	20	117	9.00e-39	129	80
P00012_00	sp|P01785|HV02_CANLF	55.738	122	121	117	1	121	1	116	1.40e-38	129	100
P00012_00	sp|A0A0C4DH42|HV366_HUMAN	67.677	99	121	116	1	97	20	116	1.90e-38	128	80
P00012_00	sp|P01795|HVM26_MOUSE	52.800	125	121	144	1	121	20	143	1.92e-38	129	100
P00012_00	sp|A0A075B6Q5|HV364_HUMAN	65.657	99	121	118	1	97	21	118	2.23e-38	128	80
P00012_00	sp|A0A0B4J1V1|HV321_HUMAN	65.657	99	121	117	1	97	20	117	3.25e-38	127	80
P00012_00	sp|A0A0C4DH32|HV320_HUMAN	65.657	99	121	117	1	97	20	117	3.82e-38	127	80
P00012_00	sp|P01767|HV353_HUMAN	66.667	99	121	116	1	97	20	116	5.94e-38	127	80
P00012_01	sp|P0DP02|HVC33_HUMAN	69.697	99	121	117	1	97	20	117	5.69e-41	134	80
P00012_01	sp|P0DP03|HVC05_HUMAN	69.697	99	121	117	1	97	20	117	1.76e-40	133	80
P00012_01	sp|P01768|HV330_HUMAN	69.697	99	121	117	1	97	20	117	1.76e-40	133	80
P00012_01	sp|A0A0J9YX35|HV64D_HUMAN	67.677	99	121	117	1	97	20	117	2.02e-40	133	80
P00012_01	sp|P01764|HV323_HUMAN	69.000	100	121	117	1	97	20	117	3.82e-40	132	80
P00012_01	sp|P01772|HV333_HUMAN	69.697	99	121	117	1	97	20	117	4.12e-40	132	80
P00012_01	sp|P01784|HV01_CANLF	58.537	123	121	114	1	121	1	113	1.07e-39	131	100
P00012_01	sp|P01780|HV307_HUMAN	66.667	102	121	117	1	97	20	117	1.09e-39	131	80
P00012_01	sp|A0A0B4J1X5|HV374_HUMAN	66.667	102	121	117	1	97	20	117	3.02e-39	130	80
P00012_01	sp|P01782|HV309_HUMAN	67.677	99	121	118	1	97	20	117	4.42e-39	130	80
P00012_01	sp|A0A0C4DH42|HV366_HUMAN	68.687	99	121	116	1	97	20	116	6.59e-39	129	80
P00012_01	sp|P01762|HV311_HUMAN	65.686	102	121	117	1	97	20	117	1.12e-38	129	80
P00012_01	sp|A0A075B6Q5|HV364_HUMAN	66.667	99	121	118	1	97	21	118	1.79e-38	128	80
P00012_01	sp|P01763|HV348_HUMAN	65.657	99	121	117	1	97	20	117	1.88e-38	128	80
P00012_01	sp|P0DOX5|IGG1_HUMAN	59.375	128	121	449	1	121	1	118	2.16e-38	137	100
P00012_01	sp|P01767|HV353_HUMAN	67.677	99	121	116	1	97	20	116	2.27e-38	128	80
P00012_01	sp|P0DP04|HV43D_HUMAN	66.667	99	121	118	1	97	20	117	2.28e-38	128	80
P00012_01	sp|A0A0B4J1X8|HV343_HUMAN	66.667	99	121	118	1	97	20	117	2.28e-38	128	80
P00012_01	sp|P01799|HVM30_MOUSE	54.331	127	121	113	1	120	1	113	3.62e-38	127	99
P00012_01	sp|P19181|HV05_CARAU	67.677	99	121	116	1	97	20	116	5.81e-38	127	80
P00012_02	sp|P01784|HV01_CANLF	59.350	123	121	114	1	121	1	113	3.49e-43	140	100
P00012_02	sp|P01764|HV323_HUMAN	70.000	100	121	117	1	97	20	117	8.28e-42	137	80
P00012_02	sp|P0DP03|HVC05_HUMAN	69.697	99	121	117	1	97	20	117	1.45e-41	136	80
P00012_02	sp|P01768|HV330_HUMAN	69.697	99	121	117	1	97	20	117	1.45e-41	136	80
P00012_02	sp|P01772|HV333_HUMAN	69.697	99	121	117	1	97	20	117	3.67e-41	135	80
P00012_02	sp|P0DP02|HVC33_HUMAN	68.687	99	121	117	1	97	20	117	5.94e-41	134	80
P00012_02	sp|P01782|HV309_HUMAN	67.677	99	121	118	1	97	20	117	3.23e-40	132	80
P00012_02	sp|P01780|HV307_HUMAN	67.677	99	121	117	1	97	20	117	3.78e-40	132	80
P00012_02	sp|A0A0J9YX35|HV64D_HUMAN	67.677	99	121	117	1	97	20	117	8.13e-40	132	80
P00012_02	sp|P0DOX5|IGG1_HUMAN	60.976	123	121	449	1	121	1	118	9.17e-40	140	100
P00012_02	sp|A0A0C4DH32|HV320_HUMAN	66.667	99	121	117	1	97	20	117	1.45e-39	131	80
P00012_02	sp|P01762|HV311_HUMAN	67.677	99	121	117	1	97	20	117	2.04e-39	130	80
P00012_02	sp|P01763|HV348_HUMAN	66.667	99	121	117	1	97	20	117	2.45e-39	130	80
P00012_02	sp|A0A0B4J1X5|HV374_HUMAN	66.667	99	121	117	1	97	20	117	1.74e-38	128	80
P00012_02	sp|P01785|HV02_CANLF	55.738	122	121	117	1	121	1	116	2.75e-38	128	100
P00012_02	sp|A0A075B6Q5|HV364_HUMAN	66.667	99	121	118	1	97	21	118	2.93e-38	128	80
P00012_02	sp|A0A0C4DH42|HV366_HUMAN	67.677	99	121	116	1	97	20	116	2.98e-38	127	80
P00012_02	sp|A0A0B4J1V1|HV321_HUMAN	66.667	99	121	117	1	97	20	117	3.43e-38	127	80
P00012_02	sp|P01767|HV353_HUMAN	66.667	99	121	116	1	97	20	116	9.30e-38	126	80
P00012_02	sp|A0A0C4DH35|HV335_HUMAN	67.010	97	121	117	1	95	20	115	2.06e-37	125	79
P00012_03	sp|P0DP03|HVC05_HUMAN	71.134	97	121	117	1	95	20	115	4.70e-40	132	79
P00012_03	sp|P01768|HV330_HUMAN	71.134	97	121	117	1	95	20	115	4.70e-40	132	79
P00012_03	sp|P01764|HV323_HUMAN	71.429	98	121	117	1	95	20	115	7.95e-40	132	79
P00012_03	sp|P01772|HV333_HUMAN	71.134	97	121	117	1	95	20	115	1.32e-39	131	79
P00012_03	sp|P0DP02|HVC33_HUMAN	70.103	97	121	117	1	95	20	115	1.64e-39	131	79
P00012_03	sp|P01784|HV01_CANLF	58.537	123	121	114	1	121	1	113	2.56e-39	130	100
P00012_03	sp|P01780|HV307_HUMAN	67.327	101	121	117	1	96	20	116	8.54e-39	129	79
P00012_03	sp|A0A0J9YX35|HV64D_HUMAN	67.347	98	121	117	1	96	20	116	1.04e-38	129	79
P00012_03	sp|A0A0C4DH42|HV366_HUMAN	70.103	97	121	116	1	95	20	114	2.61e-38	128	79
P00012_03	sp|P01762|HV311_HUMAN	68.000	100	121	117	1	95	20	115	4.41e-38	127	79
P00012_03	sp|P01767|HV353_HUMAN	69.072	97	121	116	1	95	20	114	9.10e-38	126	79
P00012_03	sp|A0A0B4J1X5|HV374_HUMAN	68.317	101	121	117	1	95	20	115	1.05e-37	126	79
P00012_03	sp|P01763|HV348_HUMAN	68.041	97	121	117	1	95	20	115	1.67e-37	125	79
P00012_03	sp|P01782|HV309_HUMAN	67.347	98	121	118	1	96	20	116	1.88e-37	125	79
P00012_03	sp|P0DOX5|IGG1_HUMAN	60.976	123	121	449	1	121	1	118	1.90e-37	134	100
P00012_03	sp|P19181|HV05_CARAU	69.072	97	121	116	1	95	20	114	2.16e-37	125	79
P00012_03	sp|A0A0C4DH35|HV335_HUMAN	67.677	99	121	117	1	96	20	116	4.68e-37	125	79
P00012_03	sp|P01785|HV02_CANLF	56.911	123	121	117	1	121	1	116	5.46e-37	124	100
P00012_03	sp|A0A075B6Q5|HV364_HUMAN	67.010	97	121	118	1	95	21	116	1.00e-36	124	79
P00012_03	sp|P01786|HVM17_MOUSE	54.331	127	121	117	1	121	1	116	1.12e-36	124	100
P00012_04	sp|P01784|HV01_CANLF	59.350	123	121	114	1	121	1	113	1.16e-41	136	100
P00012_04	sp|P01764|HV323_HUMAN	70.707	99	121	117	1	97	20	117	1.48e-41	136	80
P00012_04	sp|P0DP02|HVC33_HUMAN	71.134	97	121	117	1	95	20	115	1.51e-41	136	79
P00012_04	sp|P0DP03|HVC05_HUMAN	69.697	99	121	117	1	97	20	117	3.92e-41	135	80
P00012_04	sp|P01768|HV330_HUMAN	69.697	99	121	117	1	97	20	117	3.92e-41	135	80
P00012_04	sp|A0A0J9YX35|HV64D_HUMAN	70.103	97	121	117	1	95	20	115	5.33e-41	134	79
P00012_04	sp|P01782|HV309_HUMAN	68.687	99	121	118	1	97	20	117	7.71e-41	134	80
P00012_04	sp|P01772|HV333_HUMAN	71.134	97	121	117	1	95	20	115	1.08e-40	134	79
P00012_04	sp|P01780|HV307_HUMAN	69.072	97	121	117	1	95	20	115	8.87e-40	131	79
P00012_04	sp|P01763|HV348_HUMAN	68.000	100	121	117	1	97	20	117	1.00e-39	131	80
P00012_04	sp|A0A0B4J1X5|HV374_HUMAN	67.677	99	121	117	1	97	20	117	1.89e-39	130	80
P00012_04	sp|A0A075B6Q5|HV364_HUMAN	67.677	99	121	118	1	97	21	118	2.67e-39	130	80
P00012_04	sp|P0DOX5|IGG1_HUMAN	61.789	123	121	449	1	121	1	118	2.90e-39	139	100
P00012_04	sp|P01762|HV311_HUMAN	69.072	97	121	117	1	95	20	115	7.66e-39	129	79
P00012_04	sp|A0A0B4J1V1|HV321_HUMAN	66.667	99	121	117	1	97	20	117	4.56e-38	127	80
P00012_04	sp|A0A0C4DH42|HV366_HUMAN	66.327	98	121	116	1	97	20	116	5.81e-38	127	80
P00012_04	sp|A0A0B4J1X8|HV343_HUMAN	66.667	99	121	118	1	97	20	117	6.88e-38	127	80
P00012_04	sp|P0DP04|HV43D_HUMAN	66.667	99	121	118	1	97	20	117	7.11e-38	127	80
P00012_04	sp|A0A0C4DH32|HV320_HUMAN	67.010	97	121	117	1	95	20	115	9.58e-38	126	79
P00012_04	sp|P01799|HVM30_MOUSE	54.032	124	121	113	1	120	1	113	1.18e-37	126	99
P00012_05	sp|P01784|HV01_CANLF	59.350	123	121	114	1	121	1	113	1.73e-40	133	100
P00012_05	sp|P0DP03|HVC05_HUMAN	70.707	99	121	117	1	97	20	117	6.53e-40	132	80
P00012_05	sp|P01768|HV330_HUMAN	70.707	99	121	117	1	97	20	117	6.53e-40	132	80
P00012_05	sp|P01782|HV309_HUMAN	68.687	99	121	118	1	97	20	117	1.11e-39	131	80
P00012_05	sp|P01772|HV333_HUMAN	70.707	99	121	117	1	97	20	117	1.53e-39	131	80
P00012_05	sp|P01764|HV323_HUMAN	69.000	100	121	117	1	97	20	117	1.73e-39	131	80
P00012_05	sp|A0A0J9YX35|HV64D_HUMAN	70.103	97	121	117	1	95	20	115	1.89e-39	130	79
P00012_05	sp|P0DP02|HVC33_HUMAN	69.697	99	121	117	1	97	20	117	2.96e-39	130	80
P00012_05	sp|P01762|HV311_HUMAN	66.667	102	121	117	1	97	20	117	8.54e-39	129	80
P00012_05	sp|A0A0B4J1X5|HV374_HUMAN	66.667	102	121	117	1	97	20	117	2.52e-38	128	80
P00012_05	sp|P01780|HV307_HUMAN	68.000	100	121	117	1	95	20	115	2.52e-38	128	79
P00012_05	sp|A0A0C4DH42|HV366_HUMAN	68.687	99	121	116	1	97	20	116	5.21e-38	127	80
P00012_05	sp|A0A0C4DH32|HV320_HUMAN	66.667	99	121	117	1	97	20	117	7.53e-38	127	80
P00012_05	sp|P0DOX5|IGG1_HUMAN	60.156	128	121	449	1	121	1	118	8.51e-38	135	100
P00012_05	sp|A0A075B6Q5|HV364_HUMAN	67.677	99	121	118	1	97	21	118	1.40e-37	126	80
P00012_05	sp|P01767|HV353_HUMAN	67.677	99	121	116	1	97	20	116	1.56e-37	126	80
P00012_05	sp|P01763|HV348_HUMAN	65.657	99	121	117	1	97	20	117	2.65e-37	125	80
P00012_05	sp|P19181|HV05_CARAU	67.677	99	121	116	1	97	20	116	3.98e-37	125	80
P00012_05	sp|A0A0B4J1V1|HV321_HUMAN	65.657	99	121	117	1	97	20	117	7.09e-37	124	80
P00012_05	sp|P01789|HVM20_MOUSE	53.906	128	121	122	1	121	1	121	1.16e-36	124	100
P00012_06	sp|P01784|HV01_CANLF	59.350	123	121	114	1	121	1	113	3.28e-41	135	100
P00012_06	sp|P0DP03|HVC05_HUMAN	68.687	99	121	117	1	97	20	117	1.35e-40	134	80
P00012_06	sp|P01768|HV330_HUMAN	68.687	99	121	117	1	97	20	117	1.35e-40	134	80
P00012_06	sp|P01764|HV323_HUMAN	69.697	99	121	117	1	97	20	117	1.92e-40	133	80
P00012_06	sp|P01772|HV333_HUMAN	68.687	99	121	117	1	97	20	117	3.50e-40	132	80
P00012_06	sp|P0DP02|HVC33_HUMAN	67.677	99	121	117	1	97	20	117	6.25e-40	132	80
P00012_06	sp|P01782|HV309_HUMAN	67.677	99	121	118	1	97	20	117	8.85e-40	132	80
P00012_06	sp|A0A0J9YX35|HV64D_HUMAN	69.072	97	121	117	1	95	20	115	9.68e-40	131	79
P00012_06	sp|P01780|HV307_HUMAN	69.072	97	121	117	1	95	20	115	3.64e-39	130	79
P00012_06	sp|A0A0C4DH32|HV320_HUMAN	66.667	99	121	117	1	97	20	117	1.09e-38	129	80
P00012_06	sp|P0DOX5|IGG1_HUMAN	60.163	123	121	449	1	121	1	118	1.34e-38	137	100
P00012_06	sp|P01762|HV311_HUMAN	66.667	99	121	117	1	97	20	117	1.94e-38	128	80
P00012_06	sp|A0A0B4J1X5|HV374_HUMAN	66.667	99	121	117	1	97	20	117	3.11e-38	127	80
P00012_06	sp|A0A075B6Q5|HV364_HUMAN	66.667	99	121	118	1	97	21	118	4.90e-38	127	80
P00012_06	sp|P01763|HV348_HUMAN	67.000	100	121	117	1	97	20	117	5.25e-38	127	80
P00012_06	sp|A0A0B4J1V1|HV321_HUMAN	65.657	99	121	117	1	97	20	117	1.91e-37	125	80
P00012_06	sp|A0A0C4DH42|HV366_HUMAN	67.677	99	121	116	1	97	20	116	2.41e-37	125	80
P00012_06	sp|P0DP04|HV43D_HUMAN	65.657	99	121	118	1	97	20	117	7.07e-37	124	80
P00012_06	sp|A0A0B4J1X8|HV343_HUMAN	67.010	97	121	118	1	95	20	115	7.63e-37	124	79
P00012_06	sp|P01767|HV353_HUMAN	66.667	99	121	116	1	97	20	116	8.29e-37	124	80
P00012_07	sp|P01784|HV01_CANLF	59.350	123	121	114	1	121	1	113	4.67e-42	137	100
P00012_07	sp|P0DP02|HVC33_HUMAN	70.103	97	121	117	1	95	20	115	3.63e-41	135	79
P00012_07	sp|A0A0J9YX35|HV64D_HUMAN	70.103	97	121	117	1	95	20	115	4.37e-41	135	79
P00012_07	sp|P01782|HV309_HUMAN	70.103	97	121	118	1	95	20	115	5.61e-41	134	79
P00012_07	sp|P01764|HV323_HUMAN	71.134	97	121	117	1	95	20	115	5.88e-41	134	79
P00012_07	sp|P0DP03|HVC05_HUMAN	70.103	97	121	117	1	95	20	115	1.25e-40	134	79
P00012_07	sp|P01768|HV330_HUMAN	70.103	97	121	117	1	95	20	115	1.25e-40	134	79
P00012_07	sp|P01772|HV333_HUMAN	70.103	97	121	117	1	95	20	115	2.97e-40	133	79
P00012_07	sp|P0DOX5|IGG1_HUMAN	62.602	123	121	449	1	121	1	118	7.67e-40	140	100
P00012_07	sp|P01780|HV307_HUMAN	69.072	97	121	117	1	95	20	115	8.87e-40	131	79
P00012_07	sp|A0A0B4J1X5|HV374_HUMAN	69.072	97	121	117	1	95	20	115	1.39e-39	131	79
P00012_07	sp|P01763|HV348_HUMAN	68.367	98	121	117	1	95	20	115	1.93e-39	130	79
P00012_07	sp|A0A075B6Q5|HV364_HUMAN	69.072	97	121	118	1	95	21	116	2.17e-39	130	79
P00012_07	sp|P01762|HV311_HUMAN	68.041	97	121	117	1	95	20	115	4.94e-39	130	79
P00012_07	sp|A0A0B4J1V1|HV321_HUMAN	67.010	97	121	117	1	95	20	115	2.91e-38	127	79
P00012_07	sp|A0A0B4J1X8|HV343_HUMAN	68.041	97	121	118	1	95	20	115	4.30e-38	127	79
P00012_07	sp|P0DP04|HV43D_HUMAN	68.041	97	121	118	1	95	20	115	4.80e-38	127	79
P00012_07	sp|A0A0C4DH42|HV366_HUMAN	67.708	96	121	116	1	95	20	114	4.83e-38	127	79
P00012_07	sp|A0A0C4DH32|HV320_HUMAN	67.010	97	121	117	1	95	20	115	6.61e-38	127	79
P00012_07	sp|P01799|HVM30_MOUSE	54.032	124	121	113	1	120	1	113	1.18e-37	126	99
P00012_08	sp|P01784|HV01_CANLF	59.350	123	121	114	1	121	1	113	8.22e-41	134	100
P00012_08	sp|P0DP03|HVC05_HUMAN	71.134	97	121	117	1	95	20	115	1.74e-40	133	79
P00012_08	sp|P01768|HV330_HUMAN	71.134	97	121	117	1	95	20	115	1.74e-40	133	79
P00012_08	sp|P01772|HV333_HUMAN	71.134	97	121	117	1	95	20	115	4.03e-40	132	79
P00012_08	sp|P01782|HV309_HUMAN	70.103	97	121	118	1	95	20	115	6.30e-40	132	79
P00012_08	sp|P0DP02|HVC33_HUMAN	70.103	97	121	117	1	95	20	115	6.60e-40	132	79
P00012_08	sp|A0A0J9YX35|HV64D_HUMAN	70.103	97	121	117	1	95	20	115	8.13e-40	132	79
P00012_08	sp|P01764|HV323_HUMAN	71.134	97	121	117	1	95	20	115	1.34e-39	131	79
P00012_08	sp|P01762|HV311_HUMAN	68.000	100	121	117	1	95	20	115	4.48e-39	130	79
P00012_08	sp|P01780|HV307_HUMAN	68.000	100	121	117	1	95	20	115	9.85e-39	129	79
P00012_08	sp|P0DOX5|IGG1_HUMAN	61.789	123	121	449	1	121	1	118	1.09e-38	137	100
P00012_08	sp|A0A0B4J1X5|HV374_HUMAN	68.000	100	121	117	1	95	20	115	1.40e-38	129	79
P00012_08	sp|A0A0C4DH42|HV366_HUMAN	70.103	97	121	116	1	95	20	114	1.69e-38	128	79
P00012_08	sp|A0A0C4DH32|HV320_HUMAN	68.041	97	121	117	1	95	20	115	4.81e-38	127	79
P00012_08	sp|P01767|HV353_HUMAN	69.072	97	121	116	1	95	20	114	6.27e-38	127	79
P00012_08	sp|A0A075B6Q5|HV364_HUMAN	69.072	97	121	118	1	95	21	116	6.66e-38	127	79
P00012_08	sp|P01763|HV348_HUMAN	67.010	97	121	117	1	95	20	115	1.60e-37	126	79
P00012_08	sp|P19181|HV05_CARAU	69.072	97	121	116	1	95	20	114	1.66e-37	125	79
P00012_08	sp|A0A0B4J1X8|HV343_HUMAN	68.041	97	121	118	1	95	20	115	5.09e-37	124	79
P00012_08	sp|P0DP04|HV43D_HUMAN	68.041	97	121	118	1	95	20	115	5.50e-37	124	79
P00013_00	sp|P01784|HV01_CANLF	59.677	124	121	114	1	121	1	113	5.40e-40	132	100
P00013_00	sp|P01780|HV307_HUMAN	68.687	99	121	117	1	97	20	115	2.19e-38	128	80
P00013_00	sp|P01787|HVM18_MOUSE	54.198	131	121	123	1	121	1	122	4.38e-38	127	100
P00013_00	sp|P0DP02|HVC33_HUMAN	70.000	100	121	117	1	97	20	115	6.39e-38	127	80
P00013_00	sp|P01788|HVM19_MOUSE	54.198	131	121	123	1	121	1	122	1.31e-37	126	100
P00013_00	sp|P0DP03|HVC05_HUMAN	69.697	99	121	117	1	97	20	115	1.52e-37	126	80
P00013_00	sp|P01768|HV330_HUMAN	69.697	99	121	117	1	97	20	115	1.52e-37	126	80
P00013_00	sp|P01762|HV311_HUMAN	66.667	99	121	117	1	97	20	115	1.77e-37	125	80
P00013_00	sp|P01764|HV323_HUMAN	68.000	100	121	117	1	97	20	115	1.97e-37	125	80
P00013_00	sp|P01791|HVM22_MOUSE	53.125	128	121	123	1	121	1	122	2.02e-37	125	100
P00013_00	sp|P01790|HVM21_MOUSE	54.198	131	121	122	1	121	1	121	2.19e-37	125	100
P00013_00	sp|P01789|HVM20_MOUSE	53.543	127	121	122	1	121	1	121	2.37e-37	125	100
P00013_00	sp|A0A0B4J1X5|HV374_HUMAN	66.667	99	121	117	1	97	20	115	3.76e-37	125	80
P00013_00	sp|P01792|HVM23_MOUSE	53.906	128	121	123	1	121	1	122	4.31e-37	125	100
P00013_00	sp|P01772|HV333_HUMAN	69.697	99	121	117	1	97	20	115	5.89e-37	124	80
P00013_00	sp|P01807|HVM37_MOUSE	54.472	123	121	119	1	121	1	117	6.53e-37	124	100
P00013_00	sp|A0A0J9YX35|HV64D_HUMAN	65.347	101	121	117	1	98	20	116	1.29e-36	124	81
P00013_00	sp|A0A0C4DH35|HV335_HUMAN	65.000	100	121	117	1	98	20	116	2.03e-36	123	81
P00013_00	sp|A0A0C4DH42|HV366_HUMAN	65.686	102	121	116	1	97	20	114	2.50e-36	123	80
P00013_00	sp|P0DOX5|IGG1_HUMAN	59.375	128	121	449	1	121	1	118	2.55e-36	131	100
P00013_01	sp|P01784|HV01_CANLF	60.484	124	121	114	1	121	1	113	2.58e-41	135	100
P00013_01	sp|P01780|HV307_HUMAN	69.000	100	121	117	1	98	20	116	7.09e-39	129	81
P00013_01	sp|P0DP02|HVC33_HUMAN	70.000	100	121	117	1	98	20	116	1.19e-38	129	81
P00013_01	sp|P0DP03|HVC05_HUMAN	70.000	100	121	117	1	98	20	116	1.84e-38	128	81
P00013_01	sp|P01768|HV330_HUMAN	70.000	100	121	117	1	98	20	116	1.84e-38	128	81
P00013_01	sp|P01764|HV323_HUMAN	69.000	100	121	117	1	97	20	115	2.01e-38	128	80
P00013_01	sp|P01772|HV333_HUMAN	70.000	100	121	117	1	98	20	116	6.61e-38	127	81
P00013_01	sp|P01807|HVM37_MOUSE	56.452	124	121	119	1	121	1	117	8.45e-38	127	100
P00013_01	sp|A0A0B4J1X5|HV374_HUMAN	67.677	99	121	117	1	97	20	115	1.30e-37	126	80
P00013_01	sp|P01762|HV311_HUMAN	67.000	100	121	117	1	98	20	116	1.79e-37	125	81
P00013_01	sp|P01787|HVM18_MOUSE	54.198	131	121	123	1	121	1	122	3.28e-37	125	100
P00013_01	sp|P01791|HVM22_MOUSE	53.125	128	121	123	1	121	1	122	3.42e-37	125	100
P00013_01	sp|P01789|HVM20_MOUSE	53.543	127	121	122	1	121	1	121	4.32e-37	125	100
P00013_01	sp|P01788|HVM19_MOUSE	54.198	131	121	123	1	121	1	122	4.50e-37	125	100
P00013_01	sp|A0A0B4J1Y9|HV372_HUMAN	66.667	102	121	119	1	97	20	117	5.36e-37	124	80
P00013_01	sp|A0A0J9YX35|HV64D_HUMAN	66.000	100	121	117	1	98	20	116	5.89e-37	124	81
P00013_01	sp|P01790|HVM21_MOUSE	53.906	128	121	122	1	121	1	121	5.93e-37	124	100
P00013_01	sp|P0DOX5|IGG1_HUMAN	58.647	133	121	449	1	121	1	118	6.18e-37	133	100
P00013_01	sp|A0A0B4J1V1|HV321_HUMAN	65.000	100	121	117	1	98	20	116	7.57e-37	124	81
P00013_01	sp|P01763|HV348_HUMAN	66.000	100	121	117	1	98	20	116	7.66e-37	124	81
P00013_02	sp|P01784|HV01_CANLF	60.484	124	121	114	1	121	1	113	1.83e-40	133	100
P00013_02	sp|P01780|HV307_HUMAN	70.707	99	121	117	1	97	20	115	5.48e-40	132	80
P00013_02	sp|P0DP02|HVC33_HUMAN	70.707	99	121	117	1	97	20	115	2.51e-39	130	80
P00013_02	sp|P01764|HV323_HUMAN	69.697	99	121	117	1	97	20	115	3.23e-39	130	80
P00013_02	sp|P0DP03|HVC05_HUMAN	70.707	99	121	117	1	97	20	115	3.44e-39	130	80
P00013_02	sp|P01768|HV330_HUMAN	70.707	99	121	117	1	97	20	115	3.44e-39	130	80
P00013_02	sp|P01790|HVM21_MOUSE	56.250	128	121	122	1	121	1	121	3.55e-39	130	100
P00013_02	sp|A0A0J9YX35|HV64D_HUMAN	67.000	100	121	117	1	98	20	116	4.29e-39	130	81
P00013_02	sp|P01772|HV333_HUMAN	70.707	99	121	117	1	97	20	115	7.41e-39	129	80
P00013_02	sp|P01787|HVM18_MOUSE	57.812	128	121	123	1	121	1	122	2.04e-38	128	100
P00013_02	sp|P01791|HVM22_MOUSE	57.364	129	121	123	1	121	1	122	2.37e-38	128	100
P00013_02	sp|P01788|HVM19_MOUSE	57.812	128	121	123	1	121	1	122	2.59e-38	128	100
P00013_02	sp|P01763|HV348_HUMAN	67.677	99	121	117	1	97	20	115	3.11e-38	127	80
P00013_02	sp|P01789|HVM20_MOUSE	56.693	127	121	122	1	121	1	121	4.03e-38	127	100
P00013_02	sp|P01793|HVM24_MOUSE	57.480	127	121	123	1	121	1	122	5.16e-38	127	100
P00013_02	sp|A0A0B4J1X5|HV374_HUMAN	68.687	99	121	117	1	97	20	115	5.49e-38	127	80
P00013_02	sp|P0DTE1|HV383_HUMAN	68.041	97	121	115	1	97	20	113	7.33e-38	127	80
P00013_02	sp|P01792|HVM23_MOUSE	57.480	127	121	123	1	121	1	122	9.22e-38	127	100
P00013_02	sp|A0A0C4DH36|HV338_HUMAN	68.041	97	121	116	1	97	20	113	1.07e-37	126	80
P00013_02	sp|P01794|HVM25_MOUSE	57.480	127	121	123	1	121	1	122	1.09e-37	126	100
P00013_03	sp|P01784|HV01_CANLF	60.800	125	121	114	1	121	1	113	2.77e-40	132	100
P00013_03	sp|P01780|HV307_HUMAN	69.697	99	121	117	1	97	20	115	3.31e-40	132	80
P00013_03	sp|P01764|HV323_HUMAN	69.000	100	121	117	1	97	20	115	8.73e-39	129	80
P00013_03	sp|P0DP02|HVC33_HUMAN	69.697	99	121	117	1	97	20	115	1.82e-38	128	80
P00013_03	sp|P0DOX5|IGG1_HUMAN	60.938	128	121	449	1	121	1	118	3.32e-38	136	100
P00013_03	sp|A0A0B4J1X5|HV374_HUMAN	67.677	99	121	117	1	97	20	115	3.74e-38	127	80
P00013_03	sp|P01762|HV311_HUMAN	67.677	99	121	117	1	97	20	115	5.25e-38	127	80
P00013_03	sp|P0DP03|HVC05_HUMAN	69.697	99	121	117	1	97	20	115	6.75e-38	127	80
P00013_03	sp|P01768|HV330_HUMAN	69.697	99	121	117	1	97	20	115	6.75e-38	127	80
P00013_03	sp|A0A0J9YX35|HV64D_HUMAN	66.000	100	121	117	1	98	20	116	7.53e-38	127	81
P00013_03	sp|A0A0C4DH42|HV366_HUMAN	66.667	102	121	116	1	97	20	114	1.25e-37	126	80
P00013_03	sp|A0A0B4J1Y9|HV372_HUMAN	65.385	104	121	119	1	97	20	117	1.82e-37	125	80
P00013_03	sp|P01767|HV353_HUMAN	65.686	102	121	116	1	97	20	114	2.23e-37	125	80
P00013_03	sp|P01772|HV333_HUMAN	69.697	99	121	117	1	97	20	115	2.32e-37	125	80
P00013_03	sp|A0A0B4J1V1|HV321_HUMAN	65.657	99	121	117	1	97	20	115	2.32e-37	125	80
P00013_03	sp|P01790|HVM21_MOUSE	52.344	128	121	122	1	121	1	121	5.49e-37	124	100
P00013_03	sp|P19181|HV05_CARAU	65.686	102	121	116	1	97	20	114	6.17e-37	124	80
P00013_03	sp|P01807|HVM37_MOUSE	55.645	124	121	119	1	121	1	117	6.25e-37	124	100
P00013_03	sp|P01782|HV309_HUMAN	67.000	100	121	118	1	97	20	115	9.00e-37	124	80
P00013_03	sp|P01763|HV348_HUMAN	66.667	99	121	117	1	97	20	115	9.64e-37	124	80
P00013_04	sp|P01784|HV01_CANLF	60.484	124	121	114	1	121	1	113	1.72e-41	135	100
P00013_04	sp|P01780|HV307_HUMAN	70.707	99	121	117	1	97	20	115	1.17e-40	134	80
P00013_04	sp|P0DP02|HVC33_HUMAN	72.000	100	121	117	1	97	20	115	2.22e-39	130	80
P00013_04	sp|P0DP03|HVC05_HUMAN	72.000	100	121	117	1	97	20	115	4.63e-39	130	80
P00013_04	sp|P01768|HV330_HUMAN	72.000	100	121	117	1	97	20	115	4.63e-39	130	80
P00013_04	sp|A0A0B4J1X5|HV374_HUMAN	68.687	99	121	117	1	97	20	115	5.00e-39	129	80
P00013_04	sp|P01764|HV323_HUMAN	68.687	99	121	117	1	97	20	115	1.29e-38	129	80
P00013_04	sp|P01772|HV333_HUMAN	72.000	100	121	117	1	97	20	115	1.67e-38	128	80
P00013_04	sp|A0A0J9YX35|HV64D_HUMAN	66.000	100	121	117	1	98	20	116	2.05e-38	128	81
P00013_04	sp|A0A0C4DH42|HV366_HUMAN	69.388	98	121	116	1	97	20	114	4.83e-38	127	80
P00013_04	sp|A0A0B4J1Y9|HV372_HUMAN	68.317	101	121	119	1	97	20	117	7.09e-38	127	80
P00013_04	sp|P01767|HV353_HUMAN	68.367	98	121	116	1	97	20	114	8.62e-38	126	80
P00013_04	sp|P01782|HV309_HUMAN	69.000	100	121	118	1	97	20	115	1.16e-37	126	80
P00013_04	sp|A0A0C4DH35|HV335_HUMAN	66.000	100	121	117	1	98	20	116	1.66e-37	125	81
P00013_04	sp|P01762|HV311_HUMAN	68.687	99	121	117	1	97	20	115	1.67e-37	125	80
P00013_04	sp|P01763|HV348_HUMAN	66.667	99	121	117	1	97	20	115	1.91e-37	125	80
P00013_04	sp|P01807|HVM37_MOUSE	57.258	124	121	119	1	121	1	117	2.12e-37	125	100
P00013_04	sp|P19181|HV05_CARAU	68.367	98	121	116	1	97	20	114	2.54e-37	125	80
P00013_04	sp|P01790|HVM21_MOUSE	53.125	128	121	122	1	121	1	121	3.63e-37	125	100
P00013_04	sp|A0A0C4DH36|HV338_HUMAN	67.010	97	121	116	1	97	20	113	6.38e-37	124	80
P00013_05	sp|P01784|HV01_CANLF	59.677	124	121	114	1	121	1	113	3.27e-40	132	100
P00013_05	sp|P01780|HV307_HUMAN	67.000	100	121	117	1	98	20	116	2.80e-39	130	81
P00013_05	sp|P0DP02|HVC33_HUMAN	69.000	100	121	117	1	98	20	116	3.33e-39	130	81
P00013_05	sp|P0DP03|HVC05_HUMAN	69.000	100	121	117	1	98	20	116	9.96e-39	129	81
P00013_05	sp|P01768|HV330_HUMAN	69.000	100	121	117	1	98	20	116	9.96e-39	129	81
P00013_05	sp|A0A0B4J1X5|HV374_HUMAN	67.677	99	121	117	1	97	20	115	1.25e-38	129	80
P00013_05	sp|P01772|HV333_HUMAN	69.000	100	121	117	1	98	20	116	3.32e-38	127	81
P00013_05	sp|P01764|HV323_HUMAN	68.000	100	121	117	1	97	20	115	3.35e-38	127	80
P00013_05	sp|A0A0J9YX35|HV64D_HUMAN	66.000	100	121	117	1	98	20	116	7.13e-38	127	81
P00013_05	sp|P01762|HV311_HUMAN	67.000	100	121	117	1	98	20	116	9.38e-38	126	81
P00013_05	sp|A0A0B4J1V0|HV315_HUMAN	64.706	102	121	119	1	98	20	118	1.66e-37	126	81
P00013_05	sp|P01787|HVM18_MOUSE	53.600	125	121	123	1	121	1	122	3.78e-37	125	100
P00013_05	sp|P01763|HV348_HUMAN	66.667	99	121	117	1	97	20	115	3.93e-37	125	80
P00013_05	sp|P0DOX5|IGG1_HUMAN	60.156	128	121	449	1	121	1	118	5.92e-37	133	100
P00013_05	sp|P01807|HVM37_MOUSE	56.000	125	121	119	1	121	1	117	7.05e-37	124	100
P00013_05	sp|A0A0B4J1Y9|HV372_HUMAN	65.385	104	121	119	1	97	20	117	8.13e-37	124	80
P00013_05	sp|P01782|HV309_HUMAN	66.337	101	121	118	1	98	20	116	8.80e-37	124	81
P00013_05	sp|A0A0C4DH35|HV335_HUMAN	66.000	100	121	117	1	98	20	116	9.85e-37	124	81
P00013_05	sp|P01790|HVM21_MOUSE	53.906	128	121	122	1	121	1	121	1.14e-36	124	100
P00013_05	sp|A0A0B4J1V1|HV321_HUMAN	64.000	100	121	117	1	98	20	116	1.23e-36	124	81
P00013_06	sp|P01784|HV01_CANLF	59.677	124	121	114	1	121	1	113	4.84e-40	132	100
P00013_06	sp|P01780|HV307_HUMAN	68.687	99	121	117	1	97	20	115	1.65e-38	128	80
P00013_06	sp|A0A0B4J1X5|HV374_HUMAN	68.687	99	121	117	1	97	20	115	2.39e-38	128	80
P00013_06	sp|P01791|HVM22_MOUSE	56.000	125	121	123	1	121	1	122	2.62e-38	128	100
P00013_06	sp|P01807|HVM37_MOUSE	58.065	124	121	119	1	121	1	117	3.19e-38	127	100
P00013_06	sp|P01787|HVM18_MOUSE	56.250	128	121	123	1	121	1	122	3.93e-38	127	100
P00013_06	sp|P01790|HVM21_MOUSE	55.469	128	121	122	1	121	1	121	5.65e-38	127	100
P00013_06	sp|P01788|HVM19_MOUSE	56.250	128	121	123	1	121	1	122	5.76e-38	127	100
P00013_06	sp|P01762|HV311_HUMAN	68.687	99	121	117	1	97	20	115	6.46e-38	127	80
P00013_06	sp|P01764|HV323_HUMAN	69.608	102	121	117	1	97	20	115	7.87e-38	127	80
P00013_06	sp|P01767|HV353_HUMAN	67.327	101	121	116	1	97	20	114	8.43e-38	126	80
P00013_06	sp|P01789|HVM20_MOUSE	55.906	127	121	122	1	121	1	121	1.08e-37	126	100
P00013_06	sp|P0DP02|HVC33_HUMAN	70.707	99	121	117	1	97	20	115	1.17e-37	126	80
P00013_06	sp|A0A0B4J1V0|HV315_HUMAN	65.347	101	121	119	1	97	20	117	1.31e-37	126	80
P00013_06	sp|A0A0B4J1Y9|HV372_HUMAN	66.337	101	121	119	1	97	20	117	1.61e-37	126	80
P00013_06	sp|A0A0C4DH42|HV366_HUMAN	68.367	98	121	116	1	97	20	114	1.72e-37	125	80
P00013_06	sp|P01792|HVM23_MOUSE	56.000	125	121	123	1	121	1	122	2.00e-37	125	100
P00013_06	sp|A0A0J9YX35|HV64D_HUMAN	67.000	100	121	117	1	98	20	116	2.25e-37	125	81
P00013_06	sp|P19181|HV05_CARAU	67.327	101	121	116	1	97	20	114	2.54e-37	125	80
P00013_06	sp|P0DP03|HVC05_HUMAN	70.707	99	121	117	1	97	20	115	3.48e-37	125	80
P00013_07	sp|P01784|HV01_CANLF	61.600	125	121	114	1	121	1	113	1.80e-41	135	100
P00013_07	sp|P01780|HV307_HUMAN	70.707	99	121	117	1	97	20	115	3.86e-40	132	80
P00013_07	sp|P0DP02|HVC33_HUMAN	70.707	99	121	117	1	97	20	115	1.90e-38	128	80
P00013_07	sp|P01807|HVM37_MOUSE	58.537	123	121	119	1	121	1	117	2.22e-38	128	100
P00013_07	sp|P01764|HV323_HUMAN	69.000	100	121	117	1	97	20	115	2.94e-38	127	80
P00013_07	sp|A0A0B4J1X5|HV374_HUMAN	68.687	99	121	117	1	97	20	115	3.39e-38	127	80
P00013_07	sp|P0DP03|HVC05_HUMAN	70.707	99	121	117	1	97	20	115	5.92e-38	127	80
P00013_07	sp|P01768|HV330_HUMAN	70.707	99	121	117	1	97	20	115	5.92e-38	127	80
P00013_07	sp|A0A0J9YX35|HV64D_HUMAN	66.000	100	121	117	1	98	20	116	8.59e-38	126	81
P00013_07	sp|P01762|HV311_HUMAN	68.687	99	121	117	1	97	20	115	1.50e-37	126	80
P00013_07	sp|P01772|HV333_HUMAN	70.707	99	121	117	1	97	20	115	2.13e-37	125	80
P00013_07	sp|P0DOX5|IGG1_HUMAN	60.156	128	121	449	1	121	1	118	2.25e-37	134	100
P00013_07	sp|A0A0B4J1Y9|HV372_HUMAN	65.385	104	121	119	1	97	20	117	4.26e-37	125	80
P00013_07	sp|P01811|HVM41_MOUSE	52.344	128	121	117	1	121	1	116	5.46e-37	124	100
P00013_07	sp|A0A0B4J1V1|HV321_HUMAN	66.667	99	121	117	1	97	20	115	5.64e-37	124	80
P00013_07	sp|A0A0C4DH42|HV366_HUMAN	68.367	98	121	116	1	97	20	114	8.20e-37	124	80
P00013_07	sp|P01790|HVM21_MOUSE	52.344	128	121	122	1	121	1	121	1.04e-36	124	100
P00013_07	sp|P01763|HV348_HUMAN	67.677	99	121	117	1	97	20	115	1.25e-36	124	80
P00013_07	sp|P01767|HV353_HUMAN	67.347	98	121	116	1	97	20	114	1.31e-36	123	80
P00013_07	sp|P01782|HV309_HUMAN	68.000	100	121	118	1	97	20	115	1.39e-36	123	80
P00013_08	sp|P01784|HV01_CANLF	60.484	124	121	114	1	121	1	113	1.36e-40	134	100
P00013_08	sp|P01807|HVM37_MOUSE	57.600	125	121	119	1	121	1	117	1.96e-39	130	100
P00013_08	sp|P0DP02|HVC33_HUMAN	72.000	100	121	117	1	97	20	115	3.64e-39	130	80
P00013_08	sp|P0DP03|HVC05_HUMAN	72.000	100	121	117	1	97	20	115	1.09e-38	129	80
P00013_08	sp|P01768|HV330_HUMAN	72.000	100	121	117	1	97	20	115	1.09e-38	129	80
P00013_08	sp|A0A0J9YX35|HV64D_HUMAN	67.000	100	121	117	1	98	20	116	1.10e-38	129	81
P00013_08	sp|A0A0B4J1X5|HV374_HUMAN	68.687	99	121	117	1	97	20	115	1.12e-38	129	80
P00013_08	sp|P01780|HV307_HUMAN	67.677	99	121	117	1	97	20	115	1.12e-38	129	80
P00013_08	sp|P01764|HV323_HUMAN	68.687	99	121	117	1	97	20	115	2.12e-38	128	80
P00013_08	sp|P01772|HV333_HUMAN	72.000	100	121	117	1	97	20	115	2.52e-38	128	80
P00013_08	sp|P01787|HVM18_MOUSE	55.469	128	121	123	1	121	1	122	2.71e-38	128	100
P00013_08	sp|P01791|HVM22_MOUSE	54.400	125	121	123	1	121	1	122	2.77e-38	128	100
P00013_08	sp|P01788|HVM19_MOUSE	55.469	128	121	123	1	121	1	122	3.80e-38	127	100
P00013_08	sp|P01790|HVM21_MOUSE	54.688	128	121	122	1	121	1	121	4.21e-38	127	100
P00013_08	sp|A0A0C4DH42|HV366_HUMAN	67.647	102	121	116	1	97	20	114	1.51e-37	126	80
P00013_08	sp|P01810|HVM40_MOUSE	57.600	125	121	119	1	121	1	117	1.58e-37	126	100
P00013_08	sp|P01789|HVM20_MOUSE	54.331	127	121	122	1	121	1	121	1.84e-37	126	100
P00013_08	sp|P01808|HVM38_MOUSE	55.118	127	121	119	1	121	1	117	2.61e-37	125	100
P00013_08	sp|P01767|HV353_HUMAN	66.667	102	121	116	1	97	20	114	2.69e-37	125	80
P00013_08	sp|P01792|HVM23_MOUSE	54.400	125	121	123	1	121	1	122	3.61e-37	125	100
P00014_00	sp|P01764|HV323_HUMAN	72.165	97	123	117	1	97	20	115	1.33e-39	131	79
P00014_00	sp|P01784|HV01_CANLF	60.000	125	123	114	1	123	1	113	1.72e-39	130	100
P00014_00	sp|P01763|HV348_HUMAN	70.000	100	123	117	1	97	20	115	9.02e-39	129	79
P00014_00	sp|P01780|HV307_HUMAN	71.134	97	123	117	1	97	20	115	1.31e-38	129	79
P00014_00	sp|P0DP02|HVC33_HUMAN	72.000	100	123	117	1	97	20	115	1.84e-38	128	79
P00014_00	sp|A0A0J9YX35|HV64D_HUMAN	70.103	97	123	117	1	97	20	115	2.91e-38	128	79
P00014_00	sp|P0DP03|HVC05_HUMAN	72.000	100	123	117	1	97	20	115	5.54e-38	127	79
P00014_00	sp|P01768|HV330_HUMAN	72.000	100	123	117	1	97	20	115	5.54e-38	127	79
P00014_00	sp|P01767|HV353_HUMAN	71.429	98	123	116	1	97	20	114	7.00e-38	127	79
P00014_00	sp|A0A0C4DH42|HV366_HUMAN	68.932	103	123	116	1	97	20	114	9.93e-38	126	79
P00014_00	sp|P01772|HV333_HUMAN	72.000	100	123	117	1	97	20	115	1.52e-37	126	79
P00014_00	sp|P0DOX5|IGG1_HUMAN	61.789	123	123	449	1	123	1	118	1.97e-37	134	100
P00014_00	sp|P19181|HV05_CARAU	71.429	98	123	116	1	97	20	114	1.98e-37	125	79
P00014_00	sp|P01807|HVM37_MOUSE	56.800	125	123	119	1	123	1	117	2.24e-37	125	100
P00014_00	sp|P01792|HVM23_MOUSE	53.968	126	123	123	1	123	1	122	3.00e-37	125	100
P00014_00	sp|P01788|HVM19_MOUSE	53.968	126	123	123	1	123	1	122	3.99e-37	125	100
P00014_00	sp|P01787|HVM18_MOUSE	53.968	126	123	123	1	123	1	122	6.31e-37	124	100
P00014_00	sp|A0A0C4DH35|HV335_HUMAN	67.010	97	123	117	1	97	20	115	9.12e-37	124	79
P00014_00	sp|A0A0B4J1V1|HV321_HUMAN	67.010	97	123	117	1	97	20	115	9.32e-37	124	79
P00014_00	sp|P01795|HVM26_MOUSE	53.175	126	123	144	1	123	20	143	9.55e-37	125	100
P00014_01	sp|P01784|HV01_CANLF	59.524	126	123	114	1	123	1	113	8.24e-39	129	100
P00014_01	sp|P01764|HV323_HUMAN	71.134	97	123	117	1	97	20	115	1.29e-38	129	79
P00014_01	sp|P01788|HVM19_MOUSE	54.762	126	123	123	1	123	1	122	5.05e-38	127	100
P00014_01	sp|P01792|HVM23_MOUSE	54.762	126	123	123	1	123	1	122	7.40e-38	127	100
P00014_01	sp|P01787|HVM18_MOUSE	54.762	126	123	123	1	123	1	122	7.65e-38	127	100
P00014_01	sp|P01763|HV348_HUMAN	69.000	100	123	117	1	97	20	115	8.97e-38	126	79
P00014_01	sp|P0DP02|HVC33_HUMAN	71.000	100	123	117	1	97	20	115	9.48e-38	126	79
P00014_01	sp|P0DP03|HVC05_HUMAN	70.588	102	123	117	1	97	20	115	1.67e-37	126	79
P00014_01	sp|P01768|HV330_HUMAN	70.588	102	123	117	1	97	20	115	1.67e-37	126	79
P00014_01	sp|P01767|HV353_HUMAN	70.408	98	123	116	1	97	20	114	2.14e-37	125	79
P00014_01	sp|P01791|HVM22_MOUSE	54.762	126	123	123	1	123	1	122	2.72e-37	125	100
P00014_01	sp|A0A0J9YX35|HV64D_HUMAN	69.072	97	123	117	1	97	20	115	2.92e-37	125	79
P00014_01	sp|P01780|HV307_HUMAN	69.000	100	123	117	1	97	20	115	3.52e-37	125	79
P00014_01	sp|A0A0C4DH42|HV366_HUMAN	69.903	103	123	116	1	97	20	114	3.65e-37	125	79
P00014_01	sp|P19181|HV05_CARAU	70.408	98	123	116	1	97	20	114	6.24e-37	124	79
P00014_01	sp|P01772|HV333_HUMAN	70.588	102	123	117	1	97	20	115	6.50e-37	124	79
P00014_01	sp|P01795|HVM26_MOUSE	53.968	126	123	144	1	123	20	143	6.88e-37	125	100
P00014_01	sp|P01789|HVM20_MOUSE	55.556	126	123	122	1	123	1	121	1.17e-36	124	100
P00014_01	sp|A0A0C4DH35|HV335_HUMAN	65.979	97	123	117	1	97	20	115	1.74e-36	123	79
P00014_01	sp|P01762|HV311_HUMAN	68.041	97	123	117	1	97	20	115	1.84e-36	123	79
P00014_02	sp|P01784|HV01_CANLF	60.317	126	123	114	1	123	1	113	2.11e-40	133	100
P00014_02	sp|P01764|HV323_HUMAN	72.165	97	123	117	1	97	20	115	2.40e-39	130	79
P00014_02	sp|P0DP02|HVC33_HUMAN	73.000	100	123	117	1	97	20	115	3.68e-39	130	79
P00014_02	sp|P01763|HV348_HUMAN	71.000	100	123	117	1	97	20	115	5.00e-39	130	79
P00014_02	sp|P0DP03|HVC05_HUMAN	73.000	100	123	117	1	97	20	115	1.04e-38	129	79
P00014_02	sp|P01768|HV330_HUMAN	73.000	100	123	117	1	97	20	115	1.04e-38	129	79
P00014_02	sp|P01772|HV333_HUMAN	73.000	100	123	117	1	97	20	115	2.58e-38	128	79
P00014_02	sp|A0A0J9YX35|HV64D_HUMAN	70.103	97	123	117	1	97	20	115	3.58e-38	127	79
P00014_02	sp|P01780|HV307_HUMAN	71.000	100	123	117	1	97	20	115	3.82e-38	127	79
P00014_02	sp|P01767|HV353_HUMAN	71.429	98	123	116	1	97	20	114	8.90e-38	126	79
P00014_02	sp|A0A0C4DH42|HV366_HUMAN	68.932	103	123	116	1	97	20	114	1.12e-37	126	79
P00014_02	sp|P19181|HV05_CARAU	71.429	98	123	116	1	97	20	114	2.16e-37	125	79
P00014_02	sp|A0A0B4J1X5|HV374_HUMAN	70.103	97	123	117	1	97	20	115	2.35e-37	125	79
P00014_02	sp|P01791|HVM22_MOUSE	52.800	125	123	123	1	123	1	122	1.09e-36	124	100
P00014_02	sp|P01762|HV311_HUMAN	68.041	97	123	117	1	97	20	115	1.16e-36	124	79
P00014_02	sp|P0DOX5|IGG1_HUMAN	60.976	123	123	449	1	123	1	118	1.23e-36	132	100
P00014_02	sp|A0A0B4J1V1|HV321_HUMAN	67.010	97	123	117	1	97	20	115	1.44e-36	124	79
P00014_02	sp|A0A0C4DH32|HV320_HUMAN	65.979	97	123	117	1	97	20	115	1.65e-36	123	79
P00014_02	sp|A0A0C4DH35|HV335_HUMAN	67.010	97	123	117	1	97	20	115	1.78e-36	123	79
P00014_02	sp|A0A075B6Q5|HV364_HUMAN	69.072	97	123	118	1	97	21	116	2.02e-36	123	79
P00014_03	sp|P01764|HV323_HUMAN	71.429	98	123	117	1	97	20	115	3.05e-39	130	79
P00014_03	sp|P0DP02|HVC33_HUMAN	73.000	100	123	117	1	97	20	115	1.28e-38	129	79
P00014_03	sp|A0A0C4DH35|HV335_HUMAN	68.367	98	123	117	1	97	20	115	1.53e-38	129	79
P00014_03	sp|P0DP03|HVC05_HUMAN	74.257	101	123	117	1	97	20	115	1.76e-38	128	79
P00014_03	sp|P01768|HV330_HUMAN	74.257	101	123	117	1	97	20	115	1.76e-38	128	79
P00014_03	sp|P01772|HV333_HUMAN	74.257	101	123	117	1	97	20	115	4.04e-38	127	79
P00014_03	sp|P01767|HV353_HUMAN	70.707	99	123	116	1	97	20	114	5.62e-38	127	79
P00014_03	sp|P01780|HV307_HUMAN	69.388	98	123	117	1	97	20	115	5.99e-38	127	79
P00014_03	sp|A0A0J9YX35|HV64D_HUMAN	69.388	98	123	117	1	97	20	115	6.12e-38	127	79
P00014_03	sp|P0DOX5|IGG1_HUMAN	60.484	124	123	449	1	123	1	118	8.54e-38	135	100
P00014_03	sp|P01763|HV348_HUMAN	67.961	103	123	117	1	97	20	115	1.05e-37	126	79
P00014_03	sp|P01784|HV01_CANLF	59.843	127	123	114	1	123	1	113	1.28e-37	126	100
P00014_03	sp|P19181|HV05_CARAU	70.707	99	123	116	1	97	20	114	1.50e-37	126	79
P00014_03	sp|A0A0C4DH42|HV366_HUMAN	69.903	103	123	116	1	97	20	114	1.85e-37	125	79
P00014_03	sp|A0A0C4DH32|HV320_HUMAN	66.327	98	123	117	1	97	20	115	2.59e-37	125	79
P00014_03	sp|A0A0B4J1X5|HV374_HUMAN	69.388	98	123	117	1	97	20	115	6.02e-37	124	79
P00014_03	sp|P01791|HVM22_MOUSE	53.175	126	123	123	1	123	1	122	1.18e-36	124	100
P00014_03	sp|P01762|HV311_HUMAN	67.347	98	123	117	1	97	20	115	1.37e-36	124	79
P00014_03	sp|P01782|HV309_HUMAN	67.347	98	123	118	1	97	20	115	1.49e-36	124	79
P00014_03	sp|A0A0B4J1V1|HV321_HUMAN	66.327	98	123	117	1	97	20	115	1.65e-36	123	79
P00014_04	sp|P01764|HV323_HUMAN	70.103	97	123	117	1	97	20	115	1.89e-39	130	79
P00014_04	sp|P01767|HV353_HUMAN	71.717	99	123	116	1	97	20	114	5.12e-39	130	79
P00014_04	sp|P19181|HV05_CARAU	71.717	99	123	116	1	97	20	114	1.45e-38	129	79
P00014_04	sp|P01788|HVM19_MOUSE	55.556	126	123	123	1	123	1	122	1.48e-38	129	100
P00014_04	sp|P01787|HVM18_MOUSE	55.556	126	123	123	1	123	1	122	2.18e-38	128	100
P00014_04	sp|A0A0C4DH42|HV366_HUMAN	71.717	99	123	116	1	97	20	114	2.29e-38	128	79
P00014_04	sp|P01792|HVM23_MOUSE	55.556	126	123	123	1	123	1	122	2.62e-38	128	100
P00014_04	sp|P0DP02|HVC33_HUMAN	70.103	97	123	117	1	97	20	115	2.69e-38	128	79
P00014_04	sp|P01784|HV01_CANLF	60.156	128	123	114	1	123	1	113	3.69e-38	127	100
P00014_04	sp|P01780|HV307_HUMAN	68.041	97	123	117	1	97	20	115	4.81e-38	127	79
P00014_04	sp|P0DP03|HVC05_HUMAN	69.697	99	123	117	1	97	20	115	5.08e-38	127	79
P00014_04	sp|P01768|HV330_HUMAN	69.697	99	123	117	1	97	20	115	5.08e-38	127	79
P00014_04	sp|A0A0J9YX35|HV64D_HUMAN	68.041	97	123	117	1	97	20	115	5.25e-38	127	79
P00014_04	sp|P01763|HV348_HUMAN	70.707	99	123	117	1	97	20	115	6.98e-38	127	79
P00014_04	sp|P01791|HVM22_MOUSE	55.556	126	123	123	1	123	1	122	9.52e-38	127	100
P00014_04	sp|A0A0C4DH35|HV335_HUMAN	68.367	98	123	117	1	97	20	115	1.45e-37	126	79
P00014_04	sp|P01772|HV333_HUMAN	69.697	99	123	117	1	97	20	115	1.83e-37	125	79
P00014_04	sp|P01789|HVM20_MOUSE	56.349	126	123	122	1	123	1	121	2.73e-37	125	100
P00014_04	sp|A0A0C4DH32|HV320_HUMAN	67.000	100	123	117	1	97	20	115	2.80e-37	125	79
P00014_04	sp|P0DTE1|HV383_HUMAN	68.687	99	123	115	1	98	20	114	7.13e-37	124	80
P00014_05	sp|P01784|HV01_CANLF	62.400	125	123	114	1	123	1	113	6.30e-40	132	100
P00014_05	sp|P01764|HV323_HUMAN	72.165	97	123	117	1	97	20	115	3.76e-39	130	79
P00014_05	sp|P0DP02|HVC33_HUMAN	73.737	99	123	117	1	97	20	115	1.63e-38	128	79
P00014_05	sp|P01780|HV307_HUMAN	72.727	99	123	117	1	97	20	115	1.74e-38	128	79
P00014_05	sp|A0A0J9YX35|HV64D_HUMAN	70.103	97	123	117	1	97	20	115	4.76e-38	127	79
P00014_05	sp|P0DP03|HVC05_HUMAN	73.737	99	123	117	1	97	20	115	5.31e-38	127	79
P00014_05	sp|P01768|HV330_HUMAN	73.737	99	123	117	1	97	20	115	5.31e-38	127	79
P00014_05	sp|P01767|HV353_HUMAN	71.429	98	123	116	1	97	20	114	1.11e-37	126	79
P00014_05	sp|P01772|HV333_HUMAN	73.737	99	123	117	1	97	20	115	1.62e-37	126	79
P00014_05	sp|A0A0C4DH42|HV366_HUMAN	68.932	103	123	116	1	97	20	114	2.52e-37	125	79
P00014_05	sp|P19181|HV05_CARAU	71.429	98	123	116	1	97	20	114	3.13e-37	125	79
P00014_05	sp|A0A0C4DH35|HV335_HUMAN	68.041	97	123	117	1	97	20	115	6.42e-37	124	79
P00014_05	sp|P01763|HV348_HUMAN	70.707	99	123	117	1	97	20	115	8.54e-37	124	79
P00014_05	sp|P01792|HVM23_MOUSE	52.800	125	123	123	1	123	1	122	9.15e-37	124	100
P00014_05	sp|P01788|HVM19_MOUSE	52.800	125	123	123	1	123	1	122	1.02e-36	124	100
P00014_05	sp|A0A0C4DH32|HV320_HUMAN	65.347	101	123	117	1	97	20	115	1.16e-36	124	79
P00014_05	sp|P01782|HV309_HUMAN	65.385	104	123	118	1	100	20	118	1.23e-36	124	81
P00014_05	sp|A0A0B4J1V1|HV321_HUMAN	67.010	97	123	117	1	97	20	115	1.32e-36	124	79
P00014_05	sp|P01787|HVM18_MOUSE	52.800	125	123	123	1	123	1	122	1.37e-36	124	100
P00014_05	sp|P0DP04|HV43D_HUMAN	65.385	104	123	118	1	100	20	118	1.45e-36	124	81
P00014_06	sp|P01784|HV01_CANLF	60.800	125	123	114	1	123	1	113	2.73e-39	130	100
P00014_06	sp|P01764|HV323_HUMAN	71.134	97	123	117	1	97	20	115	2.29e-38	128	79
P00014_06	sp|P01767|HV353_HUMAN	70.103	97	123	116	1	97	20	114	1.22e-37	126	79
P00014_06	sp|P01763|HV348_HUMAN	69.000	100	123	117	1	97	20	115	1.48e-37	126	79
P00014_06	sp|A0A0C4DH42|HV366_HUMAN	67.647	102	123	116	1	97	20	114	2.07e-37	125	79
P00014_06	sp|P19181|HV05_CARAU	70.103	97	123	116	1	97	20	114	3.13e-37	125	79
P00014_06	sp|A0A0J9YX35|HV64D_HUMAN	69.072	97	123	117	1	97	20	115	3.76e-37	125	79
P00014_06	sp|P0DP02|HVC33_HUMAN	71.000	100	123	117	1	97	20	115	4.58e-37	125	79
P00014_06	sp|P0DP03|HVC05_HUMAN	71.000	100	123	117	1	97	20	115	1.02e-36	124	79
P00014_06	sp|P01768|HV330_HUMAN	71.000	100	123	117	1	97	20	115	1.02e-36	124	79
P00014_06	sp|A0A0C4DH35|HV335_HUMAN	67.010	97	123	117	1	97	20	115	1.05e-36	124	79
P00014_06	sp|P01780|HV307_HUMAN	69.072	97	123	117	1	97	20	115	1.20e-36	124	79
P00014_06	sp|P01772|HV333_HUMAN	71.134	97	123	117	1	97	20	115	3.10e-36	122	79
P00014_06	sp|P0DTE1|HV383_HUMAN	66.667	102	123	115	1	98	20	114	3.93e-36	122	80
P00014_06	sp|A0A0C4DH36|HV338_HUMAN	67.327	101	123	116	1	97	20	113	5.15e-36	122	79
P00014_06	sp|P01792|HVM23_MOUSE	53.175	126	123	123	1	123	1	122	5.62e-36	122	100
P00014_06	sp|P01762|HV311_HUMAN	67.010	97	123	117	1	97	20	115	1.04e-35	121	79
P00014_06	sp|P01793|HVM24_MOUSE	52.800	125	123	123	1	123	1	122	1.32e-35	121	100
P00014_06	sp|P01788|HVM19_MOUSE	53.175	126	123	123	1	123	1	122	1.35e-35	121	100
P00014_06	sp|P0DOX5|IGG1_HUMAN	60.163	123	123	449	1	123	1	118	1.45e-35	129	100
P00014_07	sp|P01764|HV323_HUMAN	71.134	97	123	117	1	97	20	115	1.82e-38	128	79
P00014_07	sp|P01784|HV01_CANLF	57.937	126	123	114	1	123	1	113	3.73e-38	127	100
P00014_07	sp|P0DP02|HVC33_HUMAN	71.000	100	123	117	1	97	20	115	5.42e-38	127	79
P00014_07	sp|P01763|HV348_HUMAN	69.000	100	123	117	1	97	20	115	7.78e-38	127	79
P00014_07	sp|P01767|HV353_HUMAN	70.103	97	123	116	1	97	20	114	8.15e-38	127	79
P00014_07	sp|A0A0C4DH42|HV366_HUMAN	69.608	102	123	116	1	97	20	114	1.26e-37	126	79
P00014_07	sp|P0DP03|HVC05_HUMAN	71.000	100	123	117	1	97	20	115	1.44e-37	126	79
P00014_07	sp|P01768|HV330_HUMAN	71.000	100	123	117	1	97	20	115	1.44e-37	126	79
P00014_07	sp|P19181|HV05_CARAU	70.103	97	123	116	1	97	20	114	2.52e-37	125	79
P00014_07	sp|P01780|HV307_HUMAN	69.000	100	123	117	1	97	20	115	2.83e-37	125	79
P00014_07	sp|A0A0J9YX35|HV64D_HUMAN	69.072	97	123	117	1	97	20	115	3.64e-37	125	79
P00014_07	sp|P01788|HVM19_MOUSE	53.600	125	123	123	1	123	1	122	3.65e-37	125	100
P00014_07	sp|P01772|HV333_HUMAN	71.000	100	123	117	1	97	20	115	3.76e-37	125	79
P00014_07	sp|P01792|HVM23_MOUSE	53.600	125	123	123	1	123	1	122	3.77e-37	125	100
P00014_07	sp|P01787|HVM18_MOUSE	53.600	125	123	123	1	123	1	122	5.13e-37	125	100
P00014_07	sp|P0DTE1|HV383_HUMAN	67.327	101	123	115	1	98	20	114	5.31e-37	124	80
P00014_07	sp|P01807|HVM37_MOUSE	56.000	125	123	119	1	123	1	117	5.98e-37	124	100
P00014_07	sp|P01795|HVM26_MOUSE	52.800	125	123	144	1	123	20	143	8.19e-37	125	100
P00014_07	sp|A0A0C4DH36|HV338_HUMAN	68.000	100	123	116	1	97	20	113	9.35e-37	124	79
P00014_07	sp|P01810|HVM40_MOUSE	54.472	123	123	119	1	123	1	117	1.10e-36	124	100
P00014_08	sp|P01764|HV323_HUMAN	71.429	98	123	117	1	97	20	115	1.48e-38	129	79
P00014_08	sp|P01780|HV307_HUMAN	72.000	100	123	117	1	97	20	115	1.49e-38	129	79
P00014_08	sp|P01767|HV353_HUMAN	71.429	98	123	116	1	97	20	114	1.84e-38	128	79
P00014_08	sp|P01784|HV01_CANLF	60.000	125	123	114	1	123	1	113	3.81e-38	127	100
P00014_08	sp|A0A0C4DH42|HV366_HUMAN	68.932	103	123	116	1	97	20	114	4.52e-38	127	79
P00014_08	sp|P0DP03|HVC05_HUMAN	74.257	101	123	117	1	97	20	115	4.81e-38	127	79
P00014_08	sp|P01768|HV330_HUMAN	74.257	101	123	117	1	97	20	115	4.81e-38	127	79
P00014_08	sp|P19181|HV05_CARAU	71.429	98	123	116	1	97	20	114	4.93e-38	127	79
P00014_08	sp|P01788|HVM19_MOUSE	54.762	126	123	123	1	123	1	122	4.94e-38	127	100
P00014_08	sp|P01792|HVM23_MOUSE	54.762	126	123	123	1	123	1	122	5.16e-38	127	100
P00014_08	sp|P01787|HVM18_MOUSE	54.762	126	123	123	1	123	1	122	6.42e-38	127	100
P00014_08	sp|P0DP02|HVC33_HUMAN	73.000	100	123	117	1	97	20	115	6.46e-38	127	79
P00014_08	sp|P01795|HVM26_MOUSE	53.968	126	123	144	1	123	20	143	9.54e-38	127	100
P00014_08	sp|P01772|HV333_HUMAN	74.257	101	123	117	1	97	20	115	1.19e-37	126	79
P00014_08	sp|P01789|HVM20_MOUSE	56.349	126	123	122	1	123	1	121	1.65e-37	126	100
P00014_08	sp|P01791|HVM22_MOUSE	54.762	126	123	123	1	123	1	122	2.21e-37	125	100
P00014_08	sp|A0A0C4DH35|HV335_HUMAN	67.347	98	123	117	1	97	20	115	2.40e-37	125	79
P00014_08	sp|A0A0J9YX35|HV64D_HUMAN	70.408	98	123	117	1	97	20	115	3.09e-37	125	79
P00014_08	sp|P01793|HVM24_MOUSE	56.693	127	123	123	1	123	1	122	6.45e-37	124	100
P00014_08	sp|A0A0C4DH32|HV320_HUMAN	67.677	99	123	117	1	97	20	115	7.17e-37	124	79
P00015_00	sp|P01784|HV01_CANLF	59.016	122	121	114	1	121	1	113	3.22e-39	130	100
P00015_00	sp|A0A0J9YX35|HV64D_HUMAN	67.010	97	121	117	1	97	20	115	1.27e-38	129	80
P00015_00	sp|P0DP02|HVC33_HUMAN	69.072	97	121	117	1	97	20	115	1.44e-38	128	80
P00015_00	sp|P01764|HV323_HUMAN	69.000	100	121	117	1	97	20	115	1.53e-38	128	80
P00015_00	sp|P0DP03|HVC05_HUMAN	69.072	97	121	117	1	97	20	115	2.42e-38	128	80
P00015_00	sp|P01768|HV330_HUMAN	69.072	97	121	117	1	97	20	115	2.42e-38	128	80
P00015_00	sp|P01763|HV348_HUMAN	67.010	97	121	117	1	97	20	115	6.75e-38	127	80
P00015_00	sp|P01772|HV333_HUMAN	69.072	97	121	117	1	97	20	115	1.26e-37	126	80
P00015_00	sp|A0A0B4J1X5|HV374_HUMAN	67.010	97	121	117	1	97	20	115	1.67e-37	125	80
P00015_00	sp|P01780|HV307_HUMAN	68.687	99	121	117	1	97	20	115	4.84e-37	124	80
P00015_00	sp|A0A075B6Q5|HV364_HUMAN	65.979	97	121	118	1	97	21	116	5.94e-37	124	80
P00015_00	sp|P01794|HVM25_MOUSE	52.846	123	121	123	1	121	1	122	6.60e-37	124	100
P00015_00	sp|P01762|HV311_HUMAN	65.000	100	121	117	1	97	20	115	1.15e-36	124	80
P00015_00	sp|A0A0C4DH42|HV366_HUMAN	67.677	99	121	116	1	97	20	114	1.99e-36	123	80
P00015_00	sp|P01766|HV313_HUMAN	67.677	99	121	116	1	97	20	114	2.82e-36	122	80
P00015_00	sp|P01782|HV309_HUMAN	64.151	106	121	118	1	100	20	118	2.93e-36	122	83
P00015_00	sp|A0A0C4DH35|HV335_HUMAN	65.979	97	121	117	1	97	20	115	3.07e-36	122	80
P00015_00	sp|A0A0B4J1Y9|HV372_HUMAN	63.725	102	121	119	1	97	20	117	3.40e-36	122	80
P00015_00	sp|A0A0B4J1V6|HV373_HUMAN	64.646	99	121	119	1	97	20	117	3.48e-36	122	80
P00015_00	sp|P0DP04|HV43D_HUMAN	63.000	100	121	118	1	100	20	118	3.89e-36	122	83
P00015_01	sp|P0DP03|HVC05_HUMAN	71.134	97	121	117	1	97	20	115	6.22e-39	129	80
P00015_01	sp|P01768|HV330_HUMAN	71.134	97	121	117	1	97	20	115	6.22e-39	129	80
P00015_01	sp|P01780|HV307_HUMAN	69.072	97	121	117	1	97	20	115	6.86e-39	129	80
P00015_01	sp|P01764|HV323_HUMAN	69.072	97	121	117	1	97	20	115	9.96e-39	129	80
P00015_01	sp|P01784|HV01_CANLF	60.656	122	121	114	1	121	1	113	1.32e-38	128	100
P00015_01	sp|P01763|HV348_HUMAN	69.072	97	121	117	1	97	20	115	2.01e-38	128	80
P00015_01	sp|P01772|HV333_HUMAN	71.134	97	121	117	1	97	20	115	2.10e-38	128	80
P00015_01	sp|A0A0J9YX35|HV64D_HUMAN	68.041	97	121	117	1	97	20	115	2.21e-38	128	80
P00015_01	sp|P0DP02|HVC33_HUMAN	70.103	97	121	117	1	97	20	115	2.61e-38	128	80
P00015_01	sp|A0A0B4J1X5|HV374_HUMAN	68.041	97	121	117	1	97	20	115	2.23e-37	125	80
P00015_01	sp|P01791|HVM22_MOUSE	55.285	123	121	123	1	121	1	122	7.12e-37	124	100
P00015_01	sp|P01794|HVM25_MOUSE	55.645	124	121	123	1	121	1	122	9.46e-37	124	100
P00015_01	sp|P0DP04|HV43D_HUMAN	67.010	97	121	118	1	97	20	115	1.11e-36	124	80
P00015_01	sp|A0A075B6Q5|HV364_HUMAN	67.010	97	121	118	1	97	21	116	1.11e-36	124	80
P00015_01	sp|A0A0C4DH42|HV366_HUMAN	69.072	97	121	116	1	97	20	114	1.19e-36	124	80
P00015_01	sp|P01767|HV353_HUMAN	68.041	97	121	116	1	97	20	114	2.22e-36	123	80
P00015_01	sp|P01789|HVM20_MOUSE	55.645	124	121	122	1	121	1	121	2.62e-36	123	100
P00015_01	sp|P19181|HV05_CARAU	68.041	97	121	116	1	97	20	114	5.87e-36	122	80
P00015_01	sp|A0A0B4J1V1|HV321_HUMAN	68.041	97	121	117	1	97	20	115	6.75e-36	122	80
P00015_01	sp|P01782|HV309_HUMAN	69.388	98	121	118	1	97	20	115	6.80e-36	122	80
P00015_02	sp|P0DP03|HVC05_HUMAN	71.134	97	121	117	1	97	20	115	4.40e-40	132	80
P00015_02	sp|P01768|HV330_HUMAN	71.134	97	121	117	1	97	20	115	4.40e-40	132	80
P00015_02	sp|P0DP02|HVC33_HUMAN	70.103	97	121	117	1	97	20	115	1.64e-39	131	80
P00015_02	sp|A0A0J9YX35|HV64D_HUMAN	65.657	99	121	117	1	99	20	117	1.69e-39	131	82
P00015_02	sp|P01772|HV333_HUMAN	71.134	97	121	117	1	97	20	115	2.65e-39	130	80
P00015_02	sp|P01784|HV01_CANLF	58.678	121	121	114	1	121	1	113	6.20e-39	129	100
P00015_02	sp|P01780|HV307_HUMAN	69.072	97	121	117	1	97	20	115	1.19e-38	129	80
P00015_02	sp|A0A0B4J1X5|HV374_HUMAN	68.041	97	121	117	1	97	20	115	2.88e-38	127	80
P00015_02	sp|P01764|HV323_HUMAN	69.000	100	121	117	1	97	20	115	2.94e-38	127	80
P00015_02	sp|P01762|HV311_HUMAN	68.317	101	121	117	1	97	20	115	1.27e-37	126	80
P00015_02	sp|P01763|HV348_HUMAN	67.010	97	121	117	1	97	20	115	1.57e-37	126	80
P00015_02	sp|A0A075B6Q5|HV364_HUMAN	65.979	97	121	118	1	97	21	116	2.88e-37	125	80
P00015_02	sp|P01782|HV309_HUMAN	67.010	97	121	118	1	97	20	115	3.36e-37	125	80
P00015_02	sp|P0DOX5|IGG1_HUMAN	61.157	121	121	449	1	121	1	118	3.90e-37	133	100
P00015_02	sp|P0DP04|HV43D_HUMAN	65.979	97	121	118	1	97	20	115	4.82e-37	125	80
P00015_02	sp|A0A0C4DH35|HV335_HUMAN	64.286	98	121	117	1	98	20	116	8.73e-37	124	81
P00015_02	sp|P01807|HVM37_MOUSE	56.557	122	121	119	1	121	1	117	9.68e-37	124	100
P00015_02	sp|A0A0B4J1V6|HV373_HUMAN	64.646	99	121	119	1	97	20	117	1.42e-36	124	80
P00015_02	sp|A0A0B4J1X8|HV343_HUMAN	64.948	97	121	118	1	97	20	115	3.31e-36	122	80
P00015_02	sp|A0A0C4DH42|HV366_HUMAN	67.677	99	121	116	1	97	20	114	4.18e-36	122	80
P00015_03	sp|P01784|HV01_CANLF	59.504	121	121	114	1	121	1	113	1.29e-41	136	100
P00015_03	sp|A0A0J9YX35|HV64D_HUMAN	67.677	99	121	117	1	99	20	117	2.09e-40	133	82
P00015_03	sp|P01764|HV323_HUMAN	67.677	99	121	117	1	99	20	117	6.39e-40	132	82
P00015_03	sp|P0DP03|HVC05_HUMAN	69.072	97	121	117	1	97	20	115	1.42e-39	131	80
P00015_03	sp|P01768|HV330_HUMAN	69.072	97	121	117	1	97	20	115	1.42e-39	131	80
P00015_03	sp|P01763|HV348_HUMAN	68.041	97	121	117	1	97	20	115	2.92e-39	130	80
P00015_03	sp|P0DP02|HVC33_HUMAN	68.041	97	121	117	1	97	20	115	5.40e-39	129	80
P00015_03	sp|P01772|HV333_HUMAN	69.072	97	121	117	1	97	20	115	6.79e-39	129	80
P00015_03	sp|A0A0B4J1X5|HV374_HUMAN	68.041	97	121	117	1	97	20	115	2.39e-38	128	80
P00015_03	sp|P01780|HV307_HUMAN	67.010	97	121	117	1	97	20	115	2.78e-38	128	80
P00015_03	sp|A0A075B6Q5|HV364_HUMAN	67.010	97	121	118	1	97	21	116	5.29e-38	127	80
P00015_03	sp|A0A0C4DH42|HV366_HUMAN	69.072	97	121	116	1	97	20	114	1.85e-37	125	80
P00015_03	sp|P01767|HV353_HUMAN	68.041	97	121	116	1	97	20	114	5.24e-37	124	80
P00015_03	sp|P01762|HV311_HUMAN	67.010	97	121	117	1	97	20	115	8.27e-37	124	80
P00015_03	sp|P0DP04|HV43D_HUMAN	64.948	97	121	118	1	97	20	115	8.80e-37	124	80
P00015_03	sp|P01807|HVM37_MOUSE	53.719	121	121	119	1	121	1	117	9.68e-37	124	100
P00015_03	sp|P01791|HVM22_MOUSE	54.400	125	121	123	1	121	1	122	1.01e-36	124	100
P00015_03	sp|P19181|HV05_CARAU	68.041	97	121	116	1	97	20	114	1.45e-36	123	80
P00015_03	sp|P01782|HV309_HUMAN	65.979	97	121	118	1	97	20	115	1.47e-36	123	80
P00015_03	sp|A0A0C4DH32|HV320_HUMAN	64.948	97	121	117	1	97	20	115	1.65e-36	123	80
P00015_04	sp|P01784|HV01_CANLF	59.504	121	121	114	1	121	1	113	3.20e-40	132	100
P00015_04	sp|P0DP03|HVC05_HUMAN	70.103	97	121	117	1	97	20	115	3.48e-39	130	80
P00015_04	sp|P01768|HV330_HUMAN	70.103	97	121	117	1	97	20	115	3.48e-39	130	80
P00015_04	sp|P01764|HV323_HUMAN	68.041	97	121	117	1	97	20	115	8.92e-39	129	80
P00015_04	sp|A0A0J9YX35|HV64D_HUMAN	67.010	97	121	117	1	97	20	115	9.96e-39	129	80
P00015_04	sp|P0DP02|HVC33_HUMAN	69.072	97	121	117	1	97	20	115	1.32e-38	129	80
P00015_04	sp|P01763|HV348_HUMAN	68.041	97	121	117	1	97	20	115	1.74e-38	128	80
P00015_04	sp|P01772|HV333_HUMAN	70.103	97	121	117	1	97	20	115	1.86e-38	128	80
P00015_04	sp|P01780|HV307_HUMAN	68.041	97	121	117	1	97	20	115	4.22e-38	127	80
P00015_04	sp|A0A0B4J1X5|HV374_HUMAN	68.041	97	121	117	1	97	20	115	7.53e-38	127	80
P00015_04	sp|A0A075B6Q5|HV364_HUMAN	65.979	97	121	118	1	97	21	116	3.55e-37	125	80
P00015_04	sp|A0A0C4DH42|HV366_HUMAN	68.041	97	121	116	1	97	20	114	8.38e-37	124	80
P00015_04	sp|P01767|HV353_HUMAN	67.010	97	121	116	1	97	20	114	1.80e-36	123	80
P00015_04	sp|A0A0C4DH36|HV338_HUMAN	66.000	100	121	116	1	100	20	116	2.42e-36	123	83
P00015_04	sp|P01762|HV311_HUMAN	68.041	97	121	117	1	97	20	115	2.69e-36	123	80
P00015_04	sp|P0DTE1|HV383_HUMAN	66.327	98	121	115	1	98	20	114	5.34e-36	122	81
P00015_04	sp|P19181|HV05_CARAU	67.010	97	121	116	1	97	20	114	5.44e-36	122	80
P00015_04	sp|A0A0C4DH35|HV335_HUMAN	64.948	97	121	117	1	97	20	115	7.37e-36	122	80
P00015_04	sp|P01807|HVM37_MOUSE	54.472	123	121	119	1	121	1	117	7.99e-36	122	100
P00015_04	sp|P0DP04|HV43D_HUMAN	64.356	101	121	118	1	97	20	115	8.75e-36	121	80
P00015_05	sp|P01784|HV01_CANLF	61.157	121	121	114	1	121	1	113	5.81e-42	137	100
P00015_05	sp|P01780|HV307_HUMAN	69.072	97	121	117	1	97	20	115	3.02e-39	130	80
P00015_05	sp|P01764|HV323_HUMAN	69.072	97	121	117	1	97	20	115	4.58e-39	130	80
P00015_05	sp|P01763|HV348_HUMAN	68.041	97	121	117	1	97	20	115	4.56e-38	127	80
P00015_05	sp|P0DP02|HVC33_HUMAN	69.072	97	121	117	1	97	20	115	5.67e-38	127	80
P00015_05	sp|A0A0J9YX35|HV64D_HUMAN	67.010	97	121	117	1	97	20	115	6.19e-38	127	80
P00015_05	sp|P0DP03|HVC05_HUMAN	69.072	97	121	117	1	97	20	115	1.07e-37	126	80
P00015_05	sp|P01768|HV330_HUMAN	69.072	97	121	117	1	97	20	115	1.07e-37	126	80
P00015_05	sp|P01772|HV333_HUMAN	69.072	97	121	117	1	97	20	115	3.48e-37	125	80
P00015_05	sp|A0A0C4DH35|HV335_HUMAN	65.979	97	121	117	1	97	20	115	7.91e-37	124	80
P00015_05	sp|A0A0B4J1X5|HV374_HUMAN	65.979	97	121	117	1	97	20	115	1.59e-36	123	80
P00015_05	sp|A0A0C4DH42|HV366_HUMAN	68.041	97	121	116	1	97	20	114	1.90e-36	123	80
P00015_05	sp|A0A0B4J1V1|HV321_HUMAN	65.979	97	121	117	1	97	20	115	3.58e-36	122	80
P00015_05	sp|P01762|HV311_HUMAN	65.979	97	121	117	1	97	20	115	3.70e-36	122	80
P00015_05	sp|A0A075B6Q5|HV364_HUMAN	65.979	97	121	118	1	97	21	116	4.25e-36	122	80
P00015_05	sp|P01767|HV353_HUMAN	67.010	97	121	116	1	97	20	114	4.57e-36	122	80
P00015_05	sp|A0A0C4DH36|HV338_HUMAN	66.000	100	121	116	1	100	20	116	1.21e-35	121	83
P00015_05	sp|P19181|HV05_CARAU	67.010	97	121	116	1	97	20	114	1.21e-35	121	80
P00015_05	sp|P0DP04|HV43D_HUMAN	64.948	97	121	118	1	97	20	115	1.46e-35	121	80
P00015_05	sp|P0DTE1|HV383_HUMAN	66.327	98	121	115	1	98	20	114	1.78e-35	120	81
P00015_06	sp|P0DP03|HVC05_HUMAN	71.134	97	121	117	1	97	20	115	1.30e-39	131	80
P00015_06	sp|P01768|HV330_HUMAN	71.134	97	121	117	1	97	20	115	1.30e-39	131	80
P00015_06	sp|A0A0J9YX35|HV64D_HUMAN	65.657	99	121	117	1	99	20	117	2.92e-39	130	82
P00015_06	sp|P0DP02|HVC33_HUMAN	70.103	97	121	117	1	97	20	115	5.05e-39	129	80
P00015_06	sp|P01772|HV333_HUMAN	71.134	97	121	117	1	97	20	115	7.57e-39	129	80
P00015_06	sp|P01784|HV01_CANLF	59.504	121	121	114	1	121	1	113	7.98e-39	129	100
P00015_06	sp|A0A0B4J1X5|HV374_HUMAN	68.041	97	121	117	1	97	20	115	4.66e-38	127	80
P00015_06	sp|P01764|HV323_HUMAN	69.000	100	121	117	1	97	20	115	5.08e-38	127	80
P00015_06	sp|P01791|HVM22_MOUSE	54.472	123	121	123	1	121	1	122	7.49e-38	127	100
P00015_06	sp|P01763|HV348_HUMAN	67.010	97	121	117	1	97	20	115	2.71e-37	125	80
P00015_06	sp|P01780|HV307_HUMAN	68.041	97	121	117	1	97	20	115	4.02e-37	125	80
P00015_06	sp|A0A075B6Q5|HV364_HUMAN	65.979	97	121	118	1	97	21	116	5.21e-37	124	80
P00015_06	sp|P0DP04|HV43D_HUMAN	65.979	97	121	118	1	97	20	115	1.24e-36	124	80
P00015_06	sp|A0A0C4DH35|HV335_HUMAN	64.286	98	121	117	1	98	20	116	2.00e-36	123	81
P00015_06	sp|A0A0B4J1V6|HV373_HUMAN	64.646	99	121	119	1	97	20	117	2.35e-36	123	80
P00015_06	sp|P01782|HV309_HUMAN	65.979	97	121	118	1	97	20	115	2.38e-36	123	80
P00015_06	sp|A0A0B4J1Y9|HV372_HUMAN	65.657	99	121	119	1	97	20	117	2.68e-36	123	80
P00015_06	sp|P01762|HV311_HUMAN	66.000	100	121	117	1	97	20	115	4.60e-36	122	80
P00015_06	sp|A0A0B4J1X8|HV343_HUMAN	64.948	97	121	118	1	97	20	115	7.42e-36	122	80
P00015_06	sp|P0DOX5|IGG1_HUMAN	59.504	121	121	449	1	121	1	118	7.76e-36	130	100
P00015_07	sp|P0DP03|HVC05_HUMAN	71.134	97	121	117	1	97	20	115	2.63e-40	133	80
P00015_07	sp|P01768|HV330_HUMAN	71.134	97	121	117	1	97	20	115	2.63e-40	133	80
P00015_07	sp|A0A0J9YX35|HV64D_HUMAN	68.041	97	121	117	1	97	20	115	9.17e-40	131	80
P00015_07	sp|P0DP02|HVC33_HUMAN	70.103	97	121	117	1	97	20	115	1.06e-39	131	80
P00015_07	sp|P01772|HV333_HUMAN	71.134	97	121	117	1	97	20	115	1.26e-39	131	80
P00015_07	sp|A0A0B4J1X5|HV374_HUMAN	69.072	97	121	117	1	97	20	115	5.45e-39	129	80
P00015_07	sp|P01763|HV348_HUMAN	68.041	97	121	117	1	97	20	115	1.38e-38	129	80
P00015_07	sp|P01764|HV323_HUMAN	68.041	97	121	117	1	97	20	115	1.59e-38	128	80
P00015_07	sp|A0A075B6Q5|HV364_HUMAN	67.010	97	121	118	1	97	21	116	2.96e-38	127	80
P00015_07	sp|P01784|HV01_CANLF	58.065	124	121	114	1	121	1	113	3.65e-38	127	100
P00015_07	sp|P01780|HV307_HUMAN	68.041	97	121	117	1	97	20	115	4.81e-38	127	80
P00015_07	sp|P0DP04|HV43D_HUMAN	67.010	97	121	118	1	97	20	115	1.01e-37	126	80
P00015_07	sp|P01782|HV309_HUMAN	67.010	97	121	118	1	97	20	115	3.83e-37	125	80
P00015_07	sp|A0A0B4J1X8|HV343_HUMAN	65.979	97	121	118	1	97	20	115	7.63e-37	124	80
P00015_07	sp|A0A0C4DH42|HV366_HUMAN	68.041	97	121	116	1	97	20	114	1.14e-36	124	80
P00015_07	sp|P01767|HV353_HUMAN	67.010	97	121	116	1	97	20	114	2.64e-36	122	80
P00015_07	sp|A0A0C4DH32|HV320_HUMAN	64.948	97	121	117	1	97	20	115	3.24e-36	122	80
P00015_07	sp|P01762|HV311_HUMAN	68.041	97	121	117	1	97	20	115	3.46e-36	122	80
P00015_07	sp|A0A0C4DH35|HV335_HUMAN	64.948	97	121	117	1	97	20	115	5.13e-36	122	80
P00015_07	sp|P0DTE1|HV383_HUMAN	66.327	98	121	115	1	98	20	114	5.46e-36	122	81
P00015_08	sp|P01784|HV01_CANLF	60.484	124	121	114	1	121	1	113	7.56e-42	137	100
P00015_08	sp|P01764|HV323_HUMAN	69.072	97	121	117	1	97	20	115	1.53e-39	131	80
P00015_08	sp|P0DP03|HVC05_HUMAN	70.103	97	121	117	1	97	20	115	5.11e-39	129	80
P00015_08	sp|P01768|HV330_HUMAN	70.103	97	121	117	1	97	20	115	5.11e-39	129	80
P00015_08	sp|P01763|HV348_HUMAN	68.041	97	121	117	1	97	20	115	1.06e-38	129	80
P00015_08	sp|A0A0J9YX35|HV64D_HUMAN	67.010	97	121	117	1	97	20	115	1.76e-38	128	80
P00015_08	sp|P01772|HV333_HUMAN	70.103	97	121	117	1	97	20	115	1.82e-38	128	80
P00015_08	sp|P0DP02|HVC33_HUMAN	69.072	97	121	117	1	97	20	115	1.88e-38	128	80
P00015_08	sp|P01780|HV307_HUMAN	68.041	97	121	117	1	97	20	115	2.50e-38	128	80
P00015_08	sp|A0A0B4J1X5|HV374_HUMAN	65.979	97	121	117	1	97	20	115	4.24e-37	125	80
P00015_08	sp|A0A0C4DH35|HV335_HUMAN	64.948	97	121	117	1	97	20	115	8.09e-37	124	80
P00015_08	sp|P01791|HVM22_MOUSE	53.659	123	121	123	1	121	1	122	9.57e-37	124	100
P00015_08	sp|P01762|HV311_HUMAN	67.010	97	121	117	1	97	20	115	1.16e-36	124	80
P00015_08	sp|A0A075B6Q5|HV364_HUMAN	65.979	97	121	118	1	97	21	116	1.28e-36	124	80
P00015_08	sp|A0A0C4DH42|HV366_HUMAN	68.041	97	121	116	1	97	20	114	1.82e-36	123	80
P00015_08	sp|P01807|HVM37_MOUSE	54.545	121	121	119	1	121	1	117	2.45e-36	123	100
P00015_08	sp|P0DP04|HV43D_HUMAN	64.948	97	121	118	1	97	20	115	3.23e-36	122	80
P00015_08	sp|A0A0B4J1V1|HV321_HUMAN	67.010	97	121	117	1	97	20	115	4.60e-36	122	80
P00015_08	sp|P01767|HV353_HUMAN	67.010	97	121	116	1	97	20	114	4.88e-36	122	80
P00015_08	sp|P0DTE1|HV383_HUMAN	66.327	98	121	115	1	98	20	114	6.15e-36	122	81
P00016_00	sp|P01784|HV01_CANLF	60.331	121	121	114	1	121	1	113	2.03e-41	135	100
P00016_00	sp|P01763|HV348_HUMAN	69.072	97	121	117	1	97	20	115	1.18e-39	131	80
P00016_00	sp|P0DP02|HVC33_HUMAN	70.103	97	121	117	1	97	20	115	1.83e-39	130	80
P00016_00	sp|P0DP03|HVC05_HUMAN	70.103	97	121	117	1	97	20	115	5.89e-39	129	80
P00016_00	sp|P01768|HV330_HUMAN	70.103	97	121	117	1	97	20	115	5.89e-39	129	80
P00016_00	sp|P01782|HV309_HUMAN	68.000	100	121	118	1	100	20	118	6.48e-39	129	83
P00016_00	sp|A0A0J9YX35|HV64D_HUMAN	68.041	97	121	117	1	97	20	115	3.58e-38	127	80
P00016_00	sp|P0DP04|HV43D_HUMAN	66.000	100	121	118	1	100	20	118	4.40e-38	127	83
P00016_00	sp|P01772|HV333_HUMAN	69.072	97	121	117	1	97	20	115	4.61e-38	127	80
P00016_00	sp|P01764|HV323_HUMAN	69.072	97	121	117	1	97	20	115	4.81e-38	127	80
P00016_00	sp|A0A0B4J1X5|HV374_HUMAN	67.010	97	121	117	1	97	20	115	9.69e-38	126	80
P00016_00	sp|P01762|HV311_HUMAN	70.103	97	121	117	1	97	20	115	1.87e-37	125	80
P00016_00	sp|A0A0B4J1X8|HV343_HUMAN	65.000	100	121	118	1	100	20	118	2.06e-37	125	83
P00016_00	sp|P01780|HV307_HUMAN	67.010	97	121	117	1	97	20	115	3.06e-37	125	80
P00016_00	sp|P0DOX5|IGG1_HUMAN	61.983	121	121	449	1	121	1	118	3.67e-37	133	100
P00016_00	sp|A0A0C4DH42|HV366_HUMAN	69.388	98	121	116	1	97	20	114	6.24e-37	124	80
P00016_00	sp|P01767|HV353_HUMAN	67.647	102	121	116	1	97	20	114	7.94e-37	124	80
P00016_00	sp|P01807|HVM37_MOUSE	54.839	124	121	119	1	121	1	117	1.13e-36	124	100
P00016_00	sp|A0A0B4J1V1|HV321_HUMAN	67.010	97	121	117	1	97	20	115	1.41e-36	123	80
P00016_00	sp|A0A075B6Q5|HV364_HUMAN	67.010	97	121	118	1	97	21	116	1.59e-36	123	80
P00016_01	sp|P01784|HV01_CANLF	59.504	121	121	114	1	121	1	113	3.09e-40	132	100
P00016_01	sp|A0A0C4DH42|HV366_HUMAN	70.000	100	121	116	1	97	20	114	5.29e-39	129	80
P00016_01	sp|P01767|HV353_HUMAN	69.000	100	121	116	1	97	20	114	1.05e-38	129	80
P00016_01	sp|P01763|HV348_HUMAN	68.317	101	121	117	1	97	20	115	2.85e-38	128	80
P00016_01	sp|P01762|HV311_HUMAN	69.072	97	121	117	1	97	20	115	2.91e-38	127	80
P00016_01	sp|P19181|HV05_CARAU	69.000	100	121	116	1	97	20	114	3.01e-38	127	80
P00016_01	sp|P01764|HV323_HUMAN	69.608	102	121	117	1	97	20	115	7.79e-38	127	80
P00016_01	sp|P0DP02|HVC33_HUMAN	70.000	100	121	117	1	97	20	115	9.07e-38	126	80
P00016_01	sp|P0DP03|HVC05_HUMAN	70.000	100	121	117	1	97	20	115	2.43e-37	125	80
P00016_01	sp|P01768|HV330_HUMAN	70.000	100	121	117	1	97	20	115	2.43e-37	125	80
P00016_01	sp|P01772|HV333_HUMAN	70.000	100	121	117	1	97	20	115	2.68e-37	125	80
P00016_01	sp|A0A0B4J1V1|HV321_HUMAN	64.948	97	121	117	1	97	20	115	6.02e-37	124	80
P00016_01	sp|P01780|HV307_HUMAN	68.041	97	121	117	1	97	20	115	8.09e-37	124	80
P00016_01	sp|P01807|HVM37_MOUSE	55.372	121	121	119	1	121	1	117	1.50e-36	123	100
P00016_01	sp|P01785|HV02_CANLF	57.025	121	121	117	1	121	1	116	1.58e-36	123	100
P00016_01	sp|P0DTE1|HV383_HUMAN	66.990	103	121	115	1	98	20	114	2.99e-36	122	81
P00016_01	sp|A0A0C4DH36|HV338_HUMAN	67.647	102	121	116	1	97	20	113	3.25e-36	122	80
P00016_01	sp|P01810|HVM40_MOUSE	54.545	121	121	119	1	121	1	117	4.15e-36	122	100
P00016_01	sp|A0A0B4J1X5|HV374_HUMAN	67.010	97	121	117	1	97	20	115	4.97e-36	122	80
P00016_01	sp|A0A0J9YX35|HV64D_HUMAN	67.327	101	121	117	1	97	20	115	5.25e-36	122	80
P00016_02	sp|P01784|HV01_CANLF	59.504	121	121	114	1	121	1	113	1.17e-41	136	100
P00016_02	sp|P01763|HV348_HUMAN	68.041	97	121	117	1	97	20	115	3.33e-39	130	80
P00016_02	sp|P0DP02|HVC33_HUMAN	70.103	97	121	117	1	97	20	115	6.50e-39	129	80
P00016_02	sp|P0DP03|HVC05_HUMAN	70.103	97	121	117	1	97	20	115	9.02e-39	129	80
P00016_02	sp|P01768|HV330_HUMAN	70.103	97	121	117	1	97	20	115	9.02e-39	129	80
P00016_02	sp|P01764|HV323_HUMAN	69.072	97	121	117	1	97	20	115	9.12e-39	129	80
P00016_02	sp|A0A0J9YX35|HV64D_HUMAN	67.347	98	121	117	1	98	20	116	1.32e-38	129	81
P00016_02	sp|P01762|HV311_HUMAN	69.072	97	121	117	1	97	20	115	1.61e-38	128	80
P00016_02	sp|P01782|HV309_HUMAN	69.072	97	121	118	1	97	20	115	1.79e-38	128	80
P00016_02	sp|A0A0B4J1X5|HV374_HUMAN	67.010	97	121	117	1	97	20	115	7.62e-38	127	80
P00016_02	sp|P01772|HV333_HUMAN	69.072	97	121	117	1	97	20	115	8.05e-38	127	80
P00016_02	sp|P01780|HV307_HUMAN	67.010	97	121	117	1	97	20	115	1.07e-37	126	80
P00016_02	sp|A0A0B4J1Y9|HV372_HUMAN	66.667	99	121	119	1	97	20	117	1.16e-37	126	80
P00016_02	sp|P0DP04|HV43D_HUMAN	67.010	97	121	118	1	97	20	115	1.76e-37	125	80
P00016_02	sp|A0A0C4DH42|HV366_HUMAN	66.667	99	121	116	1	97	20	114	2.04e-37	125	80
P00016_02	sp|A0A0B4J1V1|HV321_HUMAN	67.010	97	121	117	1	97	20	115	2.74e-37	125	80
P00016_02	sp|A0A0C4DH35|HV335_HUMAN	66.327	98	121	117	1	98	20	116	3.60e-37	125	81
P00016_02	sp|P01767|HV353_HUMAN	67.647	102	121	116	1	97	20	114	4.12e-37	125	80
P00016_02	sp|P01807|HVM37_MOUSE	54.545	121	121	119	1	121	1	117	4.86e-37	125	100
P00016_02	sp|A0A0B4J1X8|HV343_HUMAN	65.979	97	121	118	1	97	20	115	6.92e-37	124	80
P00016_03	sp|P01784|HV01_CANLF	60.656	122	121	114	1	121	1	113	3.01e-39	130	100
P00016_03	sp|A0A0C4DH42|HV366_HUMAN	70.000	100	121	116	1	97	20	114	1.07e-38	129	80
P00016_03	sp|P01767|HV353_HUMAN	69.000	100	121	116	1	97	20	114	2.17e-38	128	80
P00016_03	sp|P01762|HV311_HUMAN	69.072	97	121	117	1	97	20	115	5.14e-38	127	80
P00016_03	sp|P01764|HV323_HUMAN	69.608	102	121	117	1	97	20	115	5.61e-38	127	80
P00016_03	sp|P19181|HV05_CARAU	69.000	100	121	116	1	97	20	114	6.14e-38	127	80
P00016_03	sp|P01772|HV333_HUMAN	69.072	97	121	117	1	97	20	115	9.80e-38	126	80
P00016_03	sp|P0DP03|HVC05_HUMAN	70.000	100	121	117	1	97	20	115	2.23e-37	125	80
P00016_03	sp|P01768|HV330_HUMAN	70.000	100	121	117	1	97	20	115	2.23e-37	125	80
P00016_03	sp|P01763|HV348_HUMAN	67.327	101	121	117	1	97	20	115	4.84e-37	124	80
P00016_03	sp|A0A0B4J1V1|HV321_HUMAN	64.948	97	121	117	1	97	20	115	6.72e-37	124	80
P00016_03	sp|P01780|HV307_HUMAN	68.041	97	121	117	1	97	20	115	8.45e-37	124	80
P00016_03	sp|P0DP02|HVC33_HUMAN	69.000	100	121	117	1	97	20	115	1.15e-36	124	80
P00016_03	sp|A0A0J9YX35|HV64D_HUMAN	67.327	101	121	117	1	97	20	115	3.66e-36	122	80
P00016_03	sp|P01785|HV02_CANLF	56.452	124	121	117	1	121	1	116	5.85e-36	122	100
P00016_03	sp|A0A0B4J1X5|HV374_HUMAN	67.010	97	121	117	1	97	20	115	6.53e-36	122	80
P00016_03	sp|P01782|HV309_HUMAN	66.000	100	121	118	1	100	20	118	6.80e-36	122	83
P00016_03	sp|P0DP04|HV43D_HUMAN	65.385	104	121	118	1	100	20	118	1.15e-35	121	83
P00016_03	sp|A0A0C4DH32|HV320_HUMAN	66.667	102	121	117	1	97	20	115	1.29e-35	121	80
P00016_03	sp|A0A0C4DH36|HV338_HUMAN	66.667	102	121	116	1	97	20	113	2.07e-35	120	80
P00016_04	sp|P01784|HV01_CANLF	61.789	123	121	114	1	121	1	113	3.67e-42	137	100
P00016_04	sp|P01763|HV348_HUMAN	68.041	97	121	117	1	97	20	115	3.84e-39	130	80
P00016_04	sp|A0A0C4DH42|HV366_HUMAN	69.072	97	121	116	1	97	20	114	9.35e-39	129	80
P00016_04	sp|P01772|HV333_HUMAN	69.072	97	121	117	1	97	20	115	9.85e-39	129	80
P00016_04	sp|P01767|HV353_HUMAN	68.041	97	121	116	1	97	20	114	2.01e-38	128	80
P00016_04	sp|P0DP02|HVC33_HUMAN	69.072	97	121	117	1	97	20	115	3.66e-38	127	80
P00016_04	sp|P19181|HV05_CARAU	68.041	97	121	116	1	97	20	114	5.56e-38	127	80
P00016_04	sp|P0DP03|HVC05_HUMAN	69.072	97	121	117	1	97	20	115	6.12e-38	127	80
P00016_04	sp|P01768|HV330_HUMAN	69.072	97	121	117	1	97	20	115	6.12e-38	127	80
P00016_04	sp|P01762|HV311_HUMAN	68.041	97	121	117	1	97	20	115	1.25e-37	126	80
P00016_04	sp|P01782|HV309_HUMAN	67.010	97	121	118	1	97	20	115	3.22e-37	125	80
P00016_04	sp|P01764|HV323_HUMAN	68.627	102	121	117	1	97	20	115	3.72e-37	125	80
P00016_04	sp|P01805|HVR01_RAT	55.645	124	121	142	1	121	20	141	4.94e-37	125	100
P00016_04	sp|A0A0B4J1V1|HV321_HUMAN	64.948	97	121	117	1	97	20	115	5.95e-37	124	80
P00016_04	sp|A0A0C4DH32|HV320_HUMAN	65.686	102	121	117	1	97	20	115	8.27e-37	124	80
P00016_04	sp|A0A0J9YX35|HV64D_HUMAN	67.010	97	121	117	1	97	20	115	1.49e-36	123	80
P00016_04	sp|P01788|HVM19_MOUSE	54.400	125	121	123	1	121	1	122	1.60e-36	124	100
P00016_04	sp|A0A0B4J1X5|HV374_HUMAN	67.010	97	121	117	1	97	20	115	1.98e-36	123	80
P00016_04	sp|A0A0C4DH36|HV338_HUMAN	65.714	105	121	116	1	100	20	116	2.01e-36	123	83
P00016_04	sp|P01780|HV307_HUMAN	67.010	97	121	117	1	97	20	115	2.61e-36	123	80
P00016_05	sp|P01784|HV01_CANLF	59.504	121	121	114	1	121	1	113	1.14e-38	129	100
P00016_05	sp|P01767|HV353_HUMAN	69.072	97	121	116	1	97	20	114	3.48e-38	127	80
P00016_05	sp|P19181|HV05_CARAU	69.072	97	121	116	1	97	20	114	7.64e-38	127	80
P00016_05	sp|A0A0C4DH32|HV320_HUMAN	66.667	102	121	117	1	97	20	115	9.48e-38	126	80
P00016_05	sp|P01764|HV323_HUMAN	69.608	102	121	117	1	97	20	115	1.06e-37	126	80
P00016_05	sp|P0DP02|HVC33_HUMAN	68.627	102	121	117	1	97	20	115	1.67e-37	125	80
P00016_05	sp|A0A0C4DH42|HV366_HUMAN	69.072	97	121	116	1	97	20	114	1.74e-37	125	80
P00016_05	sp|P01763|HV348_HUMAN	67.647	102	121	117	1	97	20	115	1.83e-37	125	80
P00016_05	sp|P0DP03|HVC05_HUMAN	68.627	102	121	117	1	97	20	115	2.43e-37	125	80
P00016_05	sp|P01768|HV330_HUMAN	68.627	102	121	117	1	97	20	115	2.43e-37	125	80
P00016_05	sp|P0DP04|HV43D_HUMAN	66.667	102	121	118	1	97	20	115	3.05e-37	125	80
P00016_05	sp|P01772|HV333_HUMAN	69.072	97	121	117	1	97	20	115	4.34e-37	125	80
P00016_05	sp|P01762|HV311_HUMAN	67.010	97	121	117	1	97	20	115	4.73e-37	124	80
P00016_05	sp|P01782|HV309_HUMAN	65.686	102	121	118	1	97	20	115	9.30e-37	124	80
P00016_05	sp|P01810|HVM40_MOUSE	55.556	126	121	119	1	121	1	117	1.08e-36	124	100
P00016_05	sp|A0A0B4J1X8|HV343_HUMAN	65.686	102	121	118	1	97	20	115	1.08e-36	124	80
P00016_05	sp|A0A0J9YX35|HV64D_HUMAN	66.667	102	121	117	1	97	20	115	1.48e-36	123	80
P00016_05	sp|A0A0B4J1X5|HV374_HUMAN	66.667	102	121	117	1	97	20	115	2.29e-36	123	80
P00016_05	sp|A0A0B4J1V1|HV321_HUMAN	64.948	97	121	117	1	97	20	115	2.29e-36	123	80
P00016_05	sp|A0A0C4DH36|HV338_HUMAN	68.041	97	121	116	1	97	20	113	3.92e-36	122	80
P00016_06	sp|P01784|HV01_CANLF	59.504	121	121	114	1	121	1	113	4.90e-40	132	100
P00016_06	sp|P01762|HV311_HUMAN	69.072	97	121	117	1	97	20	115	9.53e-39	129	80
P00016_06	sp|P01763|HV348_HUMAN	68.041	97	121	117	1	97	20	115	1.01e-38	129	80
P00016_06	sp|P01767|HV353_HUMAN	68.627	102	121	116	1	97	20	114	1.08e-38	129	80
P00016_06	sp|A0A0C4DH42|HV366_HUMAN	68.000	100	121	116	1	97	20	114	2.17e-38	128	80
P00016_06	sp|P19181|HV05_CARAU	68.627	102	121	116	1	97	20	114	3.12e-38	127	80
P00016_06	sp|P01764|HV323_HUMAN	69.608	102	121	117	1	97	20	115	9.90e-38	126	80
P00016_06	sp|P0DP02|HVC33_HUMAN	69.000	100	121	117	1	97	20	115	2.11e-37	125	80
P00016_06	sp|A0A0B4J1V1|HV321_HUMAN	64.948	97	121	117	1	97	20	115	3.19e-37	125	80
P00016_06	sp|P01780|HV307_HUMAN	68.041	97	121	117	1	97	20	115	3.37e-37	125	80
P00016_06	sp|P01772|HV333_HUMAN	68.041	97	121	117	1	97	20	115	5.46e-37	124	80
P00016_06	sp|P0DP03|HVC05_HUMAN	69.000	100	121	117	1	97	20	115	5.76e-37	124	80
P00016_06	sp|P01768|HV330_HUMAN	69.000	100	121	117	1	97	20	115	5.76e-37	124	80
P00016_06	sp|A0A0J9YX35|HV64D_HUMAN	67.010	97	121	117	1	97	20	115	1.24e-36	124	80
P00016_06	sp|A0A0B4J1X5|HV374_HUMAN	67.010	97	121	117	1	97	20	115	1.31e-36	124	80
P00016_06	sp|A0A0C4DH36|HV338_HUMAN	67.647	102	121	116	1	97	20	113	2.15e-36	123	80
P00016_06	sp|P01782|HV309_HUMAN	66.000	100	121	118	1	100	20	118	2.35e-36	123	83
P00016_06	sp|P0DTE1|HV383_HUMAN	67.647	102	121	115	1	97	20	113	3.72e-36	122	80
P00016_06	sp|P0DP04|HV43D_HUMAN	65.000	100	121	118	1	100	20	118	4.30e-36	122	83
P00016_06	sp|P01785|HV02_CANLF	56.198	121	121	117	1	121	1	116	6.12e-36	122	100
P00016_07	sp|P01784|HV01_CANLF	60.331	121	121	114	1	121	1	113	6.78e-42	137	100
P00016_07	sp|P01772|HV333_HUMAN	71.134	97	121	117	1	97	20	115	9.51e-41	134	80
P00016_07	sp|P0DP03|HVC05_HUMAN	71.134	97	121	117	1	97	20	115	5.36e-40	132	80
P00016_07	sp|P01768|HV330_HUMAN	71.134	97	121	117	1	97	20	115	5.36e-40	132	80
P00016_07	sp|P0DP02|HVC33_HUMAN	70.103	97	121	117	1	97	20	115	1.97e-39	130	80
P00016_07	sp|A0A0J9YX35|HV64D_HUMAN	68.041	97	121	117	1	97	20	115	1.21e-38	129	80
P00016_07	sp|A0A0B4J1X5|HV374_HUMAN	68.041	97	121	117	1	97	20	115	1.46e-38	128	80
P00016_07	sp|P01782|HV309_HUMAN	68.041	97	121	118	1	97	20	115	3.53e-38	127	80
P00016_07	sp|P01767|HV353_HUMAN	67.647	102	121	116	1	97	20	114	4.47e-38	127	80
P00016_07	sp|P01762|HV311_HUMAN	67.010	97	121	117	1	97	20	115	5.14e-38	127	80
P00016_07	sp|P01763|HV348_HUMAN	65.979	97	121	117	1	97	20	115	5.86e-38	127	80
P00016_07	sp|P0DOX5|IGG1_HUMAN	61.983	121	121	449	1	121	1	118	8.60e-38	135	100
P00016_07	sp|P19181|HV05_CARAU	67.647	102	121	116	1	97	20	114	1.28e-37	126	80
P00016_07	sp|P01764|HV323_HUMAN	68.627	102	121	117	1	97	20	115	1.33e-37	126	80
P00016_07	sp|P01785|HV02_CANLF	57.025	121	121	117	1	121	1	116	1.33e-37	126	100
P00016_07	sp|P01780|HV307_HUMAN	67.010	97	121	117	1	97	20	115	1.52e-37	126	80
P00016_07	sp|P01807|HVM37_MOUSE	54.545	121	121	119	1	121	1	117	1.63e-37	126	100
P00016_07	sp|A0A0C4DH42|HV366_HUMAN	68.041	97	121	116	1	97	20	114	1.83e-37	125	80
P00016_07	sp|A0A0B4J1V1|HV321_HUMAN	64.948	97	121	117	1	97	20	115	2.23e-37	125	80
P00016_07	sp|P0DP04|HV43D_HUMAN	67.010	97	121	118	1	97	20	115	2.59e-37	125	80
P00016_08	sp|P01784|HV01_CANLF	60.331	121	121	114	1	121	1	113	8.59e-41	134	100
P00016_08	sp|P01762|HV311_HUMAN	68.041	97	121	117	1	97	20	115	6.61e-38	127	80
P00016_08	sp|P01767|HV353_HUMAN	66.667	102	121	116	1	97	20	114	1.35e-37	126	80
P00016_08	sp|P01782|HV309_HUMAN	66.000	100	121	118	1	100	20	118	2.08e-37	125	83
P00016_08	sp|P0DP02|HVC33_HUMAN	68.041	97	121	117	1	97	20	115	2.15e-37	125	80
P00016_08	sp|A0A0B4J1X5|HV374_HUMAN	67.010	97	121	117	1	97	20	115	2.57e-37	125	80
P00016_08	sp|P01764|HV323_HUMAN	68.627	102	121	117	1	97	20	115	2.74e-37	125	80
P00016_08	sp|A0A0J9YX35|HV64D_HUMAN	67.010	97	121	117	1	97	20	115	3.48e-37	125	80
P00016_08	sp|P19181|HV05_CARAU	66.667	102	121	116	1	97	20	114	3.73e-37	125	80
P00016_08	sp|P01763|HV348_HUMAN	67.010	97	121	117	1	97	20	115	5.00e-37	124	80
P00016_08	sp|P01780|HV307_HUMAN	67.010	97	121	117	1	97	20	115	5.46e-37	124	80
P00016_08	sp|P0DP03|HVC05_HUMAN	68.041	97	121	117	1	97	20	115	6.22e-37	124	80
P00016_08	sp|P01768|HV330_HUMAN	68.041	97	121	117	1	97	20	115	6.22e-37	124	80
P00016_08	sp|A0A0B4J1V1|HV321_HUMAN	65.979	97	121	117	1	97	20	115	7.17e-37	124	80
P00016_08	sp|A0A0C4DH42|HV366_HUMAN	66.667	102	121	116	1	97	20	114	7.19e-37	124	80
P00016_08	sp|P01772|HV333_HUMAN	68.041	97	121	117	1	97	20	115	7.57e-37	124	80
P00016_08	sp|P0DP04|HV43D_HUMAN	65.000	100	121	118	1	100	20	118	1.30e-36	124	83
P00016_08	sp|P01807|HVM37_MOUSE	54.032	124	121	119	1	121	1	117	1.91e-36	123	100
P00016_08	sp|P01810|HVM40_MOUSE	54.032	124	121	119	1	121	1	117	2.74e-36	123	100
P00016_08	sp|A0A0C4DH36|HV338_HUMAN	67.010	97	121	116	1	97	20	113	3.75e-36	122	80
P00017_00	sp|A0A0C4DH35|HV335_HUMAN	67.347	98	121	117	1	98	20	116	7.36e-40	132	81
P00017_00	sp|P01784|HV01_CANLF	60.656	122	121	114	1	121	1	113	1.18e-39	131	100
P00017_00	sp|P01788|HVM19_MOUSE	56.098	123	121	123	1	121	1	122	3.04e-39	130	100
P00017_00	sp|P01764|HV323_HUMAN	68.041	97	121	117	1	97	20	115	5.28e-39	129	80
P00017_00	sp|P01792|HVM23_MOUSE	56.098	123	121	123	1	121	1	122	5.73e-39	130	100
P00017_00	sp|P01780|HV307_HUMAN	67.010	97	121	117	1	97	20	115	5.95e-39	129	80
P00017_00	sp|P01787|HVM18_MOUSE	56.098	123	121	123	1	121	1	122	6.46e-39	129	100
P00017_00	sp|P01763|HV348_HUMAN	67.010	97	121	117	1	97	20	115	1.98e-38	128	80
P00017_00	sp|A0A0C4DH42|HV366_HUMAN	69.072	97	121	116	1	97	20	114	1.99e-38	128	80
P00017_00	sp|P01772|HV333_HUMAN	68.041	97	121	117	1	97	20	115	2.21e-38	128	80
P00017_00	sp|A0A0J9YX35|HV64D_HUMAN	66.327	98	121	117	1	98	20	116	2.31e-38	128	81
P00017_00	sp|P01786|HVM17_MOUSE	54.098	122	121	117	1	121	1	116	2.34e-38	128	100
P00017_00	sp|P0DP02|HVC33_HUMAN	68.041	97	121	117	1	97	20	115	5.03e-38	127	80
P00017_00	sp|P01767|HV353_HUMAN	68.041	97	121	116	1	97	20	114	6.07e-38	127	80
P00017_00	sp|P01791|HVM22_MOUSE	55.285	123	121	123	1	121	1	122	9.95e-38	126	100
P00017_00	sp|P0DP03|HVC05_HUMAN	68.041	97	121	117	1	97	20	115	1.09e-37	126	80
P00017_00	sp|P01768|HV330_HUMAN	68.041	97	121	117	1	97	20	115	1.09e-37	126	80
P00017_00	sp|P01790|HVM21_MOUSE	56.098	123	121	122	1	121	1	121	1.11e-37	126	100
P00017_00	sp|P01762|HV311_HUMAN	65.979	97	121	117	1	97	20	115	1.13e-37	126	80
P00017_00	sp|P19181|HV05_CARAU	68.041	97	121	116	1	97	20	114	1.46e-37	126	80
P00017_01	sp|A0A0C4DH42|HV366_HUMAN	69.388	98	121	116	1	98	20	115	5.68e-40	132	81
P00017_01	sp|P01767|HV353_HUMAN	68.367	98	121	116	1	98	20	115	1.12e-39	131	81
P00017_01	sp|P01784|HV01_CANLF	60.976	123	121	114	1	121	1	113	2.34e-39	130	100
P00017_01	sp|P19181|HV05_CARAU	68.367	98	121	116	1	98	20	115	2.93e-39	130	81
P00017_01	sp|P01764|HV323_HUMAN	68.367	98	121	117	1	98	20	116	5.45e-39	129	81
P00017_01	sp|P01788|HVM19_MOUSE	54.472	123	121	123	1	121	1	122	7.53e-39	129	100
P00017_01	sp|P01780|HV307_HUMAN	67.347	98	121	117	1	98	20	116	8.36e-39	129	81
P00017_01	sp|P01762|HV311_HUMAN	67.347	98	121	117	1	98	20	116	1.29e-38	129	81
P00017_01	sp|P01772|HV333_HUMAN	68.367	98	121	117	1	98	20	116	1.63e-38	128	81
P00017_01	sp|P01799|HVM30_MOUSE	56.098	123	121	113	1	120	1	113	2.31e-38	128	99
P00017_01	sp|P01791|HVM22_MOUSE	54.472	123	121	123	1	121	1	122	2.35e-38	128	100
P00017_01	sp|P01787|HVM18_MOUSE	54.472	123	121	123	1	121	1	122	2.68e-38	128	100
P00017_01	sp|P0DP02|HVC33_HUMAN	68.367	98	121	117	1	98	20	116	3.78e-38	127	81
P00017_01	sp|P0DP03|HVC05_HUMAN	68.367	98	121	117	1	98	20	116	7.53e-38	127	81
P00017_01	sp|P01768|HV330_HUMAN	68.367	98	121	117	1	98	20	116	7.53e-38	127	81
P00017_01	sp|P01792|HVM23_MOUSE	54.472	123	121	123	1	121	1	122	7.65e-38	127	100
P00017_01	sp|P01800|HVM31_MOUSE	55.285	123	121	113	1	120	1	113	9.70e-38	126	99
P00017_01	sp|P01763|HV348_HUMAN	66.327	98	121	117	1	98	20	116	1.17e-37	126	81
P00017_01	sp|A0A0C4DH35|HV335_HUMAN	67.010	97	121	117	1	97	20	115	1.29e-37	126	80
P00017_01	sp|A0A0J9YX35|HV64D_HUMAN	67.010	97	121	117	1	97	20	115	1.50e-37	126	80
P00017_02	sp|P01764|HV323_HUMAN	69.072	97	121	117	1	97	20	115	1.13e-39	131	80
P00017_02	sp|P01784|HV01_CANLF	58.678	121	121	114	1	121	1	113	2.45e-39	130	100
P00017_02	sp|P01763|HV348_HUMAN	68.041	97	121	117	1	97	20	115	3.05e-39	130	80
P00017_02	sp|P01772|HV333_HUMAN	69.072	97	121	117	1	97	20	115	3.12e-39	130	80
P00017_02	sp|A0A0C4DH35|HV335_HUMAN	67.010	97	121	117	1	97	20	115	3.37e-39	130	80
P00017_02	sp|P01780|HV307_HUMAN	68.041	97	121	117	1	97	20	115	4.68e-39	130	80
P00017_02	sp|P0DP02|HVC33_HUMAN	69.072	97	121	117	1	97	20	115	7.09e-39	129	80
P00017_02	sp|P01762|HV311_HUMAN	67.010	97	121	117	1	97	20	115	1.25e-38	129	80
P00017_02	sp|A0A0J9YX35|HV64D_HUMAN	67.010	97	121	117	1	97	20	115	1.78e-38	128	80
P00017_02	sp|A0A0C4DH42|HV366_HUMAN	69.072	97	121	116	1	97	20	114	1.82e-38	128	80
P00017_02	sp|P0DP03|HVC05_HUMAN	69.072	97	121	117	1	97	20	115	1.86e-38	128	80
P00017_02	sp|P01768|HV330_HUMAN	69.072	97	121	117	1	97	20	115	1.86e-38	128	80
P00017_02	sp|A0A0B4J1V1|HV321_HUMAN	65.979	97	121	117	1	97	20	115	4.41e-38	127	80
P00017_02	sp|P01767|HV353_HUMAN	68.041	97	121	116	1	97	20	114	5.32e-38	127	80
P00017_02	sp|P01788|HVM19_MOUSE	54.839	124	121	123	1	121	1	122	8.17e-38	127	100
P00017_02	sp|A0A0B4J1X5|HV374_HUMAN	67.010	97	121	117	1	97	20	115	9.28e-38	126	80
P00017_02	sp|P01791|HVM22_MOUSE	54.839	124	121	123	1	121	1	122	1.19e-37	126	100
P00017_02	sp|P19181|HV05_CARAU	68.041	97	121	116	1	97	20	114	1.26e-37	126	80
P00017_02	sp|P0DOX5|IGG1_HUMAN	61.157	121	121	449	1	121	1	118	1.92e-37	134	100
P00017_02	sp|P01792|HVM23_MOUSE	54.839	124	121	123	1	121	1	122	2.19e-37	125	100
P00017_03	sp|P01784|HV01_CANLF	59.504	121	121	114	1	121	1	113	9.55e-43	139	100
P00017_03	sp|P01772|HV333_HUMAN	70.103	97	121	117	1	97	20	115	3.22e-41	135	80
P00017_03	sp|P0DP02|HVC33_HUMAN	70.103	97	121	117	1	97	20	115	8.72e-41	134	80
P00017_03	sp|P0DP03|HVC05_HUMAN	70.103	97	121	117	1	97	20	115	1.17e-40	134	80
P00017_03	sp|P01768|HV330_HUMAN	70.103	97	121	117	1	97	20	115	1.17e-40	134	80
P00017_03	sp|A0A0J9YX35|HV64D_HUMAN	68.041	97	121	117	1	97	20	115	2.09e-40	133	80
P00017_03	sp|P01764|HV323_HUMAN	69.072	97	121	117	1	97	20	115	5.60e-40	132	80
P00017_03	sp|A0A0C4DH42|HV366_HUMAN	70.408	98	121	116	1	97	20	114	7.30e-40	132	80
P00017_03	sp|P01788|HVM19_MOUSE	53.659	123	121	123	1	121	1	122	7.57e-40	132	100
P00017_03	sp|A0A0C4DH35|HV335_HUMAN	68.041	97	121	117	1	97	20	115	9.58e-40	131	80
P00017_03	sp|P01780|HV307_HUMAN	68.041	97	121	117	1	97	20	115	1.02e-39	131	80
P00017_03	sp|P0DOX5|IGG1_HUMAN	61.983	121	121	449	1	121	1	118	1.14e-39	140	100
P00017_03	sp|P01767|HV353_HUMAN	69.388	98	121	116	1	97	20	114	1.57e-39	131	80
P00017_03	sp|P01763|HV348_HUMAN	67.010	97	121	117	1	97	20	115	1.81e-39	130	80
P00017_03	sp|P01787|HVM18_MOUSE	53.659	123	121	123	1	121	1	122	2.12e-39	130	100
P00017_03	sp|A0A0B4J1X5|HV374_HUMAN	68.041	97	121	117	1	97	20	115	2.89e-39	130	80
P00017_03	sp|P19181|HV05_CARAU	69.388	98	121	116	1	97	20	114	3.81e-39	130	80
P00017_03	sp|P01792|HVM23_MOUSE	53.659	123	121	123	1	121	1	122	4.22e-39	130	100
P00017_03	sp|A0A075B6Q5|HV364_HUMAN	67.010	97	121	118	1	97	21	116	6.41e-39	129	80
P00017_03	sp|P01762|HV311_HUMAN	67.010	97	121	117	1	97	20	115	6.79e-39	129	80
P00017_04	sp|P01784|HV01_CANLF	62.295	122	121	114	1	121	1	113	1.16e-41	136	100
P00017_04	sp|P01772|HV333_HUMAN	69.388	98	121	117	1	98	20	116	2.31e-40	133	81
P00017_04	sp|P01780|HV307_HUMAN	68.367	98	121	117	1	98	20	116	5.25e-40	132	81
P00017_04	sp|P0DP02|HVC33_HUMAN	69.388	98	121	117	1	98	20	116	8.49e-40	132	81
P00017_04	sp|P01764|HV323_HUMAN	69.388	98	121	117	1	98	20	116	1.01e-39	131	81
P00017_04	sp|A0A0C4DH35|HV335_HUMAN	69.072	97	121	117	1	97	20	115	1.15e-39	131	80
P00017_04	sp|P0DP03|HVC05_HUMAN	69.388	98	121	117	1	98	20	116	1.20e-39	131	81
P00017_04	sp|P01768|HV330_HUMAN	69.388	98	121	117	1	98	20	116	1.20e-39	131	81
P00017_04	sp|A0A0C4DH42|HV366_HUMAN	69.388	98	121	116	1	98	20	115	1.93e-39	130	81
P00017_04	sp|P01805|HVR01_RAT	55.285	123	121	142	1	121	20	141	3.07e-39	131	100
P00017_04	sp|P01767|HV353_HUMAN	68.367	98	121	116	1	98	20	115	3.57e-39	130	81
P00017_04	sp|P0DOX5|IGG1_HUMAN	62.810	121	121	449	1	121	1	118	3.73e-39	139	100
P00017_04	sp|A0A0J9YX35|HV64D_HUMAN	68.041	97	121	117	1	97	20	115	5.22e-39	129	80
P00017_04	sp|P01763|HV348_HUMAN	67.347	98	121	117	1	98	20	116	6.71e-39	129	81
P00017_04	sp|P01762|HV311_HUMAN	68.000	100	121	117	1	98	20	116	8.64e-39	129	81
P00017_04	sp|P19181|HV05_CARAU	68.367	98	121	116	1	98	20	115	8.95e-39	129	81
P00017_04	sp|A0A0B4J1V1|HV321_HUMAN	66.327	98	121	117	1	98	20	116	1.28e-38	129	81
P00017_04	sp|A0A0B4J1X5|HV374_HUMAN	67.347	98	121	117	1	98	20	116	1.54e-38	128	81
P00017_04	sp|P01799|HVM30_MOUSE	55.738	122	121	113	1	120	1	113	3.83e-38	127	99
P00017_04	sp|P01801|HVM32_MOUSE	54.472	123	121	115	1	121	1	114	4.79e-38	127	100
P00017_05	sp|P01784|HV01_CANLF	59.504	121	121	114	1	121	1	113	2.59e-43	140	100
P00017_05	sp|P01788|HVM19_MOUSE	56.911	123	121	123	1	121	1	122	1.28e-41	136	100
P00017_05	sp|P01792|HVM23_MOUSE	56.911	123	121	123	1	121	1	122	2.84e-41	135	100
P00017_05	sp|P01791|HVM22_MOUSE	56.911	123	121	123	1	121	1	122	2.94e-41	135	100
P00017_05	sp|P01787|HVM18_MOUSE	56.911	123	121	123	1	121	1	122	3.62e-41	135	100
P00017_05	sp|P01780|HV307_HUMAN	67.347	98	121	117	1	98	20	116	3.03e-40	132	81
P00017_05	sp|P01764|HV323_HUMAN	68.367	98	121	117	1	98	20	116	3.54e-40	132	81
P00017_05	sp|P0DP02|HVC33_HUMAN	68.367	98	121	117	1	98	20	116	7.36e-40	132	81
P00017_05	sp|P01790|HVM21_MOUSE	56.911	123	121	122	1	121	1	121	7.93e-40	132	100
P00017_05	sp|P0DOX5|IGG1_HUMAN	61.157	121	121	449	1	121	1	118	1.45e-39	140	100
P00017_05	sp|P0DP03|HVC05_HUMAN	68.367	98	121	117	1	98	20	116	1.62e-39	131	81
P00017_05	sp|P01768|HV330_HUMAN	68.367	98	121	117	1	98	20	116	1.62e-39	131	81
P00017_05	sp|A0A0J9YX35|HV64D_HUMAN	67.010	97	121	117	1	97	20	115	3.84e-39	130	80
P00017_05	sp|P01772|HV333_HUMAN	68.367	98	121	117	1	98	20	116	4.68e-39	130	81
P00017_05	sp|P01763|HV348_HUMAN	67.347	98	121	117	1	98	20	116	4.89e-39	130	81
P00017_05	sp|P01789|HVM20_MOUSE	54.472	123	121	122	1	121	1	121	1.05e-38	129	100
P00017_05	sp|A0A0C4DH35|HV335_HUMAN	67.010	97	121	117	1	97	20	115	1.17e-38	129	80
P00017_05	sp|P01762|HV311_HUMAN	66.327	98	121	117	1	98	20	116	1.48e-38	128	81
P00017_05	sp|A0A0B4J1X5|HV374_HUMAN	66.327	98	121	117	1	98	20	116	1.54e-38	128	81
P00017_05	sp|P01793|HVM24_MOUSE	55.285	123	121	123	1	121	1	122	1.89e-38	128	100
P00017_06	sp|A0A0C4DH35|HV335_HUMAN	68.367	98	121	117	1	97	20	115	4.06e-39	130	80
P00017_06	sp|P01772|HV333_HUMAN	68.687	99	121	117	1	98	20	116	4.15e-39	130	81
P00017_06	sp|P01764|HV323_HUMAN	68.687	99	121	117	1	98	20	116	5.89e-39	129	81
P00017_06	sp|P01780|HV307_HUMAN	67.677	99	121	117	1	98	20	116	6.94e-39	129	81
P00017_06	sp|P0DP02|HVC33_HUMAN	68.687	99	121	117	1	98	20	116	8.18e-39	129	81
P00017_06	sp|P0DP03|HVC05_HUMAN	68.687	99	121	117	1	98	20	116	1.88e-38	128	81
P00017_06	sp|P01768|HV330_HUMAN	68.687	99	121	117	1	98	20	116	1.88e-38	128	81
P00017_06	sp|A0A0J9YX35|HV64D_HUMAN	67.347	98	121	117	1	97	20	115	1.96e-38	128	80
P00017_06	sp|P01763|HV348_HUMAN	67.677	99	121	117	1	98	20	116	2.61e-38	128	81
P00017_06	sp|A0A0B4J1X5|HV374_HUMAN	66.667	99	121	117	1	98	20	116	7.62e-38	127	81
P00017_06	sp|A0A0C4DH42|HV366_HUMAN	68.687	99	121	116	1	98	20	115	1.12e-37	126	81
P00017_06	sp|P01762|HV311_HUMAN	66.667	99	121	117	1	98	20	116	1.44e-37	126	81
P00017_06	sp|P01784|HV01_CANLF	58.197	122	121	114	1	121	1	113	1.80e-37	125	100
P00017_06	sp|A0A0B4J1V1|HV321_HUMAN	65.657	99	121	117	1	98	20	116	2.11e-37	125	81
P00017_06	sp|P01788|HVM19_MOUSE	56.452	124	121	123	1	121	1	122	3.17e-37	125	100
P00017_06	sp|P01767|HV353_HUMAN	67.677	99	121	116	1	98	20	115	3.31e-37	125	81
P00017_06	sp|P01799|HVM30_MOUSE	56.452	124	121	113	1	120	1	113	4.15e-37	125	99
P00017_06	sp|P01791|HVM22_MOUSE	56.452	124	121	123	1	121	1	122	4.91e-37	125	100
P00017_06	sp|P01792|HVM23_MOUSE	56.452	124	121	123	1	121	1	122	5.98e-37	124	100
P00017_06	sp|A0A075B6Q5|HV364_HUMAN	65.657	99	121	118	1	98	21	117	7.39e-37	124	81
P00017_07	sp|P01784|HV01_CANLF	58.678	121	121	114	1	121	1	113	3.53e-40	132	100
P00017_07	sp|P01780|HV307_HUMAN	66.327	98	121	117	1	98	20	116	1.87e-39	130	81
P00017_07	sp|P01764|HV323_HUMAN	67.347	98	121	117	1	98	20	116	2.02e-39	130	81
P00017_07	sp|P01772|HV333_HUMAN	67.347	98	121	117	1	98	20	116	2.20e-39	130	81
P00017_07	sp|P0DP02|HVC33_HUMAN	67.347	98	121	117	1	98	20	116	4.06e-39	130	81
P00017_07	sp|P0DP03|HVC05_HUMAN	67.347	98	121	117	1	98	20	116	8.18e-39	129	81
P00017_07	sp|P01768|HV330_HUMAN	67.347	98	121	117	1	98	20	116	8.18e-39	129	81
P00017_07	sp|P01787|HVM18_MOUSE	55.645	124	121	123	1	121	1	122	8.87e-39	129	100
P00017_07	sp|A0A0J9YX35|HV64D_HUMAN	65.979	97	121	117	1	97	20	115	9.22e-39	129	80
P00017_07	sp|P01792|HVM23_MOUSE	55.645	124	121	123	1	121	1	122	1.00e-38	129	100
P00017_07	sp|P01791|HVM22_MOUSE	54.839	124	121	123	1	121	1	122	1.95e-38	128	100
P00017_07	sp|P01763|HV348_HUMAN	65.306	98	121	117	1	98	20	116	2.58e-38	128	81
P00017_07	sp|P01762|HV311_HUMAN	65.306	98	121	117	1	98	20	116	2.75e-38	128	81
P00017_07	sp|P01788|HVM19_MOUSE	54.839	124	121	123	1	121	1	122	3.37e-38	128	100
P00017_07	sp|P01805|HVR01_RAT	57.258	124	121	142	1	121	20	141	3.40e-38	128	100
P00017_07	sp|A0A0B4J1X5|HV374_HUMAN	65.306	98	121	117	1	98	20	116	3.70e-38	127	81
P00017_07	sp|A0A0C4DH42|HV366_HUMAN	67.347	98	121	116	1	98	20	115	4.14e-38	127	81
P00017_07	sp|A0A0C4DH35|HV335_HUMAN	65.979	97	121	117	1	97	20	115	4.41e-38	127	80
P00017_07	sp|P01767|HV353_HUMAN	66.327	98	121	116	1	98	20	115	1.31e-37	126	81
P00017_07	sp|P01790|HVM21_MOUSE	55.645	124	121	122	1	121	1	121	1.67e-37	126	100
P00017_08	sp|P01784|HV01_CANLF	59.504	121	121	114	1	121	1	113	2.21e-41	135	100
P00017_08	sp|P01787|HVM18_MOUSE	56.000	125	121	123	1	121	1	122	1.06e-39	131	100
P00017_08	sp|P01788|HVM19_MOUSE	55.200	125	121	123	1	121	1	122	4.65e-39	130	100
P00017_08	sp|P01792|HVM23_MOUSE	56.800	125	121	123	1	121	1	122	5.19e-39	130	100
P00017_08	sp|P01772|HV333_HUMAN	67.347	98	121	117	1	98	20	116	6.94e-39	129	81
P00017_08	sp|P0DOX5|IGG1_HUMAN	60.331	121	121	449	1	121	1	118	8.53e-39	137	100
P00017_08	sp|P0DP02|HVC33_HUMAN	67.347	98	121	117	1	98	20	116	2.31e-38	128	81
P00017_08	sp|P01790|HVM21_MOUSE	56.000	125	121	122	1	121	1	121	2.36e-38	128	100
P00017_08	sp|P0DP03|HVC05_HUMAN	67.347	98	121	117	1	98	20	116	3.01e-38	127	81
P00017_08	sp|P01768|HV330_HUMAN	67.347	98	121	117	1	98	20	116	3.01e-38	127	81
P00017_08	sp|P01764|HV323_HUMAN	67.347	98	121	117	1	98	20	116	4.97e-38	127	81
P00017_08	sp|P01791|HVM22_MOUSE	54.400	125	121	123	1	121	1	122	5.82e-38	127	100
P00017_08	sp|P01780|HV307_HUMAN	66.327	98	121	117	1	98	20	116	6.54e-38	127	81
P00017_08	sp|A0A0J9YX35|HV64D_HUMAN	65.979	97	121	117	1	97	20	115	1.14e-37	126	80
P00017_08	sp|A0A0B4J1X5|HV374_HUMAN	65.306	98	121	117	1	98	20	116	1.48e-37	126	81
P00017_08	sp|A0A0C4DH42|HV366_HUMAN	67.677	99	121	116	1	98	20	115	1.61e-37	125	81
P00017_08	sp|A0A0C4DH35|HV335_HUMAN	65.979	97	121	117	1	97	20	115	1.91e-37	125	80
P00017_08	sp|P01762|HV311_HUMAN	66.000	100	121	117	1	98	20	116	2.30e-37	125	81
P00017_08	sp|A0A0B4J1V1|HV321_HUMAN	64.286	98	121	117	1	98	20	116	3.26e-37	125	81
P00017_08	sp|P01767|HV353_HUMAN	66.667	99	121	116	1	98	20	115	3.90e-37	125	81
P00018_00	sp|P01784|HV01_CANLF	58.871	124	123	114	1	123	1	113	6.37e-40	132	100
P00018_00	sp|P01767|HV353_HUMAN	70.103	97	123	116	1	97	20	114	6.84e-40	132	79
P00018_00	sp|P01780|HV307_HUMAN	68.367	98	123	117	1	98	20	116	9.27e-40	132	80
P00018_00	sp|P19181|HV05_CARAU	70.103	97	123	116	1	97	20	114	2.04e-39	130	79
P00018_00	sp|A0A0C4DH42|HV366_HUMAN	70.103	97	123	116	1	97	20	114	2.84e-39	130	79
P00018_00	sp|P01764|HV323_HUMAN	70.103	97	123	117	1	97	20	115	5.28e-39	130	79
P00018_00	sp|P01786|HVM17_MOUSE	54.400	125	123	117	1	123	1	116	2.09e-38	128	100
P00018_00	sp|P01763|HV348_HUMAN	69.388	98	123	117	1	97	20	115	5.08e-38	127	79
P00018_00	sp|P0DP02|HVC33_HUMAN	70.103	97	123	117	1	97	20	115	5.25e-38	127	79
P00018_00	sp|A0A0J9YX35|HV64D_HUMAN	67.347	98	123	117	1	98	20	116	6.68e-38	127	80
P00018_00	sp|P01785|HV02_CANLF	56.800	125	123	117	1	123	1	116	9.37e-38	126	100
P00018_00	sp|P0DP03|HVC05_HUMAN	69.697	99	123	117	1	97	20	115	1.21e-37	126	79
P00018_00	sp|P01768|HV330_HUMAN	69.697	99	123	117	1	97	20	115	1.21e-37	126	79
P00018_00	sp|P01790|HVM21_MOUSE	53.968	126	123	122	1	123	1	121	1.78e-37	126	100
P00018_00	sp|A0A0B4J1X5|HV374_HUMAN	68.000	100	123	117	1	97	20	115	3.02e-37	125	79
P00018_00	sp|A0A0B4J1V0|HV315_HUMAN	66.667	102	123	119	1	99	20	119	3.35e-37	125	80
P00018_00	sp|P01772|HV333_HUMAN	69.000	100	123	117	1	98	20	116	3.84e-37	125	80
P00018_00	sp|A0A0C4DH32|HV320_HUMAN	66.337	101	123	117	1	98	20	116	4.78e-37	125	80
P00018_00	sp|P01782|HV309_HUMAN	67.677	99	123	118	1	98	20	116	7.88e-37	124	80
P00018_00	sp|P01762|HV311_HUMAN	67.010	97	123	117	1	97	20	115	1.15e-36	124	79
P00018_01	sp|P01784|HV01_CANLF	59.677	124	123	114	1	123	1	113	3.41e-40	132	100
P00018_01	sp|P01780|HV307_HUMAN	68.367	98	123	117	1	98	20	116	5.08e-40	132	80
P00018_01	sp|P01764|HV323_HUMAN	70.103	97	123	117	1	97	20	115	4.19e-39	130	79
P00018_01	sp|A0A0C4DH42|HV366_HUMAN	70.103	97	123	116	1	97	20	114	1.45e-38	129	79
P00018_01	sp|P01786|HVM17_MOUSE	54.400	125	123	117	1	123	1	116	1.70e-38	128	100
P00018_01	sp|P0DP02|HVC33_HUMAN	69.388	98	123	117	1	98	20	116	3.28e-38	127	80
P00018_01	sp|P01767|HV353_HUMAN	69.072	97	123	116	1	97	20	114	4.37e-38	127	79
P00018_01	sp|A0A0J9YX35|HV64D_HUMAN	67.347	98	123	117	1	98	20	116	9.69e-38	126	80
P00018_01	sp|P19181|HV05_CARAU	69.072	97	123	116	1	97	20	114	1.07e-37	126	79
P00018_01	sp|P0DP03|HVC05_HUMAN	69.000	100	123	117	1	98	20	116	1.23e-37	126	80
P00018_01	sp|P01768|HV330_HUMAN	69.000	100	123	117	1	98	20	116	1.23e-37	126	80
P00018_01	sp|P01789|HVM20_MOUSE	54.762	126	123	122	1	123	1	121	1.45e-37	126	100
P00018_01	sp|P01763|HV348_HUMAN	67.347	98	123	117	1	98	20	116	1.45e-37	126	80
P00018_01	sp|P01793|HVM24_MOUSE	55.556	126	123	123	1	123	1	122	2.23e-37	125	100
P00018_01	sp|P01785|HV02_CANLF	55.906	127	123	117	1	123	1	116	2.48e-37	125	100
P00018_01	sp|P01795|HVM26_MOUSE	53.968	126	123	144	1	123	20	143	2.94e-37	126	100
P00018_01	sp|A0A0B4J1X5|HV374_HUMAN	67.010	97	123	117	1	97	20	115	2.96e-37	125	79
P00018_01	sp|P01807|HVM37_MOUSE	54.472	123	123	119	1	123	1	117	3.35e-37	125	100
P00018_01	sp|A0A0B4J1V0|HV315_HUMAN	66.667	102	123	119	1	99	20	119	4.03e-37	125	80
P00018_01	sp|P01788|HVM19_MOUSE	55.118	127	123	123	1	123	1	122	4.80e-37	125	100
P00018_02	sp|P01784|HV01_CANLF	59.677	124	123	114	1	123	1	113	3.98e-40	132	100
P00018_02	sp|P01767|HV353_HUMAN	70.103	97	123	116	1	97	20	114	1.39e-39	131	79
P00018_02	sp|P01780|HV307_HUMAN	68.367	98	123	117	1	98	20	116	1.69e-39	131	80
P00018_02	sp|P19181|HV05_CARAU	70.103	97	123	116	1	97	20	114	3.53e-39	130	79
P00018_02	sp|P01786|HVM17_MOUSE	54.400	125	123	117	1	123	1	116	5.70e-39	129	100
P00018_02	sp|A0A0C4DH42|HV366_HUMAN	70.103	97	123	116	1	97	20	114	6.04e-39	129	79
P00018_02	sp|P01764|HV323_HUMAN	70.103	97	123	117	1	97	20	115	8.18e-39	129	79
P00018_02	sp|A0A0C4DH32|HV320_HUMAN	67.327	101	123	117	1	98	20	116	3.78e-38	127	80
P00018_02	sp|P01785|HV02_CANLF	57.600	125	123	117	1	123	1	116	3.86e-38	127	100
P00018_02	sp|P01789|HVM20_MOUSE	54.762	126	123	122	1	123	1	121	4.64e-38	127	100
P00018_02	sp|P01790|HVM21_MOUSE	53.968	126	123	122	1	123	1	121	6.44e-38	127	100
P00018_02	sp|P0DP02|HVC33_HUMAN	70.103	97	123	117	1	97	20	115	7.13e-38	127	79
P00018_02	sp|A0A0J9YX35|HV64D_HUMAN	67.347	98	123	117	1	98	20	116	9.58e-38	126	80
P00018_02	sp|P0DOX5|IGG1_HUMAN	58.537	123	123	449	1	123	1	118	1.03e-37	135	100
P00018_02	sp|P0DP03|HVC05_HUMAN	69.697	99	123	117	1	97	20	115	1.17e-37	126	79
P00018_02	sp|P01768|HV330_HUMAN	69.697	99	123	117	1	97	20	115	1.17e-37	126	79
P00018_02	sp|P01788|HVM19_MOUSE	54.331	127	123	123	1	123	1	122	1.90e-37	126	100
P00018_02	sp|P01763|HV348_HUMAN	68.041	97	123	117	1	97	20	115	1.93e-37	125	79
P00018_02	sp|P01807|HVM37_MOUSE	54.472	123	123	119	1	123	1	117	4.26e-37	125	100
P00018_02	sp|A0A0B4J1X5|HV374_HUMAN	68.000	100	123	117	1	97	20	115	4.58e-37	125	79
P00018_03	sp|P0DP02|HVC33_HUMAN	71.134	97	123	117	1	97	20	115	2.51e-39	130	79
P00018_03	sp|P01784|HV01_CANLF	59.677	124	123	114	1	123	1	113	4.42e-39	130	100
P00018_03	sp|P0DP03|HVC05_HUMAN	71.134	97	123	117	1	97	20	115	9.02e-39	129	79
P00018_03	sp|P01768|HV330_HUMAN	71.134	97	123	117	1	97	20	115	9.02e-39	129	79
P00018_03	sp|P01764|HV323_HUMAN	70.103	97	123	117	1	97	20	115	1.51e-38	129	79
P00018_03	sp|P01780|HV307_HUMAN	68.367	98	123	117	1	98	20	116	1.74e-38	128	80
P00018_03	sp|P01763|HV348_HUMAN	69.072	97	123	117	1	97	20	115	2.41e-38	128	79
P00018_03	sp|P01772|HV333_HUMAN	70.408	98	123	117	1	98	20	116	3.58e-38	127	80
P00018_03	sp|P0DOX5|IGG1_HUMAN	59.350	123	123	449	1	123	1	118	4.03e-38	136	100
P00018_03	sp|P01767|HV353_HUMAN	69.072	97	123	116	1	97	20	114	2.09e-37	125	79
P00018_03	sp|A0A0J9YX35|HV64D_HUMAN	67.347	98	123	117	1	98	20	116	2.45e-37	125	80
P00018_03	sp|P19181|HV05_CARAU	69.072	97	123	116	1	97	20	114	4.90e-37	125	79
P00018_03	sp|P01785|HV02_CANLF	56.911	123	123	117	1	123	1	116	5.51e-37	124	100
P00018_03	sp|A0A0C4DH35|HV335_HUMAN	65.306	98	123	117	1	98	20	116	7.74e-37	124	80
P00018_03	sp|A0A0C4DH42|HV366_HUMAN	69.072	97	123	116	1	97	20	114	8.66e-37	124	79
P00018_03	sp|A0A0B4J1V0|HV315_HUMAN	66.667	102	123	119	1	99	20	119	6.70e-36	122	80
P00018_03	sp|P0DP04|HV43D_HUMAN	65.306	98	123	118	1	98	20	116	7.34e-36	122	80
P00018_03	sp|A0A0C4DH32|HV320_HUMAN	65.657	99	123	117	1	98	20	116	7.60e-36	122	80
P00018_03	sp|P01786|HVM17_MOUSE	52.800	125	123	117	1	123	1	116	8.12e-36	122	100
P00018_03	sp|P0DTE1|HV383_HUMAN	68.041	97	123	115	1	97	20	113	1.03e-35	121	79
P00018_04	sp|P0DP02|HVC33_HUMAN	72.165	97	123	117	1	97	20	115	1.02e-40	134	79
P00018_04	sp|P01784|HV01_CANLF	59.677	124	123	114	1	123	1	113	1.35e-40	134	100
P00018_04	sp|P0DP03|HVC05_HUMAN	71.429	98	123	117	1	98	20	116	3.42e-40	132	80
P00018_04	sp|P01768|HV330_HUMAN	71.429	98	123	117	1	98	20	116	3.42e-40	132	80
P00018_04	sp|P01780|HV307_HUMAN	69.388	98	123	117	1	98	20	116	7.28e-40	132	80
P00018_04	sp|P01772|HV333_HUMAN	71.429	98	123	117	1	98	20	116	1.26e-39	131	80
P00018_04	sp|P01764|HV323_HUMAN	71.134	97	123	117	1	97	20	115	1.45e-39	131	79
P00018_04	sp|P01763|HV348_HUMAN	70.103	97	123	117	1	97	20	115	2.80e-39	130	79
P00018_04	sp|P0DOX5|IGG1_HUMAN	61.290	124	123	449	1	123	1	118	4.25e-39	139	100
P00018_04	sp|P01767|HV353_HUMAN	70.408	98	123	116	1	97	20	114	2.37e-38	128	79
P00018_04	sp|A0A0J9YX35|HV64D_HUMAN	68.367	98	123	117	1	98	20	116	2.47e-38	128	80
P00018_04	sp|P19181|HV05_CARAU	70.408	98	123	116	1	97	20	114	5.50e-38	127	79
P00018_04	sp|A0A0C4DH35|HV335_HUMAN	66.327	98	123	117	1	98	20	116	7.29e-38	127	80
P00018_04	sp|A0A0C4DH42|HV366_HUMAN	70.408	98	123	116	1	97	20	114	1.04e-37	126	79
P00018_04	sp|A0A0B4J1X5|HV374_HUMAN	68.041	97	123	117	1	97	20	115	4.94e-37	125	79
P00018_04	sp|P0DP04|HV43D_HUMAN	66.327	98	123	118	1	98	20	116	5.50e-37	124	80
P00018_04	sp|P0DTE1|HV383_HUMAN	69.072	97	123	115	1	97	20	113	1.26e-36	124	79
P00018_04	sp|A0A0C4DH36|HV338_HUMAN	67.000	100	123	116	1	100	20	116	1.30e-36	124	81
P00018_04	sp|A0A075B6Q5|HV364_HUMAN	67.347	98	123	118	1	98	21	117	1.79e-36	123	80
P00018_04	sp|P01807|HVM37_MOUSE	54.472	123	123	119	1	123	1	117	1.95e-36	123	100
P00018_05	sp|P01767|HV353_HUMAN	72.165	97	123	116	1	97	20	114	3.55e-40	132	79
P00018_05	sp|P19181|HV05_CARAU	72.165	97	123	116	1	97	20	114	8.51e-40	132	79
P00018_05	sp|P0DP02|HVC33_HUMAN	72.449	98	123	117	1	97	20	115	9.27e-40	132	79
P00018_05	sp|P01780|HV307_HUMAN	69.388	98	123	117	1	98	20	116	1.08e-39	131	80
P00018_05	sp|P01764|HV323_HUMAN	72.165	97	123	117	1	97	20	115	1.42e-39	131	79
P00018_05	sp|A0A0C4DH42|HV366_HUMAN	72.165	97	123	116	1	97	20	114	1.50e-39	131	79
P00018_05	sp|P0DP03|HVC05_HUMAN	70.297	101	123	117	1	97	20	115	3.23e-39	130	79
P00018_05	sp|P01768|HV330_HUMAN	70.297	101	123	117	1	97	20	115	3.23e-39	130	79
P00018_05	sp|A0A0J9YX35|HV64D_HUMAN	69.697	99	123	117	1	98	20	116	1.38e-38	129	80
P00018_05	sp|P01763|HV348_HUMAN	70.408	98	123	117	1	97	20	115	1.43e-38	129	79
P00018_05	sp|P01772|HV333_HUMAN	69.608	102	123	117	1	98	20	116	1.59e-38	128	80
P00018_05	sp|P01784|HV01_CANLF	59.524	126	123	114	1	123	1	113	2.18e-38	128	100
P00018_05	sp|A0A0B4J1X5|HV374_HUMAN	69.072	97	123	117	1	97	20	115	8.04e-38	127	79
P00018_05	sp|A0A0C4DH35|HV335_HUMAN	66.667	99	123	117	1	98	20	116	1.21e-37	126	80
P00018_05	sp|P01762|HV311_HUMAN	68.041	97	123	117	1	97	20	115	1.27e-37	126	79
P00018_05	sp|P01785|HV02_CANLF	57.600	125	123	117	1	123	1	116	2.74e-37	125	100
P00018_05	sp|P0DP04|HV43D_HUMAN	67.677	99	123	118	1	98	20	116	2.82e-37	125	80
P00018_05	sp|P0DTE1|HV383_HUMAN	70.408	98	123	115	1	97	20	113	3.91e-37	125	79
P00018_05	sp|P0DOX5|IGG1_HUMAN	60.484	124	123	449	1	123	1	118	4.35e-37	133	100
P00018_05	sp|A0A0C4DH36|HV338_HUMAN	68.317	101	123	116	1	100	20	116	8.85e-37	124	81
P00018_06	sp|P0DP02|HVC33_HUMAN	72.165	97	123	117	1	97	20	115	1.64e-40	133	79
P00018_06	sp|P01764|HV323_HUMAN	72.165	97	123	117	1	97	20	115	6.18e-40	132	79
P00018_06	sp|P0DP03|HVC05_HUMAN	72.165	97	123	117	1	97	20	115	6.90e-40	132	79
P00018_06	sp|P01768|HV330_HUMAN	72.165	97	123	117	1	97	20	115	6.90e-40	132	79
P00018_06	sp|P01784|HV01_CANLF	60.484	124	123	114	1	123	1	113	7.42e-40	132	100
P00018_06	sp|P0DOX5|IGG1_HUMAN	60.163	123	123	449	1	123	1	118	1.51e-39	140	100
P00018_06	sp|P01772|HV333_HUMAN	72.165	97	123	117	1	97	20	115	2.54e-39	130	79
P00018_06	sp|P01780|HV307_HUMAN	69.388	98	123	117	1	98	20	116	2.56e-39	130	80
P00018_06	sp|P01767|HV353_HUMAN	71.429	98	123	116	1	97	20	114	5.07e-39	130	79
P00018_06	sp|P01763|HV348_HUMAN	70.408	98	123	117	1	97	20	115	1.05e-38	129	79
P00018_06	sp|A0A0J9YX35|HV64D_HUMAN	69.388	98	123	117	1	98	20	116	1.10e-38	129	80
P00018_06	sp|P19181|HV05_CARAU	71.429	98	123	116	1	97	20	114	1.16e-38	129	79
P00018_06	sp|A0A0C4DH42|HV366_HUMAN	71.429	98	123	116	1	97	20	114	2.27e-38	128	79
P00018_06	sp|A0A0B4J1X8|HV343_HUMAN	68.041	97	123	118	1	97	20	115	7.03e-38	127	79
P00018_06	sp|P0DP04|HV43D_HUMAN	68.041	97	123	118	1	97	20	115	7.43e-38	127	79
P00018_06	sp|A0A0C4DH35|HV335_HUMAN	66.667	99	123	117	1	98	20	116	1.67e-37	126	80
P00018_06	sp|A0A0B4J1X5|HV374_HUMAN	69.072	97	123	117	1	97	20	115	1.83e-37	125	79
P00018_06	sp|P0DTE1|HV383_HUMAN	70.408	98	123	115	1	97	20	113	3.01e-37	125	79
P00018_06	sp|A0A0C4DH36|HV338_HUMAN	68.317	101	123	116	1	100	20	116	3.53e-37	125	81
P00018_06	sp|A0A075B6Q5|HV364_HUMAN	68.367	98	123	118	1	98	21	117	7.47e-37	124	80
P00018_07	sp|P01784|HV01_CANLF	60.484	124	123	114	1	123	1	113	2.19e-41	135	100
P00018_07	sp|P01780|HV307_HUMAN	69.388	98	123	117	1	98	20	116	1.52e-39	131	80
P00018_07	sp|P01764|HV323_HUMAN	70.103	97	123	117	1	97	20	115	8.64e-39	129	79
P00018_07	sp|P0DP02|HVC33_HUMAN	70.408	98	123	117	1	98	20	116	1.10e-38	129	80
P00018_07	sp|P0DP03|HVC05_HUMAN	70.408	98	123	117	1	98	20	116	1.84e-38	128	80
P00018_07	sp|P01768|HV330_HUMAN	70.408	98	123	117	1	98	20	116	1.84e-38	128	80
P00018_07	sp|P01763|HV348_HUMAN	68.041	97	123	117	1	97	20	115	5.48e-38	127	79
P00018_07	sp|P01772|HV333_HUMAN	70.408	98	123	117	1	98	20	116	6.68e-38	127	80
P00018_07	sp|A0A0J9YX35|HV64D_HUMAN	67.347	98	123	117	1	98	20	116	8.13e-38	127	80
P00018_07	sp|P01786|HVM17_MOUSE	53.600	125	123	117	1	123	1	116	1.22e-37	126	100
P00018_07	sp|P0DOX5|IGG1_HUMAN	58.537	123	123	449	1	123	1	118	2.30e-37	134	100
P00018_07	sp|A0A0C4DH42|HV366_HUMAN	69.072	97	123	116	1	97	20	114	5.35e-37	124	79
P00018_07	sp|A0A0B4J1X5|HV374_HUMAN	68.041	97	123	117	1	97	20	115	8.17e-37	124	79
P00018_07	sp|P01767|HV353_HUMAN	68.041	97	123	116	1	97	20	114	1.27e-36	124	79
P00018_07	sp|P01785|HV02_CANLF	56.911	123	123	117	1	123	1	116	1.96e-36	123	100
P00018_07	sp|A0A0C4DH35|HV335_HUMAN	66.327	98	123	117	1	98	20	116	1.98e-36	123	80
P00018_07	sp|P01789|HVM20_MOUSE	53.175	126	123	122	1	123	1	121	2.11e-36	123	100
P00018_07	sp|P19181|HV05_CARAU	68.041	97	123	116	1	97	20	114	2.95e-36	122	79
P00018_07	sp|P01793|HVM24_MOUSE	53.968	126	123	123	1	123	1	122	3.55e-36	122	100
P00018_07	sp|P01807|HVM37_MOUSE	54.472	123	123	119	1	123	1	117	3.96e-36	122	100
P00018_08	sp|P01780|HV307_HUMAN	69.388	98	123	117	1	98	20	116	1.32e-40	134	80
P00018_08	sp|P01784|HV01_CANLF	60.163	123	123	114	1	123	1	113	1.54e-40	133	100
P00018_08	sp|P01764|HV323_HUMAN	71.134	97	123	117	1	97	20	115	1.52e-39	131	79
P00018_08	sp|P0DP02|HVC33_HUMAN	70.408	98	123	117	1	98	20	116	6.64e-39	129	80
P00018_08	sp|A0A0C4DH42|HV366_HUMAN	71.134	97	123	116	1	97	20	114	9.56e-39	129	79
P00018_08	sp|A0A0J9YX35|HV64D_HUMAN	68.367	98	123	117	1	98	20	116	1.61e-38	128	80
P00018_08	sp|P0DP03|HVC05_HUMAN	70.408	98	123	117	1	98	20	116	2.24e-38	128	80
P00018_08	sp|P01768|HV330_HUMAN	70.408	98	123	117	1	98	20	116	2.24e-38	128	80
P00018_08	sp|P01767|HV353_HUMAN	70.103	97	123	116	1	97	20	114	2.53e-38	128	79
P00018_08	sp|A0A0B4J1X5|HV374_HUMAN	68.041	97	123	117	1	97	20	115	3.54e-38	127	79
P00018_08	sp|P01763|HV348_HUMAN	70.408	98	123	117	1	97	20	115	3.99e-38	127	79
P00018_08	sp|P19181|HV05_CARAU	70.103	97	123	116	1	97	20	114	6.14e-38	127	79
P00018_08	sp|P01772|HV333_HUMAN	70.408	98	123	117	1	98	20	116	8.31e-38	127	80
P00018_08	sp|P01762|HV311_HUMAN	67.347	98	123	117	1	98	20	116	1.75e-37	126	80
P00018_08	sp|P01807|HVM37_MOUSE	53.659	123	123	119	1	123	1	117	2.97e-37	125	100
P00018_08	sp|P01810|HVM40_MOUSE	55.285	123	123	119	1	123	1	117	3.99e-37	125	100
P00018_08	sp|P01786|HVM17_MOUSE	54.400	125	123	117	1	123	1	116	8.17e-37	124	100
P00018_08	sp|A0A075B6Q5|HV364_HUMAN	67.347	98	123	118	1	98	21	117	1.19e-36	124	80
P00018_08	sp|P01785|HV02_CANLF	57.600	125	123	117	1	123	1	116	1.37e-36	124	100
P00018_08	sp|P01801|HVM32_MOUSE	55.200	125	123	115	1	123	1	114	2.06e-36	123	100
P00019_00	sp|P01784|HV01_CANLF	59.504	121	121	114	1	121	1	113	2.61e-42	138	100
P00019_00	sp|P0DP02|HVC33_HUMAN	69.388	98	121	117	1	98	20	116	4.68e-39	130	81
P00019_00	sp|P01764|HV323_HUMAN	68.367	98	121	117	1	98	20	116	5.40e-39	129	81
P00019_00	sp|P01763|HV348_HUMAN	67.347	98	121	117	1	98	20	116	7.33e-39	129	81
P00019_00	sp|P0DP03|HVC05_HUMAN	69.388	98	121	117	1	98	20	116	1.03e-38	129	81
P00019_00	sp|P01768|HV330_HUMAN	69.388	98	121	117	1	98	20	116	1.03e-38	129	81
P00019_00	sp|P01772|HV333_HUMAN	69.388	98	121	117	1	98	20	116	1.27e-38	129	81
P00019_00	sp|P01780|HV307_HUMAN	67.347	98	121	117	1	98	20	116	2.14e-38	128	81
P00019_00	sp|A0A0J9YX35|HV64D_HUMAN	67.010	97	121	117	1	97	20	115	3.14e-38	127	80
P00019_00	sp|A0A0B4J1V1|HV321_HUMAN	65.306	98	121	117	1	98	20	116	5.03e-38	127	81
P00019_00	sp|P01782|HV309_HUMAN	65.000	100	121	118	1	100	20	118	5.24e-38	127	83
P00019_00	sp|A0A0B4J1X5|HV374_HUMAN	66.327	98	121	117	1	98	20	116	6.32e-38	127	81
P00019_00	sp|P0DP04|HV43D_HUMAN	65.000	100	121	118	1	100	20	118	7.94e-38	127	83
P00019_00	sp|P01762|HV311_HUMAN	65.306	98	121	117	1	98	20	116	1.47e-37	126	81
P00019_00	sp|A0A0C4DH42|HV366_HUMAN	67.347	98	121	116	1	98	20	115	2.09e-37	125	81
P00019_00	sp|A0A0B4J1X8|HV343_HUMAN	64.000	100	121	118	1	100	20	118	2.40e-37	125	83
P00019_00	sp|P01810|HVM40_MOUSE	54.545	121	121	119	1	121	1	117	4.81e-37	125	100
P00019_00	sp|P01767|HV353_HUMAN	66.327	98	121	116	1	98	20	115	6.17e-37	124	81
P00019_00	sp|P01792|HVM23_MOUSE	52.846	123	121	123	1	121	1	122	1.06e-36	124	100
P00019_00	sp|P01787|HVM18_MOUSE	52.846	123	121	123	1	121	1	122	1.07e-36	124	100
P00019_01	sp|P01784|HV01_CANLF	60.331	121	121	114	1	121	1	113	2.55e-41	135	100
P00019_01	sp|P01764|HV323_HUMAN	69.388	98	121	117	1	98	20	116	7.45e-40	132	81
P00019_01	sp|P01763|HV348_HUMAN	68.367	98	121	117	1	98	20	116	1.36e-39	131	81
P00019_01	sp|A0A0C4DH42|HV366_HUMAN	70.408	98	121	116	1	98	20	115	1.52e-39	131	81
P00019_01	sp|P01785|HV02_CANLF	59.504	121	121	117	1	121	1	116	2.89e-39	130	100
P00019_01	sp|A0A0J9YX35|HV64D_HUMAN	69.072	97	121	117	1	97	20	115	3.02e-39	130	80
P00019_01	sp|A0A0B4J1V1|HV321_HUMAN	67.347	98	121	117	1	98	20	116	4.38e-39	130	81
P00019_01	sp|P01767|HV353_HUMAN	69.388	98	121	116	1	98	20	115	4.64e-39	130	81
P00019_01	sp|P0DP02|HVC33_HUMAN	69.388	98	121	117	1	98	20	116	1.14e-38	129	81
P00019_01	sp|A0A0B4J1X5|HV374_HUMAN	68.367	98	121	117	1	98	20	116	1.27e-38	129	81
P00019_01	sp|P19181|HV05_CARAU	69.388	98	121	116	1	98	20	115	1.28e-38	129	81
P00019_01	sp|P0DP03|HVC05_HUMAN	69.388	98	121	117	1	98	20	116	1.76e-38	128	81
P00019_01	sp|P01768|HV330_HUMAN	69.388	98	121	117	1	98	20	116	1.76e-38	128	81
P00019_01	sp|P01772|HV333_HUMAN	69.388	98	121	117	1	98	20	116	2.14e-38	128	81
P00019_01	sp|P01762|HV311_HUMAN	67.347	98	121	117	1	98	20	116	2.14e-38	128	81
P00019_01	sp|P01780|HV307_HUMAN	67.347	98	121	117	1	98	20	116	3.35e-38	127	81
P00019_01	sp|P01794|HVM25_MOUSE	52.846	123	121	123	1	121	1	122	1.06e-37	126	100
P00019_01	sp|A0A075B6Q5|HV364_HUMAN	67.347	98	121	118	1	98	21	117	1.27e-37	126	81
P00019_01	sp|P01810|HVM40_MOUSE	54.545	121	121	119	1	121	1	117	3.66e-37	125	100
P00019_01	sp|P01792|HVM23_MOUSE	52.846	123	121	123	1	121	1	122	3.86e-37	125	100
P00019_02	sp|P01784|HV01_CANLF	59.504	121	121	114	1	121	1	113	3.10e-41	135	100
P00019_02	sp|P01764|HV323_HUMAN	68.367	98	121	117	1	98	20	116	2.15e-39	130	81
P00019_02	sp|P01780|HV307_HUMAN	68.367	98	121	117	1	98	20	116	4.84e-39	130	81
P00019_02	sp|A0A0C4DH42|HV366_HUMAN	68.367	98	121	116	1	98	20	115	6.81e-39	129	81
P00019_02	sp|P01763|HV348_HUMAN	66.327	98	121	117	1	98	20	116	6.94e-39	129	81
P00019_02	sp|A0A0B4J1V1|HV321_HUMAN	65.306	98	121	117	1	98	20	116	1.03e-38	129	81
P00019_02	sp|A0A0J9YX35|HV64D_HUMAN	67.010	97	121	117	1	97	20	115	1.06e-38	129	80
P00019_02	sp|P0DP02|HVC33_HUMAN	68.367	98	121	117	1	98	20	116	1.98e-38	128	81
P00019_02	sp|P01767|HV353_HUMAN	67.347	98	121	116	1	98	20	115	2.10e-38	128	81
P00019_02	sp|A0A0B4J1X5|HV374_HUMAN	66.327	98	121	117	1	98	20	116	3.14e-38	127	81
P00019_02	sp|P01762|HV311_HUMAN	65.306	98	121	117	1	98	20	116	3.17e-38	127	81
P00019_02	sp|P0DP03|HVC05_HUMAN	68.367	98	121	117	1	98	20	116	3.39e-38	127	81
P00019_02	sp|P01768|HV330_HUMAN	68.367	98	121	117	1	98	20	116	3.39e-38	127	81
P00019_02	sp|P01772|HV333_HUMAN	68.367	98	121	117	1	98	20	116	3.66e-38	127	81
P00019_02	sp|P01785|HV02_CANLF	57.025	121	121	117	1	121	1	116	3.87e-38	127	100
P00019_02	sp|P19181|HV05_CARAU	67.347	98	121	116	1	98	20	115	6.48e-38	127	81
P00019_02	sp|P01810|HVM40_MOUSE	54.545	121	121	119	1	121	1	117	2.26e-37	125	100
P00019_02	sp|A0A075B6Q5|HV364_HUMAN	65.306	98	121	118	1	98	21	117	5.44e-37	124	81
P00019_02	sp|P01782|HV309_HUMAN	64.286	98	121	118	1	98	20	116	7.00e-37	124	81
P00019_02	sp|P01794|HVM25_MOUSE	52.033	123	121	123	1	121	1	122	8.03e-37	124	100
P00019_03	sp|P01784|HV01_CANLF	59.504	121	121	114	1	121	1	113	1.32e-41	136	100
P00019_03	sp|P01763|HV348_HUMAN	68.367	98	121	117	1	98	20	116	8.31e-40	132	81
P00019_03	sp|P01764|HV323_HUMAN	68.367	98	121	117	1	98	20	116	1.17e-39	131	81
P00019_03	sp|P0DP02|HVC33_HUMAN	69.388	98	121	117	1	98	20	116	1.87e-39	130	81
P00019_03	sp|A0A0J9YX35|HV64D_HUMAN	68.041	97	121	117	1	97	20	115	3.60e-39	130	80
P00019_03	sp|P0DP03|HVC05_HUMAN	69.388	98	121	117	1	98	20	116	4.33e-39	130	81
P00019_03	sp|P01768|HV330_HUMAN	69.388	98	121	117	1	98	20	116	4.33e-39	130	81
P00019_03	sp|P01772|HV333_HUMAN	69.388	98	121	117	1	98	20	116	4.94e-39	130	81
P00019_03	sp|A0A0B4J1X5|HV374_HUMAN	67.347	98	121	117	1	98	20	116	7.41e-39	129	81
P00019_03	sp|A0A0B4J1V1|HV321_HUMAN	66.327	98	121	117	1	98	20	116	1.40e-38	129	81
P00019_03	sp|A0A0C4DH42|HV366_HUMAN	68.367	98	121	116	1	98	20	115	2.17e-38	128	81
P00019_03	sp|P01780|HV307_HUMAN	67.347	98	121	117	1	98	20	116	2.19e-38	128	81
P00019_03	sp|P01762|HV311_HUMAN	66.327	98	121	117	1	98	20	116	2.82e-38	128	81
P00019_03	sp|P01767|HV353_HUMAN	67.347	98	121	116	1	98	20	115	6.34e-38	127	81
P00019_03	sp|P01785|HV02_CANLF	57.025	121	121	117	1	121	1	116	8.88e-38	126	100
P00019_03	sp|P01810|HVM40_MOUSE	54.545	121	121	119	1	121	1	117	1.51e-37	126	100
P00019_03	sp|P19181|HV05_CARAU	67.347	98	121	116	1	98	20	115	1.72e-37	125	81
P00019_03	sp|A0A075B6Q5|HV364_HUMAN	66.327	98	121	118	1	98	21	117	1.95e-37	125	81
P00019_03	sp|P01787|HVM18_MOUSE	52.033	123	121	123	1	121	1	122	3.95e-37	125	100
P00019_03	sp|P01792|HVM23_MOUSE	52.033	123	121	123	1	121	1	122	4.45e-37	125	100
P00019_04	sp|P01784|HV01_CANLF	59.504	121	121	114	1	121	1	113	5.25e-41	134	100
P00019_04	sp|P01764|HV323_HUMAN	68.367	98	121	117	1	98	20	116	9.53e-39	129	81
P00019_04	sp|P01763|HV348_HUMAN	67.347	98	121	117	1	98	20	116	1.19e-38	129	81
P00019_04	sp|A0A0C4DH42|HV366_HUMAN	69.388	98	121	116	1	98	20	115	1.60e-38	128	81
P00019_04	sp|P01785|HV02_CANLF	58.678	121	121	117	1	121	1	116	2.82e-38	128	100
P00019_04	sp|A0A0J9YX35|HV64D_HUMAN	68.041	97	121	117	1	97	20	115	3.35e-38	127	80
P00019_04	sp|P01767|HV353_HUMAN	68.367	98	121	116	1	98	20	115	4.52e-38	127	81
P00019_04	sp|A0A0B4J1V1|HV321_HUMAN	66.327	98	121	117	1	98	20	116	6.05e-38	127	81
P00019_04	sp|A0A0B4J1X5|HV374_HUMAN	67.347	98	121	117	1	98	20	116	1.07e-37	126	81
P00019_04	sp|P0DP02|HVC33_HUMAN	68.367	98	121	117	1	98	20	116	1.25e-37	126	81
P00019_04	sp|P19181|HV05_CARAU	68.367	98	121	116	1	98	20	115	1.52e-37	126	81
P00019_04	sp|P0DP03|HVC05_HUMAN	68.367	98	121	117	1	98	20	116	1.66e-37	125	81
P00019_04	sp|P01768|HV330_HUMAN	68.367	98	121	117	1	98	20	116	1.66e-37	125	81
P00019_04	sp|P01772|HV333_HUMAN	68.367	98	121	117	1	98	20	116	1.91e-37	125	81
P00019_04	sp|P01780|HV307_HUMAN	66.327	98	121	117	1	98	20	116	3.09e-37	125	81
P00019_04	sp|P01762|HV311_HUMAN	66.327	98	121	117	1	98	20	116	3.68e-37	125	81
P00019_04	sp|P01782|HV309_HUMAN	65.306	98	121	118	1	98	20	116	4.98e-37	124	81
P00019_04	sp|A0A075B6Q5|HV364_HUMAN	66.327	98	121	118	1	98	21	117	1.59e-36	123	81
P00019_04	sp|P0DP04|HV43D_HUMAN	64.000	100	121	118	1	100	20	118	1.91e-36	123	83
P00019_04	sp|P01810|HVM40_MOUSE	53.719	121	121	119	1	121	1	117	4.88e-36	122	100
P00019_05	sp|P01784|HV01_CANLF	59.504	121	121	114	1	121	1	113	2.33e-40	133	100
P00019_05	sp|P01764|HV323_HUMAN	68.367	98	121	117	1	98	20	116	1.95e-39	130	81
P00019_05	sp|P0DP02|HVC33_HUMAN	69.388	98	121	117	1	98	20	116	3.12e-39	130	81
P00019_05	sp|P0DP03|HVC05_HUMAN	69.388	98	121	117	1	98	20	116	4.29e-39	130	81
P00019_05	sp|P01768|HV330_HUMAN	69.388	98	121	117	1	98	20	116	4.29e-39	130	81
P00019_05	sp|P01763|HV348_HUMAN	66.327	98	121	117	1	98	20	116	5.76e-39	129	81
P00019_05	sp|P01772|HV333_HUMAN	69.388	98	121	117	1	98	20	116	5.89e-39	129	81
P00019_05	sp|A0A0C4DH42|HV366_HUMAN	68.367	98	121	116	1	98	20	115	7.43e-39	129	81
P00019_05	sp|A0A0J9YX35|HV64D_HUMAN	67.010	97	121	117	1	97	20	115	1.06e-38	129	80
P00019_05	sp|A0A0B4J1V1|HV321_HUMAN	65.306	98	121	117	1	98	20	116	1.37e-38	129	81
P00019_05	sp|P01767|HV353_HUMAN	67.347	98	121	116	1	98	20	115	2.27e-38	128	81
P00019_05	sp|A0A0B4J1X5|HV374_HUMAN	66.327	98	121	117	1	98	20	116	2.75e-38	128	81
P00019_05	sp|P01780|HV307_HUMAN	67.347	98	121	117	1	98	20	116	3.95e-38	127	81
P00019_05	sp|P01762|HV311_HUMAN	65.306	98	121	117	1	98	20	116	4.46e-38	127	81
P00019_05	sp|P01785|HV02_CANLF	58.678	121	121	117	1	121	1	116	5.31e-38	127	100
P00019_05	sp|P19181|HV05_CARAU	67.347	98	121	116	1	98	20	115	6.21e-38	127	81
P00019_05	sp|P01782|HV309_HUMAN	65.306	98	121	118	1	98	20	116	1.48e-37	126	81
P00019_05	sp|P0DP04|HV43D_HUMAN	64.000	100	121	118	1	100	20	118	2.40e-37	125	83
P00019_05	sp|P01810|HVM40_MOUSE	54.472	123	121	119	1	121	1	117	3.14e-37	125	100
P00019_05	sp|A0A075B6Q5|HV364_HUMAN	65.306	98	121	118	1	98	21	117	4.42e-37	125	81
P00019_06	sp|P01784|HV01_CANLF	59.504	121	121	114	1	121	1	113	1.19e-40	134	100
P00019_06	sp|P01763|HV348_HUMAN	68.367	98	121	117	1	98	20	116	2.13e-39	130	81
P00019_06	sp|P01764|HV323_HUMAN	68.367	98	121	117	1	98	20	116	3.64e-39	130	81
P00019_06	sp|P0DP02|HVC33_HUMAN	69.388	98	121	117	1	98	20	116	5.05e-39	129	81
P00019_06	sp|A0A0J9YX35|HV64D_HUMAN	68.041	97	121	117	1	97	20	115	8.83e-39	129	80
P00019_06	sp|P0DP03|HVC05_HUMAN	69.388	98	121	117	1	98	20	116	9.85e-39	129	81
P00019_06	sp|P01768|HV330_HUMAN	69.388	98	121	117	1	98	20	116	9.85e-39	129	81
P00019_06	sp|P01772|HV333_HUMAN	69.388	98	121	117	1	98	20	116	1.01e-38	129	81
P00019_06	sp|A0A0B4J1X5|HV374_HUMAN	67.347	98	121	117	1	98	20	116	2.42e-38	128	81
P00019_06	sp|P01780|HV307_HUMAN	67.347	98	121	117	1	98	20	116	2.58e-38	128	81
P00019_06	sp|A0A0B4J1V1|HV321_HUMAN	66.327	98	121	117	1	98	20	116	2.72e-38	128	81
P00019_06	sp|A0A0C4DH42|HV366_HUMAN	68.367	98	121	116	1	98	20	115	5.10e-38	127	81
P00019_06	sp|P01762|HV311_HUMAN	66.327	98	121	117	1	98	20	116	8.41e-38	126	81
P00019_06	sp|P01767|HV353_HUMAN	67.347	98	121	116	1	98	20	115	1.41e-37	126	81
P00019_06	sp|P01782|HV309_HUMAN	65.306	98	121	118	1	98	20	116	2.03e-37	125	81
P00019_06	sp|A0A075B6Q5|HV364_HUMAN	66.327	98	121	118	1	98	21	117	3.83e-37	125	81
P00019_06	sp|P19181|HV05_CARAU	67.347	98	121	116	1	98	20	115	4.49e-37	125	81
P00019_06	sp|P0DP04|HV43D_HUMAN	64.000	100	121	118	1	100	20	118	6.13e-37	124	83
P00019_06	sp|P01785|HV02_CANLF	57.025	121	121	117	1	121	1	116	6.86e-37	124	100
P00019_06	sp|P01810|HVM40_MOUSE	53.719	121	121	119	1	121	1	117	8.58e-37	124	100
P00019_07	sp|P01784|HV01_CANLF	59.504	121	121	114	1	121	1	113	3.45e-40	132	100
P00019_07	sp|A0A0C4DH42|HV366_HUMAN	69.388	98	121	116	1	98	20	115	4.39e-39	130	81
P00019_07	sp|P01767|HV353_HUMAN	68.367	98	121	116	1	98	20	115	1.27e-38	129	81
P00019_07	sp|P01764|HV323_HUMAN	68.367	98	121	117	1	98	20	116	1.31e-38	129	81
P00019_07	sp|P01763|HV348_HUMAN	67.347	98	121	117	1	98	20	116	1.90e-38	128	81
P00019_07	sp|P19181|HV05_CARAU	68.367	98	121	116	1	98	20	115	3.29e-38	127	81
P00019_07	sp|A0A0J9YX35|HV64D_HUMAN	68.041	97	121	117	1	97	20	115	5.99e-38	127	80
P00019_07	sp|A0A0B4J1V1|HV321_HUMAN	66.327	98	121	117	1	98	20	116	1.12e-37	126	81
P00019_07	sp|P0DP02|HVC33_HUMAN	68.367	98	121	117	1	98	20	116	1.83e-37	125	81
P00019_07	sp|P01785|HV02_CANLF	57.851	121	121	117	1	121	1	116	2.23e-37	125	100
P00019_07	sp|A0A0B4J1X5|HV374_HUMAN	67.347	98	121	117	1	98	20	116	2.35e-37	125	81
P00019_07	sp|P0DP03|HVC05_HUMAN	68.367	98	121	117	1	98	20	116	2.43e-37	125	81
P00019_07	sp|P01768|HV330_HUMAN	68.367	98	121	117	1	98	20	116	2.43e-37	125	81
P00019_07	sp|P01772|HV333_HUMAN	68.367	98	121	117	1	98	20	116	3.30e-37	125	81
P00019_07	sp|P01762|HV311_HUMAN	66.327	98	121	117	1	98	20	116	3.64e-37	125	81
P00019_07	sp|P01810|HVM40_MOUSE	54.545	121	121	119	1	121	1	117	4.65e-37	125	100
P00019_07	sp|P01792|HVM23_MOUSE	53.226	124	121	123	1	121	1	122	5.30e-37	125	100
P00019_07	sp|P01787|HVM18_MOUSE	53.226	124	121	123	1	121	1	122	5.72e-37	124	100
P00019_07	sp|P01780|HV307_HUMAN	66.327	98	121	117	1	98	20	116	6.22e-37	124	81
P00019_07	sp|P01782|HV309_HUMAN	65.306	98	121	118	1	98	20	116	1.32e-36	124	81
P00019_08	sp|P01784|HV01_CANLF	59.504	121	121	114	1	121	1	113	2.37e-42	138	100
P00019_08	sp|P0DP02|HVC33_HUMAN	69.388	98	121	117	1	98	20	116	4.03e-40	132	81
P00019_08	sp|P01764|HV323_HUMAN	68.367	98	121	117	1	98	20	116	5.25e-40	132	81
P00019_08	sp|P0DP03|HVC05_HUMAN	69.388	98	121	117	1	98	20	116	6.11e-40	132	81
P00019_08	sp|P01768|HV330_HUMAN	69.388	98	121	117	1	98	20	116	6.11e-40	132	81
P00019_08	sp|P01772|HV333_HUMAN	69.388	98	121	117	1	98	20	116	7.28e-40	132	81
P00019_08	sp|A0A0J9YX35|HV64D_HUMAN	67.010	97	121	117	1	97	20	115	2.27e-39	130	80
P00019_08	sp|A0A0C4DH42|HV366_HUMAN	68.367	98	121	116	1	98	20	115	2.43e-39	130	81
P00019_08	sp|P01763|HV348_HUMAN	66.327	98	121	117	1	98	20	116	2.45e-39	130	81
P00019_08	sp|P01780|HV307_HUMAN	67.347	98	121	117	1	98	20	116	3.68e-39	130	81
P00019_08	sp|A0A0B4J1V1|HV321_HUMAN	65.306	98	121	117	1	98	20	116	4.38e-39	130	81
P00019_08	sp|A0A0B4J1X5|HV374_HUMAN	66.327	98	121	117	1	98	20	116	8.18e-39	129	81
P00019_08	sp|P01767|HV353_HUMAN	67.347	98	121	116	1	98	20	115	8.38e-39	129	81
P00019_08	sp|P01762|HV311_HUMAN	65.306	98	121	117	1	98	20	116	1.04e-38	129	81
P00019_08	sp|P19181|HV05_CARAU	67.347	98	121	116	1	98	20	115	2.22e-38	128	81
P00019_08	sp|P01782|HV309_HUMAN	64.000	100	121	118	1	100	20	118	2.43e-38	128	83
P00019_08	sp|P0DP04|HV43D_HUMAN	64.000	100	121	118	1	100	20	118	2.87e-38	128	83
P00019_08	sp|P01810|HVM40_MOUSE	54.545	121	121	119	1	121	1	117	4.73e-38	127	100
P00019_08	sp|P01785|HV02_CANLF	56.198	121	121	117	1	121	1	116	1.03e-37	126	100
P00019_08	sp|A0A0B4J1X8|HV343_HUMAN	63.000	100	121	118	1	100	20	118	1.07e-37	126	83
P00020_00	sp|P01780|HV307_HUMAN	68.000	100	125	117	1	100	20	116	4.23e-41	135	80
P00020_00	sp|P01764|HV323_HUMAN	68.932	103	125	117	1	100	20	116	8.91e-41	134	80
P00020_00	sp|P0DP02|HVC33_HUMAN	69.000	100	125	117	1	100	20	116	1.28e-40	134	80
P00020_00	sp|P01787|HVM18_MOUSE	55.118	127	125	123	1	125	1	122	1.69e-40	134	100
P00020_00	sp|P01788|HVM19_MOUSE	55.118	127	125	123	1	125	1	122	2.27e-40	133	100
P00020_00	sp|A0A0B4J1X5|HV374_HUMAN	67.000	100	125	117	1	100	20	116	3.35e-40	133	80
P00020_00	sp|P0DP03|HVC05_HUMAN	69.000	100	125	117	1	100	20	116	5.19e-40	132	80
P00020_00	sp|P01768|HV330_HUMAN	69.000	100	125	117	1	100	20	116	5.19e-40	132	80
P00020_00	sp|P01789|HVM20_MOUSE	54.331	127	125	122	1	125	1	121	6.73e-40	132	100
P00020_00	sp|A0A0C4DH42|HV366_HUMAN	67.961	103	125	116	1	100	20	115	8.15e-40	132	80
P00020_00	sp|P01763|HV348_HUMAN	67.000	100	125	117	1	100	20	116	1.65e-39	131	80
P00020_00	sp|P01772|HV333_HUMAN	69.000	100	125	117	1	100	20	116	1.71e-39	131	80
P00020_00	sp|A0A0J9YX35|HV64D_HUMAN	67.647	102	125	117	1	99	20	115	1.85e-39	131	79
P00020_00	sp|P01767|HV353_HUMAN	66.990	103	125	116	1	100	20	115	2.00e-39	130	80
P00020_00	sp|P01792|HVM23_MOUSE	54.331	127	125	123	1	125	1	122	2.31e-39	131	100
P00020_00	sp|P01790|HVM21_MOUSE	55.118	127	125	122	1	125	1	121	4.37e-39	130	100
P00020_00	sp|P19181|HV05_CARAU	66.990	103	125	116	1	100	20	115	5.65e-39	129	80
P00020_00	sp|P01793|HVM24_MOUSE	55.118	127	125	123	1	125	1	122	6.18e-39	130	100
P00020_00	sp|P01807|HVM37_MOUSE	54.400	125	125	119	1	125	1	117	9.17e-39	129	100
P00020_00	sp|P01784|HV01_CANLF	58.400	125	125	114	1	125	1	113	9.40e-39	129	100
P00020_01	sp|P0DP02|HVC33_HUMAN	69.000	100	125	117	1	100	20	116	3.66e-40	132	80
P00020_01	sp|P01764|HV323_HUMAN	67.961	103	125	117	1	100	20	116	3.86e-40	132	80
P00020_01	sp|P01784|HV01_CANLF	57.600	125	125	114	1	125	1	113	3.98e-40	132	100
P00020_01	sp|A0A0B4J1X5|HV374_HUMAN	67.000	100	125	117	1	100	20	116	5.08e-40	132	80
P00020_01	sp|P01780|HV307_HUMAN	67.000	100	125	117	1	100	20	116	5.25e-40	132	80
P00020_01	sp|P0DP03|HVC05_HUMAN	69.000	100	125	117	1	100	20	116	8.04e-40	132	80
P00020_01	sp|P01768|HV330_HUMAN	69.000	100	125	117	1	100	20	116	8.04e-40	132	80
P00020_01	sp|P01772|HV333_HUMAN	69.000	100	125	117	1	100	20	116	1.09e-39	131	80
P00020_01	sp|A0A0C4DH42|HV366_HUMAN	66.990	103	125	116	1	100	20	115	2.46e-39	130	80
P00020_01	sp|A0A0J9YX35|HV64D_HUMAN	67.647	102	125	117	1	99	20	115	3.12e-39	130	79
P00020_01	sp|P01763|HV348_HUMAN	66.000	100	125	117	1	100	20	116	4.58e-39	130	80
P00020_01	sp|P01767|HV353_HUMAN	66.019	103	125	116	1	100	20	115	6.37e-39	129	80
P00020_01	sp|P01810|HVM40_MOUSE	53.600	125	125	119	1	125	1	117	7.78e-39	129	100
P00020_01	sp|P01807|HVM37_MOUSE	53.600	125	125	119	1	125	1	117	8.97e-39	129	100
P00020_01	sp|P01785|HV02_CANLF	54.688	128	125	117	1	125	1	116	1.72e-38	128	100
P00020_01	sp|P19181|HV05_CARAU	66.019	103	125	116	1	100	20	115	1.88e-38	128	80
P00020_01	sp|P0DOX5|IGG1_HUMAN	59.200	125	125	449	1	125	1	118	6.40e-38	135	100
P00020_01	sp|P01787|HVM18_MOUSE	54.331	127	125	123	1	125	1	122	8.34e-38	127	100
P00020_01	sp|P01788|HVM19_MOUSE	54.331	127	125	123	1	125	1	122	9.11e-38	127	100
P00020_01	sp|P01762|HV311_HUMAN	65.000	100	125	117	1	100	20	116	1.09e-37	126	80
P00020_02	sp|P01780|HV307_HUMAN	67.000	100	125	117	1	100	20	116	1.29e-40	134	80
P00020_02	sp|P0DP02|HVC33_HUMAN	69.000	100	125	117	1	100	20	116	3.58e-40	132	80
P00020_02	sp|A0A0B4J1X5|HV374_HUMAN	67.000	100	125	117	1	100	20	116	5.60e-40	132	80
P00020_02	sp|P0DP03|HVC05_HUMAN	69.000	100	125	117	1	100	20	116	1.26e-39	131	80
P00020_02	sp|P01768|HV330_HUMAN	69.000	100	125	117	1	100	20	116	1.26e-39	131	80
P00020_02	sp|P01764|HV323_HUMAN	67.961	103	125	117	1	100	20	116	1.62e-39	131	80
P00020_02	sp|P01772|HV333_HUMAN	69.000	100	125	117	1	100	20	116	4.48e-39	130	80
P00020_02	sp|A0A0J9YX35|HV64D_HUMAN	67.647	102	125	117	1	99	20	115	4.94e-39	130	79
P00020_02	sp|P01784|HV01_CANLF	57.600	125	125	114	1	125	1	113	6.99e-39	129	100
P00020_02	sp|A0A0C4DH42|HV366_HUMAN	66.990	103	125	116	1	100	20	115	8.02e-39	129	80
P00020_02	sp|P01763|HV348_HUMAN	67.000	100	125	117	1	100	20	116	1.12e-38	129	80
P00020_02	sp|P01790|HVM21_MOUSE	54.331	127	125	122	1	125	1	121	1.70e-38	129	100
P00020_02	sp|P01767|HV353_HUMAN	66.019	103	125	116	1	100	20	115	2.22e-38	128	80
P00020_02	sp|P01762|HV311_HUMAN	65.000	100	125	117	1	100	20	116	2.78e-38	128	80
P00020_02	sp|P01807|HVM37_MOUSE	52.800	125	125	119	1	125	1	117	2.92e-38	128	100
P00020_02	sp|P0DOX5|IGG1_HUMAN	58.400	125	125	449	1	125	1	118	3.53e-38	136	100
P00020_02	sp|P01785|HV02_CANLF	55.469	128	125	117	1	125	1	116	5.08e-38	127	100
P00020_02	sp|P19181|HV05_CARAU	66.019	103	125	116	1	100	20	115	5.38e-38	127	80
P00020_02	sp|P01787|HVM18_MOUSE	53.543	127	125	123	1	125	1	122	6.21e-38	127	100
P00020_02	sp|P01792|HVM23_MOUSE	53.543	127	125	123	1	125	1	122	6.93e-38	127	100
P00020_03	sp|P0DP02|HVC33_HUMAN	71.845	103	125	117	1	100	20	116	9.73e-41	134	80
P00020_03	sp|A0A0B4J1X5|HV374_HUMAN	67.000	100	125	117	1	100	20	116	3.14e-40	133	80
P00020_03	sp|P0DP03|HVC05_HUMAN	71.845	103	125	117	1	100	20	116	3.28e-40	133	80
P00020_03	sp|P01768|HV330_HUMAN	71.845	103	125	117	1	100	20	116	3.28e-40	133	80
P00020_03	sp|P01780|HV307_HUMAN	67.000	100	125	117	1	100	20	116	5.73e-40	132	80
P00020_03	sp|P01789|HVM20_MOUSE	55.906	127	125	122	1	125	1	121	6.44e-40	132	100
P00020_03	sp|P01772|HV333_HUMAN	71.845	103	125	117	1	100	20	116	9.37e-40	132	80
P00020_03	sp|P01764|HV323_HUMAN	67.961	103	125	117	1	100	20	116	2.59e-39	130	80
P00020_03	sp|P01790|HVM21_MOUSE	56.693	127	125	122	1	125	1	121	2.70e-39	130	100
P00020_03	sp|A0A0C4DH42|HV366_HUMAN	67.961	103	125	116	1	100	20	115	3.61e-39	130	80
P00020_03	sp|P01784|HV01_CANLF	58.140	129	125	114	1	125	1	113	5.74e-39	129	100
P00020_03	sp|P01793|HVM24_MOUSE	55.906	127	125	123	1	125	1	122	5.98e-39	130	100
P00020_03	sp|A0A0J9YX35|HV64D_HUMAN	69.608	102	125	117	1	99	20	115	6.57e-39	129	79
P00020_03	sp|P01767|HV353_HUMAN	66.990	103	125	116	1	100	20	115	7.67e-39	129	80
P00020_03	sp|P01792|HVM23_MOUSE	54.331	127	125	123	1	125	1	122	7.69e-39	129	100
P00020_03	sp|P01787|HVM18_MOUSE	55.906	127	125	123	1	125	1	122	1.00e-38	129	100
P00020_03	sp|P01788|HVM19_MOUSE	55.906	127	125	123	1	125	1	122	1.40e-38	129	100
P00020_03	sp|P19181|HV05_CARAU	66.990	103	125	116	1	100	20	115	2.03e-38	128	80
P00020_03	sp|P0DOX5|IGG1_HUMAN	60.000	125	125	449	1	125	1	118	2.77e-38	136	100
P00020_03	sp|P01763|HV348_HUMAN	66.000	100	125	117	1	100	20	116	5.08e-38	127	80
P00020_04	sp|P01780|HV307_HUMAN	68.000	100	125	117	1	100	20	116	4.94e-41	135	80
P00020_04	sp|P01764|HV323_HUMAN	68.932	103	125	117	1	100	20	116	8.08e-41	134	80
P00020_04	sp|P0DP02|HVC33_HUMAN	69.000	100	125	117	1	100	20	116	1.49e-40	134	80
P00020_04	sp|A0A0B4J1X5|HV374_HUMAN	67.000	100	125	117	1	100	20	116	3.10e-40	133	80
P00020_04	sp|P0DP03|HVC05_HUMAN	69.000	100	125	117	1	100	20	116	5.73e-40	132	80
P00020_04	sp|P01768|HV330_HUMAN	69.000	100	125	117	1	100	20	116	5.73e-40	132	80
P00020_04	sp|P01790|HVM21_MOUSE	55.906	127	125	122	1	125	1	121	6.44e-40	132	100
P00020_04	sp|A0A0C4DH42|HV366_HUMAN	67.961	103	125	116	1	100	20	115	6.62e-40	132	80
P00020_04	sp|P01784|HV01_CANLF	58.400	125	125	114	1	125	1	113	8.84e-40	132	100
P00020_04	sp|P01767|HV353_HUMAN	66.990	103	125	116	1	100	20	115	1.59e-39	131	80
P00020_04	sp|A0A0J9YX35|HV64D_HUMAN	67.647	102	125	117	1	99	20	115	1.64e-39	131	79
P00020_04	sp|P01772|HV333_HUMAN	69.000	100	125	117	1	100	20	116	1.79e-39	131	80
P00020_04	sp|P01763|HV348_HUMAN	67.000	100	125	117	1	100	20	116	1.89e-39	131	80
P00020_04	sp|P0DOX5|IGG1_HUMAN	59.200	125	125	449	1	125	1	118	2.16e-39	139	100
P00020_04	sp|P01807|HVM37_MOUSE	54.400	125	125	119	1	125	1	117	2.39e-39	130	100
P00020_04	sp|P01787|HVM18_MOUSE	55.118	127	125	123	1	125	1	122	2.58e-39	130	100
P00020_04	sp|P01788|HVM19_MOUSE	55.118	127	125	123	1	125	1	122	3.62e-39	130	100
P00020_04	sp|P19181|HV05_CARAU	66.990	103	125	116	1	100	20	115	3.98e-39	130	80
P00020_04	sp|P01762|HV311_HUMAN	66.000	100	125	117	1	100	20	116	9.84e-39	129	80
P00020_04	sp|P01808|HVM38_MOUSE	52.800	125	125	119	1	125	1	117	2.92e-38	128	100
P00020_05	sp|P0DP02|HVC33_HUMAN	69.903	103	125	117	1	100	20	116	1.37e-40	134	80
P00020_05	sp|P0DP03|HVC05_HUMAN	69.903	103	125	117	1	100	20	116	2.12e-40	133	80
P00020_05	sp|P01768|HV330_HUMAN	69.903	103	125	117	1	100	20	116	2.12e-40	133	80
P00020_05	sp|P01780|HV307_HUMAN	67.000	100	125	117	1	100	20	116	2.87e-40	133	80
P00020_05	sp|P01772|HV333_HUMAN	69.903	103	125	117	1	100	20	116	4.50e-40	132	80
P00020_05	sp|P01764|HV323_HUMAN	67.961	103	125	117	1	100	20	116	9.27e-40	132	80
P00020_05	sp|A0A0B4J1X5|HV374_HUMAN	67.000	100	125	117	1	100	20	116	1.83e-39	131	80
P00020_05	sp|A0A0C4DH42|HV366_HUMAN	66.990	103	125	116	1	100	20	115	2.66e-39	130	80
P00020_05	sp|P01784|HV01_CANLF	58.140	129	125	114	1	125	1	113	3.08e-39	130	100
P00020_05	sp|P01767|HV353_HUMAN	66.019	103	125	116	1	100	20	115	5.35e-39	130	80
P00020_05	sp|A0A0J9YX35|HV64D_HUMAN	67.647	102	125	117	1	99	20	115	7.17e-39	129	79
P00020_05	sp|P01789|HVM20_MOUSE	54.331	127	125	122	1	125	1	121	1.11e-38	129	100
P00020_05	sp|P01785|HV02_CANLF	55.469	128	125	117	1	125	1	116	1.51e-38	129	100
P00020_05	sp|P01793|HVM24_MOUSE	55.118	127	125	123	1	125	1	122	1.58e-38	129	100
P00020_05	sp|P19181|HV05_CARAU	66.019	103	125	116	1	100	20	115	1.67e-38	128	80
P00020_05	sp|P01763|HV348_HUMAN	66.019	103	125	117	1	100	20	116	2.12e-38	128	80
P00020_05	sp|P01792|HVM23_MOUSE	53.543	127	125	123	1	125	1	122	2.71e-38	128	100
P00020_05	sp|P01787|HVM18_MOUSE	55.118	127	125	123	1	125	1	122	3.63e-38	128	100
P00020_05	sp|P01788|HVM19_MOUSE	55.118	127	125	123	1	125	1	122	4.78e-38	127	100
P00020_05	sp|P01762|HV311_HUMAN	65.000	100	125	117	1	100	20	116	8.77e-38	127	80
P00020_06	sp|P01780|HV307_HUMAN	68.000	100	125	117	1	100	20	116	6.71e-41	134	80
P00020_06	sp|P0DP02|HVC33_HUMAN	69.000	100	125	117	1	100	20	116	1.43e-40	134	80
P00020_06	sp|P01764|HV323_HUMAN	68.932	103	125	117	1	100	20	116	1.70e-40	134	80
P00020_06	sp|A0A0B4J1X5|HV374_HUMAN	67.000	100	125	117	1	100	20	116	4.31e-40	132	80
P00020_06	sp|P0DP03|HVC05_HUMAN	69.000	100	125	117	1	100	20	116	4.86e-40	132	80
P00020_06	sp|P01768|HV330_HUMAN	69.000	100	125	117	1	100	20	116	4.86e-40	132	80
P00020_06	sp|A0A0C4DH42|HV366_HUMAN	67.961	103	125	116	1	100	20	115	1.29e-39	131	80
P00020_06	sp|P0DOX5|IGG1_HUMAN	59.200	125	125	449	1	125	1	118	1.47e-39	140	100
P00020_06	sp|P01790|HVM21_MOUSE	55.906	127	125	122	1	125	1	121	1.56e-39	131	100
P00020_06	sp|P01784|HV01_CANLF	58.400	125	125	114	1	125	1	113	1.65e-39	131	100
P00020_06	sp|P01772|HV333_HUMAN	69.000	100	125	117	1	100	20	116	1.69e-39	131	80
P00020_06	sp|A0A0J9YX35|HV64D_HUMAN	67.647	102	125	117	1	99	20	115	2.10e-39	130	79
P00020_06	sp|P01763|HV348_HUMAN	67.000	100	125	117	1	100	20	116	2.74e-39	130	80
P00020_06	sp|P01767|HV353_HUMAN	66.990	103	125	116	1	100	20	115	3.38e-39	130	80
P00020_06	sp|P01787|HVM18_MOUSE	55.118	127	125	123	1	125	1	122	6.39e-39	130	100
P00020_06	sp|P01807|HVM37_MOUSE	54.400	125	125	119	1	125	1	117	7.37e-39	129	100
P00020_06	sp|P01788|HVM19_MOUSE	55.118	127	125	123	1	125	1	122	7.53e-39	129	100
P00020_06	sp|P19181|HV05_CARAU	66.990	103	125	116	1	100	20	115	8.28e-39	129	80
P00020_06	sp|P01762|HV311_HUMAN	66.000	100	125	117	1	100	20	116	3.10e-38	128	80
P00020_06	sp|A0A0B4J1Y9|HV372_HUMAN	64.706	102	125	119	1	100	20	118	5.88e-38	127	80
P00020_07	sp|P0DP02|HVC33_HUMAN	69.903	103	125	117	1	100	20	116	1.40e-40	134	80
P00020_07	sp|P0DP03|HVC05_HUMAN	69.903	103	125	117	1	100	20	116	2.84e-40	133	80
P00020_07	sp|P01768|HV330_HUMAN	69.903	103	125	117	1	100	20	116	2.84e-40	133	80
P00020_07	sp|P01780|HV307_HUMAN	67.000	100	125	117	1	100	20	116	4.65e-40	132	80
P00020_07	sp|P01772|HV333_HUMAN	69.903	103	125	117	1	100	20	116	7.44e-40	132	80
P00020_07	sp|P01764|HV323_HUMAN	67.961	103	125	117	1	100	20	116	8.97e-40	132	80
P00020_07	sp|P01784|HV01_CANLF	59.690	129	125	114	1	125	1	113	1.51e-39	131	100
P00020_07	sp|A0A0B4J1X5|HV374_HUMAN	67.000	100	125	117	1	100	20	116	2.04e-39	130	80
P00020_07	sp|A0A0C4DH42|HV366_HUMAN	66.990	103	125	116	1	100	20	115	2.68e-39	130	80
P00020_07	sp|P01767|HV353_HUMAN	66.019	103	125	116	1	100	20	115	5.47e-39	130	80
P00020_07	sp|A0A0J9YX35|HV64D_HUMAN	67.647	102	125	117	1	99	20	115	6.94e-39	129	79
P00020_07	sp|P19181|HV05_CARAU	66.019	103	125	116	1	100	20	115	1.37e-38	129	80
P00020_07	sp|P01785|HV02_CANLF	55.469	128	125	117	1	125	1	116	2.16e-38	128	100
P00020_07	sp|P01763|HV348_HUMAN	66.019	103	125	117	1	100	20	116	2.66e-38	128	80
P00020_07	sp|P01807|HVM37_MOUSE	52.800	125	125	119	1	125	1	117	4.33e-38	127	100
P00020_07	sp|P01762|HV311_HUMAN	65.000	100	125	117	1	100	20	116	4.60e-38	127	80
P00020_07	sp|A0A075B6Q5|HV364_HUMAN	66.019	103	125	118	1	100	21	117	2.50e-37	125	80
P00020_07	sp|P0DOX5|IGG1_HUMAN	59.200	125	125	449	1	125	1	118	2.59e-37	134	100
P00020_07	sp|P01792|HVM23_MOUSE	52.756	127	125	123	1	125	1	122	2.72e-37	125	100
P00020_07	sp|P0DP04|HV43D_HUMAN	65.049	103	125	118	1	100	20	116	2.82e-37	125	80
P00020_08	sp|P01780|HV307_HUMAN	68.000	100	125	117	1	100	20	116	8.35e-41	134	80
P00020_08	sp|P0DP02|HVC33_HUMAN	69.903	103	125	117	1	100	20	116	1.44e-40	134	80
P00020_08	sp|P0DP03|HVC05_HUMAN	69.903	103	125	117	1	100	20	116	3.54e-40	132	80
P00020_08	sp|P01768|HV330_HUMAN	69.903	103	125	117	1	100	20	116	3.54e-40	132	80
P00020_08	sp|P01784|HV01_CANLF	58.915	129	125	114	1	125	1	113	4.79e-40	132	100
P00020_08	sp|P01764|HV323_HUMAN	68.932	103	125	117	1	100	20	116	4.91e-40	132	80
P00020_08	sp|P01772|HV333_HUMAN	69.903	103	125	117	1	100	20	116	9.89e-40	132	80
P00020_08	sp|A0A0B4J1X5|HV374_HUMAN	67.000	100	125	117	1	100	20	116	1.91e-39	131	80
P00020_08	sp|P01763|HV348_HUMAN	66.990	103	125	117	1	100	20	116	6.79e-39	129	80
P00020_08	sp|A0A0C4DH42|HV366_HUMAN	68.932	103	125	116	1	100	20	115	8.38e-39	129	80
P00020_08	sp|P01792|HVM23_MOUSE	53.543	127	125	123	1	125	1	122	1.31e-38	129	100
P00020_08	sp|A0A0J9YX35|HV64D_HUMAN	67.647	102	125	117	1	99	20	115	1.65e-38	129	79
P00020_08	sp|P01767|HV353_HUMAN	67.961	103	125	116	1	100	20	115	1.71e-38	128	80
P00020_08	sp|P01790|HVM21_MOUSE	54.331	127	125	122	1	125	1	121	2.99e-38	128	100
P00020_08	sp|P01793|HVM24_MOUSE	54.331	127	125	123	1	125	1	122	3.29e-38	128	100
P00020_08	sp|P19181|HV05_CARAU	67.961	103	125	116	1	100	20	115	5.09e-38	127	80
P00020_08	sp|P01762|HV311_HUMAN	66.000	100	125	117	1	100	20	116	5.60e-38	127	80
P00020_08	sp|P01789|HVM20_MOUSE	53.543	127	125	122	1	125	1	121	7.75e-38	127	100
P00020_08	sp|P01807|HVM37_MOUSE	53.600	125	125	119	1	125	1	117	8.35e-38	127	100
P00020_08	sp|P01787|HVM18_MOUSE	53.543	127	125	123	1	125	1	122	1.24e-37	126	100
P00021_00	sp|P01784|HV01_CANLF	60.331	121	119	114	1	119	1	113	8.55e-40	131	100
P00021_00	sp|A0A0J9YX35|HV64D_HUMAN	68.627	102	119	117	1	97	20	117	5.64e-39	129	82
P00021_00	sp|P0DP02|HVC33_HUMAN	71.000	100	119	117	1	95	20	115	1.19e-38	129	80
P00021_00	sp|P01764|HV323_HUMAN	71.000	100	119	117	1	95	20	115	2.52e-38	128	80
P00021_00	sp|P0DP03|HVC05_HUMAN	71.000	100	119	117	1	95	20	115	2.85e-38	127	80
P00021_00	sp|P01768|HV330_HUMAN	71.000	100	119	117	1	95	20	115	2.85e-38	127	80
P00021_00	sp|A0A0B4J1X5|HV374_HUMAN	67.000	100	119	117	1	95	20	115	2.94e-38	127	80
P00021_00	sp|P01772|HV333_HUMAN	71.000	100	119	117	1	95	20	115	3.91e-38	127	80
P00021_00	sp|P01767|HV353_HUMAN	69.697	99	119	116	1	95	20	114	4.19e-38	127	80
P00021_00	sp|P01780|HV307_HUMAN	68.627	102	119	117	1	95	20	115	1.13e-37	126	80
P00021_00	sp|P19181|HV05_CARAU	69.697	99	119	116	1	95	20	114	1.16e-37	126	80
P00021_00	sp|P01807|HVM37_MOUSE	55.645	124	119	119	1	119	1	117	1.34e-37	126	100
P00021_00	sp|P01762|HV311_HUMAN	67.347	98	119	117	1	95	20	115	1.57e-37	125	80
P00021_00	sp|A0A0C4DH42|HV366_HUMAN	69.697	99	119	116	1	95	20	114	2.46e-37	125	80
P00021_00	sp|A0A0B4J1V0|HV315_HUMAN	66.000	100	119	119	1	95	20	117	4.13e-37	125	80
P00021_00	sp|P0DP04|HV43D_HUMAN	68.000	100	119	118	1	95	20	115	7.64e-37	124	80
P00021_00	sp|P01799|HVM30_MOUSE	56.911	123	119	113	1	118	1	113	1.15e-36	123	99
P00021_00	sp|A0A075B6Q5|HV364_HUMAN	69.000	100	119	118	1	95	21	116	1.35e-36	123	80
P00021_00	sp|P01810|HVM40_MOUSE	56.000	125	119	119	1	119	1	117	1.58e-36	123	100
P00021_00	sp|P01763|HV348_HUMAN	67.347	98	119	117	1	95	20	115	1.86e-36	123	80
P00021_01	sp|P01784|HV01_CANLF	60.331	121	119	114	1	119	1	113	2.36e-41	135	100
P00021_01	sp|P01764|HV323_HUMAN	70.408	98	119	117	1	95	20	115	4.31e-38	127	80
P00021_01	sp|P01780|HV307_HUMAN	69.072	97	119	117	1	95	20	115	8.69e-38	126	80
P00021_01	sp|P01767|HV353_HUMAN	70.103	97	119	116	1	95	20	114	1.31e-37	126	80
P00021_01	sp|A0A0C4DH42|HV366_HUMAN	68.750	96	119	116	1	95	20	114	3.27e-37	125	80
P00021_01	sp|P19181|HV05_CARAU	70.103	97	119	116	1	95	20	114	3.82e-37	125	80
P00021_01	sp|A0A0J9YX35|HV64D_HUMAN	67.677	99	119	117	1	96	20	116	4.34e-37	125	81
P00021_01	sp|P0DP02|HVC33_HUMAN	69.697	99	119	117	1	95	20	115	4.68e-37	124	80
P00021_01	sp|P01762|HV311_HUMAN	67.010	97	119	117	1	95	20	115	4.73e-37	124	80
P00021_01	sp|P0DP03|HVC05_HUMAN	70.000	100	119	117	1	95	20	115	6.87e-37	124	80
P00021_01	sp|P01768|HV330_HUMAN	70.000	100	119	117	1	95	20	115	6.87e-37	124	80
P00021_01	sp|A0A0C4DH36|HV338_HUMAN	66.327	98	119	116	1	98	20	116	1.09e-36	124	82
P00021_01	sp|P01807|HVM37_MOUSE	56.198	121	119	119	1	119	1	117	1.14e-36	124	100
P00021_01	sp|P01763|HV348_HUMAN	67.010	97	119	117	1	95	20	115	2.24e-36	123	80
P00021_01	sp|A0A0B4J1X5|HV374_HUMAN	68.367	98	119	117	1	95	20	115	2.26e-36	123	80
P00021_01	sp|P01772|HV333_HUMAN	69.388	98	119	117	1	95	20	115	2.29e-36	123	80
P00021_01	sp|A0A0B4J1V0|HV315_HUMAN	65.657	99	119	119	1	95	20	117	2.62e-36	123	80
P00021_01	sp|P0DTE1|HV383_HUMAN	67.368	95	119	115	1	95	20	113	3.02e-36	122	80
P00021_01	sp|P01790|HVM21_MOUSE	54.839	124	119	122	1	119	1	121	5.40e-36	122	100
P00021_01	sp|P01791|HVM22_MOUSE	53.543	127	119	123	1	119	1	122	6.41e-36	122	100
P00021_02	sp|P01784|HV01_CANLF	59.504	121	119	114	1	119	1	113	1.81e-40	133	100
P00021_02	sp|P01764|HV323_HUMAN	69.388	98	119	117	1	95	20	115	1.06e-37	126	80
P00021_02	sp|P01780|HV307_HUMAN	68.041	97	119	117	1	95	20	115	1.64e-37	125	80
P00021_02	sp|P0DP03|HVC05_HUMAN	69.388	98	119	117	1	95	20	115	3.19e-37	125	80
P00021_02	sp|P01768|HV330_HUMAN	69.388	98	119	117	1	95	20	115	3.19e-37	125	80
P00021_02	sp|P01807|HVM37_MOUSE	55.372	121	119	119	1	119	1	117	3.39e-37	125	100
P00021_02	sp|P0DP02|HVC33_HUMAN	68.041	97	119	117	1	95	20	115	3.41e-37	125	80
P00021_02	sp|P01762|HV311_HUMAN	65.979	97	119	117	1	95	20	115	4.15e-37	125	80
P00021_02	sp|P01772|HV333_HUMAN	69.388	98	119	117	1	95	20	115	5.83e-37	124	80
P00021_02	sp|A0A0C4DH42|HV366_HUMAN	68.367	98	119	116	1	95	20	114	6.17e-37	124	80
P00021_02	sp|A0A0B4J1X5|HV374_HUMAN	65.979	97	119	117	1	95	20	115	9.43e-37	124	80
P00021_02	sp|A0A0J9YX35|HV64D_HUMAN	67.347	98	119	117	1	95	20	115	1.11e-36	124	80
P00021_02	sp|P01767|HV353_HUMAN	67.347	98	119	116	1	95	20	114	1.51e-36	123	80
P00021_02	sp|A0A0B4J1V1|HV321_HUMAN	64.948	97	119	117	1	95	20	115	3.58e-36	122	80
P00021_02	sp|P01791|HVM22_MOUSE	52.000	125	119	123	1	119	1	122	3.67e-36	122	100
P00021_02	sp|P19181|HV05_CARAU	67.347	98	119	116	1	95	20	114	4.14e-36	122	80
P00021_02	sp|P01763|HV348_HUMAN	65.979	97	119	117	1	95	20	115	4.81e-36	122	80
P00021_02	sp|A0A0B4J1V0|HV315_HUMAN	63.636	99	119	119	1	95	20	117	6.15e-36	122	80
P00021_02	sp|P01794|HVM25_MOUSE	51.200	125	119	123	1	119	1	122	1.20e-35	121	100
P00021_02	sp|P01790|HVM21_MOUSE	53.175	126	119	122	1	119	1	121	1.56e-35	121	100
P00021_03	sp|P01784|HV01_CANLF	62.810	121	119	114	1	119	1	113	8.90e-42	136	100
P00021_03	sp|P01780|HV307_HUMAN	70.000	100	119	117	1	95	20	115	3.30e-39	130	80
P00021_03	sp|A0A0C4DH42|HV366_HUMAN	71.717	99	119	116	1	95	20	114	4.49e-39	129	80
P00021_03	sp|P01764|HV323_HUMAN	70.588	102	119	117	1	97	20	117	5.16e-39	129	82
P00021_03	sp|P01767|HV353_HUMAN	70.707	99	119	116	1	95	20	114	1.16e-38	129	80
P00021_03	sp|P01762|HV311_HUMAN	69.000	100	119	117	1	95	20	115	1.44e-38	128	80
P00021_03	sp|P0DP02|HVC33_HUMAN	72.000	100	119	117	1	95	20	115	2.12e-38	128	80
P00021_03	sp|A0A0B4J1X5|HV374_HUMAN	68.000	100	119	117	1	95	20	115	2.55e-38	128	80
P00021_03	sp|P19181|HV05_CARAU	70.707	99	119	116	1	95	20	114	3.01e-38	127	80
P00021_03	sp|P01807|HVM37_MOUSE	54.839	124	119	119	1	119	1	117	3.30e-38	127	100
P00021_03	sp|P0DP03|HVC05_HUMAN	72.000	100	119	117	1	95	20	115	4.27e-38	127	80
P00021_03	sp|P01768|HV330_HUMAN	72.000	100	119	117	1	95	20	115	4.27e-38	127	80
P00021_03	sp|A0A0J9YX35|HV64D_HUMAN	70.000	100	119	117	1	95	20	115	8.50e-38	126	80
P00021_03	sp|P01772|HV333_HUMAN	72.000	100	119	117	1	95	20	115	1.01e-37	126	80
P00021_03	sp|P0DTE1|HV383_HUMAN	68.367	98	119	115	1	97	20	115	1.56e-37	125	82
P00021_03	sp|P0DOX5|IGG1_HUMAN	62.903	124	119	449	1	119	1	118	1.65e-37	134	100
P00021_03	sp|P01763|HV348_HUMAN	69.388	98	119	117	1	95	20	115	1.89e-37	125	80
P00021_03	sp|P01810|HVM40_MOUSE	54.032	124	119	119	1	119	1	117	4.81e-37	124	100
P00021_03	sp|A0A0C4DH36|HV338_HUMAN	69.792	96	119	116	1	95	20	113	4.91e-37	124	80
P00021_03	sp|P01808|HVM38_MOUSE	54.032	124	119	119	1	119	1	117	5.37e-37	124	100
P00021_04	sp|P01784|HV01_CANLF	60.331	121	119	114	1	119	1	113	5.19e-41	134	100
P00021_04	sp|P01780|HV307_HUMAN	70.103	97	119	117	1	95	20	115	1.15e-39	131	80
P00021_04	sp|P01807|HVM37_MOUSE	57.025	121	119	119	1	119	1	117	4.36e-39	130	100
P00021_04	sp|A0A0C4DH42|HV366_HUMAN	70.833	96	119	116	1	95	20	114	1.23e-38	129	80
P00021_04	sp|P01764|HV323_HUMAN	70.707	99	119	117	1	97	20	117	1.49e-38	128	82
P00021_04	sp|P0DP03|HVC05_HUMAN	70.000	100	119	117	1	97	20	117	2.34e-38	128	82
P00021_04	sp|P01768|HV330_HUMAN	70.000	100	119	117	1	97	20	117	2.34e-38	128	82
P00021_04	sp|P01810|HVM40_MOUSE	57.377	122	119	119	1	119	1	117	2.80e-38	128	100
P00021_04	sp|P01767|HV353_HUMAN	69.792	96	119	116	1	95	20	114	2.92e-38	127	80
P00021_04	sp|P0DTE1|HV383_HUMAN	68.041	97	119	115	1	97	20	115	2.99e-38	127	82
P00021_04	sp|A0A0B4J1V0|HV315_HUMAN	68.687	99	119	119	1	95	20	117	3.41e-38	127	80
P00021_04	sp|P01772|HV333_HUMAN	71.429	98	119	117	1	95	20	115	4.41e-38	127	80
P00021_04	sp|A0A0C4DH36|HV338_HUMAN	69.474	95	119	116	1	95	20	113	4.88e-38	127	80
P00021_04	sp|P0DP02|HVC33_HUMAN	70.103	97	119	117	1	95	20	115	5.67e-38	127	80
P00021_04	sp|P01762|HV311_HUMAN	68.041	97	119	117	1	95	20	115	7.13e-38	127	80
P00021_04	sp|P19181|HV05_CARAU	69.792	96	119	116	1	95	20	114	7.31e-38	127	80
P00021_04	sp|A0A0B4J1X5|HV374_HUMAN	68.041	97	119	117	1	95	20	115	1.87e-37	125	80
P00021_04	sp|P01763|HV348_HUMAN	67.010	97	119	117	1	95	20	115	5.96e-37	124	80
P00021_04	sp|A0A0J9YX35|HV64D_HUMAN	67.010	97	119	117	1	95	20	115	6.16e-37	124	80
P00021_04	sp|P01786|HVM17_MOUSE	54.472	123	119	117	1	119	1	116	2.50e-36	123	100
P00021_05	sp|P01784|HV01_CANLF	61.157	121	119	114	1	119	1	113	6.25e-41	134	100
P00021_05	sp|P01780|HV307_HUMAN	70.103	97	119	117	1	95	20	115	1.61e-38	128	80
P00021_05	sp|P01807|HVM37_MOUSE	56.198	121	119	119	1	119	1	117	2.83e-38	127	100
P00021_05	sp|P01764|HV323_HUMAN	70.103	97	119	117	1	95	20	115	3.78e-38	127	80
P00021_05	sp|P0DP02|HVC33_HUMAN	70.103	97	119	117	1	95	20	115	4.00e-38	127	80
P00021_05	sp|P01762|HV311_HUMAN	68.041	97	119	117	1	95	20	115	5.31e-38	127	80
P00021_05	sp|P0DP03|HVC05_HUMAN	70.408	98	119	117	1	95	20	115	8.88e-38	126	80
P00021_05	sp|P01768|HV330_HUMAN	70.408	98	119	117	1	95	20	115	8.88e-38	126	80
P00021_05	sp|A0A0B4J1X5|HV374_HUMAN	68.041	97	119	117	1	95	20	115	1.19e-37	126	80
P00021_05	sp|P01772|HV333_HUMAN	70.408	98	119	117	1	95	20	115	1.39e-37	126	80
P00021_05	sp|A0A0J9YX35|HV64D_HUMAN	68.041	97	119	117	1	95	20	115	3.34e-37	125	80
P00021_05	sp|A0A0C4DH42|HV366_HUMAN	69.792	96	119	116	1	95	20	114	3.82e-37	125	80
P00021_05	sp|A0A0B4J1V1|HV321_HUMAN	67.010	97	119	117	1	95	20	115	4.48e-37	124	80
P00021_05	sp|P01763|HV348_HUMAN	68.041	97	119	117	1	95	20	115	4.84e-37	124	80
P00021_05	sp|P01808|HVM38_MOUSE	55.372	121	119	119	1	119	1	117	5.25e-37	124	100
P00021_05	sp|P01767|HV353_HUMAN	69.072	97	119	116	1	95	20	114	8.21e-37	124	80
P00021_05	sp|P01794|HVM25_MOUSE	53.600	125	119	123	1	119	1	122	1.15e-36	124	100
P00021_05	sp|P01810|HVM40_MOUSE	55.200	125	119	119	1	119	1	117	1.15e-36	124	100
P00021_05	sp|A0A0C4DH36|HV338_HUMAN	67.347	98	119	116	1	98	20	116	1.19e-36	124	82
P00021_05	sp|P19181|HV05_CARAU	69.072	97	119	116	1	95	20	114	2.03e-36	123	80
P00021_06	sp|P01784|HV01_CANLF	60.331	121	119	114	1	119	1	113	1.37e-39	131	100
P00021_06	sp|P01780|HV307_HUMAN	69.307	101	119	117	1	95	20	115	1.49e-38	128	80
P00021_06	sp|P0DP03|HVC05_HUMAN	71.429	98	119	117	1	95	20	115	3.39e-38	127	80
P00021_06	sp|P01768|HV330_HUMAN	71.429	98	119	117	1	95	20	115	3.39e-38	127	80
P00021_06	sp|P01762|HV311_HUMAN	68.000	100	119	117	1	95	20	115	6.39e-38	127	80
P00021_06	sp|P01772|HV333_HUMAN	71.429	98	119	117	1	95	20	115	6.98e-38	127	80
P00021_06	sp|P0DP02|HVC33_HUMAN	70.408	98	119	117	1	95	20	115	1.55e-37	125	80
P00021_06	sp|P01764|HV323_HUMAN	70.707	99	119	117	1	95	20	115	2.15e-37	125	80
P00021_06	sp|A0A0B4J1X5|HV374_HUMAN	67.000	100	119	117	1	95	20	115	2.68e-37	125	80
P00021_06	sp|A0A0J9YX35|HV64D_HUMAN	68.367	98	119	117	1	95	20	115	1.25e-36	123	80
P00021_06	sp|P01807|HVM37_MOUSE	55.645	124	119	119	1	119	1	117	2.13e-36	123	100
P00021_06	sp|P01785|HV02_CANLF	58.678	121	119	117	1	119	1	116	2.97e-36	122	100
P00021_06	sp|A0A0B4J1V1|HV321_HUMAN	67.347	98	119	117	1	95	20	115	5.08e-36	122	80
P00021_06	sp|A0A0C4DH36|HV338_HUMAN	67.677	99	119	116	1	98	20	116	6.01e-36	122	82
P00021_06	sp|P01763|HV348_HUMAN	68.367	98	119	117	1	95	20	115	6.12e-36	122	80
P00021_06	sp|P0DTE1|HV383_HUMAN	68.041	97	119	115	1	96	20	114	6.95e-36	121	81
P00021_06	sp|A0A0C4DH42|HV366_HUMAN	70.103	97	119	116	1	95	20	114	7.00e-36	121	80
P00021_06	sp|P0DOX5|IGG1_HUMAN	61.475	122	119	449	1	119	1	118	9.22e-36	129	100
P00021_06	sp|P01767|HV353_HUMAN	69.072	97	119	116	1	95	20	114	1.81e-35	120	80
P00021_06	sp|A0A0B4J1V0|HV315_HUMAN	67.000	100	119	119	1	95	20	117	2.41e-35	120	80
P00021_07	sp|P01784|HV01_CANLF	60.331	121	119	114	1	119	1	113	2.94e-41	135	100
P00021_07	sp|P01807|HVM37_MOUSE	58.065	124	119	119	1	119	1	117	2.00e-39	130	100
P00021_07	sp|A0A0C4DH42|HV366_HUMAN	70.707	99	119	116	1	95	20	114	1.92e-38	128	80
P00021_07	sp|P01780|HV307_HUMAN	69.000	100	119	117	1	95	20	115	2.19e-38	128	80
P00021_07	sp|P0DP02|HVC33_HUMAN	72.000	100	119	117	1	95	20	115	2.24e-38	128	80
P00021_07	sp|P01764|HV323_HUMAN	71.000	100	119	117	1	95	20	115	2.44e-38	128	80
P00021_07	sp|A0A0B4J1X5|HV374_HUMAN	68.000	100	119	117	1	95	20	115	2.69e-38	127	80
P00021_07	sp|P01810|HVM40_MOUSE	57.258	124	119	119	1	119	1	117	2.96e-38	127	100
P00021_07	sp|P0DP03|HVC05_HUMAN	73.267	101	119	117	1	95	20	115	4.76e-38	127	80
P00021_07	sp|P01768|HV330_HUMAN	73.267	101	119	117	1	95	20	115	4.76e-38	127	80
P00021_07	sp|P01767|HV353_HUMAN	69.697	99	119	116	1	95	20	114	5.44e-38	127	80
P00021_07	sp|P01791|HVM22_MOUSE	56.250	128	119	123	1	119	1	122	8.82e-38	127	100
P00021_07	sp|P01762|HV311_HUMAN	68.000	100	119	117	1	95	20	115	1.01e-37	126	80
P00021_07	sp|P01772|HV333_HUMAN	72.000	100	119	117	1	95	20	115	1.36e-37	126	80
P00021_07	sp|P19181|HV05_CARAU	69.697	99	119	116	1	95	20	114	1.52e-37	125	80
P00021_07	sp|P01790|HVM21_MOUSE	57.258	124	119	122	1	119	1	121	1.56e-37	126	100
P00021_07	sp|P01794|HVM25_MOUSE	56.452	124	119	123	1	119	1	122	2.14e-37	125	100
P00021_07	sp|A0A0C4DH36|HV338_HUMAN	67.677	99	119	116	1	98	20	116	2.52e-37	125	82
P00021_07	sp|P01795|HVM26_MOUSE	56.693	127	119	144	1	119	20	143	2.81e-37	126	100
P00021_07	sp|A0A0J9YX35|HV64D_HUMAN	69.000	100	119	117	1	95	20	115	4.89e-37	124	80
P00021_08	sp|P01784|HV01_CANLF	58.871	124	119	114	1	119	1	113	1.38e-39	131	100
P00021_08	sp|P01764|HV323_HUMAN	69.388	98	119	117	1	95	20	115	6.26e-38	127	80
P00021_08	sp|P01780|HV307_HUMAN	68.041	97	119	117	1	95	20	115	8.98e-38	126	80
P00021_08	sp|P0DP03|HVC05_HUMAN	69.388	98	119	117	1	95	20	115	1.66e-37	125	80
P00021_08	sp|P01768|HV330_HUMAN	69.388	98	119	117	1	95	20	115	1.66e-37	125	80
P00021_08	sp|P01762|HV311_HUMAN	65.979	97	119	117	1	95	20	115	2.08e-37	125	80
P00021_08	sp|P0DP02|HVC33_HUMAN	68.041	97	119	117	1	95	20	115	2.13e-37	125	80
P00021_08	sp|P01772|HV333_HUMAN	70.707	99	119	117	1	95	20	115	3.49e-37	125	80
P00021_08	sp|A0A0C4DH42|HV366_HUMAN	68.367	98	119	116	1	95	20	114	4.30e-37	124	80
P00021_08	sp|P01791|HVM22_MOUSE	52.800	125	119	123	1	119	1	122	4.55e-37	125	100
P00021_08	sp|A0A0J9YX35|HV64D_HUMAN	67.347	98	119	117	1	95	20	115	4.58e-37	124	80
P00021_08	sp|P01790|HVM21_MOUSE	53.968	126	119	122	1	119	1	121	7.14e-37	124	100
P00021_08	sp|P01767|HV353_HUMAN	68.041	97	119	116	1	95	20	114	7.60e-37	124	80
P00021_08	sp|P01807|HVM37_MOUSE	54.918	122	119	119	1	119	1	117	1.01e-36	124	100
P00021_08	sp|A0A0B4J1X5|HV374_HUMAN	65.979	97	119	117	1	95	20	115	1.09e-36	124	80
P00021_08	sp|P01787|HVM18_MOUSE	52.800	125	119	123	1	119	1	122	1.29e-36	124	100
P00021_08	sp|P19181|HV05_CARAU	68.041	97	119	116	1	95	20	114	1.86e-36	123	80
P00021_08	sp|P01788|HVM19_MOUSE	52.800	125	119	123	1	119	1	122	2.20e-36	123	100
P00021_08	sp|P01763|HV348_HUMAN	67.347	98	119	117	1	95	20	115	2.42e-36	123	80
P00021_08	sp|A0A0B4J1V1|HV321_HUMAN	64.948	97	119	117	1	95	20	115	2.67e-36	122	80
P00022_00	sp|P0DP03|HVC05_HUMAN	73.196	97	125	117	1	97	20	115	2.13e-41	136	78
P00022_00	sp|P01768|HV330_HUMAN	73.196	97	125	117	1	97	20	115	2.13e-41	136	78
P00022_00	sp|P0DP02|HVC33_HUMAN	72.165	97	125	117	1	97	20	115	6.63e-41	134	78
P00022_00	sp|P01764|HV323_HUMAN	72.165	97	125	117	1	97	20	115	9.31e-41	134	78
P00022_00	sp|P01772|HV333_HUMAN	72.165	97	125	117	1	97	20	115	1.94e-40	133	78
P00022_00	sp|A0A0J9YX35|HV64D_HUMAN	70.103	97	125	117	1	97	20	115	9.07e-40	132	78
P00022_00	sp|P01780|HV307_HUMAN	69.072	97	125	117	1	97	20	115	2.43e-39	130	78
P00022_00	sp|P01763|HV348_HUMAN	69.072	97	125	117	1	97	20	115	3.22e-39	130	78
P00022_00	sp|A0A0C4DH35|HV335_HUMAN	68.041	97	125	117	1	97	20	115	1.16e-38	129	78
P00022_00	sp|P01784|HV01_CANLF	57.031	128	125	114	1	125	1	113	1.46e-38	129	100
P00022_00	sp|P01767|HV353_HUMAN	71.429	98	125	116	1	97	20	114	2.17e-38	128	78
P00022_00	sp|A0A075B6Q5|HV364_HUMAN	69.072	97	125	118	1	97	21	116	4.16e-38	127	78
P00022_00	sp|P0DP04|HV43D_HUMAN	66.000	100	125	118	1	100	20	118	4.25e-38	127	80
P00022_00	sp|P19181|HV05_CARAU	71.429	98	125	116	1	97	20	114	5.04e-38	127	78
P00022_00	sp|A0A0C4DH32|HV320_HUMAN	67.000	100	125	117	1	97	20	115	5.36e-38	127	78
P00022_00	sp|P0DOX5|IGG1_HUMAN	60.317	126	125	449	1	125	1	118	6.07e-38	135	100
P00022_00	sp|A0A0C4DH42|HV366_HUMAN	71.429	98	125	116	1	97	20	114	1.03e-37	126	78
P00022_00	sp|A0A0B4J1V1|HV321_HUMAN	68.041	97	125	117	1	97	20	115	1.37e-37	126	78
P00022_00	sp|A0A0B4J1Y9|HV372_HUMAN	67.000	100	125	119	1	97	20	117	1.59e-37	126	78
P00022_00	sp|P01782|HV309_HUMAN	66.337	101	125	118	1	100	20	118	2.55e-37	125	80
P00022_01	sp|P0DP03|HVC05_HUMAN	73.196	97	125	117	1	97	20	115	3.20e-42	138	78
P00022_01	sp|P01768|HV330_HUMAN	73.196	97	125	117	1	97	20	115	3.20e-42	138	78
P00022_01	sp|P0DP02|HVC33_HUMAN	72.165	97	125	117	1	97	20	115	1.08e-41	136	78
P00022_01	sp|P01772|HV333_HUMAN	73.196	97	125	117	1	97	20	115	1.45e-41	136	78
P00022_01	sp|P01784|HV01_CANLF	58.730	126	125	114	1	125	1	113	6.33e-41	134	100
P00022_01	sp|P01764|HV323_HUMAN	71.134	97	125	117	1	97	20	115	7.56e-41	134	78
P00022_01	sp|P01780|HV307_HUMAN	70.103	97	125	117	1	97	20	115	1.96e-40	133	78
P00022_01	sp|A0A0J9YX35|HV64D_HUMAN	69.072	97	125	117	1	97	20	115	4.55e-40	132	78
P00022_01	sp|P01763|HV348_HUMAN	69.072	97	125	117	1	97	20	115	2.92e-39	130	78
P00022_01	sp|A0A0C4DH35|HV335_HUMAN	68.041	97	125	117	1	97	20	115	3.37e-39	130	78
P00022_01	sp|P01767|HV353_HUMAN	71.429	98	125	116	1	97	20	114	4.30e-39	130	78
P00022_01	sp|P19181|HV05_CARAU	71.429	98	125	116	1	97	20	114	1.40e-38	129	78
P00022_01	sp|P0DOX5|IGG1_HUMAN	58.915	129	125	449	1	125	1	118	2.14e-38	137	100
P00022_01	sp|A0A0C4DH42|HV366_HUMAN	71.429	98	125	116	1	97	20	114	2.17e-38	128	78
P00022_01	sp|A0A075B6Q5|HV364_HUMAN	68.041	97	125	118	1	97	21	116	2.96e-38	128	78
P00022_01	sp|A0A0C4DH32|HV320_HUMAN	65.979	97	125	117	1	97	20	115	3.31e-38	128	78
P00022_01	sp|P0DP04|HV43D_HUMAN	67.010	97	125	118	1	97	20	115	4.74e-38	127	78
P00022_01	sp|A0A0B4J1X5|HV374_HUMAN	68.041	97	125	117	1	97	20	115	4.97e-38	127	78
P00022_01	sp|P01762|HV311_HUMAN	67.010	97	125	117	1	97	20	115	3.02e-37	125	78
P00022_01	sp|P01789|HVM20_MOUSE	53.543	127	125	122	1	125	1	121	3.14e-37	125	100
P00022_02	sp|P0DP03|HVC05_HUMAN	75.258	97	125	117	1	97	20	115	1.58e-41	136	78
P00022_02	sp|P01768|HV330_HUMAN	75.258	97	125	117	1	97	20	115	1.58e-41	136	78
P00022_02	sp|P01764|HV323_HUMAN	74.227	97	125	117	1	97	20	115	5.39e-41	135	78
P00022_02	sp|P0DP02|HVC33_HUMAN	74.227	97	125	117	1	97	20	115	5.45e-41	135	78
P00022_02	sp|P01772|HV333_HUMAN	74.227	97	125	117	1	97	20	115	1.40e-40	134	78
P00022_02	sp|A0A0J9YX35|HV64D_HUMAN	72.165	97	125	117	1	97	20	115	5.42e-40	132	78
P00022_02	sp|P01784|HV01_CANLF	58.594	128	125	114	1	125	1	113	1.28e-39	131	100
P00022_02	sp|P01763|HV348_HUMAN	71.134	97	125	117	1	97	20	115	1.97e-39	131	78
P00022_02	sp|P01767|HV353_HUMAN	72.165	97	125	116	1	97	20	114	2.20e-39	130	78
P00022_02	sp|A0A0C4DH35|HV335_HUMAN	70.103	97	125	117	1	97	20	115	3.68e-39	130	78
P00022_02	sp|P01780|HV307_HUMAN	71.134	97	125	117	1	97	20	115	3.80e-39	130	78
P00022_02	sp|P19181|HV05_CARAU	72.165	97	125	116	1	97	20	114	5.77e-39	129	78
P00022_02	sp|A0A0C4DH42|HV366_HUMAN	72.165	97	125	116	1	97	20	114	1.02e-38	129	78
P00022_02	sp|A0A075B6Q5|HV364_HUMAN	71.134	97	125	118	1	97	21	116	2.60e-38	128	78
P00022_02	sp|A0A0C4DH36|HV338_HUMAN	71.287	101	125	116	1	100	20	116	5.15e-38	127	80
P00022_02	sp|P0DP04|HV43D_HUMAN	69.072	97	125	118	1	97	20	115	5.41e-38	127	78
P00022_02	sp|P0DTE1|HV383_HUMAN	71.000	100	125	115	1	99	20	115	9.84e-38	126	79
P00022_02	sp|P0DOX5|IGG1_HUMAN	61.111	126	125	449	1	125	1	118	1.49e-37	134	100
P00022_02	sp|A0A0C4DH32|HV320_HUMAN	67.010	97	125	117	1	97	20	115	1.77e-37	126	78
P00022_02	sp|A0A0B4J1X5|HV374_HUMAN	70.103	97	125	117	1	97	20	115	2.95e-37	125	78
P00022_03	sp|P0DP03|HVC05_HUMAN	72.165	97	125	117	1	97	20	115	6.05e-40	132	78
P00022_03	sp|P01768|HV330_HUMAN	72.165	97	125	117	1	97	20	115	6.05e-40	132	78
P00022_03	sp|P01772|HV333_HUMAN	72.165	97	125	117	1	97	20	115	8.22e-40	132	78
P00022_03	sp|P01764|HV323_HUMAN	71.134	97	125	117	1	97	20	115	1.47e-39	131	78
P00022_03	sp|P01784|HV01_CANLF	57.031	128	125	114	1	125	1	113	1.80e-39	131	100
P00022_03	sp|P0DP02|HVC33_HUMAN	71.134	97	125	117	1	97	20	115	1.95e-39	131	78
P00022_03	sp|A0A0C4DH42|HV366_HUMAN	70.408	98	125	116	1	97	20	114	1.55e-38	129	78
P00022_03	sp|P01780|HV307_HUMAN	69.072	97	125	117	1	97	20	115	2.05e-38	128	78
P00022_03	sp|A0A0J9YX35|HV64D_HUMAN	69.072	97	125	117	1	97	20	115	3.00e-38	128	78
P00022_03	sp|P01763|HV348_HUMAN	68.041	97	125	117	1	97	20	115	6.05e-38	127	78
P00022_03	sp|P01767|HV353_HUMAN	71.429	98	125	116	1	97	20	114	7.39e-38	127	78
P00022_03	sp|A0A0C4DH32|HV320_HUMAN	67.347	98	125	117	1	97	20	115	1.79e-37	126	78
P00022_03	sp|P19181|HV05_CARAU	71.429	98	125	116	1	97	20	114	2.06e-37	125	78
P00022_03	sp|A0A0C4DH35|HV335_HUMAN	67.010	97	125	117	1	97	20	115	2.71e-37	125	78
P00022_03	sp|A0A0B4J1V1|HV321_HUMAN	67.010	97	125	117	1	97	20	115	2.95e-37	125	78
P00022_03	sp|P01785|HV02_CANLF	55.200	125	125	117	1	125	1	116	6.93e-37	124	100
P00022_03	sp|P01782|HV309_HUMAN	65.347	101	125	118	1	100	20	118	7.06e-37	124	80
P00022_03	sp|P0DP04|HV43D_HUMAN	65.000	100	125	118	1	100	20	118	1.11e-36	124	80
P00022_03	sp|P0DOX5|IGG1_HUMAN	59.524	126	125	449	1	125	1	118	1.40e-36	132	100
P00022_03	sp|A0A075B6Q5|HV364_HUMAN	68.041	97	125	118	1	97	21	116	1.44e-36	124	78
P00022_04	sp|P0DP03|HVC05_HUMAN	73.196	97	125	117	1	97	20	115	3.31e-42	138	78
P00022_04	sp|P01768|HV330_HUMAN	73.196	97	125	117	1	97	20	115	3.31e-42	138	78
P00022_04	sp|P0DP02|HVC33_HUMAN	72.165	97	125	117	1	97	20	115	1.10e-41	136	78
P00022_04	sp|P01772|HV333_HUMAN	73.196	97	125	117	1	97	20	115	1.19e-41	136	78
P00022_04	sp|P01784|HV01_CANLF	60.317	126	125	114	1	125	1	113	7.54e-41	134	100
P00022_04	sp|P01780|HV307_HUMAN	70.103	97	125	117	1	97	20	115	9.83e-41	134	78
P00022_04	sp|P01764|HV323_HUMAN	71.134	97	125	117	1	97	20	115	1.10e-40	134	78
P00022_04	sp|A0A0J9YX35|HV64D_HUMAN	69.072	97	125	117	1	97	20	115	6.75e-40	132	78
P00022_04	sp|P01763|HV348_HUMAN	69.072	97	125	117	1	97	20	115	3.80e-39	130	78
P00022_04	sp|P01767|HV353_HUMAN	71.429	98	125	116	1	97	20	114	5.53e-39	130	78
P00022_04	sp|A0A0C4DH35|HV335_HUMAN	68.041	97	125	117	1	97	20	115	7.01e-39	129	78
P00022_04	sp|P19181|HV05_CARAU	71.429	98	125	116	1	97	20	114	1.60e-38	129	78
P00022_04	sp|P01792|HVM23_MOUSE	53.125	128	125	123	1	125	1	122	1.73e-38	129	100
P00022_04	sp|A0A0C4DH42|HV366_HUMAN	71.429	98	125	116	1	97	20	114	2.88e-38	128	78
P00022_04	sp|P0DP04|HV43D_HUMAN	65.000	100	125	118	1	100	20	118	3.45e-38	127	80
P00022_04	sp|A0A075B6Q5|HV364_HUMAN	68.041	97	125	118	1	97	21	116	3.69e-38	127	78
P00022_04	sp|A0A0C4DH32|HV320_HUMAN	65.979	97	125	117	1	97	20	115	3.82e-38	127	78
P00022_04	sp|A0A0B4J1V1|HV321_HUMAN	68.041	97	125	117	1	97	20	115	5.36e-38	127	78
P00022_04	sp|P0DOX5|IGG1_HUMAN	59.375	128	125	449	1	125	1	118	5.42e-38	135	100
P00022_04	sp|A0A0B4J1X5|HV374_HUMAN	68.041	97	125	117	1	97	20	115	7.13e-38	127	78
P00022_05	sp|P01784|HV01_CANLF	58.730	126	125	114	1	125	1	113	4.22e-41	135	100
P00022_05	sp|P01764|HV323_HUMAN	72.165	97	125	117	1	97	20	115	1.32e-40	134	78
P00022_05	sp|P0DP03|HVC05_HUMAN	72.165	97	125	117	1	97	20	115	3.39e-40	133	78
P00022_05	sp|P01768|HV330_HUMAN	72.165	97	125	117	1	97	20	115	3.39e-40	133	78
P00022_05	sp|P01772|HV333_HUMAN	72.165	97	125	117	1	97	20	115	3.95e-40	132	78
P00022_05	sp|P0DP02|HVC33_HUMAN	71.134	97	125	117	1	97	20	115	1.05e-39	131	78
P00022_05	sp|A0A0J9YX35|HV64D_HUMAN	70.103	97	125	117	1	97	20	115	1.19e-39	131	78
P00022_05	sp|P01780|HV307_HUMAN	70.103	97	125	117	1	97	20	115	1.85e-39	131	78
P00022_05	sp|A0A0C4DH42|HV366_HUMAN	70.103	97	125	116	1	97	20	114	3.45e-39	130	78
P00022_05	sp|P01763|HV348_HUMAN	69.072	97	125	117	1	97	20	115	7.65e-39	129	78
P00022_05	sp|P01767|HV353_HUMAN	69.072	97	125	116	1	97	20	114	9.87e-39	129	78
P00022_05	sp|P19181|HV05_CARAU	69.072	97	125	116	1	97	20	114	3.05e-38	128	78
P00022_05	sp|P01789|HVM20_MOUSE	53.906	128	125	122	1	125	1	121	6.58e-38	127	100
P00022_05	sp|A0A075B6Q5|HV364_HUMAN	69.072	97	125	118	1	97	21	116	6.58e-38	127	78
P00022_05	sp|P01785|HV02_CANLF	56.800	125	125	117	1	125	1	116	1.09e-37	126	100
P00022_05	sp|A0A0B4J1X5|HV374_HUMAN	69.072	97	125	117	1	97	20	115	1.85e-37	126	78
P00022_05	sp|A0A0B4J1V1|HV321_HUMAN	68.041	97	125	117	1	97	20	115	2.37e-37	125	78
P00022_05	sp|A0A0C4DH32|HV320_HUMAN	66.327	98	125	117	1	97	20	115	2.68e-37	125	78
P00022_05	sp|P01782|HV309_HUMAN	67.347	98	125	118	1	97	20	115	3.66e-37	125	78
P00022_05	sp|A0A0C4DH35|HV335_HUMAN	68.041	97	125	117	1	97	20	115	4.99e-37	125	78
P00022_06	sp|P0DP03|HVC05_HUMAN	73.196	97	125	117	1	97	20	115	3.63e-41	135	78
P00022_06	sp|P01768|HV330_HUMAN	73.196	97	125	117	1	97	20	115	3.63e-41	135	78
P00022_06	sp|P0DP02|HVC33_HUMAN	72.165	97	125	117	1	97	20	115	1.20e-40	134	78
P00022_06	sp|P01764|HV323_HUMAN	72.165	97	125	117	1	97	20	115	1.41e-40	134	78
P00022_06	sp|P01772|HV333_HUMAN	72.165	97	125	117	1	97	20	115	3.99e-40	132	78
P00022_06	sp|P01784|HV01_CANLF	58.594	128	125	114	1	125	1	113	6.37e-40	132	100
P00022_06	sp|A0A0J9YX35|HV64D_HUMAN	70.103	97	125	117	1	97	20	115	1.32e-39	131	78
P00022_06	sp|P01780|HV307_HUMAN	69.072	97	125	117	1	97	20	115	4.48e-39	130	78
P00022_06	sp|P01763|HV348_HUMAN	69.072	97	125	117	1	97	20	115	5.16e-39	130	78
P00022_06	sp|A0A0C4DH35|HV335_HUMAN	68.041	97	125	117	1	97	20	115	1.34e-38	129	78
P00022_06	sp|P01767|HV353_HUMAN	71.429	98	125	116	1	97	20	114	3.01e-38	128	78
P00022_06	sp|A0A075B6Q5|HV364_HUMAN	69.072	97	125	118	1	97	21	116	6.44e-38	127	78
P00022_06	sp|P01785|HV02_CANLF	57.600	125	125	117	1	125	1	116	7.05e-38	127	100
P00022_06	sp|A0A0C4DH32|HV320_HUMAN	67.000	100	125	117	1	97	20	115	7.36e-38	127	78
P00022_06	sp|P0DP04|HV43D_HUMAN	68.041	97	125	118	1	97	20	115	8.19e-38	127	78
P00022_06	sp|P19181|HV05_CARAU	71.429	98	125	116	1	97	20	114	8.24e-38	127	78
P00022_06	sp|A0A0C4DH42|HV366_HUMAN	71.429	98	125	116	1	97	20	114	1.29e-37	126	78
P00022_06	sp|A0A0B4J1V1|HV321_HUMAN	68.041	97	125	117	1	97	20	115	1.75e-37	126	78
P00022_06	sp|P0DOX5|IGG1_HUMAN	60.000	125	125	449	1	125	1	118	1.76e-37	134	100
P00022_06	sp|A0A0B4J1Y9|HV372_HUMAN	67.000	100	125	119	1	97	20	117	2.28e-37	125	78
P00022_07	sp|P0DP03|HVC05_HUMAN	75.510	98	125	117	1	97	20	115	5.93e-43	140	78
P00022_07	sp|P01768|HV330_HUMAN	75.510	98	125	117	1	97	20	115	5.93e-43	140	78
P00022_07	sp|P01772|HV333_HUMAN	75.510	98	125	117	1	97	20	115	8.79e-43	139	78
P00022_07	sp|P0DP02|HVC33_HUMAN	74.490	98	125	117	1	97	20	115	2.00e-42	138	78
P00022_07	sp|P01780|HV307_HUMAN	71.000	100	125	117	1	97	20	115	3.90e-42	137	78
P00022_07	sp|P01764|HV323_HUMAN	73.469	98	125	117	1	97	20	115	3.88e-41	135	78
P00022_07	sp|A0A0J9YX35|HV64D_HUMAN	71.429	98	125	117	1	97	20	115	2.84e-40	133	78
P00022_07	sp|P0DP04|HV43D_HUMAN	70.408	98	125	118	1	97	20	115	9.04e-40	132	78
P00022_07	sp|A0A0B4J1X5|HV374_HUMAN	70.000	100	125	117	1	97	20	115	9.47e-40	132	78
P00022_07	sp|P01763|HV348_HUMAN	70.408	98	125	117	1	97	20	115	1.44e-39	131	78
P00022_07	sp|P01767|HV353_HUMAN	72.449	98	125	116	1	97	20	114	1.77e-39	131	78
P00022_07	sp|A0A0C4DH35|HV335_HUMAN	69.388	98	125	117	1	97	20	115	2.08e-39	130	78
P00022_07	sp|P0DOX5|IGG1_HUMAN	61.111	126	125	449	1	125	1	118	4.45e-39	139	100
P00022_07	sp|P19181|HV05_CARAU	72.449	98	125	116	1	97	20	114	4.85e-39	130	78
P00022_07	sp|A0A0C4DH42|HV366_HUMAN	72.449	98	125	116	1	97	20	114	4.90e-39	130	78
P00022_07	sp|A0A0C4DH32|HV320_HUMAN	68.367	98	125	117	1	97	20	115	7.49e-39	129	78
P00022_07	sp|A0A0B4J1X8|HV343_HUMAN	69.388	98	125	118	1	97	20	115	8.24e-39	129	78
P00022_07	sp|P01807|HVM37_MOUSE	54.688	128	125	119	1	125	1	117	1.27e-38	129	100
P00022_07	sp|P01810|HVM40_MOUSE	54.688	128	125	119	1	125	1	117	1.62e-38	129	100
P00022_07	sp|A0A075B6Q5|HV364_HUMAN	70.408	98	125	118	1	97	21	116	1.71e-38	128	78
P00022_08	sp|P0DP03|HVC05_HUMAN	73.196	97	125	117	1	97	20	115	4.07e-42	137	78
P00022_08	sp|P01768|HV330_HUMAN	73.196	97	125	117	1	97	20	115	4.07e-42	137	78
P00022_08	sp|P01772|HV333_HUMAN	73.196	97	125	117	1	97	20	115	5.78e-42	137	78
P00022_08	sp|P01764|HV323_HUMAN	72.165	97	125	117	1	97	20	115	1.24e-41	136	78
P00022_08	sp|P0DP02|HVC33_HUMAN	72.165	97	125	117	1	97	20	115	1.37e-41	136	78
P00022_08	sp|A0A0J9YX35|HV64D_HUMAN	70.103	97	125	117	1	97	20	115	1.12e-40	134	78
P00022_08	sp|P01780|HV307_HUMAN	70.103	97	125	117	1	97	20	115	2.14e-40	133	78
P00022_08	sp|P01784|HV01_CANLF	58.594	128	125	114	1	125	1	113	5.29e-40	132	100
P00022_08	sp|P01767|HV353_HUMAN	72.449	98	125	116	1	97	20	114	6.91e-40	132	78
P00022_08	sp|P01763|HV348_HUMAN	69.072	97	125	117	1	97	20	115	8.22e-40	132	78
P00022_08	sp|P19181|HV05_CARAU	72.449	98	125	116	1	97	20	114	1.89e-39	131	78
P00022_08	sp|A0A0C4DH42|HV366_HUMAN	72.449	98	125	116	1	97	20	114	2.93e-39	130	78
P00022_08	sp|A0A0C4DH35|HV335_HUMAN	68.041	97	125	117	1	97	20	115	4.68e-39	130	78
P00022_08	sp|P0DP04|HV43D_HUMAN	68.041	97	125	118	1	97	20	115	5.68e-39	130	78
P00022_08	sp|A0A075B6Q5|HV364_HUMAN	69.072	97	125	118	1	97	21	116	7.31e-39	129	78
P00022_08	sp|A0A0C4DH32|HV320_HUMAN	67.010	97	125	117	1	97	20	115	8.35e-39	129	78
P00022_08	sp|P0DOX5|IGG1_HUMAN	60.000	125	125	449	1	125	1	118	1.13e-38	137	100
P00022_08	sp|A0A0B4J1X5|HV374_HUMAN	69.072	97	125	117	1	97	20	115	1.54e-38	129	78
P00022_08	sp|P01785|HV02_CANLF	56.000	125	125	117	1	125	1	116	1.80e-38	128	100
P00022_08	sp|P0DOX2|IGA2_HUMAN	59.200	125	125	455	1	125	1	114	4.79e-38	136	100
P00023_00	sp|A0A0C4DH42|HV366_HUMAN	70.833	96	125	116	1	95	20	114	2.06e-39	130	76
P00023_00	sp|P01784|HV01_CANLF	59.375	128	125	114	1	125	1	113	2.15e-39	130	100
P00023_00	sp|P01764|HV323_HUMAN	70.707	99	125	117	1	97	20	117	3.30e-39	130	78
P00023_00	sp|P01767|HV353_HUMAN	69.792	96	125	116	1	95	20	114	5.18e-39	130	76
P00023_00	sp|P19181|HV05_CARAU	69.792	96	125	116	1	95	20	114	1.26e-38	129	76
P00023_00	sp|P01763|HV348_HUMAN	68.367	98	125	117	1	96	20	116	2.75e-38	128	77
P00023_00	sp|P01780|HV307_HUMAN	69.388	98	125	117	1	96	20	116	3.58e-38	127	77
P00023_00	sp|A0A0J9YX35|HV64D_HUMAN	68.687	99	125	117	1	97	20	117	4.26e-38	127	78
P00023_00	sp|P01772|HV333_HUMAN	70.408	98	125	117	1	96	20	116	8.13e-38	127	77
P00023_00	sp|P0DP02|HVC33_HUMAN	70.408	98	125	117	1	96	20	116	3.19e-37	125	77
P00023_00	sp|A0A0C4DH35|HV335_HUMAN	67.347	98	125	117	1	96	20	116	3.29e-37	125	77
P00023_00	sp|P0DP03|HVC05_HUMAN	69.697	99	125	117	1	97	20	117	3.68e-37	125	78
P00023_00	sp|P01768|HV330_HUMAN	69.697	99	125	117	1	97	20	117	3.68e-37	125	78
P00023_00	sp|P01762|HV311_HUMAN	68.367	98	125	117	1	96	20	116	9.94e-37	124	77
P00023_00	sp|A0A075B6Q5|HV364_HUMAN	68.367	98	125	118	1	96	21	117	2.15e-36	123	77
P00023_00	sp|A0A0B4J1V0|HV315_HUMAN	67.000	100	125	119	1	96	20	118	2.67e-36	123	77
P00023_00	sp|A0A0C4DH36|HV338_HUMAN	68.750	96	125	116	1	95	20	113	2.76e-36	123	76
P00023_00	sp|P01782|HV309_HUMAN	66.000	100	125	118	1	98	20	118	4.20e-36	122	78
P00023_00	sp|A0A0B4J1X5|HV374_HUMAN	71.134	97	125	117	1	95	20	115	5.12e-36	122	76
P00023_00	sp|P0DTE1|HV383_HUMAN	69.072	97	125	115	1	95	20	113	5.33e-36	122	76
P00023_01	sp|A0A0C4DH42|HV366_HUMAN	70.408	98	125	116	1	97	20	116	4.56e-40	132	78
P00023_01	sp|P01767|HV353_HUMAN	69.388	98	125	116	1	97	20	116	1.18e-39	131	78
P00023_01	sp|P19181|HV05_CARAU	69.388	98	125	116	1	97	20	116	2.90e-39	130	78
P00023_01	sp|P01784|HV01_CANLF	56.693	127	125	114	1	125	1	113	3.83e-39	130	100
P00023_01	sp|P01764|HV323_HUMAN	69.697	99	125	117	1	97	20	117	5.51e-39	130	78
P00023_01	sp|P01780|HV307_HUMAN	67.677	99	125	117	1	97	20	117	8.73e-39	129	78
P00023_01	sp|P01762|HV311_HUMAN	67.677	99	125	117	1	97	20	117	1.04e-38	129	78
P00023_01	sp|A0A0C4DH32|HV320_HUMAN	66.667	99	125	117	1	97	20	117	1.52e-38	129	78
P00023_01	sp|P01782|HV309_HUMAN	67.000	100	125	118	1	98	20	118	1.93e-38	128	78
P00023_01	sp|P01795|HVM26_MOUSE	52.713	129	125	144	1	125	20	143	7.75e-38	127	100
P00023_01	sp|P0DP04|HV43D_HUMAN	67.000	100	125	118	1	98	20	118	9.14e-38	127	78
P00023_01	sp|A0A0B4J1Y9|HV372_HUMAN	65.347	101	125	119	1	97	20	119	1.26e-37	126	78
P00023_01	sp|P0DP02|HVC33_HUMAN	68.687	99	125	117	1	97	20	117	1.62e-37	126	78
P00023_01	sp|A0A0B4J1X5|HV374_HUMAN	67.677	99	125	117	1	97	20	117	1.77e-37	126	78
P00023_01	sp|A0A0J9YX35|HV64D_HUMAN	67.677	99	125	117	1	97	20	117	2.22e-37	125	78
P00023_01	sp|P0DP03|HVC05_HUMAN	69.000	100	125	117	1	97	20	117	2.83e-37	125	78
P00023_01	sp|P01768|HV330_HUMAN	69.000	100	125	117	1	97	20	117	2.83e-37	125	78
P00023_01	sp|P01763|HV348_HUMAN	66.667	99	125	117	1	97	20	117	3.68e-37	125	78
P00023_01	sp|P01792|HVM23_MOUSE	51.163	129	125	123	1	125	1	122	4.35e-37	125	100
P00023_01	sp|A0A0B4J1X8|HV343_HUMAN	66.000	100	125	118	1	98	20	118	5.09e-37	125	78
P00023_02	sp|P01784|HV01_CANLF	58.268	127	125	114	1	125	1	113	3.22e-39	130	100
P00023_02	sp|A0A0C4DH42|HV366_HUMAN	70.833	96	125	116	1	95	20	114	8.11e-39	129	76
P00023_02	sp|P01767|HV353_HUMAN	69.792	96	125	116	1	95	20	114	1.97e-38	128	76
P00023_02	sp|P19181|HV05_CARAU	69.792	96	125	116	1	95	20	114	5.26e-38	127	76
P00023_02	sp|P01764|HV323_HUMAN	70.408	98	125	117	1	96	20	116	9.37e-38	127	77
P00023_02	sp|P01772|HV333_HUMAN	70.408	98	125	117	1	96	20	116	1.37e-37	126	77
P00023_02	sp|A0A0C4DH35|HV335_HUMAN	67.347	98	125	117	1	96	20	116	3.33e-37	125	77
P00023_02	sp|P0DP02|HVC33_HUMAN	70.408	98	125	117	1	96	20	116	3.80e-37	125	77
P00023_02	sp|A0A0C4DH32|HV320_HUMAN	66.327	98	125	117	1	96	20	116	4.57e-37	125	77
P00023_02	sp|P0DP03|HVC05_HUMAN	70.408	98	125	117	1	96	20	116	5.33e-37	125	77
P00023_02	sp|P01768|HV330_HUMAN	70.408	98	125	117	1	96	20	116	5.33e-37	125	77
P00023_02	sp|P01763|HV348_HUMAN	67.347	98	125	117	1	96	20	116	1.04e-36	124	77
P00023_02	sp|P01780|HV307_HUMAN	68.367	98	125	117	1	96	20	116	1.35e-36	124	77
P00023_02	sp|P01782|HV309_HUMAN	67.347	98	125	118	1	96	20	116	1.42e-36	124	77
P00023_02	sp|A0A0J9YX35|HV64D_HUMAN	68.367	98	125	117	1	96	20	116	2.38e-36	123	77
P00023_02	sp|A0A0C4DH36|HV338_HUMAN	68.750	96	125	116	1	95	20	113	5.80e-36	122	76
P00023_02	sp|P0DP04|HV43D_HUMAN	67.347	98	125	118	1	96	20	116	6.64e-36	122	77
P00023_02	sp|P0DTE1|HV383_HUMAN	68.750	96	125	115	1	95	20	113	7.08e-36	122	76
P00023_02	sp|P01762|HV311_HUMAN	66.327	98	125	117	1	96	20	116	1.20e-35	121	77
P00023_02	sp|A0A0B4J1X8|HV343_HUMAN	68.041	97	125	118	1	95	20	115	1.34e-35	121	76
P00023_03	sp|P01784|HV01_CANLF	58.140	129	125	114	1	125	1	113	3.83e-39	130	100
P00023_03	sp|P01764|HV323_HUMAN	69.697	99	125	117	1	97	20	117	4.89e-39	130	78
P00023_03	sp|P01772|HV333_HUMAN	69.388	98	125	117	1	96	20	116	2.24e-38	128	77
P00023_03	sp|P0DP02|HVC33_HUMAN	69.388	98	125	117	1	96	20	116	2.61e-38	128	77
P00023_03	sp|P0DP03|HVC05_HUMAN	68.687	99	125	117	1	97	20	117	3.58e-38	127	78
P00023_03	sp|P01768|HV330_HUMAN	68.687	99	125	117	1	97	20	117	3.58e-38	127	78
P00023_03	sp|P01767|HV353_HUMAN	69.388	98	125	116	1	95	20	114	4.42e-38	127	76
P00023_03	sp|P01780|HV307_HUMAN	68.367	98	125	117	1	96	20	116	4.75e-38	127	77
P00023_03	sp|A0A0C4DH35|HV335_HUMAN	66.327	98	125	117	1	96	20	116	6.11e-38	127	77
P00023_03	sp|A0A0J9YX35|HV64D_HUMAN	68.367	98	125	117	1	96	20	116	1.08e-37	126	77
P00023_03	sp|P01763|HV348_HUMAN	67.347	98	125	117	1	96	20	116	1.20e-37	126	77
P00023_03	sp|A0A0C4DH42|HV366_HUMAN	70.103	97	125	116	1	95	20	114	1.21e-37	126	76
P00023_03	sp|P19181|HV05_CARAU	69.388	98	125	116	1	95	20	114	1.29e-37	126	76
P00023_03	sp|P01810|HVM40_MOUSE	53.125	128	125	119	1	125	1	117	8.29e-37	124	100
P00023_03	sp|P01807|HVM37_MOUSE	53.906	128	125	119	1	125	1	117	1.30e-36	124	100
P00023_03	sp|P0DP04|HV43D_HUMAN	65.000	100	125	118	1	98	20	118	3.02e-36	123	78
P00023_03	sp|P01762|HV311_HUMAN	66.327	98	125	117	1	96	20	116	3.20e-36	122	77
P00023_03	sp|A0A0B4J1V0|HV315_HUMAN	66.000	100	125	119	1	96	20	118	5.74e-36	122	77
P00023_03	sp|P0DOX5|IGG1_HUMAN	58.268	127	125	449	1	125	1	118	6.09e-36	130	100
P00023_03	sp|A0A0C4DH36|HV338_HUMAN	68.041	97	125	116	1	95	20	113	6.98e-36	122	76
P00023_04	sp|P01784|HV01_CANLF	59.055	127	125	114	1	125	1	113	9.38e-41	134	100
P00023_04	sp|A0A0C4DH42|HV366_HUMAN	71.875	96	125	116	1	95	20	114	7.71e-40	132	76
P00023_04	sp|P01767|HV353_HUMAN	70.833	96	125	116	1	95	20	114	2.18e-39	130	76
P00023_04	sp|P19181|HV05_CARAU	70.833	96	125	116	1	95	20	114	5.47e-39	130	76
P00023_04	sp|P01764|HV323_HUMAN	71.429	98	125	117	1	96	20	116	8.26e-39	129	77
P00023_04	sp|P01780|HV307_HUMAN	70.408	98	125	117	1	96	20	116	1.40e-38	129	77
P00023_04	sp|P01763|HV348_HUMAN	68.367	98	125	117	1	96	20	116	6.46e-38	127	77
P00023_04	sp|A0A0C4DH35|HV335_HUMAN	68.367	98	125	117	1	96	20	116	9.37e-38	127	77
P00023_04	sp|P01785|HV02_CANLF	55.556	126	125	117	1	125	1	116	1.85e-37	126	100
P00023_04	sp|P01762|HV311_HUMAN	68.367	98	125	117	1	96	20	116	2.35e-37	125	77
P00023_04	sp|A0A0J9YX35|HV64D_HUMAN	69.388	98	125	117	1	96	20	116	2.51e-37	125	77
P00023_04	sp|P01772|HV333_HUMAN	70.408	98	125	117	1	96	20	116	4.28e-37	125	77
P00023_04	sp|P01792|HVM23_MOUSE	54.264	129	125	123	1	125	1	122	5.24e-37	125	100
P00023_04	sp|A0A0C4DH36|HV338_HUMAN	69.792	96	125	116	1	95	20	113	5.65e-37	124	76
P00023_04	sp|P0DTE1|HV383_HUMAN	69.792	96	125	115	1	95	20	113	6.75e-37	124	76
P00023_04	sp|P0DOX2|IGA2_HUMAN	57.143	126	125	455	1	125	1	114	1.11e-36	132	100
P00023_04	sp|P0DP02|HVC33_HUMAN	70.408	98	125	117	1	96	20	116	1.36e-36	124	77
P00023_04	sp|P0DP03|HVC05_HUMAN	70.408	98	125	117	1	96	20	116	1.68e-36	123	77
P00023_04	sp|P01768|HV330_HUMAN	70.408	98	125	117	1	96	20	116	1.68e-36	123	77
P00023_04	sp|A0A0B4J1X5|HV374_HUMAN	70.103	97	125	117	1	95	20	115	1.77e-36	123	76
P00023_05	sp|A0A0C4DH42|HV366_HUMAN	72.165	97	125	116	1	95	20	114	2.10e-38	128	76
P00023_05	sp|P01764|HV323_HUMAN	71.000	100	125	117	1	97	20	117	2.69e-38	128	78
P00023_05	sp|P01784|HV01_CANLF	56.693	127	125	114	1	125	1	113	3.06e-38	127	100
P00023_05	sp|P01767|HV353_HUMAN	71.134	97	125	116	1	95	20	114	5.04e-38	127	76
P00023_05	sp|A0A0C4DH35|HV335_HUMAN	68.687	99	125	117	1	96	20	116	9.37e-38	127	77
P00023_05	sp|P19181|HV05_CARAU	71.134	97	125	116	1	95	20	114	1.57e-37	126	76
P00023_05	sp|P01772|HV333_HUMAN	70.707	99	125	117	1	96	20	116	3.15e-37	125	77
P00023_05	sp|P0DP02|HVC33_HUMAN	70.707	99	125	117	1	96	20	116	3.40e-37	125	77
P00023_05	sp|P01763|HV348_HUMAN	68.687	99	125	117	1	96	20	116	3.76e-37	125	77
P00023_05	sp|P0DP03|HVC05_HUMAN	70.000	100	125	117	1	97	20	117	4.57e-37	125	78
P00023_05	sp|P01768|HV330_HUMAN	70.000	100	125	117	1	97	20	117	4.57e-37	125	78
P00023_05	sp|A0A0C4DH32|HV320_HUMAN	69.000	100	125	117	1	96	20	116	6.01e-37	124	77
P00023_05	sp|P01780|HV307_HUMAN	69.697	99	125	117	1	96	20	116	6.21e-37	124	77
P00023_05	sp|A0A0J9YX35|HV64D_HUMAN	69.000	100	125	117	1	97	20	117	6.93e-37	124	78
P00023_05	sp|P0DTE1|HV383_HUMAN	71.134	97	125	115	1	95	20	113	1.15e-36	124	76
P00023_05	sp|A0A0C4DH36|HV338_HUMAN	71.134	97	125	116	1	95	20	113	1.92e-36	123	76
P00023_05	sp|P01782|HV309_HUMAN	67.327	101	125	118	1	98	20	118	2.43e-36	123	78
P00023_05	sp|P01762|HV311_HUMAN	67.677	99	125	117	1	96	20	116	3.03e-36	123	77
P00023_05	sp|P01785|HV02_CANLF	55.906	127	125	117	1	125	1	116	4.80e-36	122	100
P00023_05	sp|P0DOX5|IGG1_HUMAN	59.375	128	125	449	1	125	1	118	5.55e-36	130	100
P00023_06	sp|P01784|HV01_CANLF	59.055	127	125	114	1	125	1	113	1.46e-39	131	100
P00023_06	sp|A0A0C4DH42|HV366_HUMAN	71.875	96	125	116	1	95	20	114	7.11e-39	129	76
P00023_06	sp|P01767|HV353_HUMAN	70.833	96	125	116	1	95	20	114	1.61e-38	128	76
P00023_06	sp|P01764|HV323_HUMAN	71.429	98	125	117	1	96	20	116	3.54e-38	127	77
P00023_06	sp|P19181|HV05_CARAU	70.833	96	125	116	1	95	20	114	4.51e-38	127	76
P00023_06	sp|A0A0C4DH35|HV335_HUMAN	68.367	98	125	117	1	96	20	116	1.00e-37	126	77
P00023_06	sp|P01763|HV348_HUMAN	68.367	98	125	117	1	96	20	116	3.48e-37	125	77
P00023_06	sp|P01780|HV307_HUMAN	69.388	98	125	117	1	96	20	116	4.67e-37	125	77
P00023_06	sp|P0DP02|HVC33_HUMAN	70.408	98	125	117	1	96	20	116	5.57e-37	124	77
P00023_06	sp|P0DP03|HVC05_HUMAN	70.408	98	125	117	1	96	20	116	6.71e-37	124	77
P00023_06	sp|P01768|HV330_HUMAN	70.408	98	125	117	1	96	20	116	6.71e-37	124	77
P00023_06	sp|P01772|HV333_HUMAN	70.408	98	125	117	1	96	20	116	9.94e-37	124	77
P00023_06	sp|A0A0C4DH32|HV320_HUMAN	67.677	99	125	117	1	96	20	116	1.06e-36	124	77
P00023_06	sp|A0A0C4DH36|HV338_HUMAN	68.421	95	125	116	1	95	20	113	1.06e-36	124	76
P00023_06	sp|A0A0J9YX35|HV64D_HUMAN	69.388	98	125	117	1	96	20	116	1.28e-36	124	77
P00023_06	sp|P01762|HV311_HUMAN	68.367	98	125	117	1	96	20	116	1.29e-36	124	77
P00023_06	sp|P0DTE1|HV383_HUMAN	68.421	95	125	115	1	95	20	113	1.36e-36	124	76
P00023_06	sp|P01782|HV309_HUMAN	68.687	99	125	118	1	96	20	116	5.45e-36	122	77
P00023_06	sp|P01785|HV02_CANLF	55.556	126	125	117	1	125	1	116	6.81e-36	122	100
P00023_06	sp|A0A0B4J1X5|HV374_HUMAN	70.103	97	125	117	1	95	20	115	8.38e-36	122	76
P00023_07	sp|A0A0C4DH42|HV366_HUMAN	70.833	96	125	116	1	95	20	114	3.73e-39	130	76
P00023_07	sp|P01784|HV01_CANLF	59.055	127	125	114	1	125	1	113	5.68e-39	129	100
P00023_07	sp|P01767|HV353_HUMAN	69.792	96	125	116	1	95	20	114	8.28e-39	129	76
P00023_07	sp|P19181|HV05_CARAU	69.792	96	125	116	1	95	20	114	2.32e-38	128	76
P00023_07	sp|P01764|HV323_HUMAN	70.408	98	125	117	1	96	20	116	1.18e-37	126	77
P00023_07	sp|P01772|HV333_HUMAN	70.408	98	125	117	1	96	20	116	1.81e-37	126	77
P00023_07	sp|A0A0C4DH32|HV320_HUMAN	67.347	98	125	117	1	96	20	116	2.89e-37	125	77
P00023_07	sp|A0A0C4DH35|HV335_HUMAN	67.347	98	125	117	1	96	20	116	3.15e-37	125	77
P00023_07	sp|P0DP02|HVC33_HUMAN	70.408	98	125	117	1	96	20	116	5.95e-37	124	77
P00023_07	sp|P0DP03|HVC05_HUMAN	70.408	98	125	117	1	96	20	116	7.24e-37	124	77
P00023_07	sp|P01768|HV330_HUMAN	70.408	98	125	117	1	96	20	116	7.24e-37	124	77
P00023_07	sp|P01782|HV309_HUMAN	68.367	98	125	118	1	96	20	116	8.69e-37	124	77
P00023_07	sp|P01763|HV348_HUMAN	67.347	98	125	117	1	96	20	116	1.18e-36	124	77
P00023_07	sp|P01780|HV307_HUMAN	68.367	98	125	117	1	96	20	116	1.81e-36	123	77
P00023_07	sp|A0A0C4DH36|HV338_HUMAN	68.750	96	125	116	1	95	20	113	2.58e-36	123	76
P00023_07	sp|P0DTE1|HV383_HUMAN	68.750	96	125	115	1	95	20	113	2.83e-36	123	76
P00023_07	sp|P01762|HV311_HUMAN	67.347	98	125	117	1	96	20	116	3.00e-36	123	77
P00023_07	sp|A0A0J9YX35|HV64D_HUMAN	68.367	98	125	117	1	96	20	116	3.27e-36	122	77
P00023_07	sp|P0DP04|HV43D_HUMAN	68.367	98	125	118	1	96	20	116	4.68e-36	122	77
P00023_07	sp|P0DOX2|IGA2_HUMAN	56.349	126	125	455	1	125	1	114	9.89e-36	130	100
P00023_08	sp|P01764|HV323_HUMAN	72.165	97	125	117	1	95	20	115	1.77e-39	131	76
P00023_08	sp|P01784|HV01_CANLF	57.812	128	125	114	1	125	1	113	5.81e-39	129	100
P00023_08	sp|P01763|HV348_HUMAN	69.388	98	125	117	1	96	20	116	1.38e-38	129	77
P00023_08	sp|P0DP02|HVC33_HUMAN	70.408	98	125	117	1	96	20	116	1.41e-38	129	77
P00023_08	sp|P01780|HV307_HUMAN	69.388	98	125	117	1	96	20	116	1.72e-38	128	77
P00023_08	sp|P01767|HV353_HUMAN	70.103	97	125	116	1	95	20	114	1.80e-38	128	76
P00023_08	sp|P01772|HV333_HUMAN	70.408	98	125	117	1	96	20	116	1.98e-38	128	77
P00023_08	sp|P0DP03|HVC05_HUMAN	70.408	98	125	117	1	96	20	116	3.14e-38	128	77
P00023_08	sp|P01768|HV330_HUMAN	70.408	98	125	117	1	96	20	116	3.14e-38	128	77
P00023_08	sp|A0A0C4DH42|HV366_HUMAN	70.833	96	125	116	1	95	20	114	3.43e-38	127	76
P00023_08	sp|P19181|HV05_CARAU	70.103	97	125	116	1	95	20	114	4.14e-38	127	76
P00023_08	sp|A0A0J9YX35|HV64D_HUMAN	69.388	98	125	117	1	96	20	116	6.32e-38	127	77
P00023_08	sp|A0A0C4DH35|HV335_HUMAN	66.327	98	125	117	1	96	20	116	1.57e-37	126	77
P00023_08	sp|P01762|HV311_HUMAN	68.367	98	125	117	1	96	20	116	2.95e-37	125	77
P00023_08	sp|A0A0C4DH36|HV338_HUMAN	70.103	97	125	116	1	95	20	113	5.65e-37	124	76
P00023_08	sp|P0DTE1|HV383_HUMAN	70.103	97	125	115	1	95	20	113	7.28e-37	124	76
P00023_08	sp|P0DP04|HV43D_HUMAN	67.347	98	125	118	1	96	20	116	1.13e-36	124	77
P00023_08	sp|A0A0B4J1V0|HV315_HUMAN	67.000	100	125	119	1	96	20	118	1.30e-36	124	77
P00023_08	sp|P0DOX5|IGG1_HUMAN	59.843	127	125	449	1	125	1	118	1.51e-36	132	100
P00023_08	sp|A0A075B6Q5|HV364_HUMAN	68.367	98	125	118	1	96	21	117	3.60e-36	122	77
P00024_00	sp|P0DP03|HVC05_HUMAN	71.429	98	121	117	1	96	20	116	4.62e-41	135	79
P00024_00	sp|P01768|HV330_HUMAN	71.429	98	121	117	1	96	20	116	4.62e-41	135	79
P00024_00	sp|P01780|HV307_HUMAN	69.388	98	121	117	1	96	20	116	6.14e-41	134	79
P00024_00	sp|P01772|HV333_HUMAN	71.429	98	121	117	1	96	20	116	1.06e-40	134	79
P00024_00	sp|P0DP02|HVC33_HUMAN	70.408	98	121	117	1	96	20	116	1.81e-40	133	79
P00024_00	sp|P01764|HV323_HUMAN	69.388	98	121	117	1	96	20	116	2.09e-40	133	79
P00024_00	sp|P01784|HV01_CANLF	58.537	123	121	114	1	121	1	113	3.93e-40	132	100
P00024_00	sp|A0A0J9YX35|HV64D_HUMAN	68.041	97	121	117	1	95	20	115	1.64e-39	131	79
P00024_00	sp|P01786|HVM17_MOUSE	54.032	124	121	117	1	121	1	116	1.65e-39	131	100
P00024_00	sp|P01763|HV348_HUMAN	67.347	98	121	117	1	96	20	116	6.09e-39	129	79
P00024_00	sp|A0A0B4J1X5|HV374_HUMAN	67.347	98	121	117	1	96	20	116	1.98e-38	128	79
P00024_00	sp|P01788|HVM19_MOUSE	54.762	126	121	123	1	121	1	122	3.09e-38	128	100
P00024_00	sp|P0DOX5|IGG1_HUMAN	60.800	125	121	449	1	121	1	118	3.46e-38	136	100
P00024_00	sp|P01793|HVM24_MOUSE	54.762	126	121	123	1	121	1	122	3.52e-38	127	100
P00024_00	sp|P01787|HVM18_MOUSE	54.762	126	121	123	1	121	1	122	3.93e-38	127	100
P00024_00	sp|A0A075B6Q5|HV364_HUMAN	66.327	98	121	118	1	96	21	117	6.38e-38	127	79
P00024_00	sp|P01794|HVM25_MOUSE	54.400	125	121	123	1	121	1	122	7.40e-38	127	100
P00024_00	sp|P0DP04|HV43D_HUMAN	66.000	100	121	118	1	98	20	118	7.94e-38	127	81
P00024_00	sp|A0A0B4J1X8|HV343_HUMAN	66.000	100	121	118	1	98	20	118	9.15e-38	126	81
P00024_00	sp|P01795|HVM26_MOUSE	52.800	125	121	144	1	121	20	143	9.75e-38	127	100
P00024_01	sp|P0DP03|HVC05_HUMAN	69.697	99	121	117	1	97	20	117	1.08e-40	134	80
P00024_01	sp|P01768|HV330_HUMAN	69.697	99	121	117	1	97	20	117	1.08e-40	134	80
P00024_01	sp|P01772|HV333_HUMAN	69.697	99	121	117	1	97	20	117	2.72e-40	133	80
P00024_01	sp|P0DP02|HVC33_HUMAN	68.687	99	121	117	1	97	20	117	5.54e-40	132	80
P00024_01	sp|A0A0J9YX35|HV64D_HUMAN	66.667	99	121	117	1	97	20	117	6.60e-40	132	80
P00024_01	sp|P01784|HV01_CANLF	58.537	123	121	114	1	121	1	113	7.59e-40	132	100
P00024_01	sp|P01764|HV323_HUMAN	67.677	99	121	117	1	97	20	117	1.32e-39	131	80
P00024_01	sp|P01780|HV307_HUMAN	66.667	99	121	117	1	97	20	117	1.81e-39	130	80
P00024_01	sp|A0A0C4DH42|HV366_HUMAN	68.367	98	121	116	1	97	20	116	2.45e-38	128	80
P00024_01	sp|A0A075B6Q5|HV364_HUMAN	65.657	99	121	118	1	97	21	118	4.69e-38	127	80
P00024_01	sp|P01763|HV348_HUMAN	65.657	99	121	117	1	97	20	117	5.03e-38	127	80
P00024_01	sp|A0A0B4J1X5|HV374_HUMAN	67.677	99	121	117	1	97	20	117	6.90e-38	127	80
P00024_01	sp|P01767|HV353_HUMAN	65.686	102	121	116	1	97	20	116	1.02e-37	126	80
P00024_01	sp|P01785|HV02_CANLF	56.557	122	121	117	1	121	1	116	1.87e-37	125	100
P00024_01	sp|A0A0C4DH35|HV335_HUMAN	64.646	99	121	117	1	97	20	117	2.04e-37	125	80
P00024_01	sp|P19181|HV05_CARAU	65.686	102	121	116	1	97	20	116	2.36e-37	125	80
P00024_01	sp|A0A0B4J1V0|HV315_HUMAN	64.423	104	121	119	1	96	20	118	3.50e-37	125	79
P00024_01	sp|P01786|HVM17_MOUSE	52.419	124	121	117	1	121	1	116	4.58e-37	125	100
P00024_01	sp|A0A0B4J1V6|HV373_HUMAN	63.366	101	121	119	1	97	20	119	4.86e-37	125	80
P00024_01	sp|P0DOX5|IGG1_HUMAN	59.350	123	121	449	1	121	1	118	5.62e-37	133	100
P00024_02	sp|P01780|HV307_HUMAN	70.000	100	121	117	1	95	20	115	9.51e-41	134	79
P00024_02	sp|P0DP03|HVC05_HUMAN	70.707	99	121	117	1	97	20	117	7.13e-40	132	80
P00024_02	sp|P01768|HV330_HUMAN	70.707	99	121	117	1	97	20	117	7.13e-40	132	80
P00024_02	sp|P01764|HV323_HUMAN	69.697	99	121	117	1	97	20	117	7.36e-40	132	80
P00024_02	sp|P01772|HV333_HUMAN	70.707	99	121	117	1	97	20	117	1.81e-39	130	80
P00024_02	sp|P0DP02|HVC33_HUMAN	69.697	99	121	117	1	97	20	117	3.12e-39	130	80
P00024_02	sp|P01786|HVM17_MOUSE	55.906	127	121	117	1	121	1	116	4.63e-39	130	100
P00024_02	sp|A0A0J9YX35|HV64D_HUMAN	68.041	97	121	117	1	95	20	115	2.64e-38	128	79
P00024_02	sp|P01762|HV311_HUMAN	67.647	102	121	117	1	97	20	117	6.05e-38	127	80
P00024_02	sp|A0A0C4DH42|HV366_HUMAN	70.707	99	121	116	1	97	20	116	7.23e-38	127	80
P00024_02	sp|P01763|HV348_HUMAN	66.667	99	121	117	1	97	20	117	8.31e-38	126	80
P00024_02	sp|P01784|HV01_CANLF	57.724	123	121	114	1	121	1	113	1.11e-37	126	100
P00024_02	sp|P01767|HV353_HUMAN	69.697	99	121	116	1	97	20	116	1.36e-37	126	80
P00024_02	sp|P01785|HV02_CANLF	58.537	123	121	117	1	121	1	116	1.50e-37	126	100
P00024_02	sp|A0A0B4J1X5|HV374_HUMAN	65.686	102	121	117	1	97	20	117	1.87e-37	125	80
P00024_02	sp|P19181|HV05_CARAU	69.697	99	121	116	1	97	20	116	3.35e-37	125	80
P00024_02	sp|P01788|HVM19_MOUSE	54.264	129	121	123	1	121	1	122	4.86e-37	125	100
P00024_02	sp|P0DTE1|HV383_HUMAN	68.367	98	121	115	1	97	20	115	7.06e-37	124	80
P00024_02	sp|P0DOX5|IGG1_HUMAN	60.163	123	121	449	1	121	1	118	8.18e-37	132	100
P00024_02	sp|A0A0B4J1X8|HV343_HUMAN	66.000	100	121	118	1	98	20	118	1.04e-36	124	81
P00024_03	sp|P0DP03|HVC05_HUMAN	71.717	99	121	117	1	97	20	117	2.55e-43	140	80
P00024_03	sp|P01768|HV330_HUMAN	71.717	99	121	117	1	97	20	117	2.55e-43	140	80
P00024_03	sp|P01772|HV333_HUMAN	71.717	99	121	117	1	97	20	117	6.98e-43	139	80
P00024_03	sp|P0DP02|HVC33_HUMAN	70.707	99	121	117	1	97	20	117	1.25e-42	139	80
P00024_03	sp|P01780|HV307_HUMAN	68.687	99	121	117	1	97	20	117	3.30e-42	137	80
P00024_03	sp|A0A0J9YX35|HV64D_HUMAN	67.677	99	121	117	1	97	20	117	5.96e-42	137	80
P00024_03	sp|P01764|HV323_HUMAN	68.687	99	121	117	1	97	20	117	2.40e-41	135	80
P00024_03	sp|P01784|HV01_CANLF	61.290	124	121	114	1	121	1	113	1.32e-40	134	100
P00024_03	sp|A0A0B4J1X5|HV374_HUMAN	67.677	99	121	117	1	97	20	117	2.14e-40	133	80
P00024_03	sp|A0A075B6Q5|HV364_HUMAN	66.667	99	121	118	1	97	21	118	3.73e-40	132	80
P00024_03	sp|P01763|HV348_HUMAN	66.667	99	121	117	1	97	20	117	4.60e-40	132	80
P00024_03	sp|P0DP04|HV43D_HUMAN	66.667	99	121	118	1	97	20	117	3.87e-39	130	80
P00024_03	sp|A0A0B4J1X8|HV343_HUMAN	66.667	99	121	118	1	97	20	117	5.26e-39	129	80
P00024_03	sp|P01782|HV309_HUMAN	67.677	99	121	118	1	97	20	117	2.66e-38	128	80
P00024_03	sp|P01786|HVM17_MOUSE	53.226	124	121	117	1	121	1	116	5.08e-38	127	100
P00024_03	sp|P01762|HV311_HUMAN	65.657	99	121	117	1	97	20	117	8.22e-38	126	80
P00024_03	sp|A0A0B4J1V1|HV321_HUMAN	65.657	99	121	117	1	97	20	117	1.02e-37	126	80
P00024_03	sp|A0A0C4DH42|HV366_HUMAN	66.667	102	121	116	1	97	20	116	1.31e-37	126	80
P00024_03	sp|P0DOX5|IGG1_HUMAN	59.350	123	121	449	1	121	1	118	1.69e-37	134	100
P00024_03	sp|P01767|HV353_HUMAN	65.686	102	121	116	1	97	20	116	2.84e-37	125	80
P00024_04	sp|P0DP03|HVC05_HUMAN	72.449	98	121	117	1	96	20	116	1.02e-41	136	79
P00024_04	sp|P01768|HV330_HUMAN	72.449	98	121	117	1	96	20	116	1.02e-41	136	79
P00024_04	sp|P01772|HV333_HUMAN	72.449	98	121	117	1	96	20	116	1.76e-41	136	79
P00024_04	sp|A0A0J9YX35|HV64D_HUMAN	70.408	98	121	117	1	96	20	116	1.84e-41	135	79
P00024_04	sp|P0DP02|HVC33_HUMAN	72.165	97	121	117	1	95	20	115	4.14e-41	135	79
P00024_04	sp|P01763|HV348_HUMAN	71.134	97	121	117	1	95	20	115	1.74e-40	133	79
P00024_04	sp|P01764|HV323_HUMAN	71.134	97	121	117	1	95	20	115	1.85e-40	133	79
P00024_04	sp|P01784|HV01_CANLF	59.350	123	121	114	1	121	1	113	4.59e-40	132	100
P00024_04	sp|P01780|HV307_HUMAN	69.388	98	121	117	1	96	20	116	5.48e-40	132	79
P00024_04	sp|P0DOX5|IGG1_HUMAN	61.789	123	121	449	1	121	1	118	5.49e-40	141	100
P00024_04	sp|A0A075B6Q5|HV364_HUMAN	69.388	98	121	118	1	96	21	117	1.18e-39	131	79
P00024_04	sp|A0A0B4J1X5|HV374_HUMAN	70.103	97	121	117	1	95	20	115	2.13e-39	130	79
P00024_04	sp|A0A0C4DH42|HV366_HUMAN	73.196	97	121	116	1	95	20	114	6.04e-39	129	79
P00024_04	sp|P01786|HVM17_MOUSE	54.839	124	121	117	1	121	1	116	1.23e-38	129	100
P00024_04	sp|P01767|HV353_HUMAN	72.165	97	121	116	1	95	20	114	1.40e-38	128	79
P00024_04	sp|P0DP04|HV43D_HUMAN	66.000	100	121	118	1	98	20	118	3.06e-38	127	81
P00024_04	sp|A0A0B4J1X8|HV343_HUMAN	66.000	100	121	118	1	98	20	118	3.53e-38	127	81
P00024_04	sp|P19181|HV05_CARAU	72.165	97	121	116	1	95	20	114	4.37e-38	127	79
P00024_04	sp|P01782|HV309_HUMAN	66.000	100	121	118	1	98	20	118	6.10e-38	127	81
P00024_04	sp|P01762|HV311_HUMAN	69.072	97	121	117	1	95	20	115	1.06e-37	126	79
P00024_05	sp|P01780|HV307_HUMAN	68.687	99	121	117	1	97	20	117	2.70e-41	135	80
P00024_05	sp|P0DP02|HVC33_HUMAN	69.697	99	121	117	1	97	20	117	5.69e-41	134	80
P00024_05	sp|P01784|HV01_CANLF	60.163	123	121	114	1	121	1	113	9.91e-41	134	100
P00024_05	sp|P01764|HV323_HUMAN	68.687	99	121	117	1	97	20	117	1.10e-40	134	80
P00024_05	sp|P0DP03|HVC05_HUMAN	69.697	99	121	117	1	97	20	117	1.51e-40	133	80
P00024_05	sp|P01768|HV330_HUMAN	69.697	99	121	117	1	97	20	117	1.51e-40	133	80
P00024_05	sp|P01763|HV348_HUMAN	67.677	99	121	117	1	97	20	117	3.54e-40	132	80
P00024_05	sp|A0A0J9YX35|HV64D_HUMAN	66.667	99	121	117	1	97	20	117	3.58e-40	132	80
P00024_05	sp|P01772|HV333_HUMAN	69.697	99	121	117	1	97	20	117	4.50e-40	132	80
P00024_05	sp|A0A0B4J1X5|HV374_HUMAN	66.667	99	121	117	1	97	20	117	7.66e-39	129	80
P00024_05	sp|A0A075B6Q5|HV364_HUMAN	65.657	99	121	118	1	97	21	118	2.18e-38	128	80
P00024_05	sp|P01786|HVM17_MOUSE	54.839	124	121	117	1	121	1	116	3.70e-38	127	100
P00024_05	sp|P01762|HV311_HUMAN	66.667	99	121	117	1	97	20	117	1.12e-37	126	80
P00024_05	sp|A0A0B4J1V1|HV321_HUMAN	66.667	99	121	117	1	97	20	117	1.38e-37	126	80
P00024_05	sp|P0DTE1|HV383_HUMAN	67.010	97	121	115	1	97	20	115	2.31e-37	125	80
P00024_05	sp|P0DP04|HV43D_HUMAN	65.657	99	121	118	1	97	20	117	2.34e-37	125	80
P00024_05	sp|A0A0B4J1X8|HV343_HUMAN	65.657	99	121	118	1	97	20	117	2.48e-37	125	80
P00024_05	sp|A0A0C4DH36|HV338_HUMAN	67.010	97	121	116	1	97	20	115	2.60e-37	125	80
P00024_05	sp|P0DOX5|IGG1_HUMAN	60.163	123	121	449	1	121	1	118	2.83e-37	134	100
P00024_05	sp|A0A0C4DH35|HV335_HUMAN	63.636	99	121	117	1	97	20	117	4.38e-37	125	80
P00024_06	sp|P0DP03|HVC05_HUMAN	70.707	99	121	117	1	97	20	117	3.61e-42	137	80
P00024_06	sp|P01768|HV330_HUMAN	70.707	99	121	117	1	97	20	117	3.61e-42	137	80
P00024_06	sp|P01772|HV333_HUMAN	70.707	99	121	117	1	97	20	117	9.24e-42	136	80
P00024_06	sp|P0DP02|HVC33_HUMAN	69.697	99	121	117	1	97	20	117	1.74e-41	136	80
P00024_06	sp|A0A0J9YX35|HV64D_HUMAN	67.677	99	121	117	1	97	20	117	1.84e-41	135	80
P00024_06	sp|P01784|HV01_CANLF	59.350	123	121	114	1	121	1	113	4.41e-41	135	100
P00024_06	sp|P01780|HV307_HUMAN	67.677	99	121	117	1	97	20	117	5.75e-41	134	80
P00024_06	sp|P01764|HV323_HUMAN	68.687	99	121	117	1	97	20	117	6.78e-41	134	80
P00024_06	sp|P01786|HVM17_MOUSE	54.839	124	121	117	1	121	1	116	2.69e-40	133	100
P00024_06	sp|P01763|HV348_HUMAN	66.667	99	121	117	1	97	20	117	1.36e-39	131	80
P00024_06	sp|A0A075B6Q5|HV364_HUMAN	66.667	99	121	118	1	97	21	118	1.67e-39	131	80
P00024_06	sp|A0A0B4J1X5|HV374_HUMAN	68.687	99	121	117	1	97	20	117	3.56e-39	130	80
P00024_06	sp|P0DP04|HV43D_HUMAN	66.000	100	121	118	1	98	20	118	7.07e-39	129	81
P00024_06	sp|P0DOX5|IGG1_HUMAN	60.800	125	121	449	1	121	1	118	7.52e-39	138	100
P00024_06	sp|A0A0B4J1X8|HV343_HUMAN	66.000	100	121	118	1	98	20	118	8.43e-39	129	81
P00024_06	sp|P01782|HV309_HUMAN	66.000	100	121	118	1	98	20	118	1.17e-38	129	81
P00024_06	sp|P01762|HV311_HUMAN	65.657	99	121	117	1	97	20	117	5.37e-38	127	80
P00024_06	sp|A0A0B4J1V1|HV321_HUMAN	65.657	99	121	117	1	97	20	117	6.32e-38	127	80
P00024_06	sp|P01791|HVM22_MOUSE	52.800	125	121	123	1	121	1	122	1.72e-37	126	100
P00024_06	sp|P01766|HV313_HUMAN	66.327	98	121	116	1	97	20	116	2.36e-37	125	80
P00024_07	sp|P0DP03|HVC05_HUMAN	70.707	99	121	117	1	97	20	117	2.06e-41	135	80
P00024_07	sp|P01768|HV330_HUMAN	70.707	99	121	117	1	97	20	117	2.06e-41	135	80
P00024_07	sp|P01772|HV333_HUMAN	70.707	99	121	117	1	97	20	117	5.44e-41	134	80
P00024_07	sp|P0DP02|HVC33_HUMAN	69.697	99	121	117	1	97	20	117	9.31e-41	134	80
P00024_07	sp|A0A0J9YX35|HV64D_HUMAN	66.667	99	121	117	1	97	20	117	3.28e-40	132	80
P00024_07	sp|P01764|HV323_HUMAN	67.677	99	121	117	1	97	20	117	7.53e-40	132	80
P00024_07	sp|P01780|HV307_HUMAN	66.667	99	121	117	1	97	20	117	8.27e-39	129	80
P00024_07	sp|A0A075B6Q5|HV364_HUMAN	65.657	99	121	118	1	97	21	118	2.63e-38	128	80
P00024_07	sp|A0A0C4DH42|HV366_HUMAN	68.367	98	121	116	1	97	20	116	2.79e-38	127	80
P00024_07	sp|P01763|HV348_HUMAN	65.657	99	121	117	1	97	20	117	3.17e-38	127	80
P00024_07	sp|P01785|HV02_CANLF	57.377	122	121	117	1	121	1	116	4.13e-38	127	100
P00024_07	sp|P01784|HV01_CANLF	56.693	127	121	114	1	121	1	113	4.54e-38	127	100
P00024_07	sp|P01767|HV353_HUMAN	65.686	102	121	116	1	97	20	116	7.98e-38	126	80
P00024_07	sp|A0A0B4J1X5|HV374_HUMAN	65.657	99	121	117	1	97	20	117	9.07e-38	126	80
P00024_07	sp|A0A0B4J1V6|HV373_HUMAN	64.706	102	121	119	1	97	20	119	1.70e-37	126	80
P00024_07	sp|P19181|HV05_CARAU	65.686	102	121	116	1	97	20	116	1.83e-37	125	80
P00024_07	sp|A0A0B4J1V0|HV315_HUMAN	66.000	100	121	119	1	96	20	118	2.49e-37	125	79
P00024_07	sp|A0A0C4DH35|HV335_HUMAN	64.646	99	121	117	1	97	20	117	4.20e-37	125	80
P00024_07	sp|P0DOX5|IGG1_HUMAN	60.163	123	121	449	1	121	1	118	4.29e-37	133	100
P00024_07	sp|P01788|HVM19_MOUSE	52.756	127	121	123	1	121	1	122	4.80e-37	125	100
P00024_08	sp|P0DP02|HVC33_HUMAN	70.707	99	121	117	1	97	20	117	5.92e-43	139	80
P00024_08	sp|P0DP03|HVC05_HUMAN	70.707	99	121	117	1	97	20	117	1.75e-42	138	80
P00024_08	sp|P01768|HV330_HUMAN	70.707	99	121	117	1	97	20	117	1.75e-42	138	80
P00024_08	sp|P01772|HV333_HUMAN	70.707	99	121	117	1	97	20	117	4.49e-42	137	80
P00024_08	sp|P01780|HV307_HUMAN	68.687	99	121	117	1	97	20	117	4.74e-42	137	80
P00024_08	sp|A0A0J9YX35|HV64D_HUMAN	67.677	99	121	117	1	97	20	117	9.98e-42	136	80
P00024_08	sp|P01764|HV323_HUMAN	68.687	99	121	117	1	97	20	117	4.37e-41	135	80
P00024_08	sp|P01763|HV348_HUMAN	67.677	99	121	117	1	97	20	117	1.11e-40	134	80
P00024_08	sp|P01784|HV01_CANLF	58.537	123	121	114	1	121	1	113	1.73e-40	133	100
P00024_08	sp|A0A0B4J1X5|HV374_HUMAN	67.677	99	121	117	1	97	20	117	1.96e-40	133	80
P00024_08	sp|A0A075B6Q5|HV364_HUMAN	66.667	99	121	118	1	97	21	118	6.58e-40	132	80
P00024_08	sp|P0DOX5|IGG1_HUMAN	60.976	123	121	449	1	121	1	118	4.37e-39	138	100
P00024_08	sp|P0DP04|HV43D_HUMAN	66.667	99	121	118	1	97	20	117	5.09e-39	130	80
P00024_08	sp|A0A0B4J1X8|HV343_HUMAN	66.667	99	121	118	1	97	20	117	6.20e-39	129	80
P00024_08	sp|P01786|HVM17_MOUSE	53.226	124	121	117	1	121	1	116	1.29e-38	129	100
P00024_08	sp|P01782|HV309_HUMAN	65.657	99	121	118	1	97	20	117	3.38e-38	127	80
P00024_08	sp|P01762|HV311_HUMAN	65.657	99	121	117	1	97	20	117	4.36e-38	127	80
P00024_08	sp|A0A0B4J1V1|HV321_HUMAN	65.657	99	121	117	1	97	20	117	5.19e-38	127	80
P00024_08	sp|P01788|HVM19_MOUSE	53.175	126	121	123	1	121	1	122	6.86e-38	127	100
P00024_08	sp|P01766|HV313_HUMAN	66.327	98	121	116	1	97	20	116	7.08e-38	127	80
P00025_00	sp|P01763|HV348_HUMAN	70.297	101	119	117	1	95	20	115	1.29e-38	129	80
P00025_00	sp|P01764|HV323_HUMAN	71.287	101	119	117	1	95	20	115	2.12e-38	128	80
P00025_00	sp|P01762|HV311_HUMAN	68.000	100	119	117	1	95	20	115	2.64e-38	128	80
P00025_00	sp|P01780|HV307_HUMAN	68.932	103	119	117	1	95	20	115	3.14e-38	127	80
P00025_00	sp|P0DP02|HVC33_HUMAN	71.287	101	119	117	1	95	20	115	4.66e-38	127	80
P00025_00	sp|A0A0C4DH42|HV366_HUMAN	69.307	101	119	116	1	95	20	114	5.04e-38	127	80
P00025_00	sp|P01767|HV353_HUMAN	70.000	100	119	116	1	95	20	114	7.81e-38	126	80
P00025_00	sp|P0DP03|HVC05_HUMAN	71.287	101	119	117	1	95	20	115	1.09e-37	126	80
P00025_00	sp|P01768|HV330_HUMAN	71.287	101	119	117	1	95	20	115	1.09e-37	126	80
P00025_00	sp|P01784|HV01_CANLF	59.504	121	119	114	1	119	1	113	1.20e-37	126	100
P00025_00	sp|P01772|HV333_HUMAN	71.287	101	119	117	1	95	20	115	1.81e-37	125	80
P00025_00	sp|P19181|HV05_CARAU	70.000	100	119	116	1	95	20	114	2.16e-37	125	80
P00025_00	sp|P01782|HV309_HUMAN	66.337	101	119	118	1	98	20	118	4.32e-37	125	82
P00025_00	sp|A0A0J9YX35|HV64D_HUMAN	69.307	101	119	117	1	95	20	115	5.34e-37	124	80
P00025_00	sp|A0A0C4DH35|HV335_HUMAN	68.367	98	119	117	1	95	20	115	8.45e-37	124	80
P00025_00	sp|P01785|HV02_CANLF	58.400	125	119	117	1	119	1	116	1.08e-36	124	100
P00025_00	sp|P01788|HVM19_MOUSE	54.032	124	119	123	1	119	1	122	1.33e-36	124	100
P00025_00	sp|P01787|HVM18_MOUSE	54.032	124	119	123	1	119	1	122	1.67e-36	123	100
P00025_00	sp|P01792|HVM23_MOUSE	54.032	124	119	123	1	119	1	122	1.99e-36	123	100
P00025_00	sp|A0A0C4DH32|HV320_HUMAN	66.327	98	119	117	1	95	20	115	2.10e-36	123	80
P00025_01	sp|P01764|HV323_HUMAN	69.307	101	119	117	1	95	20	115	1.62e-39	130	80
P00025_01	sp|P01784|HV01_CANLF	58.678	121	119	114	1	119	1	113	2.37e-39	130	100
P00025_01	sp|A0A0C4DH42|HV366_HUMAN	69.000	100	119	116	1	95	20	114	6.24e-39	129	80
P00025_01	sp|P01767|HV353_HUMAN	68.000	100	119	116	1	95	20	114	1.30e-38	128	80
P00025_01	sp|P01762|HV311_HUMAN	68.041	97	119	117	1	95	20	115	1.98e-38	128	80
P00025_01	sp|P19181|HV05_CARAU	68.000	100	119	116	1	95	20	114	3.71e-38	127	80
P00025_01	sp|P01780|HV307_HUMAN	67.327	101	119	117	1	95	20	115	4.76e-38	127	80
P00025_01	sp|P01763|HV348_HUMAN	66.337	101	119	117	1	95	20	115	8.50e-38	126	80
P00025_01	sp|P0DP02|HVC33_HUMAN	69.072	97	119	117	1	95	20	115	2.93e-37	125	80
P00025_01	sp|A0A0J9YX35|HV64D_HUMAN	66.337	101	119	117	1	95	20	115	2.93e-37	125	80
P00025_01	sp|P0DP03|HVC05_HUMAN	69.072	97	119	117	1	95	20	115	6.79e-37	124	80
P00025_01	sp|P01768|HV330_HUMAN	69.072	97	119	117	1	95	20	115	6.79e-37	124	80
P00025_01	sp|A0A0B4J1Y9|HV372_HUMAN	64.646	99	119	119	1	95	20	117	1.09e-36	124	80
P00025_01	sp|A0A0C4DH32|HV320_HUMAN	65.979	97	119	117	1	95	20	115	1.10e-36	124	80
P00025_01	sp|P0DTE1|HV383_HUMAN	67.327	101	119	115	1	97	20	115	1.29e-36	123	82
P00025_01	sp|P01772|HV333_HUMAN	67.327	101	119	117	1	95	20	115	1.61e-36	123	80
P00025_01	sp|A0A0C4DH36|HV338_HUMAN	68.687	99	119	116	1	95	20	113	2.37e-36	123	80
P00025_01	sp|A0A0B4J1V1|HV321_HUMAN	64.948	97	119	117	1	95	20	115	2.67e-36	122	80
P00025_01	sp|P01782|HV309_HUMAN	65.979	97	119	118	1	95	20	115	2.90e-36	122	80
P00025_01	sp|P01794|HVM25_MOUSE	52.846	123	119	123	1	119	1	122	3.55e-36	122	100
P00025_02	sp|P01764|HV323_HUMAN	69.307	101	119	117	1	95	20	115	1.25e-38	129	80
P00025_02	sp|A0A0C4DH42|HV366_HUMAN	69.000	100	119	116	1	95	20	114	1.86e-38	128	80
P00025_02	sp|P01784|HV01_CANLF	58.678	121	119	114	1	119	1	113	3.77e-38	127	100
P00025_02	sp|P01767|HV353_HUMAN	68.000	100	119	116	1	95	20	114	3.83e-38	127	80
P00025_02	sp|P01762|HV311_HUMAN	68.041	97	119	117	1	95	20	115	4.41e-38	127	80
P00025_02	sp|P01788|HVM19_MOUSE	52.846	123	119	123	1	119	1	122	7.17e-38	127	100
P00025_02	sp|P01782|HV309_HUMAN	65.049	103	119	118	1	98	20	118	7.43e-38	127	82
P00025_02	sp|A0A0C4DH32|HV320_HUMAN	67.010	97	119	117	1	95	20	115	9.80e-38	126	80
P00025_02	sp|P19181|HV05_CARAU	68.000	100	119	116	1	95	20	114	1.13e-37	126	80
P00025_02	sp|P01780|HV307_HUMAN	68.317	101	119	117	1	95	20	115	1.39e-37	126	80
P00025_02	sp|P01787|HVM18_MOUSE	52.846	123	119	123	1	119	1	122	4.40e-37	125	100
P00025_02	sp|P01792|HVM23_MOUSE	52.846	123	119	123	1	119	1	122	5.30e-37	124	100
P00025_02	sp|P0DP02|HVC33_HUMAN	68.000	100	119	117	1	95	20	115	9.03e-37	124	80
P00025_02	sp|P01763|HV348_HUMAN	66.000	100	119	117	1	95	20	115	1.27e-36	123	80
P00025_02	sp|P01789|HVM20_MOUSE	53.659	123	119	122	1	119	1	121	1.54e-36	123	100
P00025_02	sp|P01772|HV333_HUMAN	68.317	101	119	117	1	95	20	115	1.98e-36	123	80
P00025_02	sp|A0A0J9YX35|HV64D_HUMAN	66.337	101	119	117	1	95	20	115	2.39e-36	123	80
P00025_02	sp|P0DP03|HVC05_HUMAN	68.000	100	119	117	1	95	20	115	2.72e-36	122	80
P00025_02	sp|P01768|HV330_HUMAN	68.000	100	119	117	1	95	20	115	2.72e-36	122	80
P00025_02	sp|P0DP04|HV43D_HUMAN	64.078	103	119	118	1	98	20	118	3.34e-36	122	82
P00025_03	sp|P01764|HV323_HUMAN	68.317	101	119	117	1	95	20	115	1.25e-38	129	80
P00025_03	sp|P01784|HV01_CANLF	59.350	123	119	114	1	119	1	113	1.87e-38	128	100
P00025_03	sp|P01782|HV309_HUMAN	67.000	100	119	118	1	95	20	115	7.43e-38	127	80
P00025_03	sp|A0A0C4DH42|HV366_HUMAN	68.000	100	119	116	1	95	20	114	1.24e-37	126	80
P00025_03	sp|P0DP03|HVC05_HUMAN	68.317	101	119	117	1	95	20	115	1.89e-37	125	80
P00025_03	sp|P01768|HV330_HUMAN	68.317	101	119	117	1	95	20	115	1.89e-37	125	80
P00025_03	sp|P01772|HV333_HUMAN	68.317	101	119	117	1	95	20	115	2.06e-37	125	80
P00025_03	sp|A0A0C4DH32|HV320_HUMAN	65.979	97	119	117	1	95	20	115	2.57e-37	125	80
P00025_03	sp|P01767|HV353_HUMAN	67.000	100	119	116	1	95	20	114	2.69e-37	125	80
P00025_03	sp|A0A0J9YX35|HV64D_HUMAN	66.337	101	119	117	1	95	20	115	2.93e-37	125	80
P00025_03	sp|P01763|HV348_HUMAN	66.337	101	119	117	1	95	20	115	5.58e-37	124	80
P00025_03	sp|P0DP02|HVC33_HUMAN	67.327	101	119	117	1	95	20	115	7.33e-37	124	80
P00025_03	sp|P01780|HV307_HUMAN	66.337	101	119	117	1	95	20	115	7.41e-37	124	80
P00025_03	sp|P19181|HV05_CARAU	67.000	100	119	116	1	95	20	114	7.44e-37	124	80
P00025_03	sp|P0DP04|HV43D_HUMAN	65.347	101	119	118	1	95	20	115	9.61e-37	124	80
P00025_03	sp|P01799|HVM30_MOUSE	54.918	122	119	113	1	118	1	113	1.27e-36	123	99
P00025_03	sp|P01788|HVM19_MOUSE	52.033	123	119	123	1	119	1	122	1.36e-36	124	100
P00025_03	sp|P01785|HV02_CANLF	56.452	124	119	117	1	119	1	116	1.94e-36	123	100
P00025_03	sp|P01791|HVM22_MOUSE	52.846	123	119	123	1	119	1	122	1.95e-36	123	100
P00025_03	sp|A0A0B4J1V1|HV321_HUMAN	65.979	97	119	117	1	95	20	115	2.01e-36	123	80
P00025_04	sp|P01784|HV01_CANLF	59.504	121	119	114	1	119	1	113	4.05e-39	130	100
P00025_04	sp|P01764|HV323_HUMAN	69.307	101	119	117	1	95	20	115	1.34e-38	128	80
P00025_04	sp|A0A0C4DH42|HV366_HUMAN	69.000	100	119	116	1	95	20	114	1.05e-37	126	80
P00025_04	sp|P01772|HV333_HUMAN	69.307	101	119	117	1	95	20	115	1.14e-37	126	80
P00025_04	sp|P0DP03|HVC05_HUMAN	70.000	100	119	117	1	95	20	115	1.79e-37	125	80
P00025_04	sp|P01768|HV330_HUMAN	70.000	100	119	117	1	95	20	115	1.79e-37	125	80
P00025_04	sp|P01780|HV307_HUMAN	68.317	101	119	117	1	95	20	115	1.93e-37	125	80
P00025_04	sp|P01767|HV353_HUMAN	68.000	100	119	116	1	95	20	114	2.36e-37	125	80
P00025_04	sp|A0A0C4DH32|HV320_HUMAN	66.000	100	119	117	1	95	20	115	4.11e-37	125	80
P00025_04	sp|P01782|HV309_HUMAN	67.000	100	119	118	1	95	20	115	6.85e-37	124	80
P00025_04	sp|P19181|HV05_CARAU	68.000	100	119	116	1	95	20	114	6.96e-37	124	80
P00025_04	sp|P0DP02|HVC33_HUMAN	69.000	100	119	117	1	95	20	115	7.58e-37	124	80
P00025_04	sp|P01763|HV348_HUMAN	67.327	101	119	117	1	95	20	115	1.31e-36	123	80
P00025_04	sp|P01762|HV311_HUMAN	67.010	97	119	117	1	95	20	115	1.40e-36	123	80
P00025_04	sp|A0A0J9YX35|HV64D_HUMAN	66.337	101	119	117	1	95	20	115	2.17e-36	123	80
P00025_04	sp|P01788|HVM19_MOUSE	52.033	123	119	123	1	119	1	122	4.47e-36	122	100
P00025_04	sp|P01791|HVM22_MOUSE	52.846	123	119	123	1	119	1	122	6.63e-36	122	100
P00025_04	sp|P01785|HV02_CANLF	56.452	124	119	117	1	119	1	116	6.68e-36	122	100
P00025_04	sp|P01810|HVM40_MOUSE	54.839	124	119	119	1	119	1	117	1.17e-35	121	100
P00025_04	sp|A0A0B4J1V1|HV321_HUMAN	64.948	97	119	117	1	95	20	115	1.67e-35	120	80
P00025_05	sp|P01762|HV311_HUMAN	70.000	100	119	117	1	95	20	115	2.15e-39	130	80
P00025_05	sp|P01784|HV01_CANLF	60.331	121	119	114	1	119	1	113	4.37e-39	129	100
P00025_05	sp|P01764|HV323_HUMAN	72.277	101	119	117	1	95	20	115	1.74e-38	128	80
P00025_05	sp|P01780|HV307_HUMAN	69.903	103	119	117	1	95	20	115	2.12e-38	128	80
P00025_05	sp|A0A0C4DH42|HV366_HUMAN	71.000	100	119	116	1	95	20	114	3.36e-38	127	80
P00025_05	sp|P01767|HV353_HUMAN	71.000	100	119	116	1	95	20	114	5.38e-38	127	80
P00025_05	sp|A0A0C4DH32|HV320_HUMAN	69.697	99	119	117	1	95	20	115	1.60e-37	125	80
P00025_05	sp|P19181|HV05_CARAU	71.000	100	119	116	1	95	20	114	1.66e-37	125	80
P00025_05	sp|P0DP02|HVC33_HUMAN	71.287	101	119	117	1	95	20	115	2.08e-37	125	80
P00025_05	sp|P01763|HV348_HUMAN	69.307	101	119	117	1	95	20	115	2.33e-37	125	80
P00025_05	sp|P0DP03|HVC05_HUMAN	71.287	101	119	117	1	95	20	115	4.06e-37	125	80
P00025_05	sp|P01768|HV330_HUMAN	71.287	101	119	117	1	95	20	115	4.06e-37	125	80
P00025_05	sp|P01782|HV309_HUMAN	68.000	100	119	118	1	95	20	115	5.44e-37	124	80
P00025_05	sp|P01772|HV333_HUMAN	71.287	101	119	117	1	95	20	115	7.83e-37	124	80
P00025_05	sp|P0DTE1|HV383_HUMAN	69.307	101	119	115	1	97	20	115	2.11e-36	123	82
P00025_05	sp|A0A0J9YX35|HV64D_HUMAN	69.307	101	119	117	1	95	20	115	2.69e-36	122	80
P00025_05	sp|A0A0C4DH35|HV335_HUMAN	67.347	98	119	117	1	95	20	115	3.35e-36	122	80
P00025_05	sp|P01805|HVR01_RAT	55.814	129	119	142	1	119	20	141	5.06e-36	123	100
P00025_05	sp|A0A0C4DH36|HV338_HUMAN	69.697	99	119	116	1	95	20	113	7.39e-36	121	80
P00025_05	sp|A0A0B4J1X5|HV374_HUMAN	67.000	100	119	117	1	95	20	115	8.88e-36	121	80
P00025_06	sp|P01784|HV01_CANLF	60.163	123	119	114	1	119	1	113	9.76e-40	131	100
P00025_06	sp|A0A0C4DH42|HV366_HUMAN	69.792	96	119	116	1	95	20	114	1.21e-37	126	80
P00025_06	sp|P01764|HV323_HUMAN	69.388	98	119	117	1	95	20	115	2.00e-37	125	80
P00025_06	sp|P01762|HV311_HUMAN	67.327	101	119	117	1	95	20	115	3.97e-37	125	80
P00025_06	sp|P0DP03|HVC05_HUMAN	70.103	97	119	117	1	95	20	115	4.43e-37	124	80
P00025_06	sp|P01768|HV330_HUMAN	70.103	97	119	117	1	95	20	115	4.43e-37	124	80
P00025_06	sp|P01767|HV353_HUMAN	68.750	96	119	116	1	95	20	114	7.94e-37	124	80
P00025_06	sp|P01780|HV307_HUMAN	69.697	99	119	117	1	95	20	115	1.03e-36	124	80
P00025_06	sp|A0A0C4DH32|HV320_HUMAN	65.979	97	119	117	1	95	20	115	1.05e-36	124	80
P00025_06	sp|P01772|HV333_HUMAN	70.103	97	119	117	1	95	20	115	1.06e-36	124	80
P00025_06	sp|P0DP02|HVC33_HUMAN	69.072	97	119	117	1	95	20	115	1.63e-36	123	80
P00025_06	sp|P19181|HV05_CARAU	68.750	96	119	116	1	95	20	114	2.22e-36	123	80
P00025_06	sp|P01763|HV348_HUMAN	67.010	97	119	117	1	95	20	115	5.61e-36	122	80
P00025_06	sp|P01782|HV309_HUMAN	66.000	100	119	118	1	95	20	115	8.75e-36	121	80
P00025_06	sp|A0A0C4DH35|HV335_HUMAN	64.948	97	119	117	1	95	20	115	1.52e-35	120	80
P00025_06	sp|P01785|HV02_CANLF	56.667	120	119	117	1	119	1	116	1.52e-35	120	100
P00025_06	sp|P0DTE1|HV383_HUMAN	67.010	97	119	115	1	97	20	115	1.68e-35	120	82
P00025_06	sp|A0A0J9YX35|HV64D_HUMAN	65.979	97	119	117	1	95	20	115	1.89e-35	120	80
P00025_06	sp|A0A0C4DH36|HV338_HUMAN	68.421	95	119	116	1	95	20	113	2.31e-35	120	80
P00025_06	sp|P01788|HVM19_MOUSE	51.181	127	119	123	1	119	1	122	2.49e-35	120	100
P00025_07	sp|P01764|HV323_HUMAN	69.307	101	119	117	1	95	20	115	9.02e-39	129	80
P00025_07	sp|A0A0C4DH42|HV366_HUMAN	69.000	100	119	116	1	95	20	114	1.19e-38	129	80
P00025_07	sp|P01784|HV01_CANLF	58.678	121	119	114	1	119	1	113	2.46e-38	127	100
P00025_07	sp|P01767|HV353_HUMAN	68.000	100	119	116	1	95	20	114	2.82e-38	127	80
P00025_07	sp|P19181|HV05_CARAU	68.000	100	119	116	1	95	20	114	7.48e-38	126	80
P00025_07	sp|P01762|HV311_HUMAN	67.010	97	119	117	1	95	20	115	1.36e-37	126	80
P00025_07	sp|P01780|HV307_HUMAN	67.327	101	119	117	1	95	20	115	2.25e-37	125	80
P00025_07	sp|A0A0J9YX35|HV64D_HUMAN	66.337	101	119	117	1	95	20	115	1.53e-36	123	80
P00025_07	sp|P0DP02|HVC33_HUMAN	69.072	97	119	117	1	95	20	115	1.54e-36	123	80
P00025_07	sp|P01763|HV348_HUMAN	66.337	101	119	117	1	95	20	115	1.96e-36	123	80
P00025_07	sp|P01782|HV309_HUMAN	66.000	100	119	118	1	95	20	115	2.02e-36	123	80
P00025_07	sp|P0DP03|HVC05_HUMAN	69.072	97	119	117	1	95	20	115	3.39e-36	122	80
P00025_07	sp|P01768|HV330_HUMAN	69.072	97	119	117	1	95	20	115	3.39e-36	122	80
P00025_07	sp|P01788|HVM19_MOUSE	52.033	123	119	123	1	119	1	122	4.47e-36	122	100
P00025_07	sp|A0A0C4DH32|HV320_HUMAN	64.948	97	119	117	1	95	20	115	5.03e-36	122	80
P00025_07	sp|P01772|HV333_HUMAN	67.327	101	119	117	1	95	20	115	5.19e-36	122	80
P00025_07	sp|P01791|HVM22_MOUSE	52.846	123	119	123	1	119	1	122	6.00e-36	122	100
P00025_07	sp|P01794|HVM25_MOUSE	52.846	123	119	123	1	119	1	122	9.00e-36	121	100
P00025_07	sp|A0A0B4J1V1|HV321_HUMAN	64.948	97	119	117	1	95	20	115	1.09e-35	121	80
P00025_07	sp|P0DTE1|HV383_HUMAN	66.337	101	119	115	1	97	20	115	1.23e-35	121	82
P00025_08	sp|P01784|HV01_CANLF	60.331	121	119	114	1	119	1	113	2.61e-39	130	100
P00025_08	sp|A0A0C4DH32|HV320_HUMAN	67.010	97	119	117	1	95	20	115	2.81e-38	127	80
P00025_08	sp|P01780|HV307_HUMAN	70.103	97	119	117	1	95	20	115	4.22e-38	127	80
P00025_08	sp|P01764|HV323_HUMAN	67.961	103	119	117	1	95	20	115	4.97e-38	127	80
P00025_08	sp|P0DP02|HVC33_HUMAN	71.134	97	119	117	1	95	20	115	6.05e-38	127	80
P00025_08	sp|P01782|HV309_HUMAN	66.000	100	119	118	1	98	20	118	6.24e-38	127	82
P00025_08	sp|P01762|HV311_HUMAN	68.041	97	119	117	1	95	20	115	6.98e-38	127	80
P00025_08	sp|P0DP03|HVC05_HUMAN	71.134	97	119	117	1	95	20	115	1.26e-37	126	80
P00025_08	sp|P01768|HV330_HUMAN	71.134	97	119	117	1	95	20	115	1.26e-37	126	80
P00025_08	sp|A0A0C4DH42|HV366_HUMAN	70.103	97	119	116	1	95	20	114	1.92e-37	125	80
P00025_08	sp|P01772|HV333_HUMAN	71.134	97	119	117	1	95	20	115	3.06e-37	125	80
P00025_08	sp|P01767|HV353_HUMAN	65.686	102	119	116	1	95	20	114	3.42e-37	125	80
P00025_08	sp|P01811|HVM41_MOUSE	55.372	121	119	117	1	119	1	116	1.05e-36	124	100
P00025_08	sp|A0A0B4J1X5|HV374_HUMAN	68.041	97	119	117	1	95	20	115	1.06e-36	124	80
P00025_08	sp|P19181|HV05_CARAU	65.686	102	119	116	1	95	20	114	1.07e-36	124	80
P00025_08	sp|P01763|HV348_HUMAN	67.347	98	119	117	1	95	20	115	2.19e-36	123	80
P00025_08	sp|A0A0J9YX35|HV64D_HUMAN	67.010	97	119	117	1	95	20	115	3.25e-36	122	80
P00025_08	sp|P01810|HVM40_MOUSE	57.377	122	119	119	1	119	1	117	3.26e-36	122	100
P00025_08	sp|A0A0C4DH35|HV335_HUMAN	65.979	97	119	117	1	95	20	115	3.66e-36	122	80
P00025_08	sp|P0DP04|HV43D_HUMAN	65.000	100	119	118	1	98	20	118	4.39e-36	122	82
P00026_00	sp|P0DP02|HVC33_HUMAN	74.490	98	119	117	1	95	20	115	6.70e-41	134	80
P00026_00	sp|P01784|HV01_CANLF	60.656	122	119	114	1	119	1	113	1.39e-40	133	100
P00026_00	sp|P0DP03|HVC05_HUMAN	74.490	98	119	117	1	95	20	115	1.70e-40	133	80
P00026_00	sp|P01768|HV330_HUMAN	74.490	98	119	117	1	95	20	115	1.70e-40	133	80
P00026_00	sp|P01782|HV309_HUMAN	71.717	99	119	118	1	95	20	115	3.06e-40	132	80
P00026_00	sp|P01772|HV333_HUMAN	74.490	98	119	117	1	95	20	115	1.15e-39	131	80
P00026_00	sp|P01780|HV307_HUMAN	71.000	100	119	117	1	95	20	115	2.48e-39	130	80
P00026_00	sp|P01764|HV323_HUMAN	73.000	100	119	117	1	95	20	115	3.09e-39	130	80
P00026_00	sp|P0DP04|HV43D_HUMAN	70.408	98	119	118	1	95	20	115	7.55e-39	129	80
P00026_00	sp|A0A0J9YX35|HV64D_HUMAN	70.408	98	119	117	1	95	20	115	1.06e-38	129	80
P00026_00	sp|A0A0B4J1X5|HV374_HUMAN	70.297	101	119	117	1	95	20	115	1.41e-38	128	80
P00026_00	sp|A0A0C4DH35|HV335_HUMAN	69.388	98	119	117	1	95	20	115	1.66e-38	128	80
P00026_00	sp|A0A0B4J1X8|HV343_HUMAN	69.072	97	119	118	1	95	20	115	1.98e-38	128	80
P00026_00	sp|A0A0C4DH32|HV320_HUMAN	68.687	99	119	117	1	95	20	115	4.97e-38	127	80
P00026_00	sp|A0A0C4DH42|HV366_HUMAN	72.165	97	119	116	1	95	20	114	8.91e-38	126	80
P00026_00	sp|P01763|HV348_HUMAN	70.707	99	119	117	1	95	20	115	1.39e-37	126	80
P00026_00	sp|P0DOX5|IGG1_HUMAN	61.157	121	119	449	1	119	1	118	1.64e-37	134	100
P00026_00	sp|P01767|HV353_HUMAN	71.134	97	119	116	1	95	20	114	2.14e-37	125	80
P00026_00	sp|P19181|HV05_CARAU	71.134	97	119	116	1	95	20	114	5.18e-37	124	80
P00026_00	sp|A0A075B6Q5|HV364_HUMAN	69.697	99	119	118	1	95	21	116	5.81e-37	124	80
P00026_01	sp|P0DP02|HVC33_HUMAN	74.490	98	119	117	1	95	20	115	6.77e-41	134	80
P00026_01	sp|P0DP03|HVC05_HUMAN	74.490	98	119	117	1	95	20	115	1.61e-40	133	80
P00026_01	sp|P01768|HV330_HUMAN	74.490	98	119	117	1	95	20	115	1.61e-40	133	80
P00026_01	sp|P01782|HV309_HUMAN	71.717	99	119	118	1	95	20	115	3.20e-40	132	80
P00026_01	sp|P01784|HV01_CANLF	59.836	122	119	114	1	119	1	113	5.46e-40	132	100
P00026_01	sp|P01772|HV333_HUMAN	74.490	98	119	117	1	95	20	115	1.14e-39	131	80
P00026_01	sp|P01780|HV307_HUMAN	71.000	100	119	117	1	95	20	115	2.22e-39	130	80
P00026_01	sp|P01764|HV323_HUMAN	73.000	100	119	117	1	95	20	115	2.80e-39	130	80
P00026_01	sp|P0DP04|HV43D_HUMAN	70.408	98	119	118	1	95	20	115	7.07e-39	129	80
P00026_01	sp|A0A0J9YX35|HV64D_HUMAN	70.408	98	119	117	1	95	20	115	9.63e-39	129	80
P00026_01	sp|A0A0B4J1X5|HV374_HUMAN	70.297	101	119	117	1	95	20	115	1.32e-38	128	80
P00026_01	sp|A0A0B4J1X8|HV343_HUMAN	69.072	97	119	118	1	95	20	115	1.70e-38	128	80
P00026_01	sp|A0A0C4DH35|HV335_HUMAN	69.388	98	119	117	1	95	20	115	1.96e-38	128	80
P00026_01	sp|A0A0C4DH32|HV320_HUMAN	68.687	99	119	117	1	95	20	115	5.14e-38	127	80
P00026_01	sp|A0A0C4DH42|HV366_HUMAN	72.165	97	119	116	1	95	20	114	8.25e-38	126	80
P00026_01	sp|P01763|HV348_HUMAN	70.707	99	119	117	1	95	20	115	1.30e-37	126	80
P00026_01	sp|P01807|HVM37_MOUSE	56.000	125	119	119	1	119	1	117	1.40e-37	126	100
P00026_01	sp|P0DOX5|IGG1_HUMAN	61.157	121	119	449	1	119	1	118	1.41e-37	134	100
P00026_01	sp|P01767|HV353_HUMAN	71.134	97	119	116	1	95	20	114	1.89e-37	125	80
P00026_01	sp|P01810|HVM40_MOUSE	56.000	125	119	119	1	119	1	117	3.32e-37	125	100
P00026_02	sp|P0DP02|HVC33_HUMAN	73.469	98	119	117	1	95	20	115	1.42e-39	131	80
P00026_02	sp|P0DP03|HVC05_HUMAN	73.469	98	119	117	1	95	20	115	3.33e-39	130	80
P00026_02	sp|P01768|HV330_HUMAN	73.469	98	119	117	1	95	20	115	3.33e-39	130	80
P00026_02	sp|P01782|HV309_HUMAN	68.627	102	119	118	1	98	20	118	3.83e-39	130	82
P00026_02	sp|P01780|HV307_HUMAN	71.000	100	119	117	1	95	20	115	7.91e-39	129	80
P00026_02	sp|P01772|HV333_HUMAN	73.469	98	119	117	1	95	20	115	1.54e-38	128	80
P00026_02	sp|P01764|HV323_HUMAN	73.000	100	119	117	1	95	20	115	1.84e-38	128	80
P00026_02	sp|P01784|HV01_CANLF	59.836	122	119	114	1	119	1	113	2.23e-38	128	100
P00026_02	sp|P0DOX5|IGG1_HUMAN	61.475	122	119	449	1	119	1	118	3.24e-38	136	100
P00026_02	sp|P0DP04|HV43D_HUMAN	67.327	101	119	118	1	98	20	118	6.81e-38	127	82
P00026_02	sp|A0A0C4DH35|HV335_HUMAN	69.388	98	119	117	1	95	20	115	8.78e-38	126	80
P00026_02	sp|A0A0J9YX35|HV64D_HUMAN	69.388	98	119	117	1	95	20	115	2.11e-37	125	80
P00026_02	sp|A0A0B4J1X8|HV343_HUMAN	66.337	101	119	118	1	98	20	118	2.70e-37	125	82
P00026_02	sp|A0A0C4DH32|HV320_HUMAN	68.687	99	119	117	1	95	20	115	3.19e-37	125	80
P00026_02	sp|A0A0C4DH42|HV366_HUMAN	72.165	97	119	116	1	95	20	114	3.53e-37	125	80
P00026_02	sp|A0A0B4J1X5|HV374_HUMAN	69.307	101	119	117	1	95	20	115	4.58e-37	124	80
P00026_02	sp|P01767|HV353_HUMAN	71.134	97	119	116	1	95	20	114	7.60e-37	124	80
P00026_02	sp|P01763|HV348_HUMAN	70.408	98	119	117	1	95	20	115	1.76e-36	123	80
P00026_02	sp|P19181|HV05_CARAU	71.134	97	119	116	1	95	20	114	2.08e-36	123	80
P00026_02	sp|P01785|HV02_CANLF	59.016	122	119	117	1	119	1	116	3.66e-36	122	100
P00026_03	sp|P0DP02|HVC33_HUMAN	74.490	98	119	117	1	95	20	115	9.10e-41	134	80
P00026_03	sp|P01782|HV309_HUMAN	71.287	101	119	118	1	95	20	115	1.18e-40	134	80
P00026_03	sp|P0DP03|HVC05_HUMAN	74.490	98	119	117	1	95	20	115	1.96e-40	133	80
P00026_03	sp|P01768|HV330_HUMAN	74.490	98	119	117	1	95	20	115	1.96e-40	133	80
P00026_03	sp|P01784|HV01_CANLF	62.295	122	119	114	1	119	1	113	5.17e-40	132	100
P00026_03	sp|P01772|HV333_HUMAN	74.490	98	119	117	1	95	20	115	1.39e-39	131	80
P00026_03	sp|P01780|HV307_HUMAN	71.000	100	119	117	1	95	20	115	2.13e-39	130	80
P00026_03	sp|P0DP04|HV43D_HUMAN	70.000	100	119	118	1	95	20	115	2.88e-39	130	80
P00026_03	sp|P01764|HV323_HUMAN	73.000	100	119	117	1	95	20	115	3.84e-39	130	80
P00026_03	sp|A0A0J9YX35|HV64D_HUMAN	70.408	98	119	117	1	95	20	115	1.02e-38	129	80
P00026_03	sp|A0A0C4DH32|HV320_HUMAN	71.000	100	119	117	1	95	20	115	1.16e-38	129	80
P00026_03	sp|A0A0B4J1X5|HV374_HUMAN	70.297	101	119	117	1	95	20	115	1.20e-38	129	80
P00026_03	sp|A0A0B4J1X8|HV343_HUMAN	69.000	100	119	118	1	95	20	115	1.24e-38	129	80
P00026_03	sp|A0A0C4DH35|HV335_HUMAN	69.388	98	119	117	1	95	20	115	2.42e-38	128	80
P00026_03	sp|P0DOX5|IGG1_HUMAN	62.295	122	119	449	1	119	1	118	1.05e-37	135	100
P00026_03	sp|A0A0C4DH42|HV366_HUMAN	72.165	97	119	116	1	95	20	114	1.10e-37	126	80
P00026_03	sp|P01763|HV348_HUMAN	70.408	98	119	117	1	95	20	115	1.36e-37	126	80
P00026_03	sp|P01767|HV353_HUMAN	71.134	97	119	116	1	95	20	114	2.26e-37	125	80
P00026_03	sp|A0A075B6Q5|HV364_HUMAN	69.697	99	119	118	1	95	21	116	5.38e-37	124	80
P00026_03	sp|P19181|HV05_CARAU	71.134	97	119	116	1	95	20	114	7.12e-37	124	80
P00026_04	sp|P01782|HV309_HUMAN	68.317	101	119	118	1	98	20	118	2.58e-41	135	82
P00026_04	sp|P01784|HV01_CANLF	60.331	121	119	114	1	119	1	113	2.83e-40	132	100
P00026_04	sp|A0A0B4J1X8|HV343_HUMAN	67.000	100	119	118	1	98	20	118	1.08e-39	131	82
P00026_04	sp|P0DP04|HV43D_HUMAN	67.000	100	119	118	1	98	20	118	1.27e-39	131	82
P00026_04	sp|P0DP02|HVC33_HUMAN	71.134	97	119	117	1	95	20	115	1.62e-39	130	80
P00026_04	sp|A0A0J9YX35|HV64D_HUMAN	69.697	99	119	117	1	95	20	115	1.62e-39	130	80
P00026_04	sp|P01764|HV323_HUMAN	69.307	101	119	117	1	97	20	117	2.27e-39	130	82
P00026_04	sp|P0DP03|HVC05_HUMAN	71.134	97	119	117	1	95	20	115	5.34e-39	129	80
P00026_04	sp|P01768|HV330_HUMAN	71.134	97	119	117	1	95	20	115	5.34e-39	129	80
P00026_04	sp|A0A0C4DH32|HV320_HUMAN	68.367	98	119	117	1	95	20	115	1.03e-38	129	80
P00026_04	sp|P01772|HV333_HUMAN	71.429	98	119	117	1	95	20	115	1.29e-38	129	80
P00026_04	sp|P0DOX5|IGG1_HUMAN	61.983	121	119	449	1	119	1	118	1.30e-38	137	100
P00026_04	sp|P01780|HV307_HUMAN	69.072	97	119	117	1	95	20	115	1.00e-37	126	80
P00026_04	sp|A0A075B6Q5|HV364_HUMAN	68.687	99	119	118	1	95	21	116	1.18e-37	126	80
P00026_04	sp|A0A0C4DH42|HV366_HUMAN	69.792	96	119	116	1	95	20	114	1.83e-37	125	80
P00026_04	sp|A0A0C4DH35|HV335_HUMAN	67.010	97	119	117	1	95	20	115	2.99e-37	125	80
P00026_04	sp|P01767|HV353_HUMAN	68.367	98	119	116	1	95	20	114	3.46e-37	125	80
P00026_04	sp|P01763|HV348_HUMAN	68.041	97	119	117	1	95	20	115	3.60e-37	125	80
P00026_04	sp|P19181|HV05_CARAU	68.367	98	119	116	1	95	20	114	9.56e-37	124	80
P00026_04	sp|P01785|HV02_CANLF	55.833	120	119	117	1	119	1	116	9.85e-37	124	100
P00026_05	sp|P01784|HV01_CANLF	62.295	122	119	114	1	119	1	113	3.86e-41	135	100
P00026_05	sp|P01782|HV309_HUMAN	71.429	98	119	118	1	95	20	115	4.22e-41	135	80
P00026_05	sp|P0DP02|HVC33_HUMAN	73.469	98	119	117	1	95	20	115	8.71e-41	134	80
P00026_05	sp|P0DP03|HVC05_HUMAN	73.469	98	119	117	1	95	20	115	2.66e-40	133	80
P00026_05	sp|P01768|HV330_HUMAN	73.469	98	119	117	1	95	20	115	2.66e-40	133	80
P00026_05	sp|A0A0B4J1X8|HV343_HUMAN	70.103	97	119	118	1	95	20	115	7.34e-40	132	80
P00026_05	sp|P0DP04|HV43D_HUMAN	70.103	97	119	118	1	95	20	115	1.01e-39	131	80
P00026_05	sp|P01772|HV333_HUMAN	73.469	98	119	117	1	95	20	115	1.91e-39	130	80
P00026_05	sp|P01764|HV323_HUMAN	71.717	99	119	117	1	95	20	115	3.93e-39	130	80
P00026_05	sp|A0A0C4DH32|HV320_HUMAN	68.367	98	119	117	1	95	20	115	5.51e-39	129	80
P00026_05	sp|P01780|HV307_HUMAN	71.134	97	119	117	1	95	20	115	8.36e-39	129	80
P00026_05	sp|A0A0J9YX35|HV64D_HUMAN	69.072	97	119	117	1	95	20	115	1.23e-38	129	80
P00026_05	sp|A0A0B4J1X5|HV374_HUMAN	70.408	98	119	117	1	95	20	115	3.74e-38	127	80
P00026_05	sp|A0A0C4DH35|HV335_HUMAN	68.041	97	119	117	1	95	20	115	4.56e-38	127	80
P00026_05	sp|A0A0C4DH42|HV366_HUMAN	70.833	96	119	116	1	95	20	114	1.57e-37	125	80
P00026_05	sp|P01763|HV348_HUMAN	69.388	98	119	117	1	95	20	115	2.18e-37	125	80
P00026_05	sp|P01767|HV353_HUMAN	69.792	96	119	116	1	95	20	114	3.57e-37	125	80
P00026_05	sp|P0DOX5|IGG1_HUMAN	61.157	121	119	449	1	119	1	118	3.85e-37	133	100
P00026_05	sp|A0A075B6Q5|HV364_HUMAN	68.367	98	119	118	1	95	21	116	5.15e-37	124	80
P00026_05	sp|P19181|HV05_CARAU	69.792	96	119	116	1	95	20	114	9.05e-37	124	80
P00026_06	sp|P01782|HV309_HUMAN	71.429	98	119	118	1	95	20	115	4.55e-41	135	80
P00026_06	sp|P0DP02|HVC33_HUMAN	73.469	98	119	117	1	95	20	115	9.93e-41	134	80
P00026_06	sp|P0DP03|HVC05_HUMAN	73.469	98	119	117	1	95	20	115	3.03e-40	132	80
P00026_06	sp|P01768|HV330_HUMAN	73.469	98	119	117	1	95	20	115	3.03e-40	132	80
P00026_06	sp|P01784|HV01_CANLF	60.656	122	119	114	1	119	1	113	3.26e-40	132	100
P00026_06	sp|A0A0B4J1X8|HV343_HUMAN	70.103	97	119	118	1	95	20	115	8.75e-40	131	80
P00026_06	sp|P0DP04|HV43D_HUMAN	70.103	97	119	118	1	95	20	115	1.08e-39	131	80
P00026_06	sp|P01772|HV333_HUMAN	73.469	98	119	117	1	95	20	115	1.26e-39	131	80
P00026_06	sp|P01764|HV323_HUMAN	71.717	99	119	117	1	95	20	115	5.45e-39	129	80
P00026_06	sp|P01780|HV307_HUMAN	71.134	97	119	117	1	95	20	115	5.51e-39	129	80
P00026_06	sp|A0A0C4DH32|HV320_HUMAN	68.367	98	119	117	1	95	20	115	9.74e-39	129	80
P00026_06	sp|A0A0J9YX35|HV64D_HUMAN	69.388	98	119	117	1	95	20	115	1.61e-38	128	80
P00026_06	sp|A0A0C4DH35|HV335_HUMAN	68.041	97	119	117	1	95	20	115	4.92e-38	127	80
P00026_06	sp|A0A0B4J1X5|HV374_HUMAN	70.408	98	119	117	1	95	20	115	8.69e-38	126	80
P00026_06	sp|A0A0C4DH42|HV366_HUMAN	70.833	96	119	116	1	95	20	114	1.46e-37	126	80
P00026_06	sp|P0DOX5|IGG1_HUMAN	61.157	121	119	449	1	119	1	118	2.12e-37	134	100
P00026_06	sp|P01763|HV348_HUMAN	69.388	98	119	117	1	95	20	115	2.74e-37	125	80
P00026_06	sp|P01767|HV353_HUMAN	69.792	96	119	116	1	95	20	114	3.31e-37	125	80
P00026_06	sp|A0A075B6Q5|HV364_HUMAN	68.367	98	119	118	1	95	21	116	6.27e-37	124	80
P00026_06	sp|P19181|HV05_CARAU	69.792	96	119	116	1	95	20	114	7.04e-37	124	80
P00026_07	sp|P01782|HV309_HUMAN	70.408	98	119	118	1	95	20	115	5.25e-41	134	80
P00026_07	sp|P01784|HV01_CANLF	60.331	121	119	114	1	119	1	113	6.44e-40	132	100
P00026_07	sp|A0A0J9YX35|HV64D_HUMAN	69.697	99	119	117	1	95	20	115	1.58e-39	131	80
P00026_07	sp|P0DP02|HVC33_HUMAN	71.134	97	119	117	1	95	20	115	2.01e-39	130	80
P00026_07	sp|P01764|HV323_HUMAN	70.707	99	119	117	1	95	20	115	2.48e-39	130	80
P00026_07	sp|A0A0B4J1X8|HV343_HUMAN	69.072	97	119	118	1	95	20	115	2.56e-39	130	80
P00026_07	sp|P0DP04|HV43D_HUMAN	69.072	97	119	118	1	95	20	115	3.67e-39	130	80
P00026_07	sp|P0DP03|HVC05_HUMAN	71.134	97	119	117	1	95	20	115	5.76e-39	129	80
P00026_07	sp|P01768|HV330_HUMAN	71.134	97	119	117	1	95	20	115	5.76e-39	129	80
P00026_07	sp|A0A0C4DH32|HV320_HUMAN	68.367	98	119	117	1	95	20	115	1.11e-38	129	80
P00026_07	sp|P01772|HV333_HUMAN	71.429	98	119	117	1	95	20	115	1.19e-38	129	80
P00026_07	sp|P0DOX5|IGG1_HUMAN	61.983	121	119	449	1	119	1	118	2.47e-38	136	100
P00026_07	sp|P01780|HV307_HUMAN	69.072	97	119	117	1	95	20	115	9.91e-38	126	80
P00026_07	sp|A0A075B6Q5|HV364_HUMAN	68.687	99	119	118	1	95	21	116	1.14e-37	126	80
P00026_07	sp|A0A0C4DH42|HV366_HUMAN	69.792	96	119	116	1	95	20	114	2.07e-37	125	80
P00026_07	sp|P01767|HV353_HUMAN	68.367	98	119	116	1	95	20	114	3.13e-37	125	80
P00026_07	sp|A0A0C4DH35|HV335_HUMAN	67.010	97	119	117	1	95	20	115	3.26e-37	125	80
P00026_07	sp|P01763|HV348_HUMAN	68.041	97	119	117	1	95	20	115	3.64e-37	125	80
P00026_07	sp|P19181|HV05_CARAU	68.367	98	119	116	1	95	20	114	9.56e-37	124	80
P00026_07	sp|A0A0B4J1X5|HV374_HUMAN	68.367	98	119	117	1	95	20	115	1.51e-36	123	80
P00026_08	sp|P01782|HV309_HUMAN	71.429	98	119	118	1	95	20	115	3.07e-41	135	80
P00026_08	sp|P0DP02|HVC33_HUMAN	73.196	97	119	117	1	95	20	115	6.92e-41	134	80
P00026_08	sp|P01784|HV01_CANLF	60.656	122	119	114	1	119	1	113	1.10e-40	134	100
P00026_08	sp|P0DP03|HVC05_HUMAN	73.196	97	119	117	1	95	20	115	2.00e-40	133	80
P00026_08	sp|P01768|HV330_HUMAN	73.196	97	119	117	1	95	20	115	2.00e-40	133	80
P00026_08	sp|A0A0B4J1X8|HV343_HUMAN	70.103	97	119	118	1	95	20	115	4.69e-40	132	80
P00026_08	sp|P0DP04|HV43D_HUMAN	70.103	97	119	118	1	95	20	115	5.40e-40	132	80
P00026_08	sp|P01772|HV333_HUMAN	73.196	97	119	117	1	95	20	115	8.77e-40	131	80
P00026_08	sp|P01764|HV323_HUMAN	71.717	99	119	117	1	95	20	115	4.33e-39	130	80
P00026_08	sp|P01780|HV307_HUMAN	71.134	97	119	117	1	95	20	115	4.94e-39	129	80
P00026_08	sp|A0A0C4DH32|HV320_HUMAN	68.367	98	119	117	1	95	20	115	7.91e-39	129	80
P00026_08	sp|A0A0J9YX35|HV64D_HUMAN	69.072	97	119	117	1	95	20	115	1.25e-38	129	80
P00026_08	sp|A0A0C4DH35|HV335_HUMAN	68.041	97	119	117	1	95	20	115	3.87e-38	127	80
P00026_08	sp|A0A0B4J1X5|HV374_HUMAN	70.408	98	119	117	1	95	20	115	6.47e-38	127	80
P00026_08	sp|P0DOX5|IGG1_HUMAN	61.983	121	119	449	1	119	1	118	9.11e-38	135	100
P00026_08	sp|A0A0C4DH42|HV366_HUMAN	70.833	96	119	116	1	95	20	114	1.17e-37	126	80
P00026_08	sp|P01767|HV353_HUMAN	69.792	96	119	116	1	95	20	114	2.44e-37	125	80
P00026_08	sp|P01763|HV348_HUMAN	69.072	97	119	117	1	95	20	115	2.51e-37	125	80
P00026_08	sp|A0A075B6Q5|HV364_HUMAN	68.367	98	119	118	1	95	21	116	5.87e-37	124	80
P00026_08	sp|P19181|HV05_CARAU	69.792	96	119	116	1	95	20	114	6.52e-37	124	80
P00027_00	sp|P01784|HV01_CANLF	59.200	125	125	114	1	125	1	113	1.92e-39	130	100
P00027_00	sp|A0A0C4DH36|HV338_HUMAN	67.000	100	125	116	1	100	20	116	6.41e-38	127	80
P00027_00	sp|P0DTE1|HV383_HUMAN	69.072	97	125	115	1	97	20	113	6.42e-38	127	78
P00027_00	sp|P01767|HV353_HUMAN	69.072	97	125	116	1	97	20	114	7.63e-38	127	78
P00027_00	sp|P01763|HV348_HUMAN	68.687	99	125	117	1	98	20	116	7.69e-38	127	78
P00027_00	sp|P01764|HV323_HUMAN	70.000	100	125	117	1	99	20	117	8.40e-38	127	79
P00027_00	sp|P19181|HV05_CARAU	69.072	97	125	116	1	97	20	114	1.68e-37	126	78
P00027_00	sp|P01780|HV307_HUMAN	67.347	98	125	117	1	98	20	116	3.72e-37	125	78
P00027_00	sp|A0A0C4DH42|HV366_HUMAN	69.072	97	125	116	1	97	20	114	3.77e-37	125	78
P00027_00	sp|P0DP02|HVC33_HUMAN	69.697	99	125	117	1	98	20	116	9.73e-37	124	78
P00027_00	sp|A0A0J9YX35|HV64D_HUMAN	68.000	100	125	117	1	98	20	116	1.00e-36	124	78
P00027_00	sp|P0DP03|HVC05_HUMAN	70.297	101	125	117	1	99	20	117	1.44e-36	124	79
P00027_00	sp|P01768|HV330_HUMAN	70.297	101	125	117	1	99	20	117	1.44e-36	124	79
P00027_00	sp|P01772|HV333_HUMAN	69.608	102	125	117	1	98	20	116	2.69e-36	123	78
P00027_00	sp|P01807|HVM37_MOUSE	54.400	125	125	119	1	125	1	117	3.71e-36	122	100
P00027_00	sp|P01789|HVM20_MOUSE	55.385	130	125	122	1	125	1	121	4.14e-36	122	100
P00027_00	sp|A0A0B4J1V1|HV321_HUMAN	66.327	98	125	117	1	98	20	116	6.10e-36	122	78
P00027_00	sp|A0A0B4J1X5|HV374_HUMAN	67.677	99	125	117	1	98	20	116	1.04e-35	121	78
P00027_00	sp|P01808|HVM38_MOUSE	54.400	125	125	119	1	125	1	117	1.41e-35	121	100
P00027_00	sp|P01762|HV311_HUMAN	65.347	101	125	117	1	98	20	116	1.60e-35	121	78
P00027_01	sp|A0A0C4DH36|HV338_HUMAN	68.000	100	125	116	1	100	20	116	2.95e-38	128	80
P00027_01	sp|P01780|HV307_HUMAN	68.687	99	125	117	1	99	20	117	3.17e-38	128	79
P00027_01	sp|P01764|HV323_HUMAN	71.000	100	125	117	1	99	20	117	4.04e-38	127	79
P00027_01	sp|P01763|HV348_HUMAN	69.000	100	125	117	1	99	20	117	4.97e-38	127	79
P00027_01	sp|P0DTE1|HV383_HUMAN	70.103	97	125	115	1	97	20	113	5.45e-38	127	78
P00027_01	sp|P01767|HV353_HUMAN	70.103	97	125	116	1	97	20	114	6.62e-38	127	78
P00027_01	sp|P01784|HV01_CANLF	57.600	125	125	114	1	125	1	113	9.76e-38	126	100
P00027_01	sp|P19181|HV05_CARAU	68.687	99	125	116	1	99	20	116	2.11e-37	125	79
P00027_01	sp|A0A0C4DH42|HV366_HUMAN	68.687	99	125	116	1	99	20	116	3.69e-37	125	79
P00027_01	sp|A0A0J9YX35|HV64D_HUMAN	68.317	101	125	117	1	99	20	117	5.21e-37	125	79
P00027_01	sp|P0DP02|HVC33_HUMAN	70.000	100	125	117	1	99	20	117	1.00e-36	124	79
P00027_01	sp|P0DP03|HVC05_HUMAN	69.608	102	125	117	1	99	20	117	1.38e-36	124	79
P00027_01	sp|P01768|HV330_HUMAN	69.608	102	125	117	1	99	20	117	1.38e-36	124	79
P00027_01	sp|P01793|HVM24_MOUSE	57.364	129	125	123	1	125	1	122	1.65e-36	124	100
P00027_01	sp|P01789|HVM20_MOUSE	57.364	129	125	122	1	125	1	121	1.97e-36	123	100
P00027_01	sp|A0A0B4J1X5|HV374_HUMAN	68.000	100	125	117	1	99	20	117	5.72e-36	122	79
P00027_01	sp|A0A0B4J1V1|HV321_HUMAN	66.667	99	125	117	1	99	20	117	5.84e-36	122	79
P00027_01	sp|P01772|HV333_HUMAN	69.608	102	125	117	1	99	20	117	6.88e-36	122	79
P00027_01	sp|P01790|HVM21_MOUSE	56.589	129	125	122	1	125	1	121	7.98e-36	122	100
P00027_01	sp|P01785|HV02_CANLF	54.762	126	125	117	1	125	1	116	8.75e-36	122	100
P00027_02	sp|P01784|HV01_CANLF	57.600	125	125	114	1	125	1	113	1.10e-39	131	100
P00027_02	sp|P0DTE1|HV383_HUMAN	70.103	97	125	115	1	97	20	113	1.97e-38	128	78
P00027_02	sp|P01767|HV353_HUMAN	70.103	97	125	116	1	97	20	114	1.99e-38	128	78
P00027_02	sp|A0A0C4DH36|HV338_HUMAN	70.103	97	125	116	1	97	20	113	2.70e-38	128	78
P00027_02	sp|P19181|HV05_CARAU	70.103	97	125	116	1	97	20	114	4.98e-38	127	78
P00027_02	sp|P01764|HV323_HUMAN	71.717	99	125	117	1	98	20	116	5.48e-38	127	78
P00027_02	sp|P01763|HV348_HUMAN	69.697	99	125	117	1	98	20	116	5.60e-38	127	78
P00027_02	sp|A0A0C4DH42|HV366_HUMAN	70.103	97	125	116	1	97	20	114	1.14e-37	126	78
P00027_02	sp|P01780|HV307_HUMAN	68.367	98	125	117	1	98	20	116	2.20e-37	125	78
P00027_02	sp|P01807|HVM37_MOUSE	57.600	125	125	119	1	125	1	117	3.20e-37	125	100
P00027_02	sp|P0DP03|HVC05_HUMAN	72.000	100	125	117	1	98	20	116	3.26e-37	125	78
P00027_02	sp|P01768|HV330_HUMAN	72.000	100	125	117	1	98	20	116	3.26e-37	125	78
P00027_02	sp|P0DP02|HVC33_HUMAN	70.707	99	125	117	1	98	20	116	5.69e-37	124	78
P00027_02	sp|P01772|HV333_HUMAN	70.588	102	125	117	1	98	20	116	5.75e-37	124	78
P00027_02	sp|A0A0J9YX35|HV64D_HUMAN	69.000	100	125	117	1	98	20	116	7.16e-37	124	78
P00027_02	sp|A0A0B4J1V1|HV321_HUMAN	67.347	98	125	117	1	98	20	116	3.73e-36	122	78
P00027_02	sp|P01785|HV02_CANLF	55.556	126	125	117	1	125	1	116	6.52e-36	122	100
P00027_02	sp|A0A0B4J1X5|HV374_HUMAN	69.388	98	125	117	1	97	20	115	6.73e-36	122	78
P00027_02	sp|P01789|HVM20_MOUSE	57.031	128	125	122	1	125	1	121	8.43e-36	122	100
P00027_02	sp|P01791|HVM22_MOUSE	55.469	128	125	123	1	125	1	122	1.65e-35	121	100
P00027_03	sp|P01784|HV01_CANLF	58.400	125	125	114	1	125	1	113	1.57e-38	128	100
P00027_03	sp|P01780|HV307_HUMAN	69.307	101	125	117	1	98	20	116	4.94e-37	125	78
P00027_03	sp|P0DTE1|HV383_HUMAN	69.072	97	125	115	1	97	20	113	4.97e-37	125	78
P00027_03	sp|A0A0C4DH36|HV338_HUMAN	69.072	97	125	116	1	97	20	113	6.95e-37	124	78
P00027_03	sp|A0A0C4DH42|HV366_HUMAN	69.388	98	125	116	1	97	20	114	8.01e-37	124	78
P00027_03	sp|P01763|HV348_HUMAN	68.687	99	125	117	1	98	20	116	9.51e-37	124	78
P00027_03	sp|P01764|HV323_HUMAN	70.297	101	125	117	1	98	20	116	1.04e-36	124	78
P00027_03	sp|P01767|HV353_HUMAN	67.677	99	125	116	1	97	20	114	1.15e-36	124	78
P00027_03	sp|P0DP02|HVC33_HUMAN	68.317	101	125	117	1	98	20	116	2.11e-36	123	78
P00027_03	sp|P19181|HV05_CARAU	67.677	99	125	116	1	97	20	114	2.82e-36	123	78
P00027_03	sp|P01762|HV311_HUMAN	66.337	101	125	117	1	98	20	116	6.10e-36	122	78
P00027_03	sp|P0DP03|HVC05_HUMAN	68.317	101	125	117	1	98	20	116	6.31e-36	122	78
P00027_03	sp|P01768|HV330_HUMAN	68.317	101	125	117	1	98	20	116	6.31e-36	122	78
P00027_03	sp|P01772|HV333_HUMAN	68.317	101	125	117	1	98	20	116	6.66e-36	122	78
P00027_03	sp|A0A0J9YX35|HV64D_HUMAN	68.317	101	125	117	1	98	20	116	1.02e-35	121	78
P00027_03	sp|A0A0B4J1V1|HV321_HUMAN	65.306	98	125	117	1	98	20	116	2.24e-35	120	78
P00027_03	sp|P01807|HVM37_MOUSE	55.039	129	125	119	1	125	1	117	2.43e-35	120	100
P00027_03	sp|A0A0B4J1X5|HV374_HUMAN	67.327	101	125	117	1	97	20	115	9.80e-35	119	78
P00027_03	sp|P0DP04|HV43D_HUMAN	65.686	102	125	118	1	98	20	116	1.94e-34	118	78
P00027_03	sp|P01810|HVM40_MOUSE	53.600	125	125	119	1	125	1	117	3.57e-34	117	100
P00027_04	sp|P01784|HV01_CANLF	57.600	125	125	114	1	125	1	113	2.47e-41	135	100
P00027_04	sp|P01763|HV348_HUMAN	67.677	99	125	117	1	99	20	117	3.14e-38	128	79
P00027_04	sp|P0DP03|HVC05_HUMAN	70.000	100	125	117	1	99	20	117	3.21e-38	128	79
P00027_04	sp|P01768|HV330_HUMAN	70.000	100	125	117	1	99	20	117	3.21e-38	128	79
P00027_04	sp|P01764|HV323_HUMAN	71.000	100	125	117	1	99	20	117	3.50e-38	127	79
P00027_04	sp|P01767|HV353_HUMAN	67.677	99	125	116	1	99	20	116	4.51e-38	127	79
P00027_04	sp|P0DP02|HVC33_HUMAN	68.687	99	125	117	1	99	20	117	5.08e-38	127	79
P00027_04	sp|A0A0C4DH42|HV366_HUMAN	70.000	100	125	116	1	99	20	116	6.92e-38	127	79
P00027_04	sp|P19181|HV05_CARAU	67.677	99	125	116	1	99	20	116	9.50e-38	126	79
P00027_04	sp|P01780|HV307_HUMAN	67.677	99	125	117	1	99	20	117	1.12e-37	126	79
P00027_04	sp|P01772|HV333_HUMAN	70.000	100	125	117	1	99	20	117	2.25e-37	125	79
P00027_04	sp|P01790|HVM21_MOUSE	52.672	131	125	122	1	125	1	121	6.12e-37	125	100
P00027_04	sp|A0A0J9YX35|HV64D_HUMAN	65.657	99	125	117	1	99	20	117	8.34e-37	124	79
P00027_04	sp|A0A0B4J1X5|HV374_HUMAN	68.000	100	125	117	1	99	20	117	1.08e-36	124	79
P00027_04	sp|A0A0C4DH36|HV338_HUMAN	66.000	100	125	116	1	100	20	116	1.40e-36	124	80
P00027_04	sp|P0DTE1|HV383_HUMAN	67.677	99	125	115	1	99	20	115	1.60e-36	123	79
P00027_04	sp|P01792|HVM23_MOUSE	53.435	131	125	123	1	125	1	122	2.39e-36	123	100
P00027_04	sp|P01810|HVM40_MOUSE	54.688	128	125	119	1	125	1	117	2.48e-36	123	100
P00027_04	sp|P0DP04|HV43D_HUMAN	64.356	101	125	118	1	99	20	117	3.37e-36	122	79
P00027_04	sp|P01788|HVM19_MOUSE	54.198	131	125	123	1	125	1	122	4.97e-36	122	100
P00027_05	sp|P01767|HV353_HUMAN	68.687	99	125	116	1	99	20	116	3.10e-39	130	79
P00027_05	sp|P19181|HV05_CARAU	68.687	99	125	116	1	99	20	116	6.95e-39	129	79
P00027_05	sp|P01780|HV307_HUMAN	70.000	100	125	117	1	99	20	117	1.25e-38	129	79
P00027_05	sp|A0A0C4DH42|HV366_HUMAN	68.687	99	125	116	1	99	20	116	1.60e-38	129	79
P00027_05	sp|P01763|HV348_HUMAN	67.677	99	125	117	1	99	20	117	3.62e-38	127	79
P00027_05	sp|P01764|HV323_HUMAN	71.000	100	125	117	1	99	20	117	3.62e-38	127	79
P00027_05	sp|A0A0C4DH36|HV338_HUMAN	67.677	99	125	116	1	99	20	115	1.05e-37	126	79
P00027_05	sp|P0DP03|HVC05_HUMAN	71.287	101	125	117	1	99	20	117	1.06e-37	126	79
P00027_05	sp|P01768|HV330_HUMAN	71.287	101	125	117	1	99	20	117	1.06e-37	126	79
P00027_05	sp|P01772|HV333_HUMAN	71.287	101	125	117	1	99	20	117	1.47e-37	126	79
P00027_05	sp|P0DTE1|HV383_HUMAN	69.072	97	125	115	1	97	20	113	2.21e-37	125	78
P00027_05	sp|P0DP02|HVC33_HUMAN	70.297	101	125	117	1	99	20	117	3.97e-37	125	79
P00027_05	sp|A0A0J9YX35|HV64D_HUMAN	69.307	101	125	117	1	99	20	117	8.34e-37	124	79
P00027_05	sp|P01784|HV01_CANLF	57.937	126	125	114	1	125	1	113	9.60e-37	124	100
P00027_05	sp|A0A0B4J1V1|HV321_HUMAN	65.657	99	125	117	1	99	20	117	1.76e-36	123	79
P00027_05	sp|A0A0B4J1X5|HV374_HUMAN	67.000	100	125	117	1	99	20	117	9.15e-36	121	79
P00027_05	sp|P01762|HV311_HUMAN	65.657	99	125	117	1	99	20	117	1.31e-35	121	79
P00027_05	sp|P01807|HVM37_MOUSE	54.400	125	125	119	1	125	1	117	1.42e-35	121	100
P00027_05	sp|P01805|HVR01_RAT	53.906	128	125	142	1	125	20	141	3.88e-35	120	100
P00027_05	sp|P01801|HVM32_MOUSE	54.331	127	125	115	1	125	1	114	4.35e-35	120	100
P00027_06	sp|P01784|HV01_CANLF	58.400	125	125	114	1	125	1	113	3.00e-38	128	100
P00027_06	sp|P0DTE1|HV383_HUMAN	69.072	97	125	115	1	97	20	113	9.12e-38	126	78
P00027_06	sp|A0A0C4DH36|HV338_HUMAN	69.072	97	125	116	1	97	20	113	1.39e-37	126	78
P00027_06	sp|P01767|HV353_HUMAN	69.072	97	125	116	1	97	20	114	1.64e-37	126	78
P00027_06	sp|P01764|HV323_HUMAN	70.000	100	125	117	1	99	20	117	2.83e-37	125	79
P00027_06	sp|P01763|HV348_HUMAN	68.687	99	125	117	1	98	20	116	3.60e-37	125	78
P00027_06	sp|P19181|HV05_CARAU	69.072	97	125	116	1	97	20	114	4.95e-37	125	78
P00027_06	sp|A0A0C4DH42|HV366_HUMAN	69.072	97	125	116	1	97	20	114	1.05e-36	124	78
P00027_06	sp|P01780|HV307_HUMAN	66.667	99	125	117	1	99	20	117	1.08e-36	124	79
P00027_06	sp|P01807|HVM37_MOUSE	55.200	125	125	119	1	125	1	117	2.73e-36	123	100
P00027_06	sp|P0DP03|HVC05_HUMAN	70.297	101	125	117	1	99	20	117	3.73e-36	122	79
P00027_06	sp|P01768|HV330_HUMAN	70.297	101	125	117	1	99	20	117	3.73e-36	122	79
P00027_06	sp|A0A0J9YX35|HV64D_HUMAN	67.327	101	125	117	1	99	20	117	4.30e-36	122	79
P00027_06	sp|P0DP02|HVC33_HUMAN	69.000	100	125	117	1	99	20	117	5.72e-36	122	79
P00027_06	sp|P01772|HV333_HUMAN	68.932	103	125	117	1	99	20	117	7.27e-36	122	79
P00027_06	sp|P01790|HVM21_MOUSE	56.250	128	125	122	1	125	1	121	1.44e-35	121	100
P00027_06	sp|P01793|HVM24_MOUSE	56.589	129	125	123	1	125	1	122	1.87e-35	121	100
P00027_06	sp|P01789|HVM20_MOUSE	56.250	128	125	122	1	125	1	121	3.00e-35	120	100
P00027_06	sp|A0A0B4J1V1|HV321_HUMAN	65.657	99	125	117	1	99	20	117	3.01e-35	120	79
P00027_06	sp|P01762|HV311_HUMAN	67.677	99	125	117	1	98	20	116	5.31e-35	119	78
P00027_07	sp|P01764|HV323_HUMAN	72.000	100	125	117	1	99	20	117	2.35e-39	130	79
P00027_07	sp|P01767|HV353_HUMAN	70.103	97	125	116	1	97	20	114	4.64e-39	130	78
P00027_07	sp|P01763|HV348_HUMAN	70.000	100	125	117	1	99	20	117	5.89e-39	129	79
P00027_07	sp|P19181|HV05_CARAU	68.687	99	125	116	1	99	20	116	1.21e-38	129	79
P00027_07	sp|P01780|HV307_HUMAN	70.000	100	125	117	1	99	20	117	1.46e-38	129	79
P00027_07	sp|P01784|HV01_CANLF	57.600	125	125	114	1	125	1	113	1.68e-38	128	100
P00027_07	sp|A0A0C4DH42|HV366_HUMAN	68.687	99	125	116	1	99	20	116	2.76e-38	128	79
P00027_07	sp|P0DP02|HVC33_HUMAN	70.000	100	125	117	1	99	20	117	4.70e-38	127	79
P00027_07	sp|P0DP03|HVC05_HUMAN	69.608	102	125	117	1	99	20	117	5.36e-38	127	79
P00027_07	sp|P01768|HV330_HUMAN	69.608	102	125	117	1	99	20	117	5.36e-38	127	79
P00027_07	sp|A0A0J9YX35|HV64D_HUMAN	70.000	100	125	117	1	99	20	117	8.68e-38	127	79
P00027_07	sp|P01772|HV333_HUMAN	70.588	102	125	117	1	99	20	117	2.48e-37	125	79
P00027_07	sp|A0A0C4DH36|HV338_HUMAN	69.072	97	125	116	1	97	20	113	4.25e-37	125	78
P00027_07	sp|P0DTE1|HV383_HUMAN	69.072	97	125	115	1	97	20	113	5.54e-37	124	78
P00027_07	sp|P01807|HVM37_MOUSE	56.000	125	125	119	1	125	1	117	9.67e-37	124	100
P00027_07	sp|P0DP04|HV43D_HUMAN	67.647	102	125	118	1	99	20	117	2.46e-36	123	79
P00027_07	sp|A0A0B4J1X5|HV374_HUMAN	68.000	100	125	117	1	99	20	117	2.55e-36	123	79
P00027_07	sp|A0A0B4J1V1|HV321_HUMAN	65.657	99	125	117	1	99	20	117	3.81e-36	122	79
P00027_07	sp|P01805|HVR01_RAT	56.923	130	125	142	1	125	20	141	4.10e-36	123	100
P00027_07	sp|A0A075B6Q5|HV364_HUMAN	69.000	100	125	118	1	99	21	118	5.40e-36	122	79
P00027_08	sp|A0A0C4DH36|HV338_HUMAN	68.000	100	125	116	1	100	20	116	1.80e-38	128	80
P00027_08	sp|P0DTE1|HV383_HUMAN	67.677	99	125	115	1	99	20	115	9.42e-38	126	79
P00027_08	sp|P01767|HV353_HUMAN	67.677	99	125	116	1	99	20	116	1.30e-37	126	79
P00027_08	sp|P01784|HV01_CANLF	58.400	125	125	114	1	125	1	113	2.61e-37	125	100
P00027_08	sp|P01764|HV323_HUMAN	70.000	100	125	117	1	99	20	117	3.22e-37	125	79
P00027_08	sp|P19181|HV05_CARAU	67.677	99	125	116	1	99	20	116	3.94e-37	125	79
P00027_08	sp|P01763|HV348_HUMAN	68.000	100	125	117	1	99	20	117	4.24e-37	125	79
P00027_08	sp|A0A0C4DH42|HV366_HUMAN	67.677	99	125	116	1	99	20	116	8.74e-37	124	79
P00027_08	sp|P01780|HV307_HUMAN	66.667	99	125	117	1	99	20	117	2.16e-36	123	79
P00027_08	sp|A0A0J9YX35|HV64D_HUMAN	67.327	101	125	117	1	99	20	117	3.07e-36	123	79
P00027_08	sp|P0DP02|HVC33_HUMAN	69.000	100	125	117	1	99	20	117	3.10e-36	123	79
P00027_08	sp|P0DP03|HVC05_HUMAN	68.269	104	125	117	1	99	20	117	7.68e-36	122	79
P00027_08	sp|P01768|HV330_HUMAN	68.269	104	125	117	1	99	20	117	7.68e-36	122	79
P00027_08	sp|P01772|HV333_HUMAN	67.647	102	125	117	1	99	20	117	1.61e-35	121	79
P00027_08	sp|A0A0B4J1V1|HV321_HUMAN	65.657	99	125	117	1	99	20	117	2.85e-35	120	79
P00027_08	sp|P01807|HVM37_MOUSE	54.331	127	125	119	1	125	1	117	2.86e-35	120	100
P00027_08	sp|A0A0B4J1X5|HV374_HUMAN	66.346	104	125	117	1	99	20	117	3.15e-35	120	79
P00027_08	sp|P01762|HV311_HUMAN	65.049	103	125	117	1	99	20	117	1.50e-34	118	79
P00027_08	sp|A0A075B6Q5|HV364_HUMAN	66.337	101	125	118	1	99	21	118	1.92e-34	118	79
P00027_08	sp|P0DP04|HV43D_HUMAN	65.049	103	125	118	1	99	20	117	5.09e-34	117	79
P00028_00	sp|P01764|HV323_HUMAN	70.408	98	127	117	1	98	20	116	5.87e-43	140	77
P00028_00	sp|P01780|HV307_HUMAN	69.388	98	127	117	1	98	20	116	2.52e-42	138	77
P00028_00	sp|P01763|HV348_HUMAN	68.367	98	127	117	1	98	20	116	1.60e-41	136	77
P00028_00	sp|A0A0J9YX35|HV64D_HUMAN	68.041	97	127	117	1	97	20	115	1.20e-40	134	76
P00028_00	sp|P01767|HV353_HUMAN	68.367	98	127	116	1	98	20	115	1.48e-40	134	77
P00028_00	sp|P0DP02|HVC33_HUMAN	69.388	98	127	117	1	98	20	116	2.33e-40	133	77
P00028_00	sp|P19181|HV05_CARAU	68.367	98	127	116	1	98	20	115	3.51e-40	133	77
P00028_00	sp|P0DP03|HVC05_HUMAN	69.388	98	127	117	1	98	20	116	5.72e-40	132	77
P00028_00	sp|P01768|HV330_HUMAN	69.388	98	127	117	1	98	20	116	5.72e-40	132	77
P00028_00	sp|A0A0C4DH42|HV366_HUMAN	68.367	98	127	116	1	98	20	115	6.20e-40	132	77
P00028_00	sp|P01772|HV333_HUMAN	69.388	98	127	117	1	98	20	116	8.77e-40	132	77
P00028_00	sp|P01784|HV01_CANLF	55.118	127	127	114	1	127	1	113	4.13e-39	130	100
P00028_00	sp|A0A0B4J1X5|HV374_HUMAN	66.327	98	127	117	1	98	20	116	6.71e-39	129	77
P00028_00	sp|A0A075B6Q5|HV364_HUMAN	66.327	98	127	118	1	98	21	117	8.23e-39	129	77
P00028_00	sp|P01787|HVM18_MOUSE	53.488	129	127	123	1	127	1	122	8.30e-39	129	100
P00028_00	sp|A0A0B4J1V1|HV321_HUMAN	66.327	98	127	117	1	98	20	116	8.44e-39	129	77
P00028_00	sp|P01788|HVM19_MOUSE	53.488	129	127	123	1	127	1	122	1.26e-38	129	100
P00028_00	sp|P01762|HV311_HUMAN	65.306	98	127	117	1	98	20	116	1.52e-38	129	77
P00028_00	sp|P0DP04|HV43D_HUMAN	65.000	100	127	118	1	100	20	118	1.60e-38	129	79
P00028_00	sp|A0A0C4DH35|HV335_HUMAN	67.010	97	127	117	1	97	20	115	2.41e-38	128	76
P00028_01	sp|P01764|HV323_HUMAN	72.449	98	127	117	1	98	20	116	6.59e-42	137	77
P00028_01	sp|P01780|HV307_HUMAN	71.429	98	127	117	1	98	20	116	1.97e-41	136	77
P00028_01	sp|A0A0J9YX35|HV64D_HUMAN	71.134	97	127	117	1	97	20	115	7.00e-41	134	76
P00028_01	sp|P0DP02|HVC33_HUMAN	72.449	98	127	117	1	98	20	116	7.32e-41	134	77
P00028_01	sp|P0DP03|HVC05_HUMAN	72.449	98	127	117	1	98	20	116	2.28e-40	133	77
P00028_01	sp|P01768|HV330_HUMAN	72.449	98	127	117	1	98	20	116	2.28e-40	133	77
P00028_01	sp|P01772|HV333_HUMAN	72.449	98	127	117	1	98	20	116	3.00e-40	133	77
P00028_01	sp|P01767|HV353_HUMAN	70.408	98	127	116	1	98	20	115	3.43e-40	133	77
P00028_01	sp|P01763|HV348_HUMAN	69.388	98	127	117	1	98	20	116	3.99e-40	132	77
P00028_01	sp|P19181|HV05_CARAU	70.408	98	127	116	1	98	20	115	7.88e-40	132	77
P00028_01	sp|A0A0C4DH42|HV366_HUMAN	70.408	98	127	116	1	98	20	115	1.33e-39	131	77
P00028_01	sp|A0A0B4J1X5|HV374_HUMAN	69.388	98	127	117	1	98	20	116	1.77e-39	131	77
P00028_01	sp|A0A075B6Q5|HV364_HUMAN	69.388	98	127	118	1	98	21	117	4.32e-39	130	77
P00028_01	sp|P01788|HVM19_MOUSE	53.077	130	127	123	1	127	1	122	8.58e-39	129	100
P00028_01	sp|P01784|HV01_CANLF	56.693	127	127	114	1	127	1	113	2.51e-38	128	100
P00028_01	sp|P01787|HVM18_MOUSE	53.077	130	127	123	1	127	1	122	4.42e-38	127	100
P00028_01	sp|P01789|HVM20_MOUSE	52.308	130	127	122	1	127	1	121	8.54e-38	127	100
P00028_01	sp|A0A0C4DH35|HV335_HUMAN	68.041	97	127	117	1	97	20	115	8.96e-38	127	76
P00028_01	sp|A0A0B4J1V1|HV321_HUMAN	67.347	98	127	117	1	98	20	116	1.16e-37	126	77
P00028_01	sp|P01792|HVM23_MOUSE	53.077	130	127	123	1	127	1	122	1.49e-37	126	100
P00028_02	sp|P01764|HV323_HUMAN	71.429	98	127	117	1	98	20	116	4.53e-44	142	77
P00028_02	sp|P01780|HV307_HUMAN	70.408	98	127	117	1	98	20	116	6.47e-43	140	77
P00028_02	sp|P01763|HV348_HUMAN	69.388	98	127	117	1	98	20	116	1.04e-42	139	77
P00028_02	sp|A0A0J9YX35|HV64D_HUMAN	69.072	97	127	117	1	97	20	115	6.10e-42	137	76
P00028_02	sp|P01767|HV353_HUMAN	69.388	98	127	116	1	98	20	115	8.13e-42	137	77
P00028_02	sp|P0DP02|HVC33_HUMAN	70.408	98	127	117	1	98	20	116	1.05e-41	137	77
P00028_02	sp|P19181|HV05_CARAU	69.388	98	127	116	1	98	20	115	2.43e-41	135	77
P00028_02	sp|P0DP03|HVC05_HUMAN	70.408	98	127	117	1	98	20	116	3.22e-41	135	77
P00028_02	sp|P01768|HV330_HUMAN	70.408	98	127	117	1	98	20	116	3.22e-41	135	77
P00028_02	sp|A0A0C4DH42|HV366_HUMAN	69.388	98	127	116	1	98	20	115	4.02e-41	135	77
P00028_02	sp|P01784|HV01_CANLF	56.693	127	127	114	1	127	1	113	4.31e-41	135	100
P00028_02	sp|P01772|HV333_HUMAN	70.408	98	127	117	1	98	20	116	4.38e-41	135	77
P00028_02	sp|A0A0B4J1X5|HV374_HUMAN	67.347	98	127	117	1	98	20	116	3.65e-40	133	77
P00028_02	sp|A0A075B6Q5|HV364_HUMAN	67.347	98	127	118	1	98	21	117	4.84e-40	132	77
P00028_02	sp|P01762|HV311_HUMAN	66.327	98	127	117	1	98	20	116	8.96e-40	132	77
P00028_02	sp|A0A0C4DH35|HV335_HUMAN	68.041	97	127	117	1	97	20	115	1.12e-39	131	76
P00028_02	sp|P0DP04|HV43D_HUMAN	65.000	100	127	118	1	100	20	118	1.78e-39	131	79
P00028_02	sp|A0A0B4J1V1|HV321_HUMAN	67.347	98	127	117	1	98	20	116	4.68e-39	130	77
P00028_02	sp|P01787|HVM18_MOUSE	53.488	129	127	123	1	127	1	122	6.11e-39	130	100
P00028_02	sp|A0A0B4J1X8|HV343_HUMAN	64.000	100	127	118	1	100	20	118	6.84e-39	129	79
P00028_03	sp|P01764|HV323_HUMAN	71.429	98	127	117	1	98	20	116	1.16e-43	142	77
P00028_03	sp|P01784|HV01_CANLF	58.268	127	127	114	1	127	1	113	4.96e-43	140	100
P00028_03	sp|P01780|HV307_HUMAN	70.408	98	127	117	1	98	20	116	6.33e-43	140	77
P00028_03	sp|P01763|HV348_HUMAN	69.388	98	127	117	1	98	20	116	1.57e-42	139	77
P00028_03	sp|P0DP02|HVC33_HUMAN	70.408	98	127	117	1	98	20	116	1.46e-41	136	77
P00028_03	sp|P01767|HV353_HUMAN	69.388	98	127	116	1	98	20	115	1.83e-41	136	77
P00028_03	sp|A0A0J9YX35|HV64D_HUMAN	69.072	97	127	117	1	97	20	115	2.01e-41	136	76
P00028_03	sp|P0DP03|HVC05_HUMAN	70.408	98	127	117	1	98	20	116	4.23e-41	135	77
P00028_03	sp|P01768|HV330_HUMAN	70.408	98	127	117	1	98	20	116	4.23e-41	135	77
P00028_03	sp|P19181|HV05_CARAU	69.388	98	127	116	1	98	20	115	5.40e-41	135	77
P00028_03	sp|P01772|HV333_HUMAN	70.408	98	127	117	1	98	20	116	5.75e-41	135	77
P00028_03	sp|P01788|HVM19_MOUSE	54.264	129	127	123	1	127	1	122	7.37e-41	135	100
P00028_03	sp|A0A0C4DH42|HV366_HUMAN	69.388	98	127	116	1	98	20	115	9.86e-41	134	77
P00028_03	sp|P0DOX5|IGG1_HUMAN	59.843	127	127	449	1	127	1	118	2.72e-40	142	100
P00028_03	sp|P01787|HVM18_MOUSE	54.264	129	127	123	1	127	1	122	4.29e-40	133	100
P00028_03	sp|P01791|HVM22_MOUSE	54.264	129	127	123	1	127	1	122	4.48e-40	133	100
P00028_03	sp|P01794|HVM25_MOUSE	55.039	129	127	123	1	127	1	122	8.54e-40	132	100
P00028_03	sp|A0A0B4J1X5|HV374_HUMAN	67.347	98	127	117	1	98	20	116	9.26e-40	132	77
P00028_03	sp|A0A075B6Q5|HV364_HUMAN	67.347	98	127	118	1	98	21	117	1.56e-39	131	77
P00028_03	sp|A0A0C4DH35|HV335_HUMAN	68.041	97	127	117	1	97	20	115	1.64e-39	131	76
P00028_04	sp|P01764|HV323_HUMAN	71.429	98	127	117	1	98	20	116	4.25e-42	137	77
P00028_04	sp|P01780|HV307_HUMAN	70.408	98	127	117	1	98	20	116	1.69e-41	136	77
P00028_04	sp|A0A0J9YX35|HV64D_HUMAN	70.103	97	127	117	1	97	20	115	4.88e-41	135	76
P00028_04	sp|P01763|HV348_HUMAN	69.388	98	127	117	1	98	20	116	8.62e-41	134	77
P00028_04	sp|P0DP02|HVC33_HUMAN	71.429	98	127	117	1	98	20	116	9.21e-41	134	77
P00028_04	sp|P01767|HV353_HUMAN	69.388	98	127	116	1	98	20	115	9.75e-41	134	77
P00028_04	sp|P0DP03|HVC05_HUMAN	71.429	98	127	117	1	98	20	116	2.75e-40	133	77
P00028_04	sp|P01768|HV330_HUMAN	71.429	98	127	117	1	98	20	116	2.75e-40	133	77
P00028_04	sp|P19181|HV05_CARAU	69.388	98	127	116	1	98	20	115	2.76e-40	133	77
P00028_04	sp|P01772|HV333_HUMAN	71.429	98	127	117	1	98	20	116	3.54e-40	133	77
P00028_04	sp|A0A0C4DH42|HV366_HUMAN	69.388	98	127	116	1	98	20	115	4.82e-40	132	77
P00028_04	sp|A0A0B4J1X5|HV374_HUMAN	68.367	98	127	117	1	98	20	116	2.95e-39	130	77
P00028_04	sp|A0A075B6Q5|HV364_HUMAN	68.367	98	127	118	1	98	21	117	3.40e-39	130	77
P00028_04	sp|P0DP04|HV43D_HUMAN	66.000	100	127	118	1	100	20	118	1.11e-38	129	79
P00028_04	sp|P01784|HV01_CANLF	56.693	127	127	114	1	127	1	113	1.16e-38	129	100
P00028_04	sp|P0DOX5|IGG1_HUMAN	59.055	127	127	449	1	127	1	118	2.08e-38	137	100
P00028_04	sp|A0A0B4J1X8|HV343_HUMAN	65.000	100	127	118	1	100	20	118	5.17e-38	127	79
P00028_04	sp|A0A0B4J1V1|HV321_HUMAN	67.347	98	127	117	1	98	20	116	5.48e-38	127	77
P00028_04	sp|P01762|HV311_HUMAN	66.327	98	127	117	1	98	20	116	8.76e-38	127	77
P00028_04	sp|A0A0C4DH35|HV335_HUMAN	68.041	97	127	117	1	97	20	115	1.14e-37	126	76
P00028_05	sp|P01764|HV323_HUMAN	70.408	98	127	117	1	98	20	116	1.20e-43	142	77
P00028_05	sp|P01780|HV307_HUMAN	70.408	98	127	117	1	98	20	116	3.51e-43	140	77
P00028_05	sp|P01763|HV348_HUMAN	69.388	98	127	117	1	98	20	116	7.38e-43	139	77
P00028_05	sp|P0DP02|HVC33_HUMAN	70.408	98	127	117	1	98	20	116	5.91e-42	137	77
P00028_05	sp|P01767|HV353_HUMAN	69.388	98	127	116	1	98	20	115	5.92e-42	137	77
P00028_05	sp|A0A0J9YX35|HV64D_HUMAN	68.041	97	127	117	1	97	20	115	1.39e-41	136	76
P00028_05	sp|P01784|HV01_CANLF	57.480	127	127	114	1	127	1	113	1.41e-41	136	100
P00028_05	sp|P0DP03|HVC05_HUMAN	70.408	98	127	117	1	98	20	116	1.73e-41	136	77
P00028_05	sp|P01768|HV330_HUMAN	70.408	98	127	117	1	98	20	116	1.73e-41	136	77
P00028_05	sp|P19181|HV05_CARAU	69.388	98	127	116	1	98	20	115	1.91e-41	136	77
P00028_05	sp|P01772|HV333_HUMAN	70.408	98	127	117	1	98	20	116	2.27e-41	136	77
P00028_05	sp|A0A0C4DH42|HV366_HUMAN	69.388	98	127	116	1	98	20	115	3.06e-41	135	77
P00028_05	sp|A0A0B4J1X5|HV374_HUMAN	67.347	98	127	117	1	98	20	116	2.09e-40	133	77
P00028_05	sp|A0A0C4DH35|HV335_HUMAN	68.041	97	127	117	1	97	20	115	5.24e-40	132	76
P00028_05	sp|A0A075B6Q5|HV364_HUMAN	66.327	98	127	118	1	98	21	117	1.05e-39	132	77
P00028_05	sp|P0DP04|HV43D_HUMAN	65.000	100	127	118	1	100	20	118	1.42e-39	131	79
P00028_05	sp|P01762|HV311_HUMAN	66.327	98	127	117	1	98	20	116	1.50e-39	131	77
P00028_05	sp|A0A0B4J1X8|HV343_HUMAN	64.000	100	127	118	1	100	20	118	6.84e-39	129	79
P00028_05	sp|A0A0B4J1V1|HV321_HUMAN	67.347	98	127	117	1	98	20	116	7.32e-39	129	77
P00028_05	sp|P0DTE1|HV383_HUMAN	68.041	97	127	115	1	97	20	113	9.47e-39	129	76
P00028_06	sp|P01764|HV323_HUMAN	69.388	98	127	117	1	98	20	116	6.04e-42	137	77
P00028_06	sp|P01784|HV01_CANLF	56.693	127	127	114	1	127	1	113	1.66e-41	136	100
P00028_06	sp|A0A0J9YX35|HV64D_HUMAN	68.041	97	127	117	1	97	20	115	3.29e-41	135	76
P00028_06	sp|P0DP02|HVC33_HUMAN	69.388	98	127	117	1	98	20	116	5.63e-41	135	77
P00028_06	sp|P01780|HV307_HUMAN	68.367	98	127	117	1	98	20	116	8.44e-41	134	77
P00028_06	sp|P0DP03|HVC05_HUMAN	69.388	98	127	117	1	98	20	116	1.43e-40	134	77
P00028_06	sp|P01768|HV330_HUMAN	69.388	98	127	117	1	98	20	116	1.43e-40	134	77
P00028_06	sp|P01772|HV333_HUMAN	69.388	98	127	117	1	98	20	116	3.86e-40	132	77
P00028_06	sp|P01763|HV348_HUMAN	66.327	98	127	117	1	98	20	116	4.03e-40	132	77
P00028_06	sp|P01767|HV353_HUMAN	67.347	98	127	116	1	98	20	115	5.68e-40	132	77
P00028_06	sp|A0A0B4J1X5|HV374_HUMAN	67.347	98	127	117	1	98	20	116	7.20e-40	132	77
P00028_06	sp|P19181|HV05_CARAU	67.347	98	127	116	1	98	20	115	1.26e-39	131	77
P00028_06	sp|P01791|HVM22_MOUSE	53.488	129	127	123	1	127	1	122	1.28e-39	132	100
P00028_06	sp|A0A075B6Q5|HV364_HUMAN	66.327	98	127	118	1	98	21	117	1.46e-39	131	77
P00028_06	sp|A0A0C4DH42|HV366_HUMAN	67.347	98	127	116	1	98	20	115	1.69e-39	131	77
P00028_06	sp|P01787|HVM18_MOUSE	53.488	129	127	123	1	127	1	122	2.94e-39	130	100
P00028_06	sp|P01792|HVM23_MOUSE	53.488	129	127	123	1	127	1	122	3.21e-39	130	100
P00028_06	sp|P01788|HVM19_MOUSE	53.488	129	127	123	1	127	1	122	4.80e-39	130	100
P00028_06	sp|P01795|HVM26_MOUSE	53.488	129	127	144	1	127	20	143	7.73e-39	130	100
P00028_06	sp|P01789|HVM20_MOUSE	53.488	129	127	122	1	127	1	121	8.60e-39	129	100
P00028_07	sp|P01764|HV323_HUMAN	71.429	98	127	117	1	98	20	116	5.43e-43	140	77
P00028_07	sp|P01780|HV307_HUMAN	70.408	98	127	117	1	98	20	116	1.01e-42	139	77
P00028_07	sp|P01763|HV348_HUMAN	69.388	98	127	117	1	98	20	116	6.38e-42	137	77
P00028_07	sp|P01767|HV353_HUMAN	69.388	98	127	116	1	98	20	115	5.28e-41	135	77
P00028_07	sp|P0DP02|HVC33_HUMAN	70.408	98	127	117	1	98	20	116	7.48e-41	134	77
P00028_07	sp|A0A0J9YX35|HV64D_HUMAN	69.072	97	127	117	1	97	20	115	8.91e-41	134	76
P00028_07	sp|P19181|HV05_CARAU	69.388	98	127	116	1	98	20	115	1.51e-40	134	77
P00028_07	sp|P0DP03|HVC05_HUMAN	70.408	98	127	117	1	98	20	116	2.31e-40	133	77
P00028_07	sp|P01768|HV330_HUMAN	70.408	98	127	117	1	98	20	116	2.31e-40	133	77
P00028_07	sp|A0A0C4DH42|HV366_HUMAN	69.388	98	127	116	1	98	20	115	2.53e-40	133	77
P00028_07	sp|P01772|HV333_HUMAN	70.408	98	127	117	1	98	20	116	3.21e-40	133	77
P00028_07	sp|P01784|HV01_CANLF	56.693	127	127	114	1	127	1	113	3.76e-40	132	100
P00028_07	sp|A0A0B4J1V1|HV321_HUMAN	67.347	98	127	117	1	98	20	116	4.43e-39	130	77
P00028_07	sp|A0A0B4J1X5|HV374_HUMAN	67.347	98	127	117	1	98	20	116	5.16e-39	130	77
P00028_07	sp|A0A075B6Q5|HV364_HUMAN	67.347	98	127	118	1	98	21	117	7.06e-39	129	77
P00028_07	sp|A0A0C4DH35|HV335_HUMAN	68.041	97	127	117	1	97	20	115	1.02e-38	129	76
P00028_07	sp|P01762|HV311_HUMAN	66.327	98	127	117	1	98	20	116	1.31e-38	129	77
P00028_07	sp|P01787|HVM18_MOUSE	53.077	130	127	123	1	127	1	122	7.72e-38	127	100
P00028_07	sp|A0A0B4J1Y9|HV372_HUMAN	66.000	100	127	119	1	98	20	118	7.90e-38	127	77
P00028_07	sp|P01788|HVM19_MOUSE	53.077	130	127	123	1	127	1	122	8.07e-38	127	100
P00028_08	sp|P01764|HV323_HUMAN	70.408	98	127	117	1	98	20	116	2.03e-43	141	77
P00028_08	sp|P0DP02|HVC33_HUMAN	71.429	98	127	117	1	98	20	116	4.92e-43	140	77
P00028_08	sp|P01780|HV307_HUMAN	70.408	98	127	117	1	98	20	116	5.03e-43	140	77
P00028_08	sp|A0A0J9YX35|HV64D_HUMAN	69.072	97	127	117	1	97	20	115	1.21e-42	139	76
P00028_08	sp|P0DP03|HVC05_HUMAN	71.429	98	127	117	1	98	20	116	1.55e-42	139	77
P00028_08	sp|P01768|HV330_HUMAN	71.429	98	127	117	1	98	20	116	1.55e-42	139	77
P00028_08	sp|P01784|HV01_CANLF	56.693	127	127	114	1	127	1	113	1.58e-42	139	100
P00028_08	sp|P01772|HV333_HUMAN	71.429	98	127	117	1	98	20	116	2.09e-42	138	77
P00028_08	sp|P01763|HV348_HUMAN	68.367	98	127	117	1	98	20	116	4.59e-42	137	77
P00028_08	sp|P01767|HV353_HUMAN	69.388	98	127	116	1	98	20	115	9.69e-42	137	77
P00028_08	sp|A0A0B4J1X5|HV374_HUMAN	68.367	98	127	117	1	98	20	116	1.78e-41	136	77
P00028_08	sp|P19181|HV05_CARAU	69.388	98	127	116	1	98	20	115	2.57e-41	135	77
P00028_08	sp|A0A0C4DH42|HV366_HUMAN	69.388	98	127	116	1	98	20	115	4.58e-41	135	77
P00028_08	sp|A0A075B6Q5|HV364_HUMAN	67.347	98	127	118	1	98	21	117	8.23e-41	134	77
P00028_08	sp|P0DOX5|IGG1_HUMAN	59.055	127	127	449	1	127	1	118	9.83e-41	143	100
P00028_08	sp|P0DP04|HV43D_HUMAN	66.000	100	127	118	1	100	20	118	1.50e-40	134	79
P00028_08	sp|A0A0B4J1X8|HV343_HUMAN	65.000	100	127	118	1	100	20	118	6.10e-40	132	79
P00028_08	sp|P01787|HVM18_MOUSE	53.488	129	127	123	1	127	1	122	1.12e-39	132	100
P00028_08	sp|P01795|HVM26_MOUSE	53.488	129	127	144	1	127	20	143	1.18e-39	132	100
P00028_08	sp|P01791|HVM22_MOUSE	52.713	129	127	123	1	127	1	122	1.74e-39	131	100
P00029_00	sp|P01780|HV307_HUMAN	71.134	97	127	117	1	97	20	115	1.63e-41	136	76
P00029_00	sp|P01772|HV333_HUMAN	72.165	97	127	117	1	97	20	115	4.14e-41	135	76
P00029_00	sp|P0DP02|HVC33_HUMAN	72.165	97	127	117	1	97	20	115	8.53e-41	134	76
P00029_00	sp|P01784|HV01_CANLF	57.031	128	127	114	1	127	1	113	2.28e-40	133	100
P00029_00	sp|P0DP03|HVC05_HUMAN	72.165	97	127	117	1	97	20	115	2.58e-40	133	76
P00029_00	sp|P01768|HV330_HUMAN	72.165	97	127	117	1	97	20	115	2.58e-40	133	76
P00029_00	sp|A0A0J9YX35|HV64D_HUMAN	69.072	97	127	117	1	97	20	115	2.90e-40	133	76
P00029_00	sp|P01764|HV323_HUMAN	70.103	97	127	117	1	97	20	115	5.98e-40	132	76
P00029_00	sp|A0A0C4DH42|HV366_HUMAN	70.103	97	127	116	1	97	20	114	1.73e-39	131	76
P00029_00	sp|P01767|HV353_HUMAN	69.072	97	127	116	1	97	20	114	3.41e-39	130	76
P00029_00	sp|A0A0B4J1X5|HV374_HUMAN	69.072	97	127	117	1	97	20	115	5.10e-39	130	76
P00029_00	sp|P19181|HV05_CARAU	69.072	97	127	116	1	97	20	114	8.74e-39	129	76
P00029_00	sp|P01763|HV348_HUMAN	68.041	97	127	117	1	97	20	115	9.01e-39	129	76
P00029_00	sp|A0A075B6Q5|HV364_HUMAN	68.041	97	127	118	1	97	21	116	1.59e-38	129	76
P00029_00	sp|A0A0B4J1V1|HV321_HUMAN	67.010	97	127	117	1	97	20	115	4.31e-38	127	76
P00029_00	sp|P01762|HV311_HUMAN	67.010	97	127	117	1	97	20	115	8.03e-38	127	76
P00029_00	sp|P0DOX5|IGG1_HUMAN	59.055	127	127	449	1	127	1	118	1.61e-37	134	100
P00029_00	sp|P0DP04|HV43D_HUMAN	67.010	97	127	118	1	97	20	115	2.91e-37	125	76
P00029_00	sp|A0A0B4J1X8|HV343_HUMAN	67.010	97	127	118	1	97	20	115	3.39e-37	125	76
P00029_00	sp|A0A0B4J1Y9|HV372_HUMAN	67.000	100	127	119	1	97	20	117	1.03e-36	124	76
P00029_01	sp|P01784|HV01_CANLF	56.693	127	127	114	1	127	1	113	6.78e-42	137	100
P00029_01	sp|P0DP02|HVC33_HUMAN	70.103	97	127	117	1	97	20	115	1.54e-40	134	76
P00029_01	sp|P01780|HV307_HUMAN	69.072	97	127	117	1	97	20	115	2.55e-40	133	76
P00029_01	sp|P0DP03|HVC05_HUMAN	70.103	97	127	117	1	97	20	115	3.50e-40	133	76
P00029_01	sp|P01768|HV330_HUMAN	70.103	97	127	117	1	97	20	115	3.50e-40	133	76
P00029_01	sp|P01764|HV323_HUMAN	69.072	97	127	117	1	97	20	115	1.13e-39	131	76
P00029_01	sp|A0A0J9YX35|HV64D_HUMAN	67.347	98	127	117	1	98	20	116	1.75e-39	131	77
P00029_01	sp|P01772|HV333_HUMAN	70.103	97	127	117	1	97	20	115	2.22e-39	130	76
P00029_01	sp|P01791|HVM22_MOUSE	54.615	130	127	123	1	127	1	122	2.36e-39	131	100
P00029_01	sp|P01763|HV348_HUMAN	67.010	97	127	117	1	97	20	115	1.20e-38	129	76
P00029_01	sp|A0A0B4J1X5|HV374_HUMAN	68.041	97	127	117	1	97	20	115	2.28e-38	128	76
P00029_01	sp|A0A0C4DH42|HV366_HUMAN	69.388	98	127	116	1	97	20	114	2.31e-38	128	76
P00029_01	sp|P01762|HV311_HUMAN	68.041	97	127	117	1	97	20	115	2.41e-38	128	76
P00029_01	sp|P01790|HVM21_MOUSE	53.077	130	127	122	1	127	1	121	2.60e-38	128	100
P00029_01	sp|P01767|HV353_HUMAN	68.367	98	127	116	1	97	20	114	6.47e-38	127	76
P00029_01	sp|A0A0C4DH36|HV338_HUMAN	67.000	100	127	116	1	100	20	116	9.80e-38	127	79
P00029_01	sp|P01788|HVM19_MOUSE	53.077	130	127	123	1	127	1	122	1.06e-37	127	100
P00029_01	sp|P0DOX5|IGG1_HUMAN	58.268	127	127	449	1	127	1	118	1.14e-37	135	100
P00029_01	sp|A0A0C4DH35|HV335_HUMAN	66.327	98	127	117	1	98	20	116	1.16e-37	126	77
P00029_01	sp|P19181|HV05_CARAU	68.367	98	127	116	1	97	20	114	1.60e-37	126	76
P00029_02	sp|P01784|HV01_CANLF	58.333	132	127	114	1	127	1	113	2.52e-41	135	100
P00029_02	sp|P01780|HV307_HUMAN	70.103	97	127	117	1	97	20	115	2.92e-41	135	76
P00029_02	sp|P01772|HV333_HUMAN	70.103	97	127	117	1	97	20	115	7.40e-41	134	76
P00029_02	sp|P0DP02|HVC33_HUMAN	70.103	97	127	117	1	97	20	115	1.74e-40	134	76
P00029_02	sp|P0DP03|HVC05_HUMAN	70.103	97	127	117	1	97	20	115	4.12e-40	132	76
P00029_02	sp|P01768|HV330_HUMAN	70.103	97	127	117	1	97	20	115	4.12e-40	132	76
P00029_02	sp|A0A0C4DH42|HV366_HUMAN	69.072	97	127	116	1	97	20	114	6.76e-40	132	76
P00029_02	sp|P01764|HV323_HUMAN	69.072	97	127	117	1	97	20	115	7.44e-40	132	76
P00029_02	sp|A0A0J9YX35|HV64D_HUMAN	67.347	98	127	117	1	98	20	116	1.04e-39	132	77
P00029_02	sp|P01767|HV353_HUMAN	68.041	97	127	116	1	97	20	114	1.06e-39	131	76
P00029_02	sp|P19181|HV05_CARAU	68.041	97	127	116	1	97	20	114	2.90e-39	130	76
P00029_02	sp|P01763|HV348_HUMAN	67.010	97	127	117	1	97	20	115	1.26e-38	129	76
P00029_02	sp|A0A0C4DH35|HV335_HUMAN	65.306	98	127	117	1	98	20	116	7.12e-38	127	77
P00029_02	sp|A0A0B4J1X5|HV374_HUMAN	67.010	97	127	117	1	97	20	115	8.39e-38	127	76
P00029_02	sp|P0DOX5|IGG1_HUMAN	57.480	127	127	449	1	127	1	118	1.06e-37	135	100
P00029_02	sp|P01762|HV311_HUMAN	65.979	97	127	117	1	97	20	115	1.13e-37	126	76
P00029_02	sp|P01788|HVM19_MOUSE	51.538	130	127	123	1	127	1	122	1.17e-37	127	100
P00029_02	sp|A0A075B6Q5|HV364_HUMAN	65.979	97	127	118	1	97	21	116	2.61e-37	125	76
P00029_02	sp|P01791|HVM22_MOUSE	53.077	130	127	123	1	127	1	122	3.61e-37	125	100
P00029_02	sp|P01787|HVM18_MOUSE	51.538	130	127	123	1	127	1	122	6.44e-37	125	100
P00029_03	sp|P01772|HV333_HUMAN	71.134	97	127	117	1	97	20	115	1.31e-41	136	76
P00029_03	sp|P0DP02|HVC33_HUMAN	71.134	97	127	117	1	97	20	115	2.15e-41	136	76
P00029_03	sp|P01780|HV307_HUMAN	70.103	97	127	117	1	97	20	115	6.85e-41	134	76
P00029_03	sp|P0DP03|HVC05_HUMAN	71.134	97	127	117	1	97	20	115	7.24e-41	134	76
P00029_03	sp|P01768|HV330_HUMAN	71.134	97	127	117	1	97	20	115	7.24e-41	134	76
P00029_03	sp|A0A0J9YX35|HV64D_HUMAN	68.367	98	127	117	1	98	20	116	2.33e-40	133	77
P00029_03	sp|P01784|HV01_CANLF	57.576	132	127	114	1	127	1	113	8.46e-40	132	100
P00029_03	sp|A0A0C4DH42|HV366_HUMAN	69.072	97	127	116	1	97	20	114	1.77e-39	131	76
P00029_03	sp|P01764|HV323_HUMAN	69.072	97	127	117	1	97	20	115	2.06e-39	131	76
P00029_03	sp|P01767|HV353_HUMAN	68.041	97	127	116	1	97	20	114	3.20e-39	130	76
P00029_03	sp|P19181|HV05_CARAU	68.041	97	127	116	1	97	20	114	7.59e-39	129	76
P00029_03	sp|A0A0B4J1X5|HV374_HUMAN	68.041	97	127	117	1	97	20	115	1.29e-38	129	76
P00029_03	sp|P01763|HV348_HUMAN	67.010	97	127	117	1	97	20	115	2.19e-38	128	76
P00029_03	sp|A0A075B6Q5|HV364_HUMAN	67.010	97	127	118	1	97	21	116	6.16e-38	127	76
P00029_03	sp|P0DP04|HV43D_HUMAN	67.010	97	127	118	1	97	20	115	1.24e-37	126	76
P00029_03	sp|A0A0C4DH35|HV335_HUMAN	65.306	98	127	117	1	98	20	116	1.50e-37	126	77
P00029_03	sp|A0A0B4J1X8|HV343_HUMAN	67.010	97	127	118	1	97	20	115	1.58e-37	126	76
P00029_03	sp|P01762|HV311_HUMAN	65.979	97	127	117	1	97	20	115	2.56e-37	125	76
P00029_03	sp|P01782|HV309_HUMAN	65.979	97	127	118	1	97	20	115	7.29e-37	124	76
P00029_03	sp|P0DOX5|IGG1_HUMAN	58.268	127	127	449	1	127	1	118	9.68e-37	132	100
P00029_04	sp|P01780|HV307_HUMAN	70.103	97	127	117	1	97	20	115	5.57e-41	135	76
P00029_04	sp|P0DP02|HVC33_HUMAN	71.134	97	127	117	1	97	20	115	5.75e-41	135	76
P00029_04	sp|P01764|HV323_HUMAN	71.134	97	127	117	1	97	20	115	8.81e-41	134	76
P00029_04	sp|P0DP03|HVC05_HUMAN	71.134	97	127	117	1	97	20	115	1.61e-40	134	76
P00029_04	sp|P01768|HV330_HUMAN	71.134	97	127	117	1	97	20	115	1.61e-40	134	76
P00029_04	sp|P01784|HV01_CANLF	56.693	127	127	114	1	127	1	113	1.93e-40	133	100
P00029_04	sp|A0A0C4DH42|HV366_HUMAN	71.134	97	127	116	1	97	20	114	1.99e-40	133	76
P00029_04	sp|P01772|HV333_HUMAN	71.134	97	127	117	1	97	20	115	2.33e-40	133	76
P00029_04	sp|P01767|HV353_HUMAN	70.103	97	127	116	1	97	20	114	4.46e-40	132	76
P00029_04	sp|P19181|HV05_CARAU	70.103	97	127	116	1	97	20	114	1.22e-39	131	76
P00029_04	sp|A0A0J9YX35|HV64D_HUMAN	69.072	97	127	117	1	97	20	115	1.50e-39	131	76
P00029_04	sp|P0DOX5|IGG1_HUMAN	59.843	127	127	449	1	127	1	118	3.10e-39	139	100
P00029_04	sp|P01762|HV311_HUMAN	69.072	97	127	117	1	97	20	115	3.26e-39	130	76
P00029_04	sp|P01763|HV348_HUMAN	68.041	97	127	117	1	97	20	115	3.44e-39	130	76
P00029_04	sp|P01793|HVM24_MOUSE	53.077	130	127	123	1	127	1	122	5.85e-39	130	100
P00029_04	sp|A0A0C4DH35|HV335_HUMAN	67.010	97	127	117	1	97	20	115	8.72e-39	129	76
P00029_04	sp|P01788|HVM19_MOUSE	52.308	130	127	123	1	127	1	122	6.48e-38	127	100
P00029_04	sp|P01792|HVM23_MOUSE	52.308	130	127	123	1	127	1	122	7.47e-38	127	100
P00029_04	sp|A0A075B6Q5|HV364_HUMAN	68.041	97	127	118	1	97	21	116	8.74e-38	127	76
P00029_04	sp|A0A0B4J1Y9|HV372_HUMAN	67.000	100	127	119	1	97	20	117	9.94e-38	127	76
P00029_05	sp|P01772|HV333_HUMAN	71.134	97	127	117	1	97	20	115	2.23e-42	138	76
P00029_05	sp|P0DP02|HVC33_HUMAN	71.134	97	127	117	1	97	20	115	4.85e-42	137	76
P00029_05	sp|P0DP03|HVC05_HUMAN	71.134	97	127	117	1	97	20	115	1.31e-41	136	76
P00029_05	sp|P01768|HV330_HUMAN	71.134	97	127	117	1	97	20	115	1.31e-41	136	76
P00029_05	sp|P01780|HV307_HUMAN	70.103	97	127	117	1	97	20	115	1.46e-41	136	76
P00029_05	sp|A0A0J9YX35|HV64D_HUMAN	68.367	98	127	117	1	98	20	116	5.10e-41	135	77
P00029_05	sp|A0A0C4DH42|HV366_HUMAN	69.072	97	127	116	1	97	20	114	4.56e-40	132	76
P00029_05	sp|P01764|HV323_HUMAN	69.072	97	127	117	1	97	20	115	6.89e-40	132	76
P00029_05	sp|P01784|HV01_CANLF	57.576	132	127	114	1	127	1	113	7.50e-40	132	100
P00029_05	sp|P01767|HV353_HUMAN	68.041	97	127	116	1	97	20	114	7.88e-40	132	76
P00029_05	sp|P19181|HV05_CARAU	68.041	97	127	116	1	97	20	114	1.91e-39	131	76
P00029_05	sp|A0A0B4J1X5|HV374_HUMAN	68.041	97	127	117	1	97	20	115	2.65e-39	130	76
P00029_05	sp|P01763|HV348_HUMAN	67.010	97	127	117	1	97	20	115	3.80e-39	130	76
P00029_05	sp|A0A075B6Q5|HV364_HUMAN	67.010	97	127	118	1	97	21	116	1.36e-38	129	76
P00029_05	sp|P0DOX5|IGG1_HUMAN	58.268	127	127	449	1	127	1	118	1.55e-38	137	100
P00029_05	sp|A0A0C4DH35|HV335_HUMAN	65.306	98	127	117	1	98	20	116	2.87e-38	128	77
P00029_05	sp|P0DP04|HV43D_HUMAN	67.010	97	127	118	1	97	20	115	3.06e-38	128	76
P00029_05	sp|A0A0B4J1X8|HV343_HUMAN	67.010	97	127	118	1	97	20	115	5.11e-38	127	76
P00029_05	sp|P01762|HV311_HUMAN	65.979	97	127	117	1	97	20	115	6.04e-38	127	76
P00029_05	sp|P01782|HV309_HUMAN	65.979	97	127	118	1	97	20	115	1.65e-37	126	76
P00029_06	sp|P01780|HV307_HUMAN	70.408	98	127	117	1	97	20	115	5.13e-40	132	76
P00029_06	sp|A0A0J9YX35|HV64D_HUMAN	67.677	99	127	117	1	98	20	116	1.65e-39	131	77
P00029_06	sp|P01772|HV333_HUMAN	70.408	98	127	117	1	97	20	115	1.82e-39	131	76
P00029_06	sp|P0DP02|HVC33_HUMAN	70.408	98	127	117	1	97	20	115	2.68e-39	130	76
P00029_06	sp|P0DP03|HVC05_HUMAN	70.408	98	127	117	1	97	20	115	4.68e-39	130	76
P00029_06	sp|P01768|HV330_HUMAN	70.408	98	127	117	1	97	20	115	4.68e-39	130	76
P00029_06	sp|P01764|HV323_HUMAN	69.388	98	127	117	1	97	20	115	4.78e-39	130	76
P00029_06	sp|A0A0C4DH42|HV366_HUMAN	70.408	98	127	116	1	97	20	114	9.04e-39	129	76
P00029_06	sp|A0A0B4J1X5|HV374_HUMAN	69.388	98	127	117	1	97	20	115	1.57e-38	129	76
P00029_06	sp|P01767|HV353_HUMAN	69.388	98	127	116	1	97	20	114	2.01e-38	128	76
P00029_06	sp|P01763|HV348_HUMAN	68.367	98	127	117	1	97	20	115	3.10e-38	128	76
P00029_06	sp|P19181|HV05_CARAU	69.388	98	127	116	1	97	20	114	5.09e-38	127	76
P00029_06	sp|A0A075B6Q5|HV364_HUMAN	67.347	98	127	118	1	97	21	116	1.28e-37	126	76
P00029_06	sp|P01762|HV311_HUMAN	68.367	98	127	117	1	97	20	115	1.99e-37	126	76
P00029_06	sp|P01784|HV01_CANLF	56.061	132	127	114	1	127	1	113	5.20e-37	125	100
P00029_06	sp|P01791|HVM22_MOUSE	53.435	131	127	123	1	127	1	122	6.51e-37	125	100
P00029_06	sp|A0A0C4DH35|HV335_HUMAN	65.657	99	127	117	1	98	20	116	1.47e-36	124	77
P00029_06	sp|P0DOX5|IGG1_HUMAN	57.812	128	127	449	1	127	1	118	1.75e-36	132	100
P00029_06	sp|P01782|HV309_HUMAN	66.327	98	127	118	1	97	20	115	1.85e-36	123	76
P00029_06	sp|A0A0B4J1V1|HV321_HUMAN	67.347	98	127	117	1	97	20	115	2.11e-36	123	76
P00029_07	sp|P01772|HV333_HUMAN	72.165	97	127	117	1	97	20	115	5.65e-42	137	76
P00029_07	sp|P0DP02|HVC33_HUMAN	72.165	97	127	117	1	97	20	115	9.25e-42	137	76
P00029_07	sp|P0DP03|HVC05_HUMAN	72.165	97	127	117	1	97	20	115	2.82e-41	135	76
P00029_07	sp|P01768|HV330_HUMAN	72.165	97	127	117	1	97	20	115	2.82e-41	135	76
P00029_07	sp|P01780|HV307_HUMAN	71.134	97	127	117	1	97	20	115	2.95e-41	135	76
P00029_07	sp|A0A0J9YX35|HV64D_HUMAN	69.072	97	127	117	1	97	20	115	5.07e-40	132	76
P00029_07	sp|A0A0C4DH42|HV366_HUMAN	70.103	97	127	116	1	97	20	114	9.09e-40	132	76
P00029_07	sp|P01764|HV323_HUMAN	70.103	97	127	117	1	97	20	115	1.07e-39	132	76
P00029_07	sp|P01784|HV01_CANLF	57.576	132	127	114	1	127	1	113	1.08e-39	131	100
P00029_07	sp|P01767|HV353_HUMAN	69.072	97	127	116	1	97	20	114	1.60e-39	131	76
P00029_07	sp|P19181|HV05_CARAU	69.072	97	127	116	1	97	20	114	3.34e-39	130	76
P00029_07	sp|A0A0B4J1X5|HV374_HUMAN	69.072	97	127	117	1	97	20	115	5.82e-39	130	76
P00029_07	sp|P01763|HV348_HUMAN	68.041	97	127	117	1	97	20	115	8.63e-39	129	76
P00029_07	sp|A0A075B6Q5|HV364_HUMAN	68.041	97	127	118	1	97	21	116	2.62e-38	128	76
P00029_07	sp|P01762|HV311_HUMAN	67.010	97	127	117	1	97	20	115	1.11e-37	126	76
P00029_07	sp|A0A0B4J1X8|HV343_HUMAN	67.010	97	127	118	1	97	20	115	1.19e-37	126	76
P00029_07	sp|P01788|HVM19_MOUSE	52.308	130	127	123	1	127	1	122	1.38e-37	126	100
P00029_07	sp|P0DP04|HV43D_HUMAN	67.010	97	127	118	1	97	20	115	1.40e-37	126	76
P00029_07	sp|P0DOX5|IGG1_HUMAN	58.268	127	127	449	1	127	1	118	2.09e-37	134	100
P00029_07	sp|A0A0C4DH35|HV335_HUMAN	65.979	97	127	117	1	97	20	115	3.18e-37	125	76
P00029_08	sp|P01780|HV307_HUMAN	70.103	97	127	117	1	97	20	115	3.12e-41	135	76
P00029_08	sp|P01772|HV333_HUMAN	71.134	97	127	117	1	97	20	115	6.28e-41	135	76
P00029_08	sp|P0DP02|HVC33_HUMAN	71.134	97	127	117	1	97	20	115	1.70e-40	134	76
P00029_08	sp|P0DP03|HVC05_HUMAN	71.134	97	127	117	1	97	20	115	4.03e-40	132	76
P00029_08	sp|P01768|HV330_HUMAN	71.134	97	127	117	1	97	20	115	4.03e-40	132	76
P00029_08	sp|A0A0J9YX35|HV64D_HUMAN	68.041	97	127	117	1	97	20	115	6.97e-40	132	76
P00029_08	sp|P01764|HV323_HUMAN	69.072	97	127	117	1	97	20	115	1.43e-39	131	76
P00029_08	sp|A0A0C4DH42|HV366_HUMAN	69.072	97	127	116	1	97	20	114	1.52e-39	131	76
P00029_08	sp|P01767|HV353_HUMAN	68.041	97	127	116	1	97	20	114	3.38e-39	130	76
P00029_08	sp|P19181|HV05_CARAU	68.041	97	127	116	1	97	20	114	6.44e-39	129	76
P00029_08	sp|A0A0B4J1X5|HV374_HUMAN	68.041	97	127	117	1	97	20	115	1.15e-38	129	76
P00029_08	sp|P01784|HV01_CANLF	57.031	128	127	114	1	127	1	113	1.30e-38	129	100
P00029_08	sp|P01763|HV348_HUMAN	67.010	97	127	117	1	97	20	115	1.72e-38	129	76
P00029_08	sp|A0A075B6Q5|HV364_HUMAN	67.010	97	127	118	1	97	21	116	2.96e-38	128	76
P00029_08	sp|P0DP04|HV43D_HUMAN	67.010	97	127	118	1	97	20	115	3.39e-37	125	76
P00029_08	sp|A0A0B4J1V1|HV321_HUMAN	65.979	97	127	117	1	97	20	115	3.71e-37	125	76
P00029_08	sp|P01762|HV311_HUMAN	65.979	97	127	117	1	97	20	115	4.14e-37	125	76
P00029_08	sp|A0A0B4J1X8|HV343_HUMAN	67.010	97	127	118	1	97	20	115	4.97e-37	125	76
P00029_08	sp|A0A0C4DH35|HV335_HUMAN	64.948	97	127	117	1	97	20	115	1.32e-36	124	76
P00029_08	sp|P01782|HV309_HUMAN	65.979	97	127	118	1	97	20	115	2.22e-36	123	76
P00030_00	sp|P01784|HV01_CANLF	60.976	123	123	114	1	123	1	113	2.30e-43	140	100
P00030_00	sp|P01762|HV311_HUMAN	68.367	98	123	117	1	98	20	116	1.25e-40	134	80
P00030_00	sp|P01763|HV348_HUMAN	68.367	98	123	117	1	98	20	116	1.74e-40	133	80
P00030_00	sp|P01807|HVM37_MOUSE	57.724	123	123	119	1	123	1	117	2.99e-40	133	100
P00030_00	sp|P01764|HV323_HUMAN	68.687	99	123	117	1	99	20	117	3.24e-40	133	80
P00030_00	sp|P01794|HVM25_MOUSE	55.118	127	123	123	1	123	1	122	3.33e-40	133	100
P00030_00	sp|P01780|HV307_HUMAN	68.367	98	123	117	1	98	20	116	1.57e-39	131	80
P00030_00	sp|P01810|HVM40_MOUSE	56.911	123	123	119	1	123	1	117	2.44e-39	130	100
P00030_00	sp|P01811|HVM41_MOUSE	52.846	123	123	117	1	123	1	116	6.29e-39	129	100
P00030_00	sp|P01767|HV353_HUMAN	69.388	98	123	116	1	98	20	115	6.81e-39	129	80
P00030_00	sp|P01791|HVM22_MOUSE	53.906	128	123	123	1	123	1	122	6.98e-39	129	100
P00030_00	sp|A0A0B4J1X5|HV374_HUMAN	66.667	102	123	117	1	98	20	116	9.85e-39	129	80
P00030_00	sp|P01788|HVM19_MOUSE	52.800	125	123	123	1	123	1	122	1.26e-38	129	100
P00030_00	sp|P19181|HV05_CARAU	69.388	98	123	116	1	98	20	115	1.63e-38	128	80
P00030_00	sp|P01787|HVM18_MOUSE	53.906	128	123	123	1	123	1	122	2.32e-38	128	100
P00030_00	sp|P01790|HVM21_MOUSE	53.906	128	123	122	1	123	1	121	3.13e-38	128	100
P00030_00	sp|P01792|HVM23_MOUSE	53.906	128	123	123	1	123	1	122	3.88e-38	127	100
P00030_00	sp|P01793|HVM24_MOUSE	54.331	127	123	123	1	123	1	122	4.33e-38	127	100
P00030_00	sp|A0A0B4J1V0|HV315_HUMAN	66.000	100	123	119	1	98	20	118	4.48e-38	127	80
P00030_00	sp|A0A0C4DH42|HV366_HUMAN	69.388	98	123	116	1	98	20	115	4.72e-38	127	80
P00030_01	sp|P01784|HV01_CANLF	58.537	123	123	114	1	123	1	113	1.63e-39	131	100
P00030_01	sp|P01767|HV353_HUMAN	69.697	99	123	116	1	97	20	114	1.40e-38	129	79
P00030_01	sp|A0A0C4DH42|HV366_HUMAN	70.707	99	123	116	1	97	20	114	1.78e-38	128	79
P00030_01	sp|P01764|HV323_HUMAN	71.134	97	123	117	1	97	20	115	2.12e-38	128	79
P00030_01	sp|P01763|HV348_HUMAN	68.000	100	123	117	1	97	20	115	2.52e-38	128	79
P00030_01	sp|P01780|HV307_HUMAN	69.697	99	123	117	1	97	20	115	2.88e-38	128	79
P00030_01	sp|P19181|HV05_CARAU	69.697	99	123	116	1	97	20	114	3.83e-38	127	79
P00030_01	sp|P01762|HV311_HUMAN	70.103	97	123	117	1	97	20	115	5.03e-38	127	79
P00030_01	sp|P0DTE1|HV383_HUMAN	68.317	101	123	115	1	99	20	115	3.66e-37	125	80
P00030_01	sp|A0A0C4DH36|HV338_HUMAN	69.697	99	123	116	1	97	20	113	4.21e-37	125	79
P00030_01	sp|P0DP02|HVC33_HUMAN	70.707	99	123	117	1	97	20	115	4.73e-37	125	79
P00030_01	sp|P01810|HVM40_MOUSE	55.285	123	123	119	1	123	1	117	5.42e-37	124	100
P00030_01	sp|A0A0B4J1V1|HV321_HUMAN	67.010	97	123	117	1	97	20	115	7.01e-37	124	79
P00030_01	sp|P0DP03|HVC05_HUMAN	70.874	103	123	117	1	97	20	115	7.09e-37	124	79
P00030_01	sp|P01768|HV330_HUMAN	70.874	103	123	117	1	97	20	115	7.09e-37	124	79
P00030_01	sp|A0A0B4J1X5|HV374_HUMAN	68.317	101	123	117	1	97	20	115	8.08e-37	124	79
P00030_01	sp|P01786|HVM17_MOUSE	54.032	124	123	117	1	123	1	116	8.82e-37	124	100
P00030_01	sp|P01807|HVM37_MOUSE	55.285	123	123	119	1	123	1	117	1.04e-36	124	100
P00030_01	sp|P01772|HV333_HUMAN	70.874	103	123	117	1	97	20	115	1.74e-36	123	79
P00030_01	sp|A0A0J9YX35|HV64D_HUMAN	68.041	97	123	117	1	97	20	115	1.96e-36	123	79
P00030_02	sp|P01784|HV01_CANLF	58.537	123	123	114	1	123	1	113	5.25e-41	134	100
P00030_02	sp|P01764|HV323_HUMAN	67.647	102	123	117	1	99	20	117	4.22e-38	127	80
P00030_02	sp|A0A0J9YX35|HV64D_HUMAN	66.667	102	123	117	1	99	20	117	1.10e-37	126	80
P00030_02	sp|P01780|HV307_HUMAN	70.000	100	123	117	1	97	20	115	1.48e-37	126	79
P00030_02	sp|P01767|HV353_HUMAN	68.687	99	123	116	1	97	20	114	2.60e-37	125	79
P00030_02	sp|P0DP02|HVC33_HUMAN	70.000	100	123	117	1	97	20	115	4.15e-37	125	79
P00030_02	sp|P01762|HV311_HUMAN	68.041	97	123	117	1	97	20	115	4.19e-37	125	79
P00030_02	sp|A0A0C4DH42|HV366_HUMAN	68.687	99	123	116	1	97	20	114	5.71e-37	124	79
P00030_02	sp|P0DP03|HVC05_HUMAN	70.000	100	123	117	1	97	20	115	6.02e-37	124	79
P00030_02	sp|P01768|HV330_HUMAN	70.000	100	123	117	1	97	20	115	6.02e-37	124	79
P00030_02	sp|P01772|HV333_HUMAN	70.000	100	123	117	1	97	20	115	7.25e-37	124	79
P00030_02	sp|P19181|HV05_CARAU	68.687	99	123	116	1	97	20	114	7.68e-37	124	79
P00030_02	sp|P01786|HVM17_MOUSE	53.125	128	123	117	1	123	1	116	8.35e-37	124	100
P00030_02	sp|P01763|HV348_HUMAN	67.000	100	123	117	1	97	20	115	1.19e-36	124	79
P00030_02	sp|A0A0C4DH36|HV338_HUMAN	68.367	98	123	116	1	97	20	113	4.98e-36	122	79
P00030_02	sp|A0A0B4J1V1|HV321_HUMAN	65.979	97	123	117	1	97	20	115	7.60e-36	122	79
P00030_02	sp|P0DTE1|HV383_HUMAN	68.367	98	123	115	1	97	20	113	8.26e-36	121	79
P00030_02	sp|A0A0B4J1X5|HV374_HUMAN	69.697	99	123	117	1	97	20	115	1.03e-35	121	79
P00030_02	sp|A0A0C4DH35|HV335_HUMAN	65.347	101	123	117	1	98	20	116	1.65e-35	121	80
P00030_02	sp|P0DP04|HV43D_HUMAN	64.078	103	123	118	1	100	20	118	1.68e-35	121	81
P00030_03	sp|P01784|HV01_CANLF	59.350	123	123	114	1	123	1	113	2.09e-41	135	100
P00030_03	sp|P01764|HV323_HUMAN	68.687	99	123	117	1	99	20	117	2.04e-39	130	80
P00030_03	sp|P01780|HV307_HUMAN	70.588	102	123	117	1	99	20	117	2.07e-38	128	80
P00030_03	sp|P01786|HVM17_MOUSE	53.968	126	123	117	1	123	1	116	2.26e-38	128	100
P00030_03	sp|A0A0C4DH42|HV366_HUMAN	69.307	101	123	116	1	99	20	116	4.47e-38	127	80
P00030_03	sp|P01767|HV353_HUMAN	68.317	101	123	116	1	99	20	116	5.81e-38	127	80
P00030_03	sp|P01763|HV348_HUMAN	66.667	99	123	117	1	99	20	117	6.05e-38	127	80
P00030_03	sp|P01762|HV311_HUMAN	67.677	99	123	117	1	99	20	117	6.46e-38	127	80
P00030_03	sp|P19181|HV05_CARAU	68.317	101	123	116	1	99	20	116	1.32e-37	126	80
P00030_03	sp|A0A0C4DH36|HV338_HUMAN	68.687	99	123	116	1	99	20	115	1.44e-37	126	80
P00030_03	sp|P01807|HVM37_MOUSE	56.098	123	123	119	1	123	1	117	3.14e-37	125	100
P00030_03	sp|P0DTE1|HV383_HUMAN	68.687	99	123	115	1	99	20	115	3.39e-37	125	80
P00030_03	sp|P0DP02|HVC33_HUMAN	68.627	102	123	117	1	99	20	117	3.60e-37	125	80
P00030_03	sp|P0DP03|HVC05_HUMAN	68.868	106	123	117	1	99	20	117	4.33e-37	125	80
P00030_03	sp|P01768|HV330_HUMAN	68.868	106	123	117	1	99	20	117	4.33e-37	125	80
P00030_03	sp|P01793|HVM24_MOUSE	54.331	127	123	123	1	123	1	122	6.31e-37	124	100
P00030_03	sp|P01772|HV333_HUMAN	68.868	106	123	117	1	99	20	117	7.25e-37	124	80
P00030_03	sp|A0A0B4J1V1|HV321_HUMAN	65.657	99	123	117	1	99	20	117	8.73e-37	124	80
P00030_03	sp|A0A0J9YX35|HV64D_HUMAN	67.010	97	123	117	1	97	20	115	8.92e-37	124	79
P00030_03	sp|P01805|HVR01_RAT	53.600	125	123	142	1	123	20	141	9.40e-37	125	100
P00030_04	sp|P01784|HV01_CANLF	60.163	123	123	114	1	123	1	113	3.94e-40	132	100
P00030_04	sp|P01764|HV323_HUMAN	68.627	102	123	117	1	99	20	117	5.92e-40	132	80
P00030_04	sp|P01780|HV307_HUMAN	71.000	100	123	117	1	97	20	115	7.78e-40	132	79
P00030_04	sp|P01767|HV353_HUMAN	69.697	99	123	116	1	97	20	114	3.90e-39	130	79
P00030_04	sp|P01762|HV311_HUMAN	70.103	97	123	117	1	97	20	115	5.34e-39	130	79
P00030_04	sp|P01810|HVM40_MOUSE	56.098	123	123	119	1	123	1	117	8.22e-39	129	100
P00030_04	sp|A0A0C4DH42|HV366_HUMAN	69.697	99	123	116	1	97	20	114	1.13e-38	129	79
P00030_04	sp|P01807|HVM37_MOUSE	56.098	123	123	119	1	123	1	117	1.30e-38	129	100
P00030_04	sp|P19181|HV05_CARAU	69.697	99	123	116	1	97	20	114	1.31e-38	129	79
P00030_04	sp|P0DP02|HVC33_HUMAN	70.000	100	123	117	1	97	20	115	3.24e-38	127	79
P00030_04	sp|P01786|HVM17_MOUSE	53.175	126	123	117	1	123	1	116	5.25e-38	127	100
P00030_04	sp|P0DP03|HVC05_HUMAN	68.868	106	123	117	1	99	20	117	5.48e-38	127	80
P00030_04	sp|P01768|HV330_HUMAN	68.868	106	123	117	1	99	20	117	5.48e-38	127	80
P00030_04	sp|P01763|HV348_HUMAN	68.000	100	123	117	1	97	20	115	5.73e-38	127	79
P00030_04	sp|P01772|HV333_HUMAN	70.192	104	123	117	1	97	20	115	7.53e-38	127	79
P00030_04	sp|P0DTE1|HV383_HUMAN	69.000	100	123	115	1	99	20	115	7.83e-38	127	80
P00030_04	sp|A0A0J9YX35|HV64D_HUMAN	65.686	102	123	117	1	99	20	117	8.78e-38	127	80
P00030_04	sp|A0A0C4DH36|HV338_HUMAN	70.408	98	123	116	1	97	20	113	9.71e-38	126	79
P00030_04	sp|A0A0B4J1V1|HV321_HUMAN	67.010	97	123	117	1	97	20	115	2.30e-37	125	79
P00030_04	sp|P01793|HVM24_MOUSE	54.331	127	123	123	1	123	1	122	3.20e-37	125	100
P00030_05	sp|P01784|HV01_CANLF	60.163	123	123	114	1	123	1	113	5.86e-41	134	100
P00030_05	sp|P01764|HV323_HUMAN	70.103	97	123	117	1	97	20	115	1.77e-39	131	79
P00030_05	sp|P01780|HV307_HUMAN	69.072	97	123	117	1	97	20	115	3.37e-39	130	79
P00030_05	sp|P01763|HV348_HUMAN	68.041	97	123	117	1	97	20	115	3.60e-39	130	79
P00030_05	sp|A0A0C4DH42|HV366_HUMAN	69.697	99	123	116	1	97	20	114	6.62e-38	127	79
P00030_05	sp|P01762|HV311_HUMAN	69.072	97	123	117	1	97	20	115	7.53e-38	127	79
P00030_05	sp|P0DP02|HVC33_HUMAN	70.000	100	123	117	1	97	20	115	9.48e-38	126	79
P00030_05	sp|P01767|HV353_HUMAN	68.687	99	123	116	1	97	20	114	1.25e-37	126	79
P00030_05	sp|P0DP03|HVC05_HUMAN	70.000	100	123	117	1	97	20	115	1.93e-37	125	79
P00030_05	sp|P01768|HV330_HUMAN	70.000	100	123	117	1	97	20	115	1.93e-37	125	79
P00030_05	sp|A0A0C4DH36|HV338_HUMAN	70.103	97	123	116	1	97	20	113	2.28e-37	125	79
P00030_05	sp|P01772|HV333_HUMAN	70.000	100	123	117	1	97	20	115	2.89e-37	125	79
P00030_05	sp|P0DTE1|HV383_HUMAN	68.687	99	123	115	1	99	20	115	3.24e-37	125	80
P00030_05	sp|A0A0J9YX35|HV64D_HUMAN	67.010	97	123	117	1	97	20	115	3.33e-37	125	79
P00030_05	sp|P19181|HV05_CARAU	68.687	99	123	116	1	97	20	114	4.21e-37	125	79
P00030_05	sp|A0A0B4J1V1|HV321_HUMAN	67.010	97	123	117	1	97	20	115	4.58e-37	125	79
P00030_05	sp|P01786|HVM17_MOUSE	53.175	126	123	117	1	123	1	116	1.40e-36	124	100
P00030_05	sp|P01810|HVM40_MOUSE	55.200	125	123	119	1	123	1	117	1.62e-36	123	100
P00030_05	sp|P01807|HVM37_MOUSE	54.400	125	123	119	1	123	1	117	3.26e-36	122	100
P00030_05	sp|A0A0B4J1X5|HV374_HUMAN	68.367	98	123	117	1	97	20	115	3.82e-36	122	79
P00030_06	sp|P01784|HV01_CANLF	58.537	123	123	114	1	123	1	113	5.08e-41	135	100
P00030_06	sp|P01807|HVM37_MOUSE	55.556	126	123	119	1	123	1	117	1.24e-39	131	100
P00030_06	sp|P01762|HV311_HUMAN	68.000	100	123	117	1	97	20	115	1.75e-39	131	79
P00030_06	sp|P01788|HVM19_MOUSE	55.385	130	123	123	1	123	1	122	1.92e-39	131	100
P00030_06	sp|P01790|HVM21_MOUSE	54.962	131	123	122	1	123	1	121	3.92e-39	130	100
P00030_06	sp|P01787|HVM18_MOUSE	54.962	131	123	123	1	123	1	122	4.76e-39	130	100
P00030_06	sp|P01764|HV323_HUMAN	70.297	101	123	117	1	97	20	115	4.89e-39	130	79
P00030_06	sp|P01793|HVM24_MOUSE	55.385	130	123	123	1	123	1	122	6.25e-39	130	100
P00030_06	sp|P01792|HVM23_MOUSE	54.962	131	123	123	1	123	1	122	6.68e-39	129	100
P00030_06	sp|P01786|HVM17_MOUSE	54.688	128	123	117	1	123	1	116	9.85e-39	129	100
P00030_06	sp|P01789|HVM20_MOUSE	55.385	130	123	122	1	123	1	121	1.14e-38	129	100
P00030_06	sp|P01763|HV348_HUMAN	68.367	98	123	117	1	97	20	115	1.15e-38	129	79
P00030_06	sp|P01791|HVM22_MOUSE	55.725	131	123	123	1	123	1	122	1.53e-38	129	100
P00030_06	sp|A0A0B4J1Y9|HV372_HUMAN	66.667	102	123	119	1	97	20	117	1.55e-38	129	79
P00030_06	sp|P01780|HV307_HUMAN	67.000	100	123	117	1	97	20	115	1.94e-38	128	79
P00030_06	sp|P01794|HVM25_MOUSE	55.385	130	123	123	1	123	1	122	1.99e-38	128	100
P00030_06	sp|P01810|HVM40_MOUSE	54.762	126	123	119	1	123	1	117	2.25e-38	128	100
P00030_06	sp|A0A0B4J1X5|HV374_HUMAN	69.307	101	123	117	1	97	20	115	3.04e-38	128	79
P00030_06	sp|A0A0C4DH42|HV366_HUMAN	70.000	100	123	116	1	97	20	114	3.63e-38	127	79
P00030_06	sp|P01767|HV353_HUMAN	69.000	100	123	116	1	97	20	114	7.23e-38	127	79
P00030_07	sp|P01784|HV01_CANLF	59.350	123	123	114	1	123	1	113	9.73e-42	136	100
P00030_07	sp|P01764|HV323_HUMAN	69.903	103	123	117	1	99	20	117	4.86e-40	132	80
P00030_07	sp|P01786|HVM17_MOUSE	55.039	129	123	117	1	123	1	116	5.02e-40	132	100
P00030_07	sp|P01780|HV307_HUMAN	72.549	102	123	117	1	98	20	116	1.06e-39	131	80
P00030_07	sp|P01762|HV311_HUMAN	69.307	101	123	117	1	98	20	116	1.47e-39	131	80
P00030_07	sp|A0A0C4DH42|HV366_HUMAN	70.297	101	123	116	1	98	20	115	4.85e-39	130	80
P00030_07	sp|P01763|HV348_HUMAN	68.627	102	123	117	1	98	20	116	7.09e-39	129	80
P00030_07	sp|P0DP02|HVC33_HUMAN	73.529	102	123	117	1	98	20	116	7.66e-39	129	80
P00030_07	sp|P01767|HV353_HUMAN	69.307	101	123	116	1	98	20	115	9.77e-39	129	80
P00030_07	sp|P0DP03|HVC05_HUMAN	74.038	104	123	117	1	99	20	117	1.32e-38	129	80
P00030_07	sp|P01768|HV330_HUMAN	74.038	104	123	117	1	99	20	117	1.32e-38	129	80
P00030_07	sp|A0A0J9YX35|HV64D_HUMAN	69.307	101	123	117	1	97	20	115	1.37e-38	129	79
P00030_07	sp|P19181|HV05_CARAU	69.307	101	123	116	1	98	20	115	2.79e-38	128	80
P00030_07	sp|P01772|HV333_HUMAN	74.757	103	123	117	1	98	20	116	4.71e-38	127	80
P00030_07	sp|A0A0B4J1Y9|HV372_HUMAN	66.019	103	123	119	1	98	20	118	6.86e-38	127	80
P00030_07	sp|A0A0B4J1X5|HV374_HUMAN	72.277	101	123	117	1	98	20	116	7.29e-38	127	80
P00030_07	sp|A0A0C4DH36|HV338_HUMAN	71.000	100	123	116	1	98	20	114	1.33e-37	126	80
P00030_07	sp|P01789|HVM20_MOUSE	55.385	130	123	122	1	123	1	121	1.37e-37	126	100
P00030_07	sp|A0A0B4J1V1|HV321_HUMAN	67.677	99	123	117	1	98	20	116	1.52e-37	126	80
P00030_07	sp|P01807|HVM37_MOUSE	55.906	127	123	119	1	123	1	117	1.63e-37	126	100
P00030_08	sp|P01784|HV01_CANLF	59.350	123	123	114	1	123	1	113	3.81e-40	132	100
P00030_08	sp|P01764|HV323_HUMAN	70.000	100	123	117	1	97	20	115	1.45e-39	131	79
P00030_08	sp|P01780|HV307_HUMAN	70.000	100	123	117	1	97	20	115	9.12e-39	129	79
P00030_08	sp|P01762|HV311_HUMAN	69.072	97	123	117	1	97	20	115	1.31e-38	129	79
P00030_08	sp|P0DP02|HVC33_HUMAN	70.000	100	123	117	1	97	20	115	1.40e-38	129	79
P00030_08	sp|A0A0C4DH42|HV366_HUMAN	69.697	99	123	116	1	97	20	114	1.40e-38	129	79
P00030_08	sp|P01767|HV353_HUMAN	69.697	99	123	116	1	97	20	114	2.24e-38	128	79
P00030_08	sp|P01763|HV348_HUMAN	68.000	100	123	117	1	97	20	115	2.29e-38	128	79
P00030_08	sp|P0DP03|HVC05_HUMAN	70.000	100	123	117	1	97	20	115	3.43e-38	127	79
P00030_08	sp|P01768|HV330_HUMAN	70.000	100	123	117	1	97	20	115	3.43e-38	127	79
P00030_08	sp|P01786|HVM17_MOUSE	54.839	124	123	117	1	123	1	116	4.22e-38	127	100
P00030_08	sp|P01772|HV333_HUMAN	70.000	100	123	117	1	97	20	115	4.65e-38	127	79
P00030_08	sp|P19181|HV05_CARAU	69.697	99	123	116	1	97	20	114	7.07e-38	127	79
P00030_08	sp|A0A0J9YX35|HV64D_HUMAN	67.000	100	123	117	1	97	20	115	8.04e-38	127	79
P00030_08	sp|P0DTE1|HV383_HUMAN	69.000	100	123	115	1	99	20	115	1.04e-37	126	80
P00030_08	sp|A0A0C4DH36|HV338_HUMAN	70.408	98	123	116	1	97	20	113	2.38e-37	125	79
P00030_08	sp|P01807|HVM37_MOUSE	56.098	123	123	119	1	123	1	117	2.52e-37	125	100
P00030_08	sp|A0A0B4J1V1|HV321_HUMAN	65.979	97	123	117	1	97	20	115	2.99e-37	125	79
P00030_08	sp|P01810|HVM40_MOUSE	55.285	123	123	119	1	123	1	117	1.02e-36	124	100
P00030_08	sp|P0DP04|HV43D_HUMAN	64.078	103	123	118	1	100	20	118	2.28e-36	123	81
P00031_00	sp|P01780|HV307_HUMAN	70.297	101	127	117	1	99	20	117	1.26e-41	136	78
P00031_00	sp|P0DP03|HVC05_HUMAN	71.287	101	127	117	1	99	20	117	1.53e-41	136	78
P00031_00	sp|P01768|HV330_HUMAN	71.287	101	127	117	1	99	20	117	1.53e-41	136	78
P00031_00	sp|P01784|HV01_CANLF	58.140	129	127	114	1	127	1	113	2.75e-41	135	100
P00031_00	sp|P01772|HV333_HUMAN	71.287	101	127	117	1	99	20	117	6.35e-41	135	78
P00031_00	sp|P0DP02|HVC33_HUMAN	70.297	101	127	117	1	99	20	117	9.94e-41	134	78
P00031_00	sp|P01807|HVM37_MOUSE	55.814	129	127	119	1	127	1	117	1.04e-40	134	100
P00031_00	sp|P01810|HVM40_MOUSE	55.814	129	127	119	1	127	1	117	2.30e-40	133	100
P00031_00	sp|P01764|HV323_HUMAN	69.307	101	127	117	1	99	20	117	3.17e-40	133	78
P00031_00	sp|A0A0B4J1X5|HV374_HUMAN	68.317	101	127	117	1	99	20	117	1.18e-39	131	78
P00031_00	sp|A0A0J9YX35|HV64D_HUMAN	67.327	101	127	117	1	99	20	117	4.52e-39	130	78
P00031_00	sp|P01788|HVM19_MOUSE	52.672	131	127	123	1	127	1	122	1.36e-38	129	100
P00031_00	sp|P01763|HV348_HUMAN	67.327	101	127	117	1	99	20	117	1.40e-38	129	78
P00031_00	sp|P0DOX5|IGG1_HUMAN	58.140	129	127	449	1	127	1	118	1.79e-38	137	100
P00031_00	sp|P01762|HV311_HUMAN	67.327	101	127	117	1	99	20	117	2.28e-38	128	78
P00031_00	sp|A0A0C4DH42|HV366_HUMAN	68.000	100	127	116	1	99	20	116	3.21e-38	128	78
P00031_00	sp|A0A0B4J1Y9|HV372_HUMAN	66.019	103	127	119	1	99	20	119	4.42e-38	127	78
P00031_00	sp|P01787|HVM18_MOUSE	52.672	131	127	123	1	127	1	122	4.72e-38	127	100
P00031_00	sp|P01791|HVM22_MOUSE	54.198	131	127	123	1	127	1	122	4.83e-38	127	100
P00031_00	sp|P01767|HV353_HUMAN	67.000	100	127	116	1	99	20	116	5.43e-38	127	78
P00031_01	sp|P01807|HVM37_MOUSE	56.589	129	127	119	1	127	1	117	6.60e-41	135	100
P00031_01	sp|P01780|HV307_HUMAN	69.307	101	127	117	1	99	20	117	9.21e-41	134	78
P00031_01	sp|P01810|HVM40_MOUSE	56.589	129	127	119	1	127	1	117	1.34e-40	134	100
P00031_01	sp|P0DP03|HVC05_HUMAN	70.297	101	127	117	1	99	20	117	2.55e-40	133	78
P00031_01	sp|P01768|HV330_HUMAN	70.297	101	127	117	1	99	20	117	2.55e-40	133	78
P00031_01	sp|P01784|HV01_CANLF	57.364	129	127	114	1	127	1	113	4.95e-40	132	100
P00031_01	sp|P01764|HV323_HUMAN	69.307	101	127	117	1	99	20	117	7.86e-40	132	78
P00031_01	sp|P01772|HV333_HUMAN	70.297	101	127	117	1	99	20	117	9.26e-40	132	78
P00031_01	sp|P01762|HV311_HUMAN	68.317	101	127	117	1	99	20	117	1.30e-39	131	78
P00031_01	sp|P0DP02|HVC33_HUMAN	69.307	101	127	117	1	99	20	117	1.40e-39	131	78
P00031_01	sp|A0A0B4J1X5|HV374_HUMAN	67.327	101	127	117	1	99	20	117	4.99e-39	130	78
P00031_01	sp|A0A0J9YX35|HV64D_HUMAN	67.327	101	127	117	1	99	20	117	2.57e-38	128	78
P00031_01	sp|P01808|HVM38_MOUSE	53.488	129	127	119	1	127	1	117	3.59e-38	128	100
P00031_01	sp|P01763|HV348_HUMAN	67.327	101	127	117	1	99	20	117	3.99e-38	127	78
P00031_01	sp|P01811|HVM41_MOUSE	51.163	129	127	117	1	127	1	116	1.33e-37	126	100
P00031_01	sp|P01805|HVR01_RAT	54.135	133	127	142	1	127	20	141	1.44e-37	127	100
P00031_01	sp|A0A0B4J1V1|HV321_HUMAN	66.337	101	127	117	1	99	20	117	2.10e-37	125	78
P00031_01	sp|A0A0B4J1V0|HV315_HUMAN	63.725	102	127	119	1	98	20	118	3.20e-37	125	77
P00031_01	sp|P01801|HVM32_MOUSE	53.383	133	127	115	1	127	1	114	5.30e-37	125	100
P00031_01	sp|A0A0B4J1Y9|HV372_HUMAN	65.049	103	127	119	1	99	20	119	7.35e-37	124	78
P00031_02	sp|P01780|HV307_HUMAN	68.317	101	127	117	1	99	20	117	7.12e-40	132	78
P00031_02	sp|P0DP03|HVC05_HUMAN	69.307	101	127	117	1	99	20	117	1.26e-39	131	78
P00031_02	sp|P01768|HV330_HUMAN	69.307	101	127	117	1	99	20	117	1.26e-39	131	78
P00031_02	sp|P01772|HV333_HUMAN	69.307	101	127	117	1	99	20	117	3.26e-39	130	78
P00031_02	sp|P01764|HV323_HUMAN	68.317	101	127	117	1	99	20	117	4.15e-39	130	78
P00031_02	sp|P0DP02|HVC33_HUMAN	68.317	101	127	117	1	99	20	117	7.48e-39	129	78
P00031_02	sp|P01784|HV01_CANLF	56.589	129	127	114	1	127	1	113	7.80e-39	129	100
P00031_02	sp|P01762|HV311_HUMAN	68.317	101	127	117	1	99	20	117	9.31e-39	129	78
P00031_02	sp|A0A0B4J1X5|HV374_HUMAN	67.327	101	127	117	1	99	20	117	9.41e-39	129	78
P00031_02	sp|A0A0J9YX35|HV64D_HUMAN	67.327	101	127	117	1	99	20	117	2.23e-38	128	78
P00031_02	sp|P01810|HVM40_MOUSE	53.488	129	127	119	1	127	1	117	4.47e-38	127	100
P00031_02	sp|P01807|HVM37_MOUSE	53.488	129	127	119	1	127	1	117	4.47e-38	127	100
P00031_02	sp|P01763|HV348_HUMAN	67.327	101	127	117	1	99	20	117	4.75e-38	127	78
P00031_02	sp|A0A0C4DH42|HV366_HUMAN	68.000	100	127	116	1	99	20	116	1.16e-37	126	78
P00031_02	sp|P01795|HVM26_MOUSE	54.198	131	127	144	1	127	20	143	1.19e-37	127	100
P00031_02	sp|A0A0B4J1V1|HV321_HUMAN	66.337	101	127	117	1	99	20	117	1.39e-37	126	78
P00031_02	sp|A0A0B4J1V0|HV315_HUMAN	63.725	102	127	119	1	98	20	118	2.38e-37	125	77
P00031_02	sp|P01767|HV353_HUMAN	67.000	100	127	116	1	99	20	116	2.62e-37	125	78
P00031_02	sp|A0A0B4J1Y9|HV372_HUMAN	66.019	103	127	119	1	99	20	119	4.49e-37	125	78
P00031_02	sp|P01788|HVM19_MOUSE	51.908	131	127	123	1	127	1	122	5.23e-37	125	100
P00031_03	sp|P01780|HV307_HUMAN	69.307	101	127	117	1	99	20	117	7.24e-41	134	78
P00031_03	sp|P0DP03|HVC05_HUMAN	70.297	101	127	117	1	99	20	117	8.16e-41	134	78
P00031_03	sp|P01768|HV330_HUMAN	70.297	101	127	117	1	99	20	117	8.16e-41	134	78
P00031_03	sp|P01784|HV01_CANLF	58.140	129	127	114	1	127	1	113	8.23e-41	134	100
P00031_03	sp|P01772|HV333_HUMAN	70.297	101	127	117	1	99	20	117	3.39e-40	133	78
P00031_03	sp|P01764|HV323_HUMAN	69.307	101	127	117	1	99	20	117	3.50e-40	133	78
P00031_03	sp|P0DP02|HVC33_HUMAN	69.307	101	127	117	1	99	20	117	5.36e-40	132	78
P00031_03	sp|P01807|HVM37_MOUSE	55.039	129	127	119	1	127	1	117	5.57e-40	132	100
P00031_03	sp|P01810|HVM40_MOUSE	55.039	129	127	119	1	127	1	117	9.21e-40	132	100
P00031_03	sp|A0A0J9YX35|HV64D_HUMAN	67.327	101	127	117	1	99	20	117	4.73e-39	130	78
P00031_03	sp|P01788|HVM19_MOUSE	53.435	131	127	123	1	127	1	122	4.86e-39	130	100
P00031_03	sp|A0A0B4J1X5|HV374_HUMAN	67.327	101	127	117	1	99	20	117	6.21e-39	130	78
P00031_03	sp|P01763|HV348_HUMAN	67.327	101	127	117	1	99	20	117	1.61e-38	129	78
P00031_03	sp|P01787|HVM18_MOUSE	53.435	131	127	123	1	127	1	122	1.69e-38	129	100
P00031_03	sp|P01762|HV311_HUMAN	67.327	101	127	117	1	99	20	117	2.05e-38	128	78
P00031_03	sp|A0A0B4J1Y9|HV372_HUMAN	66.019	103	127	119	1	99	20	119	2.73e-38	128	78
P00031_03	sp|A0A0C4DH42|HV366_HUMAN	68.000	100	127	116	1	99	20	116	2.79e-38	128	78
P00031_03	sp|P01791|HVM22_MOUSE	52.985	134	127	123	1	127	1	122	3.33e-38	128	100
P00031_03	sp|P0DOX5|IGG1_HUMAN	58.140	129	127	449	1	127	1	118	3.36e-38	136	100
P00031_03	sp|P01792|HVM23_MOUSE	53.435	131	127	123	1	127	1	122	3.36e-38	128	100
P00031_04	sp|P01780|HV307_HUMAN	68.317	101	127	117	1	99	20	117	5.30e-40	132	78
P00031_04	sp|P01807|HVM37_MOUSE	55.039	129	127	119	1	127	1	117	1.78e-39	131	100
P00031_04	sp|P0DP03|HVC05_HUMAN	69.307	101	127	117	1	99	20	117	2.48e-39	130	78
P00031_04	sp|P01768|HV330_HUMAN	69.307	101	127	117	1	99	20	117	2.48e-39	130	78
P00031_04	sp|P01772|HV333_HUMAN	69.307	101	127	117	1	99	20	117	4.24e-39	130	78
P00031_04	sp|P01764|HV323_HUMAN	68.317	101	127	117	1	99	20	117	4.73e-39	130	78
P00031_04	sp|P01762|HV311_HUMAN	69.307	101	127	117	1	99	20	117	5.82e-39	130	78
P00031_04	sp|P01810|HVM40_MOUSE	55.039	129	127	119	1	127	1	117	6.60e-39	130	100
P00031_04	sp|P0DP02|HVC33_HUMAN	68.317	101	127	117	1	99	20	117	9.73e-39	129	78
P00031_04	sp|A0A0B4J1X5|HV374_HUMAN	67.327	101	127	117	1	99	20	117	1.15e-38	129	78
P00031_04	sp|P01763|HV348_HUMAN	67.327	101	127	117	1	99	20	117	3.69e-38	127	78
P00031_04	sp|A0A0J9YX35|HV64D_HUMAN	67.327	101	127	117	1	99	20	117	4.80e-38	127	78
P00031_04	sp|P01784|HV01_CANLF	55.814	129	127	114	1	127	1	113	5.01e-38	127	100
P00031_04	sp|A0A0C4DH42|HV366_HUMAN	70.000	100	127	116	1	99	20	116	5.49e-38	127	78
P00031_04	sp|P01808|HVM38_MOUSE	52.713	129	127	119	1	127	1	117	7.32e-38	127	100
P00031_04	sp|A0A0B4J1V1|HV321_HUMAN	66.337	101	127	117	1	99	20	117	1.08e-37	126	78
P00031_04	sp|A0A0B4J1Y9|HV372_HUMAN	66.990	103	127	119	1	99	20	119	1.21e-37	126	78
P00031_04	sp|P01788|HVM19_MOUSE	52.672	131	127	123	1	127	1	122	1.36e-37	126	100
P00031_04	sp|P01767|HV353_HUMAN	69.000	100	127	116	1	99	20	116	1.38e-37	126	78
P00031_04	sp|A0A0B4J1V0|HV315_HUMAN	63.725	102	127	119	1	98	20	118	1.38e-37	126	77
P00031_05	sp|P01780|HV307_HUMAN	70.297	101	127	117	1	99	20	117	2.10e-41	136	78
P00031_05	sp|P0DP03|HVC05_HUMAN	70.297	101	127	117	1	99	20	117	3.31e-40	133	78
P00031_05	sp|P01768|HV330_HUMAN	70.297	101	127	117	1	99	20	117	3.31e-40	133	78
P00031_05	sp|P01807|HVM37_MOUSE	55.039	129	127	119	1	127	1	117	7.24e-40	132	100
P00031_05	sp|P01772|HV333_HUMAN	70.297	101	127	117	1	99	20	117	7.86e-40	132	78
P00031_05	sp|A0A0B4J1X5|HV374_HUMAN	68.317	101	127	117	1	99	20	117	1.01e-39	132	78
P00031_05	sp|P01784|HV01_CANLF	56.589	129	127	114	1	127	1	113	1.78e-39	131	100
P00031_05	sp|P0DP02|HVC33_HUMAN	69.307	101	127	117	1	99	20	117	1.84e-39	131	78
P00031_05	sp|P01810|HVM40_MOUSE	55.039	129	127	119	1	127	1	117	2.81e-39	130	100
P00031_05	sp|P01764|HV323_HUMAN	68.317	101	127	117	1	99	20	117	2.86e-39	130	78
P00031_05	sp|P01762|HV311_HUMAN	68.317	101	127	117	1	99	20	117	6.63e-39	129	78
P00031_05	sp|A0A0J9YX35|HV64D_HUMAN	67.327	101	127	117	1	99	20	117	8.72e-39	129	78
P00031_05	sp|P01763|HV348_HUMAN	67.327	101	127	117	1	99	20	117	3.82e-38	127	78
P00031_05	sp|A0A0C4DH42|HV366_HUMAN	68.000	100	127	116	1	99	20	116	9.49e-38	127	78
P00031_05	sp|A0A0B4J1V1|HV321_HUMAN	66.337	101	127	117	1	99	20	117	9.57e-38	127	78
P00031_05	sp|P01767|HV353_HUMAN	67.000	100	127	116	1	99	20	116	1.62e-37	126	78
P00031_05	sp|A0A0B4J1V0|HV315_HUMAN	63.725	102	127	119	1	98	20	118	3.73e-37	125	77
P00031_05	sp|P19181|HV05_CARAU	67.000	100	127	116	1	99	20	116	3.89e-37	125	78
P00031_05	sp|P01795|HVM26_MOUSE	52.672	131	127	144	1	127	20	143	4.49e-37	126	100
P00031_05	sp|A0A0B4J1Y9|HV372_HUMAN	66.019	103	127	119	1	99	20	119	4.49e-37	125	78
P00031_06	sp|P01780|HV307_HUMAN	69.307	101	127	117	1	99	20	117	1.63e-40	134	78
P00031_06	sp|P0DP03|HVC05_HUMAN	69.903	103	127	117	1	99	20	117	8.49e-40	132	78
P00031_06	sp|P01768|HV330_HUMAN	69.903	103	127	117	1	99	20	117	8.49e-40	132	78
P00031_06	sp|P0DP02|HVC33_HUMAN	69.608	102	127	117	1	99	20	117	1.01e-39	132	78
P00031_06	sp|P01772|HV333_HUMAN	69.903	103	127	117	1	99	20	117	1.75e-39	131	78
P00031_06	sp|A0A0C4DH42|HV366_HUMAN	69.000	100	127	116	1	99	20	116	3.73e-39	130	78
P00031_06	sp|P01807|HVM37_MOUSE	55.039	129	127	119	1	127	1	117	5.72e-39	130	100
P00031_06	sp|P01767|HV353_HUMAN	68.000	100	127	116	1	99	20	116	9.14e-39	129	78
P00031_06	sp|A0A0B4J1X5|HV374_HUMAN	67.647	102	127	117	1	99	20	117	9.31e-39	129	78
P00031_06	sp|P01764|HV323_HUMAN	68.317	101	127	117	1	99	20	117	1.40e-38	129	78
P00031_06	sp|P01810|HVM40_MOUSE	55.039	129	127	119	1	127	1	117	1.55e-38	129	100
P00031_06	sp|P19181|HV05_CARAU	68.000	100	127	116	1	99	20	116	2.29e-38	128	78
P00031_06	sp|P01784|HV01_CANLF	56.489	131	127	114	1	127	1	113	2.30e-38	128	100
P00031_06	sp|A0A0J9YX35|HV64D_HUMAN	67.647	102	127	117	1	99	20	117	3.00e-38	128	78
P00031_06	sp|P01762|HV311_HUMAN	67.327	101	127	117	1	99	20	117	5.78e-38	127	78
P00031_06	sp|P01763|HV348_HUMAN	67.327	101	127	117	1	99	20	117	5.91e-38	127	78
P00031_06	sp|A0A0B4J1V0|HV315_HUMAN	64.706	102	127	119	1	98	20	118	8.81e-38	127	77
P00031_06	sp|A0A0C4DH36|HV338_HUMAN	66.667	99	127	116	1	99	20	115	1.27e-37	126	78
P00031_06	sp|A0A0B4J1Y9|HV372_HUMAN	65.049	103	127	119	1	99	20	119	2.23e-37	125	78
P00031_06	sp|P01788|HVM19_MOUSE	51.908	131	127	123	1	127	1	122	2.46e-37	126	100
P00031_07	sp|P01807|HVM37_MOUSE	56.589	129	127	119	1	127	1	117	1.47e-41	136	100
P00031_07	sp|P01780|HV307_HUMAN	70.297	101	127	117	1	99	20	117	2.37e-41	135	78
P00031_07	sp|P01810|HVM40_MOUSE	56.589	129	127	119	1	127	1	117	3.24e-41	135	100
P00031_07	sp|P0DP03|HVC05_HUMAN	71.287	101	127	117	1	99	20	117	3.88e-41	135	78
P00031_07	sp|P01768|HV330_HUMAN	71.287	101	127	117	1	99	20	117	3.88e-41	135	78
P00031_07	sp|P01772|HV333_HUMAN	71.287	101	127	117	1	99	20	117	1.37e-40	134	78
P00031_07	sp|P0DP02|HVC33_HUMAN	70.297	101	127	117	1	99	20	117	2.28e-40	133	78
P00031_07	sp|P01764|HV323_HUMAN	69.307	101	127	117	1	99	20	117	3.17e-40	133	78
P00031_07	sp|P01784|HV01_CANLF	57.364	129	127	114	1	127	1	113	5.90e-40	132	100
P00031_07	sp|A0A0B4J1V0|HV315_HUMAN	66.667	102	127	119	1	98	20	118	1.04e-39	132	77
P00031_07	sp|A0A0B4J1X5|HV374_HUMAN	68.317	101	127	117	1	99	20	117	1.37e-39	131	78
P00031_07	sp|A0A0J9YX35|HV64D_HUMAN	68.317	101	127	117	1	99	20	117	1.91e-39	131	78
P00031_07	sp|P01763|HV348_HUMAN	68.317	101	127	117	1	99	20	117	3.84e-39	130	78
P00031_07	sp|P01762|HV311_HUMAN	68.317	101	127	117	1	99	20	117	1.18e-38	129	78
P00031_07	sp|A0A0C4DH42|HV366_HUMAN	69.000	100	127	116	1	99	20	116	1.19e-38	129	78
P00031_07	sp|P01767|HV353_HUMAN	68.000	100	127	116	1	99	20	116	2.05e-38	128	78
P00031_07	sp|P0DOX5|IGG1_HUMAN	58.140	129	127	449	1	127	1	118	3.89e-38	136	100
P00031_07	sp|P19181|HV05_CARAU	68.000	100	127	116	1	99	20	116	6.99e-38	127	78
P00031_07	sp|P01788|HVM19_MOUSE	51.908	131	127	123	1	127	1	122	9.82e-38	127	100
P00031_07	sp|A0A0B4J1Y9|HV372_HUMAN	66.019	103	127	119	1	99	20	119	1.08e-37	127	78
P00031_08	sp|P01780|HV307_HUMAN	70.297	101	127	117	1	99	20	117	3.19e-41	135	78
P00031_08	sp|P0DP03|HVC05_HUMAN	70.297	101	127	117	1	99	20	117	4.45e-40	132	78
P00031_08	sp|P01768|HV330_HUMAN	70.297	101	127	117	1	99	20	117	4.45e-40	132	78
P00031_08	sp|P01807|HVM37_MOUSE	55.039	129	127	119	1	127	1	117	9.21e-40	132	100
P00031_08	sp|A0A0B4J1X5|HV374_HUMAN	68.317	101	127	117	1	99	20	117	9.26e-40	132	78
P00031_08	sp|P01772|HV333_HUMAN	70.297	101	127	117	1	99	20	117	9.47e-40	132	78
P00031_08	sp|P0DP02|HVC33_HUMAN	69.307	101	127	117	1	99	20	117	2.35e-39	130	78
P00031_08	sp|P01784|HV01_CANLF	56.589	129	127	114	1	127	1	113	2.47e-39	130	100
P00031_08	sp|P01764|HV323_HUMAN	68.317	101	127	117	1	99	20	117	3.84e-39	130	78
P00031_08	sp|P01810|HVM40_MOUSE	55.039	129	127	119	1	127	1	117	4.35e-39	130	100
P00031_08	sp|P01762|HV311_HUMAN	68.317	101	127	117	1	99	20	117	8.82e-39	129	78
P00031_08	sp|A0A0J9YX35|HV64D_HUMAN	67.327	101	127	117	1	99	20	117	1.10e-38	129	78
P00031_08	sp|P01763|HV348_HUMAN	67.327	101	127	117	1	99	20	117	4.91e-38	127	78
P00031_08	sp|A0A0C4DH42|HV366_HUMAN	68.000	100	127	116	1	99	20	116	1.13e-37	126	78
P00031_08	sp|A0A0B4J1V1|HV321_HUMAN	66.337	101	127	117	1	99	20	117	1.20e-37	126	78
P00031_08	sp|P0DOX5|IGG1_HUMAN	57.364	129	127	449	1	127	1	118	1.29e-37	135	100
P00031_08	sp|P01767|HV353_HUMAN	67.000	100	127	116	1	99	20	116	1.81e-37	126	78
P00031_08	sp|A0A0B4J1V0|HV315_HUMAN	63.725	102	127	119	1	98	20	118	3.81e-37	125	77
P00031_08	sp|A0A0B4J1Y9|HV372_HUMAN	66.019	103	127	119	1	99	20	119	5.23e-37	125	78
P00031_08	sp|P19181|HV05_CARAU	67.000	100	127	116	1	99	20	116	5.70e-37	125	78
P00032_00	sp|P01764|HV323_HUMAN	71.000	100	127	117	1	100	20	116	7.57e-44	142	79
P00032_00	sp|A0A0J9YX35|HV64D_HUMAN	70.707	99	127	117	1	99	20	115	2.82e-43	140	78
P00032_00	sp|P0DP03|HVC05_HUMAN	71.000	100	127	117	1	100	20	116	1.21e-42	139	79
P00032_00	sp|P01768|HV330_HUMAN	71.000	100	127	117	1	100	20	116	1.21e-42	139	79
P00032_00	sp|P0DP02|HVC33_HUMAN	70.000	100	127	117	1	100	20	116	3.81e-42	138	79
P00032_00	sp|P01772|HV333_HUMAN	71.000	100	127	117	1	100	20	116	5.72e-42	137	79
P00032_00	sp|P01784|HV01_CANLF	58.268	127	127	114	1	127	1	113	5.82e-42	137	100
P00032_00	sp|A0A075B6Q5|HV364_HUMAN	69.000	100	127	118	1	100	21	117	1.25e-41	136	79
P00032_00	sp|P0DP04|HV43D_HUMAN	66.667	102	127	118	1	102	20	118	1.56e-41	136	80
P00032_00	sp|P01763|HV348_HUMAN	69.000	100	127	117	1	100	20	116	1.82e-41	136	79
P00032_00	sp|P01780|HV307_HUMAN	69.000	100	127	117	1	100	20	116	1.84e-41	136	79
P00032_00	sp|A0A0C4DH42|HV366_HUMAN	72.000	100	127	116	1	100	20	115	1.97e-41	136	79
P00032_00	sp|P01782|HV309_HUMAN	66.667	102	127	118	1	102	20	118	3.43e-41	135	80
P00032_00	sp|P01767|HV353_HUMAN	71.000	100	127	116	1	100	20	115	1.03e-40	134	79
P00032_00	sp|A0A0B4J1X8|HV343_HUMAN	65.686	102	127	118	1	102	20	118	1.21e-40	134	80
P00032_00	sp|P01762|HV311_HUMAN	68.000	100	127	117	1	100	20	116	1.40e-40	134	79
P00032_00	sp|P19181|HV05_CARAU	71.000	100	127	116	1	100	20	115	2.85e-40	133	79
P00032_00	sp|P01805|HVR01_RAT	55.303	132	127	142	1	127	20	141	3.38e-40	134	100
P00032_00	sp|A0A0B4J1X5|HV374_HUMAN	68.000	100	127	117	1	100	20	116	4.91e-40	132	79
P00032_00	sp|P01785|HV02_CANLF	55.906	127	127	117	1	127	1	116	5.19e-40	132	100
P00032_01	sp|P01764|HV323_HUMAN	71.000	100	127	117	1	100	20	116	3.80e-44	143	79
P00032_01	sp|P01772|HV333_HUMAN	72.000	100	127	117	1	100	20	116	5.64e-44	142	79
P00032_01	sp|A0A0J9YX35|HV64D_HUMAN	70.707	99	127	117	1	99	20	115	9.43e-44	142	78
P00032_01	sp|P0DP03|HVC05_HUMAN	72.000	100	127	117	1	100	20	116	2.44e-43	140	79
P00032_01	sp|P01768|HV330_HUMAN	72.000	100	127	117	1	100	20	116	2.44e-43	140	79
P00032_01	sp|P0DP02|HVC33_HUMAN	71.000	100	127	117	1	100	20	116	8.51e-43	139	79
P00032_01	sp|A0A0C4DH42|HV366_HUMAN	72.000	100	127	116	1	100	20	115	1.27e-42	139	79
P00032_01	sp|P01782|HV309_HUMAN	67.647	102	127	118	1	102	20	118	2.27e-42	138	80
P00032_01	sp|P0DP04|HV43D_HUMAN	67.647	102	127	118	1	102	20	118	2.43e-42	138	80
P00032_01	sp|P01767|HV353_HUMAN	71.000	100	127	116	1	100	20	115	4.04e-42	137	79
P00032_01	sp|A0A075B6Q5|HV364_HUMAN	69.000	100	127	118	1	100	21	117	5.11e-42	137	79
P00032_01	sp|P01780|HV307_HUMAN	69.000	100	127	117	1	100	20	116	6.81e-42	137	79
P00032_01	sp|P01763|HV348_HUMAN	69.000	100	127	117	1	100	20	116	6.88e-42	137	79
P00032_01	sp|P01788|HVM19_MOUSE	55.385	130	127	123	1	127	1	122	1.07e-41	137	100
P00032_01	sp|P19181|HV05_CARAU	71.000	100	127	116	1	100	20	115	1.30e-41	136	79
P00032_01	sp|P01787|HVM18_MOUSE	55.385	130	127	123	1	127	1	122	1.35e-41	137	100
P00032_01	sp|P01810|HVM40_MOUSE	55.118	127	127	119	1	127	1	117	1.76e-41	136	100
P00032_01	sp|A0A0B4J1X8|HV343_HUMAN	66.667	102	127	118	1	102	20	118	1.96e-41	136	80
P00032_01	sp|P01762|HV311_HUMAN	69.000	100	127	117	1	100	20	116	2.17e-41	136	79
P00032_01	sp|P01791|HVM22_MOUSE	54.615	130	127	123	1	127	1	122	2.66e-41	136	100
P00032_02	sp|P01764|HV323_HUMAN	71.000	100	127	117	1	100	20	116	5.05e-44	142	79
P00032_02	sp|P01772|HV333_HUMAN	71.000	100	127	117	1	100	20	116	5.64e-44	142	79
P00032_02	sp|P0DP03|HVC05_HUMAN	71.000	100	127	117	1	100	20	116	2.58e-43	140	79
P00032_02	sp|P01768|HV330_HUMAN	71.000	100	127	117	1	100	20	116	2.58e-43	140	79
P00032_02	sp|P0DP02|HVC33_HUMAN	70.000	100	127	117	1	100	20	116	8.15e-43	139	79
P00032_02	sp|A0A0J9YX35|HV64D_HUMAN	69.697	99	127	117	1	99	20	115	8.33e-43	139	78
P00032_02	sp|A0A0C4DH42|HV366_HUMAN	72.000	100	127	116	1	100	20	115	2.66e-42	138	79
P00032_02	sp|P01780|HV307_HUMAN	69.000	100	127	117	1	100	20	116	3.17e-42	138	79
P00032_02	sp|P0DP04|HV43D_HUMAN	66.667	102	127	118	1	102	20	118	7.10e-42	137	80
P00032_02	sp|P01767|HV353_HUMAN	71.000	100	127	116	1	100	20	115	7.53e-42	137	79
P00032_02	sp|P01782|HV309_HUMAN	66.667	102	127	118	1	102	20	118	1.27e-41	136	80
P00032_02	sp|P01762|HV311_HUMAN	68.000	100	127	117	1	100	20	116	1.69e-41	136	79
P00032_02	sp|P19181|HV05_CARAU	71.000	100	127	116	1	100	20	115	2.54e-41	135	79
P00032_02	sp|P01763|HV348_HUMAN	68.000	100	127	117	1	100	20	116	4.19e-41	135	79
P00032_02	sp|A0A0B4J1X8|HV343_HUMAN	65.686	102	127	118	1	102	20	118	4.82e-41	135	80
P00032_02	sp|A0A075B6Q5|HV364_HUMAN	68.000	100	127	118	1	100	21	117	5.26e-41	135	79
P00032_02	sp|A0A0C4DH32|HV320_HUMAN	67.000	100	127	117	1	100	20	116	5.33e-41	135	79
P00032_02	sp|P01805|HVR01_RAT	56.589	129	127	142	1	127	20	141	1.21e-40	135	100
P00032_02	sp|P01784|HV01_CANLF	57.480	127	127	114	1	127	1	113	1.23e-40	134	100
P00032_02	sp|P01790|HVM21_MOUSE	53.846	130	127	122	1	127	1	121	2.33e-40	133	100
P00032_03	sp|P01772|HV333_HUMAN	73.000	100	127	117	1	100	20	116	1.79e-44	144	79
P00032_03	sp|P0DP03|HVC05_HUMAN	73.000	100	127	117	1	100	20	116	2.65e-44	143	79
P00032_03	sp|P01768|HV330_HUMAN	73.000	100	127	117	1	100	20	116	2.65e-44	143	79
P00032_03	sp|P0DP02|HVC33_HUMAN	72.000	100	127	117	1	100	20	116	8.64e-44	142	79
P00032_03	sp|P01764|HV323_HUMAN	72.000	100	127	117	1	100	20	116	8.93e-44	142	79
P00032_03	sp|A0A0J9YX35|HV64D_HUMAN	70.707	99	127	117	1	99	20	115	9.19e-43	139	78
P00032_03	sp|A0A0C4DH42|HV366_HUMAN	71.000	100	127	116	1	100	20	115	2.36e-42	138	79
P00032_03	sp|P01780|HV307_HUMAN	70.000	100	127	117	1	100	20	116	4.12e-42	137	79
P00032_03	sp|P01767|HV353_HUMAN	70.000	100	127	116	1	100	20	115	8.13e-42	137	79
P00032_03	sp|P01763|HV348_HUMAN	69.000	100	127	117	1	100	20	116	1.05e-41	137	79
P00032_03	sp|P19181|HV05_CARAU	70.000	100	127	116	1	100	20	115	2.43e-41	135	79
P00032_03	sp|P0DP04|HV43D_HUMAN	65.686	102	127	118	1	102	20	118	3.11e-41	135	80
P00032_03	sp|P01784|HV01_CANLF	59.231	130	127	114	1	127	1	113	4.56e-41	135	100
P00032_03	sp|A0A075B6Q5|HV364_HUMAN	69.000	100	127	118	1	100	21	117	5.80e-41	135	79
P00032_03	sp|P01782|HV309_HUMAN	65.686	102	127	118	1	102	20	118	6.91e-41	134	80
P00032_03	sp|A0A0B4J1X8|HV343_HUMAN	64.706	102	127	118	1	102	20	118	2.23e-40	133	80
P00032_03	sp|A0A0C4DH32|HV320_HUMAN	66.000	100	127	117	1	100	20	116	3.39e-40	133	79
P00032_03	sp|P01762|HV311_HUMAN	67.000	100	127	117	1	100	20	116	3.78e-40	133	79
P00032_03	sp|P01785|HV02_CANLF	55.906	127	127	117	1	127	1	116	7.44e-40	132	100
P00032_03	sp|A0A0B4J1V1|HV321_HUMAN	68.000	100	127	117	1	100	20	116	1.02e-39	132	79
P00032_04	sp|A0A0C4DH42|HV366_HUMAN	71.000	100	127	116	1	100	20	115	9.84e-43	139	79
P00032_04	sp|P01772|HV333_HUMAN	71.000	100	127	117	1	100	20	116	1.96e-42	139	79
P00032_04	sp|P0DP03|HVC05_HUMAN	71.000	100	127	117	1	100	20	116	2.49e-42	138	79
P00032_04	sp|P01768|HV330_HUMAN	71.000	100	127	117	1	100	20	116	2.49e-42	138	79
P00032_04	sp|P01767|HV353_HUMAN	70.000	100	127	116	1	100	20	115	3.66e-42	138	79
P00032_04	sp|P01764|HV323_HUMAN	70.000	100	127	117	1	100	20	116	4.40e-42	137	79
P00032_04	sp|P0DP02|HVC33_HUMAN	70.000	100	127	117	1	100	20	116	6.88e-42	137	79
P00032_04	sp|P19181|HV05_CARAU	70.000	100	127	116	1	100	20	115	1.05e-41	137	79
P00032_04	sp|P0DP04|HV43D_HUMAN	66.667	102	127	118	1	102	20	118	2.50e-41	135	80
P00032_04	sp|P01782|HV309_HUMAN	66.667	102	127	118	1	102	20	118	2.70e-41	135	80
P00032_04	sp|A0A0J9YX35|HV64D_HUMAN	68.687	99	127	117	1	99	20	115	3.02e-41	135	78
P00032_04	sp|P01785|HV02_CANLF	55.906	127	127	117	1	127	1	116	1.31e-40	134	100
P00032_04	sp|A0A0B4J1X8|HV343_HUMAN	65.686	102	127	118	1	102	20	118	1.52e-40	134	80
P00032_04	sp|P01784|HV01_CANLF	59.231	130	127	114	1	127	1	113	1.97e-40	133	100
P00032_04	sp|P01780|HV307_HUMAN	68.000	100	127	117	1	100	20	116	4.40e-40	132	79
P00032_04	sp|A0A0C4DH35|HV335_HUMAN	66.667	99	127	117	1	99	20	115	4.45e-40	132	78
P00032_04	sp|A0A0C4DH32|HV320_HUMAN	66.000	100	127	117	1	100	20	116	6.89e-40	132	79
P00032_04	sp|P01762|HV311_HUMAN	67.000	100	127	117	1	100	20	116	7.86e-40	132	79
P00032_04	sp|P01763|HV348_HUMAN	67.000	100	127	117	1	100	20	116	1.01e-39	132	79
P00032_04	sp|A0A075B6Q5|HV364_HUMAN	67.000	100	127	118	1	100	21	117	1.86e-39	131	79
P00032_05	sp|P01772|HV333_HUMAN	73.000	100	127	117	1	100	20	116	8.67e-45	144	79
P00032_05	sp|P0DP03|HVC05_HUMAN	73.000	100	127	117	1	100	20	116	1.37e-44	144	79
P00032_05	sp|P01768|HV330_HUMAN	73.000	100	127	117	1	100	20	116	1.37e-44	144	79
P00032_05	sp|P0DP02|HVC33_HUMAN	72.000	100	127	117	1	100	20	116	4.15e-44	143	79
P00032_05	sp|P01764|HV323_HUMAN	71.000	100	127	117	1	100	20	116	1.78e-43	141	79
P00032_05	sp|A0A0C4DH42|HV366_HUMAN	72.000	100	127	116	1	100	20	115	7.48e-43	139	79
P00032_05	sp|A0A0J9YX35|HV64D_HUMAN	69.697	99	127	117	1	99	20	115	1.62e-42	139	78
P00032_05	sp|P0DP04|HV43D_HUMAN	66.667	102	127	118	1	102	20	118	1.75e-42	139	80
P00032_05	sp|P01767|HV353_HUMAN	71.000	100	127	116	1	100	20	115	2.24e-42	138	79
P00032_05	sp|P01782|HV309_HUMAN	66.667	102	127	118	1	102	20	118	3.72e-42	138	80
P00032_05	sp|P19181|HV05_CARAU	71.000	100	127	116	1	100	20	115	6.90e-42	137	79
P00032_05	sp|A0A0B4J1X8|HV343_HUMAN	65.686	102	127	118	1	102	20	118	1.16e-41	137	80
P00032_05	sp|A0A0C4DH32|HV320_HUMAN	67.000	100	127	117	1	100	20	116	1.84e-41	136	79
P00032_05	sp|P01780|HV307_HUMAN	69.000	100	127	117	1	100	20	116	2.50e-41	135	79
P00032_05	sp|P01762|HV311_HUMAN	68.000	100	127	117	1	100	20	116	4.14e-41	135	79
P00032_05	sp|A0A075B6Q5|HV364_HUMAN	68.000	100	127	118	1	100	21	117	9.70e-41	134	79
P00032_05	sp|P01763|HV348_HUMAN	68.000	100	127	117	1	100	20	116	1.08e-40	134	79
P00032_05	sp|A0A0C4DH35|HV335_HUMAN	67.677	99	127	117	1	99	20	115	1.12e-40	134	78
P00032_05	sp|P01805|HVR01_RAT	57.364	129	127	142	1	127	20	141	1.46e-40	134	100
P00032_05	sp|P01790|HVM21_MOUSE	54.615	130	127	122	1	127	1	121	2.16e-40	134	100
P00032_06	sp|P01764|HV323_HUMAN	70.000	100	127	117	1	100	20	116	1.61e-42	139	79
P00032_06	sp|P01772|HV333_HUMAN	71.000	100	127	117	1	100	20	116	1.75e-42	139	79
P00032_06	sp|A0A0C4DH42|HV366_HUMAN	71.000	100	127	116	1	100	20	115	2.88e-42	138	79
P00032_06	sp|A0A0J9YX35|HV64D_HUMAN	69.697	99	127	117	1	99	20	115	4.07e-42	137	78
P00032_06	sp|P0DP03|HVC05_HUMAN	71.000	100	127	117	1	100	20	116	6.45e-42	137	79
P00032_06	sp|P01768|HV330_HUMAN	71.000	100	127	117	1	100	20	116	6.45e-42	137	79
P00032_06	sp|P01767|HV353_HUMAN	70.000	100	127	116	1	100	20	115	9.48e-42	137	79
P00032_06	sp|P01763|HV348_HUMAN	69.000	100	127	117	1	100	20	116	1.26e-41	136	79
P00032_06	sp|P0DP02|HVC33_HUMAN	70.000	100	127	117	1	100	20	116	2.10e-41	136	79
P00032_06	sp|P19181|HV05_CARAU	70.000	100	127	116	1	100	20	115	2.30e-41	135	79
P00032_06	sp|A0A075B6Q5|HV364_HUMAN	68.000	100	127	118	1	100	21	117	2.04e-40	133	79
P00032_06	sp|P01780|HV307_HUMAN	68.000	100	127	117	1	100	20	116	3.46e-40	133	79
P00032_06	sp|P01785|HV02_CANLF	55.906	127	127	117	1	127	1	116	5.79e-40	132	100
P00032_06	sp|P01790|HVM21_MOUSE	54.962	131	127	122	1	127	1	121	7.84e-40	132	100
P00032_06	sp|P01784|HV01_CANLF	57.364	129	127	114	1	127	1	113	8.01e-40	132	100
P00032_06	sp|P01791|HVM22_MOUSE	54.962	131	127	123	1	127	1	122	1.66e-39	131	100
P00032_06	sp|P01810|HVM40_MOUSE	53.543	127	127	119	1	127	1	117	1.84e-39	131	100
P00032_06	sp|P0DP04|HV43D_HUMAN	64.706	102	127	118	1	102	20	118	2.01e-39	131	80
P00032_06	sp|P01788|HVM19_MOUSE	54.962	131	127	123	1	127	1	122	2.03e-39	131	100
P00032_06	sp|P01787|HVM18_MOUSE	54.962	131	127	123	1	127	1	122	2.12e-39	131	100
P00032_07	sp|P01764|HV323_HUMAN	71.000	100	127	117	1	100	20	116	4.27e-43	140	79
P00032_07	sp|A0A0J9YX35|HV64D_HUMAN	70.707	99	127	117	1	99	20	115	9.81e-43	139	78
P00032_07	sp|A0A0C4DH42|HV366_HUMAN	73.000	100	127	116	1	100	20	115	3.74e-42	138	79
P00032_07	sp|P01772|HV333_HUMAN	70.000	100	127	117	1	100	20	116	6.24e-42	137	79
P00032_07	sp|P01767|HV353_HUMAN	72.000	100	127	116	1	100	20	115	1.32e-41	136	79
P00032_07	sp|P0DP03|HVC05_HUMAN	72.277	101	127	117	1	100	20	116	1.71e-41	136	79
P00032_07	sp|P01768|HV330_HUMAN	72.277	101	127	117	1	100	20	116	1.71e-41	136	79
P00032_07	sp|P0DP04|HV43D_HUMAN	66.667	102	127	118	1	102	20	118	3.74e-41	135	80
P00032_07	sp|P19181|HV05_CARAU	72.000	100	127	116	1	100	20	115	3.80e-41	135	79
P00032_07	sp|P01784|HV01_CANLF	57.480	127	127	114	1	127	1	113	3.99e-41	135	100
P00032_07	sp|P01782|HV309_HUMAN	66.667	102	127	118	1	102	20	118	4.22e-41	135	80
P00032_07	sp|A0A075B6Q5|HV364_HUMAN	69.000	100	127	118	1	100	21	117	5.26e-41	135	79
P00032_07	sp|P0DP02|HVC33_HUMAN	71.287	101	127	117	1	100	20	116	5.51e-41	135	79
P00032_07	sp|P01810|HVM40_MOUSE	54.331	127	127	119	1	127	1	117	1.37e-40	134	100
P00032_07	sp|P01780|HV307_HUMAN	68.000	100	127	117	1	100	20	116	1.74e-40	134	79
P00032_07	sp|P01763|HV348_HUMAN	68.000	100	127	117	1	100	20	116	1.76e-40	134	79
P00032_07	sp|A0A0B4J1X8|HV343_HUMAN	65.686	102	127	118	1	102	20	118	2.65e-40	133	80
P00032_07	sp|P01807|HVM37_MOUSE	54.331	127	127	119	1	127	1	117	3.29e-40	133	100
P00032_07	sp|P01791|HVM22_MOUSE	53.077	130	127	123	1	127	1	122	6.15e-40	132	100
P00032_07	sp|A0A0C4DH32|HV320_HUMAN	66.000	100	127	117	1	100	20	116	1.01e-39	132	79
P00032_08	sp|P01772|HV333_HUMAN	72.000	100	127	117	1	100	20	116	1.35e-43	141	79
P00032_08	sp|P0DP03|HVC05_HUMAN	72.000	100	127	117	1	100	20	116	1.41e-43	141	79
P00032_08	sp|P01768|HV330_HUMAN	72.000	100	127	117	1	100	20	116	1.41e-43	141	79
P00032_08	sp|P01764|HV323_HUMAN	71.000	100	127	117	1	100	20	116	3.96e-43	140	79
P00032_08	sp|P0DP02|HVC33_HUMAN	71.000	100	127	117	1	100	20	116	4.18e-43	140	79
P00032_08	sp|A0A0J9YX35|HV64D_HUMAN	69.697	99	127	117	1	99	20	115	3.38e-42	138	78
P00032_08	sp|P01763|HV348_HUMAN	69.000	100	127	117	1	100	20	116	2.29e-41	136	79
P00032_08	sp|A0A0C4DH42|HV366_HUMAN	70.000	100	127	116	1	100	20	115	2.40e-41	135	79
P00032_08	sp|P01780|HV307_HUMAN	70.000	100	127	117	1	100	20	116	3.15e-41	135	79
P00032_08	sp|P0DP04|HV43D_HUMAN	65.686	102	127	118	1	102	20	118	6.54e-41	135	80
P00032_08	sp|P01767|HV353_HUMAN	69.000	100	127	116	1	100	20	115	8.37e-41	134	79
P00032_08	sp|P01782|HV309_HUMAN	65.686	102	127	118	1	102	20	118	1.32e-40	134	80
P00032_08	sp|P01762|HV311_HUMAN	67.000	100	127	117	1	100	20	116	1.83e-40	134	79
P00032_08	sp|A0A075B6Q5|HV364_HUMAN	68.000	100	127	118	1	100	21	117	1.87e-40	134	79
P00032_08	sp|P01784|HV01_CANLF	58.462	130	127	114	1	127	1	113	2.02e-40	133	100
P00032_08	sp|P19181|HV05_CARAU	69.000	100	127	116	1	100	20	115	2.98e-40	133	79
P00032_08	sp|A0A0B4J1X8|HV343_HUMAN	64.706	102	127	118	1	102	20	118	3.53e-40	133	80
P00032_08	sp|A0A0C4DH32|HV320_HUMAN	66.000	100	127	117	1	100	20	116	6.74e-40	132	79
P00032_08	sp|A0A0B4J1X5|HV374_HUMAN	68.000	100	127	117	1	100	20	116	5.10e-39	130	79
P00032_08	sp|P0DOX2|IGA2_HUMAN	56.693	127	127	455	1	127	1	114	8.06e-39	138	100
P00033_00	sp|A0A0C4DH42|HV366_HUMAN	71.429	98	125	116	1	95	20	114	1.14e-40	134	76
P00033_00	sp|P01767|HV353_HUMAN	70.408	98	125	116	1	95	20	114	5.09e-40	132	76
P00033_00	sp|P19181|HV05_CARAU	70.408	98	125	116	1	95	20	114	1.45e-39	131	76
P00033_00	sp|P0DP02|HVC33_HUMAN	69.903	103	125	117	1	96	20	116	1.49e-38	129	77
P00033_00	sp|P01762|HV311_HUMAN	68.367	98	125	117	1	96	20	116	1.61e-38	129	77
P00033_00	sp|P0DP03|HVC05_HUMAN	69.903	103	125	117	1	96	20	116	1.94e-38	128	77
P00033_00	sp|P01768|HV330_HUMAN	69.903	103	125	117	1	96	20	116	1.94e-38	128	77
P00033_00	sp|P01764|HV323_HUMAN	68.932	103	125	117	1	96	20	116	2.05e-38	128	77
P00033_00	sp|P01763|HV348_HUMAN	67.308	104	125	117	1	96	20	116	2.39e-38	128	77
P00033_00	sp|P01772|HV333_HUMAN	69.903	103	125	117	1	96	20	116	4.12e-38	127	77
P00033_00	sp|A0A0J9YX35|HV64D_HUMAN	67.961	103	125	117	1	96	20	116	5.25e-38	127	77
P00033_00	sp|P01780|HV307_HUMAN	67.677	99	125	117	1	96	20	116	1.10e-36	124	77
P00033_00	sp|A0A0B4J1Y9|HV372_HUMAN	66.337	101	125	119	1	95	20	117	1.34e-36	124	76
P00033_00	sp|P01782|HV309_HUMAN	66.667	99	125	118	1	96	20	116	2.15e-36	123	77
P00033_00	sp|P01784|HV01_CANLF	56.693	127	125	114	1	125	1	113	2.68e-36	123	100
P00033_00	sp|P01807|HVM37_MOUSE	53.846	130	125	119	1	125	1	117	2.85e-36	123	100
P00033_00	sp|A0A075B6Q5|HV364_HUMAN	66.990	103	125	118	1	96	21	117	3.34e-36	122	77
P00033_00	sp|A0A0C4DH35|HV335_HUMAN	66.019	103	125	117	1	96	20	116	3.42e-36	122	77
P00033_00	sp|P0DP04|HV43D_HUMAN	65.049	103	125	118	1	96	20	116	3.84e-36	122	77
P00033_00	sp|P01810|HVM40_MOUSE	53.125	128	125	119	1	125	1	117	4.32e-36	122	100
P00033_01	sp|A0A0C4DH42|HV366_HUMAN	70.707	99	125	116	1	96	20	115	5.83e-41	135	77
P00033_01	sp|P01767|HV353_HUMAN	70.408	98	125	116	1	95	20	114	1.92e-40	133	76
P00033_01	sp|P19181|HV05_CARAU	69.697	99	125	116	1	96	20	115	4.71e-40	132	77
P00033_01	sp|P01762|HV311_HUMAN	69.388	98	125	117	1	96	20	116	7.49e-39	129	77
P00033_01	sp|A0A0J9YX35|HV64D_HUMAN	67.961	103	125	117	1	96	20	116	1.07e-38	129	77
P00033_01	sp|P01764|HV323_HUMAN	68.932	103	125	117	1	96	20	116	1.35e-38	129	77
P00033_01	sp|P0DP02|HVC33_HUMAN	69.903	103	125	117	1	96	20	116	1.52e-38	129	77
P00033_01	sp|P0DP03|HVC05_HUMAN	69.903	103	125	117	1	96	20	116	1.59e-38	129	77
P00033_01	sp|P01768|HV330_HUMAN	69.903	103	125	117	1	96	20	116	1.59e-38	129	77
P00033_01	sp|P01772|HV333_HUMAN	69.903	103	125	117	1	96	20	116	8.40e-38	127	77
P00033_01	sp|P01763|HV348_HUMAN	67.308	104	125	117	1	96	20	116	1.09e-37	126	77
P00033_01	sp|P01789|HVM20_MOUSE	53.383	133	125	122	1	125	1	121	1.15e-37	126	100
P00033_01	sp|P01784|HV01_CANLF	56.693	127	125	114	1	125	1	113	1.36e-37	126	100
P00033_01	sp|P01780|HV307_HUMAN	68.367	98	125	117	1	96	20	116	1.47e-37	126	77
P00033_01	sp|P01793|HVM24_MOUSE	52.672	131	125	123	1	125	1	122	1.64e-37	126	100
P00033_01	sp|P01787|HVM18_MOUSE	52.672	131	125	123	1	125	1	122	2.33e-37	125	100
P00033_01	sp|A0A0B4J1Y9|HV372_HUMAN	65.714	105	125	119	1	95	20	117	2.36e-37	125	76
P00033_01	sp|P01788|HVM19_MOUSE	52.672	131	125	123	1	125	1	122	2.46e-37	125	100
P00033_01	sp|A0A0B4J1X5|HV374_HUMAN	67.347	98	125	117	1	96	20	116	4.62e-37	125	77
P00033_01	sp|P01790|HVM21_MOUSE	52.672	131	125	122	1	125	1	121	4.76e-37	125	100
P00033_02	sp|A0A0C4DH42|HV366_HUMAN	72.449	98	125	116	1	95	20	114	2.23e-41	135	76
P00033_02	sp|P01767|HV353_HUMAN	71.429	98	125	116	1	95	20	114	6.43e-41	134	76
P00033_02	sp|P19181|HV05_CARAU	71.429	98	125	116	1	95	20	114	1.74e-40	133	76
P00033_02	sp|P01762|HV311_HUMAN	70.408	98	125	117	1	96	20	116	3.44e-39	130	77
P00033_02	sp|P0DP02|HVC33_HUMAN	71.717	99	125	117	1	96	20	116	3.56e-39	130	77
P00033_02	sp|A0A0J9YX35|HV64D_HUMAN	69.697	99	125	117	1	96	20	116	3.93e-39	130	77
P00033_02	sp|P01764|HV323_HUMAN	70.707	99	125	117	1	96	20	116	5.39e-39	130	77
P00033_02	sp|P0DP03|HVC05_HUMAN	71.717	99	125	117	1	96	20	116	9.22e-39	129	77
P00033_02	sp|P01768|HV330_HUMAN	71.717	99	125	117	1	96	20	116	9.22e-39	129	77
P00033_02	sp|P01784|HV01_CANLF	57.480	127	125	114	1	125	1	113	2.16e-38	128	100
P00033_02	sp|P01772|HV333_HUMAN	71.717	99	125	117	1	96	20	116	3.82e-38	127	77
P00033_02	sp|P01782|HV309_HUMAN	68.317	101	125	118	1	98	20	118	5.17e-38	127	78
P00033_02	sp|P01763|HV348_HUMAN	69.000	100	125	117	1	96	20	116	5.98e-38	127	77
P00033_02	sp|P01780|HV307_HUMAN	69.388	98	125	117	1	96	20	116	6.11e-38	127	77
P00033_02	sp|P01791|HVM22_MOUSE	54.135	133	125	123	1	125	1	122	1.18e-37	126	100
P00033_02	sp|A0A075B6Q5|HV364_HUMAN	68.687	99	125	118	1	96	21	117	1.69e-37	126	77
P00033_02	sp|A0A0B4J1X5|HV374_HUMAN	68.367	98	125	117	1	96	20	116	1.69e-37	126	77
P00033_02	sp|P01789|HVM20_MOUSE	54.198	131	125	122	1	125	1	121	2.03e-37	126	100
P00033_02	sp|A0A0B4J1Y9|HV372_HUMAN	67.327	101	125	119	1	95	20	117	2.07e-37	125	76
P00033_02	sp|P01793|HVM24_MOUSE	54.264	129	125	123	1	125	1	122	2.44e-37	125	100
P00033_03	sp|A0A0C4DH42|HV366_HUMAN	70.408	98	125	116	1	95	20	114	6.55e-40	132	76
P00033_03	sp|P01762|HV311_HUMAN	68.367	98	125	117	1	96	20	116	2.06e-39	130	77
P00033_03	sp|P01767|HV353_HUMAN	69.388	98	125	116	1	95	20	114	2.74e-39	130	76
P00033_03	sp|P01764|HV323_HUMAN	69.697	99	125	117	1	96	20	116	5.39e-39	130	77
P00033_03	sp|A0A0J9YX35|HV64D_HUMAN	68.687	99	125	117	1	96	20	116	5.76e-39	130	77
P00033_03	sp|P19181|HV05_CARAU	69.388	98	125	116	1	95	20	114	7.43e-39	129	76
P00033_03	sp|P01780|HV307_HUMAN	67.347	98	125	117	1	96	20	116	5.19e-38	127	77
P00033_03	sp|P01791|HVM22_MOUSE	53.488	129	125	123	1	125	1	122	5.88e-38	127	100
P00033_03	sp|P01763|HV348_HUMAN	68.317	101	125	117	1	96	20	116	8.13e-38	127	77
P00033_03	sp|A0A0B4J1Y9|HV372_HUMAN	66.337	101	125	119	1	95	20	117	9.94e-38	127	76
P00033_03	sp|A0A0B4J1X5|HV374_HUMAN	66.327	98	125	117	1	96	20	116	1.17e-37	126	77
P00033_03	sp|P01793|HVM24_MOUSE	53.488	129	125	123	1	125	1	122	1.59e-37	126	100
P00033_03	sp|P01810|HVM40_MOUSE	52.756	127	125	119	1	125	1	117	1.74e-37	126	100
P00033_03	sp|P01794|HVM25_MOUSE	53.488	129	125	123	1	125	1	122	1.75e-37	126	100
P00033_03	sp|P0DP02|HVC33_HUMAN	69.697	99	125	117	1	96	20	116	1.77e-37	126	77
P00033_03	sp|P01788|HVM19_MOUSE	54.264	129	125	123	1	125	1	122	3.17e-37	125	100
P00033_03	sp|P0DP03|HVC05_HUMAN	68.932	103	125	117	1	96	20	116	3.56e-37	125	77
P00033_03	sp|P01768|HV330_HUMAN	68.932	103	125	117	1	96	20	116	3.56e-37	125	77
P00033_03	sp|P01807|HVM37_MOUSE	52.756	127	125	119	1	125	1	117	3.61e-37	125	100
P00033_03	sp|A0A075B6Q5|HV364_HUMAN	67.677	99	125	118	1	96	21	117	4.18e-37	125	77
P00033_04	sp|A0A0C4DH42|HV366_HUMAN	69.697	99	125	116	1	96	20	115	1.78e-38	128	77
P00033_04	sp|A0A0J9YX35|HV64D_HUMAN	68.932	103	125	117	1	96	20	116	2.28e-38	128	77
P00033_04	sp|P01764|HV323_HUMAN	69.903	103	125	117	1	96	20	116	2.69e-38	128	77
P00033_04	sp|P01784|HV01_CANLF	57.480	127	125	114	1	125	1	113	3.38e-38	127	100
P00033_04	sp|P01767|HV353_HUMAN	69.388	98	125	116	1	95	20	114	7.07e-38	127	76
P00033_04	sp|P01762|HV311_HUMAN	70.408	98	125	117	1	96	20	116	7.69e-38	127	77
P00033_04	sp|P01807|HVM37_MOUSE	55.118	127	125	119	1	125	1	117	1.17e-37	126	100
P00033_04	sp|P19181|HV05_CARAU	68.687	99	125	116	1	96	20	115	1.85e-37	126	77
P00033_04	sp|P01780|HV307_HUMAN	68.000	100	125	117	1	96	20	116	1.95e-37	125	77
P00033_04	sp|A0A0B4J1X5|HV374_HUMAN	68.367	98	125	117	1	96	20	116	3.05e-37	125	77
P00033_04	sp|P0DP02|HVC33_HUMAN	70.000	100	125	117	1	96	20	116	7.90e-37	124	77
P00033_04	sp|P01763|HV348_HUMAN	67.308	104	125	117	1	96	20	116	8.08e-37	124	77
P00033_04	sp|A0A075B6Q5|HV364_HUMAN	67.961	103	125	118	1	96	21	117	8.23e-37	124	77
P00033_04	sp|P0DP03|HVC05_HUMAN	69.231	104	125	117	1	96	20	116	8.62e-37	124	77
P00033_04	sp|P01768|HV330_HUMAN	69.231	104	125	117	1	96	20	116	8.62e-37	124	77
P00033_04	sp|P01810|HVM40_MOUSE	53.543	127	125	119	1	125	1	117	9.05e-37	124	100
P00033_04	sp|P01791|HVM22_MOUSE	53.435	131	125	123	1	125	1	122	1.07e-36	124	100
P00033_04	sp|A0A0C4DH32|HV320_HUMAN	66.000	100	125	117	1	96	20	116	5.12e-36	122	77
P00033_04	sp|P01782|HV309_HUMAN	68.627	102	125	118	1	98	20	118	6.64e-36	122	78
P00033_04	sp|P01808|HVM38_MOUSE	53.543	127	125	119	1	125	1	117	8.33e-36	122	100
P00033_05	sp|A0A0C4DH42|HV366_HUMAN	70.707	99	125	116	1	96	20	115	1.09e-40	134	77
P00033_05	sp|P01767|HV353_HUMAN	70.408	98	125	116	1	95	20	114	5.20e-40	132	76
P00033_05	sp|P19181|HV05_CARAU	69.697	99	125	116	1	96	20	115	1.36e-39	131	77
P00033_05	sp|P0DP02|HVC33_HUMAN	69.903	103	125	117	1	96	20	116	1.38e-38	129	77
P00033_05	sp|P01762|HV311_HUMAN	68.367	98	125	117	1	96	20	116	1.43e-38	129	77
P00033_05	sp|P0DP03|HVC05_HUMAN	69.903	103	125	117	1	96	20	116	1.68e-38	128	77
P00033_05	sp|P01768|HV330_HUMAN	69.903	103	125	117	1	96	20	116	1.68e-38	128	77
P00033_05	sp|P01764|HV323_HUMAN	68.932	103	125	117	1	96	20	116	2.05e-38	128	77
P00033_05	sp|P01763|HV348_HUMAN	67.308	104	125	117	1	96	20	116	2.12e-38	128	77
P00033_05	sp|P01772|HV333_HUMAN	69.903	103	125	117	1	96	20	116	3.66e-38	127	77
P00033_05	sp|A0A0J9YX35|HV64D_HUMAN	67.961	103	125	117	1	96	20	116	4.40e-38	127	77
P00033_05	sp|P01780|HV307_HUMAN	67.677	99	125	117	1	96	20	116	9.73e-37	124	77
P00033_05	sp|A0A0B4J1Y9|HV372_HUMAN	66.337	101	125	119	1	95	20	117	1.07e-36	124	76
P00033_05	sp|P01784|HV01_CANLF	55.906	127	125	114	1	125	1	113	2.02e-36	123	100
P00033_05	sp|P01782|HV309_HUMAN	66.667	99	125	118	1	96	20	116	2.18e-36	123	77
P00033_05	sp|P0DOX5|IGG1_HUMAN	59.091	132	125	449	1	125	1	118	2.76e-36	131	100
P00033_05	sp|A0A075B6Q5|HV364_HUMAN	66.990	103	125	118	1	96	21	117	3.26e-36	122	77
P00033_05	sp|A0A0C4DH35|HV335_HUMAN	66.019	103	125	117	1	96	20	116	3.61e-36	122	77
P00033_05	sp|P0DP04|HV43D_HUMAN	65.049	103	125	118	1	96	20	116	3.64e-36	122	77
P00033_05	sp|P01807|HVM37_MOUSE	53.846	130	125	119	1	125	1	117	5.26e-36	122	100
P00033_06	sp|A0A0C4DH42|HV366_HUMAN	71.429	98	125	116	1	95	20	114	5.64e-41	135	76
P00033_06	sp|P01767|HV353_HUMAN	70.408	98	125	116	1	95	20	114	2.39e-40	133	76
P00033_06	sp|P19181|HV05_CARAU	70.408	98	125	116	1	95	20	114	6.20e-40	132	76
P00033_06	sp|P01762|HV311_HUMAN	68.367	98	125	117	1	96	20	116	8.63e-39	129	77
P00033_06	sp|P0DP02|HVC33_HUMAN	69.903	103	125	117	1	96	20	116	1.46e-38	129	77
P00033_06	sp|P0DP03|HVC05_HUMAN	69.903	103	125	117	1	96	20	116	1.52e-38	129	77
P00033_06	sp|P01768|HV330_HUMAN	69.903	103	125	117	1	96	20	116	1.52e-38	129	77
P00033_06	sp|P01764|HV323_HUMAN	68.932	103	125	117	1	96	20	116	1.52e-38	129	77
P00033_06	sp|P01763|HV348_HUMAN	67.308	104	125	117	1	96	20	116	1.86e-38	128	77
P00033_06	sp|P01772|HV333_HUMAN	69.903	103	125	117	1	96	20	116	4.04e-38	127	77
P00033_06	sp|A0A0J9YX35|HV64D_HUMAN	67.961	103	125	117	1	96	20	116	4.36e-38	127	77
P00033_06	sp|P01793|HVM24_MOUSE	54.264	129	125	123	1	125	1	122	9.31e-38	127	100
P00033_06	sp|P01791|HVM22_MOUSE	53.435	131	125	123	1	125	1	122	9.31e-38	127	100
P00033_06	sp|P01788|HVM19_MOUSE	53.435	131	125	123	1	125	1	122	2.66e-37	125	100
P00033_06	sp|P01784|HV01_CANLF	55.906	127	125	114	1	125	1	113	3.08e-37	125	100
P00033_06	sp|P01787|HVM18_MOUSE	53.435	131	125	123	1	125	1	122	3.10e-37	125	100
P00033_06	sp|P01789|HVM20_MOUSE	53.435	131	125	122	1	125	1	121	3.95e-37	125	100
P00033_06	sp|P01780|HV307_HUMAN	67.677	99	125	117	1	96	20	116	5.82e-37	124	77
P00033_06	sp|P01792|HVM23_MOUSE	52.672	131	125	123	1	125	1	122	5.84e-37	125	100
P00033_06	sp|P01782|HV309_HUMAN	66.337	101	125	118	1	98	20	118	6.26e-37	124	78
P00033_07	sp|A0A0C4DH42|HV366_HUMAN	71.429	98	125	116	1	95	20	114	7.02e-41	134	76
P00033_07	sp|P01767|HV353_HUMAN	70.408	98	125	116	1	95	20	114	1.90e-40	133	76
P00033_07	sp|P19181|HV05_CARAU	70.408	98	125	116	1	95	20	114	6.13e-40	132	76
P00033_07	sp|P01762|HV311_HUMAN	70.408	98	125	117	1	96	20	116	3.05e-39	130	77
P00033_07	sp|A0A0J9YX35|HV64D_HUMAN	67.961	103	125	117	1	96	20	116	1.41e-38	129	77
P00033_07	sp|P0DP02|HVC33_HUMAN	69.903	103	125	117	1	96	20	116	1.84e-38	128	77
P00033_07	sp|P0DP03|HVC05_HUMAN	69.903	103	125	117	1	96	20	116	1.86e-38	128	77
P00033_07	sp|P01768|HV330_HUMAN	69.903	103	125	117	1	96	20	116	1.86e-38	128	77
P00033_07	sp|P01764|HV323_HUMAN	68.932	103	125	117	1	96	20	116	1.88e-38	128	77
P00033_07	sp|P01772|HV333_HUMAN	69.903	103	125	117	1	96	20	116	8.04e-38	127	77
P00033_07	sp|P01763|HV348_HUMAN	67.308	104	125	117	1	96	20	116	1.34e-37	126	77
P00033_07	sp|P01782|HV309_HUMAN	68.687	99	125	118	1	96	20	116	1.63e-37	126	77
P00033_07	sp|P01784|HV01_CANLF	56.693	127	125	114	1	125	1	113	1.82e-37	125	100
P00033_07	sp|A0A0B4J1Y9|HV372_HUMAN	67.327	101	125	119	1	95	20	117	1.98e-37	126	76
P00033_07	sp|P01780|HV307_HUMAN	68.367	98	125	117	1	96	20	116	2.37e-37	125	77
P00033_07	sp|A0A075B6Q5|HV364_HUMAN	66.990	103	125	118	1	96	21	117	5.55e-37	125	77
P00033_07	sp|A0A0B4J1X5|HV374_HUMAN	67.347	98	125	117	1	96	20	116	8.08e-37	124	77
P00033_07	sp|P01790|HVM21_MOUSE	52.632	133	125	122	1	125	1	121	8.49e-37	124	100
P00033_07	sp|A0A0C4DH36|HV338_HUMAN	66.337	101	125	116	1	98	20	116	9.04e-37	124	78
P00033_07	sp|P0DP04|HV43D_HUMAN	66.667	99	125	118	1	96	20	116	9.49e-37	124	77
P00033_08	sp|A0A0C4DH42|HV366_HUMAN	69.697	99	125	116	1	96	20	115	1.73e-39	131	77
P00033_08	sp|A0A0J9YX35|HV64D_HUMAN	67.961	103	125	117	1	96	20	116	5.51e-39	130	77
P00033_08	sp|P01764|HV323_HUMAN	68.932	103	125	117	1	96	20	116	5.57e-39	130	77
P00033_08	sp|P01767|HV353_HUMAN	69.388	98	125	116	1	95	20	114	6.73e-39	129	76
P00033_08	sp|P01762|HV311_HUMAN	68.367	98	125	117	1	96	20	116	7.74e-39	129	77
P00033_08	sp|P19181|HV05_CARAU	68.687	99	125	116	1	96	20	115	1.56e-38	129	77
P00033_08	sp|P01763|HV348_HUMAN	66.346	104	125	117	1	96	20	116	1.27e-37	126	77
P00033_08	sp|P01780|HV307_HUMAN	67.000	100	125	117	1	96	20	116	1.29e-37	126	77
P00033_08	sp|P0DP02|HVC33_HUMAN	68.932	103	125	117	1	96	20	116	2.80e-37	125	77
P00033_08	sp|P01791|HVM22_MOUSE	53.788	132	125	123	1	125	1	122	2.84e-37	125	100
P00033_08	sp|P0DP03|HVC05_HUMAN	68.932	103	125	117	1	96	20	116	3.09e-37	125	77
P00033_08	sp|P01768|HV330_HUMAN	68.932	103	125	117	1	96	20	116	3.09e-37	125	77
P00033_08	sp|P01801|HVM32_MOUSE	54.264	129	125	115	1	125	1	114	3.24e-37	125	100
P00033_08	sp|P01782|HV309_HUMAN	66.000	100	125	118	1	98	20	118	3.36e-37	125	78
P00033_08	sp|A0A075B6Q5|HV364_HUMAN	66.990	103	125	118	1	96	21	117	3.51e-37	125	77
P00033_08	sp|A0A0B4J1X5|HV374_HUMAN	66.327	98	125	117	1	96	20	116	5.33e-37	125	77
P00033_08	sp|P01772|HV333_HUMAN	68.932	103	125	117	1	96	20	116	6.63e-37	124	77
P00033_08	sp|P01784|HV01_CANLF	56.589	129	125	114	1	125	1	113	7.47e-37	124	100
P00033_08	sp|A0A0B4J1V0|HV315_HUMAN	64.356	101	125	119	1	97	20	119	7.85e-37	124	78
P00033_08	sp|A0A0B4J1Y9|HV372_HUMAN	66.337	101	125	119	1	95	20	117	8.48e-37	124	76
P00034_00	sp|P01780|HV307_HUMAN	70.408	98	125	117	1	96	20	116	1.41e-40	134	77
P00034_00	sp|P01791|HVM22_MOUSE	55.039	129	125	123	1	125	1	122	1.50e-40	134	100
P00034_00	sp|P01795|HVM26_MOUSE	55.039	129	125	144	1	125	20	143	2.13e-40	134	100
P00034_00	sp|P01794|HVM25_MOUSE	55.039	129	125	123	1	125	1	122	2.51e-40	133	100
P00034_00	sp|P01784|HV01_CANLF	57.480	127	125	114	1	125	1	113	2.96e-40	133	100
P00034_00	sp|P01792|HVM23_MOUSE	55.039	129	125	123	1	125	1	122	3.09e-40	133	100
P00034_00	sp|P01787|HVM18_MOUSE	55.039	129	125	123	1	125	1	122	3.64e-40	133	100
P00034_00	sp|P01788|HVM19_MOUSE	55.039	129	125	123	1	125	1	122	6.86e-40	132	100
P00034_00	sp|P01789|HVM20_MOUSE	54.962	131	125	122	1	125	1	121	9.35e-40	132	100
P00034_00	sp|P01764|HV323_HUMAN	70.707	99	125	117	1	96	20	116	9.37e-40	132	77
P00034_00	sp|A0A0C4DH42|HV366_HUMAN	71.134	97	125	116	1	96	20	115	3.23e-39	130	77
P00034_00	sp|P01793|HVM24_MOUSE	54.198	131	125	123	1	125	1	122	3.70e-39	130	100
P00034_00	sp|P01790|HVM21_MOUSE	53.788	132	125	122	1	125	1	121	3.75e-39	130	100
P00034_00	sp|P01767|HV353_HUMAN	70.103	97	125	116	1	96	20	115	8.66e-39	129	77
P00034_00	sp|A0A0B4J1X5|HV374_HUMAN	68.367	98	125	117	1	96	20	116	1.25e-38	129	77
P00034_00	sp|A0A0B4J1Y9|HV372_HUMAN	67.000	100	125	119	1	96	20	118	1.71e-38	129	77
P00034_00	sp|P01763|HV348_HUMAN	68.367	98	125	117	1	96	20	116	1.82e-38	128	77
P00034_00	sp|P01762|HV311_HUMAN	68.367	98	125	117	1	96	20	116	1.86e-38	128	77
P00034_00	sp|P19181|HV05_CARAU	70.103	97	125	116	1	96	20	115	2.15e-38	128	77
P00034_00	sp|P0DP02|HVC33_HUMAN	70.408	98	125	117	1	96	20	116	2.41e-38	128	77
P00034_01	sp|P01780|HV307_HUMAN	70.707	99	125	117	1	96	20	116	1.17e-40	134	77
P00034_01	sp|P01795|HVM26_MOUSE	55.385	130	125	144	1	125	20	143	1.22e-39	132	100
P00034_01	sp|P01792|HVM23_MOUSE	54.615	130	125	123	1	125	1	122	2.61e-39	130	100
P00034_01	sp|P01791|HVM22_MOUSE	54.615	130	125	123	1	125	1	122	7.21e-39	129	100
P00034_01	sp|A0A0C4DH42|HV366_HUMAN	71.429	98	125	116	1	96	20	115	7.59e-39	129	77
P00034_01	sp|P01764|HV323_HUMAN	70.707	99	125	117	1	96	20	116	9.12e-39	129	77
P00034_01	sp|P01793|HVM24_MOUSE	53.846	130	125	123	1	125	1	122	1.85e-38	129	100
P00034_01	sp|P01762|HV311_HUMAN	68.687	99	125	117	1	96	20	116	1.98e-38	128	77
P00034_01	sp|P01788|HVM19_MOUSE	54.615	130	125	123	1	125	1	122	2.20e-38	128	100
P00034_01	sp|P01767|HV353_HUMAN	70.408	98	125	116	1	96	20	115	2.24e-38	128	77
P00034_01	sp|P01787|HVM18_MOUSE	54.615	130	125	123	1	125	1	122	2.35e-38	128	100
P00034_01	sp|A0A0B4J1X5|HV374_HUMAN	68.687	99	125	117	1	96	20	116	4.08e-38	127	77
P00034_01	sp|P01784|HV01_CANLF	57.364	129	125	114	1	125	1	113	4.35e-38	127	100
P00034_01	sp|P01789|HVM20_MOUSE	54.615	130	125	122	1	125	1	121	5.52e-38	127	100
P00034_01	sp|P01794|HVM25_MOUSE	55.385	130	125	123	1	125	1	122	6.78e-38	127	100
P00034_01	sp|P19181|HV05_CARAU	70.408	98	125	116	1	96	20	115	7.30e-38	127	77
P00034_01	sp|A0A0J9YX35|HV64D_HUMAN	69.388	98	125	117	1	95	20	115	8.22e-38	127	76
P00034_01	sp|P01790|HVM21_MOUSE	53.846	130	125	122	1	125	1	121	8.55e-38	127	100
P00034_01	sp|P01763|HV348_HUMAN	67.677	99	125	117	1	96	20	116	5.39e-37	125	77
P00034_01	sp|A0A0C4DH35|HV335_HUMAN	68.367	98	125	117	1	95	20	115	6.56e-37	124	76
P00034_02	sp|P01784|HV01_CANLF	58.268	127	125	114	1	125	1	113	7.37e-41	134	100
P00034_02	sp|P01795|HVM26_MOUSE	54.264	129	125	144	1	125	20	143	1.42e-40	134	100
P00034_02	sp|P01788|HVM19_MOUSE	54.264	129	125	123	1	125	1	122	2.45e-40	133	100
P00034_02	sp|P01791|HVM22_MOUSE	55.039	129	125	123	1	125	1	122	2.54e-40	133	100
P00034_02	sp|P01780|HV307_HUMAN	69.388	98	125	117	1	96	20	116	2.69e-40	133	77
P00034_02	sp|P01793|HVM24_MOUSE	54.264	129	125	123	1	125	1	122	1.21e-39	131	100
P00034_02	sp|P01792|HVM23_MOUSE	54.264	129	125	123	1	125	1	122	1.34e-39	131	100
P00034_02	sp|P01787|HVM18_MOUSE	54.264	129	125	123	1	125	1	122	1.54e-39	131	100
P00034_02	sp|A0A0C4DH42|HV366_HUMAN	70.103	97	125	116	1	96	20	115	1.77e-39	131	77
P00034_02	sp|P01794|HVM25_MOUSE	56.589	129	125	123	1	125	1	122	2.26e-39	131	100
P00034_02	sp|P01764|HV323_HUMAN	69.388	98	125	117	1	96	20	116	4.06e-39	130	77
P00034_02	sp|P01767|HV353_HUMAN	69.072	97	125	116	1	96	20	115	5.01e-39	130	77
P00034_02	sp|P01790|HVM21_MOUSE	54.264	129	125	122	1	125	1	121	5.74e-39	130	100
P00034_02	sp|P01789|HVM20_MOUSE	53.435	131	125	122	1	125	1	121	1.30e-38	129	100
P00034_02	sp|P19181|HV05_CARAU	69.072	97	125	116	1	96	20	115	1.48e-38	129	77
P00034_02	sp|P01762|HV311_HUMAN	67.347	98	125	117	1	96	20	116	2.63e-38	128	77
P00034_02	sp|P01763|HV348_HUMAN	67.347	98	125	117	1	96	20	116	2.69e-38	128	77
P00034_02	sp|A0A0J9YX35|HV64D_HUMAN	68.041	97	125	117	1	95	20	115	4.55e-38	127	76
P00034_02	sp|A0A0B4J1X5|HV374_HUMAN	67.347	98	125	117	1	96	20	116	6.82e-38	127	77
P00034_02	sp|A0A0B4J1Y9|HV372_HUMAN	65.000	100	125	119	1	96	20	118	1.01e-37	127	77
P00034_03	sp|P01780|HV307_HUMAN	68.367	98	125	117	1	96	20	116	6.90e-40	132	77
P00034_03	sp|P01784|HV01_CANLF	57.364	129	125	114	1	125	1	113	7.03e-40	132	100
P00034_03	sp|P01795|HVM26_MOUSE	53.488	129	125	144	1	125	20	143	7.47e-40	133	100
P00034_03	sp|P01792|HVM23_MOUSE	53.488	129	125	123	1	125	1	122	3.28e-39	130	100
P00034_03	sp|P01764|HV323_HUMAN	69.388	98	125	117	1	96	20	116	3.33e-39	130	77
P00034_03	sp|P01788|HVM19_MOUSE	52.713	129	125	123	1	125	1	122	3.35e-39	130	100
P00034_03	sp|P01791|HVM22_MOUSE	53.488	129	125	123	1	125	1	122	5.19e-39	130	100
P00034_03	sp|P01787|HVM18_MOUSE	54.264	129	125	123	1	125	1	122	5.60e-39	130	100
P00034_03	sp|P01793|HVM24_MOUSE	52.713	129	125	123	1	125	1	122	7.28e-39	129	100
P00034_03	sp|P01790|HVM21_MOUSE	53.488	129	125	122	1	125	1	121	8.24e-39	129	100
P00034_03	sp|P01762|HV311_HUMAN	67.347	98	125	117	1	96	20	116	1.29e-38	129	77
P00034_03	sp|P01794|HVM25_MOUSE	54.264	129	125	123	1	125	1	122	1.37e-38	129	100
P00034_03	sp|A0A0C4DH42|HV366_HUMAN	69.072	97	125	116	1	96	20	115	2.19e-38	128	77
P00034_03	sp|P01767|HV353_HUMAN	67.000	100	125	116	1	96	20	115	2.79e-38	128	77
P00034_03	sp|A0A0J9YX35|HV64D_HUMAN	68.041	97	125	117	1	95	20	115	3.70e-38	127	76
P00034_03	sp|A0A0B4J1X5|HV374_HUMAN	67.347	98	125	117	1	96	20	116	3.91e-38	127	77
P00034_03	sp|P01789|HVM20_MOUSE	53.488	129	125	122	1	125	1	121	4.49e-38	127	100
P00034_03	sp|P19181|HV05_CARAU	67.000	100	125	116	1	96	20	115	6.99e-38	127	77
P00034_03	sp|P01763|HV348_HUMAN	66.327	98	125	117	1	96	20	116	9.89e-38	126	77
P00034_03	sp|P01810|HVM40_MOUSE	54.264	129	125	119	1	125	1	117	2.36e-37	125	100
P00034_04	sp|P01780|HV307_HUMAN	71.429	98	125	117	1	96	20	116	2.02e-42	138	77
P00034_04	sp|A0A0C4DH42|HV366_HUMAN	71.134	97	125	116	1	96	20	115	4.32e-40	132	77
P00034_04	sp|P01764|HV323_HUMAN	70.408	98	125	117	1	96	20	116	9.47e-40	132	77
P00034_04	sp|P01767|HV353_HUMAN	70.103	97	125	116	1	96	20	115	1.22e-39	131	77
P00034_04	sp|P01784|HV01_CANLF	57.480	127	125	114	1	125	1	113	1.28e-39	131	100
P00034_04	sp|P01795|HVM26_MOUSE	53.488	129	125	144	1	125	20	143	2.09e-39	132	100
P00034_04	sp|P19181|HV05_CARAU	70.103	97	125	116	1	96	20	115	3.16e-39	130	77
P00034_04	sp|P01763|HV348_HUMAN	68.367	98	125	117	1	96	20	116	3.26e-39	130	77
P00034_04	sp|A0A0J9YX35|HV64D_HUMAN	69.072	97	125	117	1	95	20	115	1.02e-38	129	76
P00034_04	sp|P01789|HVM20_MOUSE	54.264	129	125	122	1	125	1	121	1.08e-38	129	100
P00034_04	sp|P01788|HVM19_MOUSE	54.264	129	125	123	1	125	1	122	1.17e-38	129	100
P00034_04	sp|P01790|HVM21_MOUSE	53.488	129	125	122	1	125	1	121	1.55e-38	129	100
P00034_04	sp|P01787|HVM18_MOUSE	54.264	129	125	123	1	125	1	122	1.67e-38	129	100
P00034_04	sp|P0DP02|HVC33_HUMAN	70.408	98	125	117	1	96	20	116	2.24e-38	128	77
P00034_04	sp|P01792|HVM23_MOUSE	54.264	129	125	123	1	125	1	122	2.27e-38	128	100
P00034_04	sp|P01791|HVM22_MOUSE	53.488	129	125	123	1	125	1	122	3.22e-38	128	100
P00034_04	sp|P01785|HV02_CANLF	55.556	126	125	117	1	125	1	116	3.42e-38	127	100
P00034_04	sp|P0DP03|HVC05_HUMAN	71.717	99	125	117	1	96	20	116	4.45e-38	127	77
P00034_04	sp|P01768|HV330_HUMAN	71.717	99	125	117	1	96	20	116	4.45e-38	127	77
P00034_04	sp|P01772|HV333_HUMAN	71.717	99	125	117	1	96	20	116	8.77e-38	127	77
P00034_05	sp|P01784|HV01_CANLF	58.915	129	125	114	1	125	1	113	2.46e-40	133	100
P00034_05	sp|P01780|HV307_HUMAN	68.367	98	125	117	1	96	20	116	1.05e-39	131	77
P00034_05	sp|P01764|HV323_HUMAN	69.388	98	125	117	1	96	20	116	1.10e-39	131	77
P00034_05	sp|P01762|HV311_HUMAN	67.347	98	125	117	1	96	20	116	6.57e-39	129	77
P00034_05	sp|A0A0C4DH42|HV366_HUMAN	69.072	97	125	116	1	96	20	115	1.76e-38	128	77
P00034_05	sp|A0A0J9YX35|HV64D_HUMAN	68.041	97	125	117	1	95	20	115	2.03e-38	128	76
P00034_05	sp|A0A0B4J1X5|HV374_HUMAN	67.347	98	125	117	1	96	20	116	2.16e-38	128	77
P00034_05	sp|P01763|HV348_HUMAN	66.327	98	125	117	1	96	20	116	3.31e-38	128	77
P00034_05	sp|P01767|HV353_HUMAN	67.000	100	125	116	1	96	20	115	3.51e-38	127	77
P00034_05	sp|P0DP02|HVC33_HUMAN	68.000	100	125	117	1	96	20	116	8.68e-38	127	77
P00034_05	sp|P19181|HV05_CARAU	67.000	100	125	116	1	96	20	115	8.99e-38	127	77
P00034_05	sp|P0DP03|HVC05_HUMAN	69.307	101	125	117	1	96	20	116	1.83e-37	126	77
P00034_05	sp|P01768|HV330_HUMAN	69.307	101	125	117	1	96	20	116	1.83e-37	126	77
P00034_05	sp|P01772|HV333_HUMAN	69.307	101	125	117	1	96	20	116	2.10e-37	125	77
P00034_05	sp|P01792|HVM23_MOUSE	50.388	129	125	123	1	125	1	122	3.57e-37	125	100
P00034_05	sp|A0A0C4DH35|HV335_HUMAN	67.010	97	125	117	1	95	20	115	6.14e-37	124	76
P00034_05	sp|A0A075B6Q5|HV364_HUMAN	66.327	98	125	118	1	96	21	117	9.80e-37	124	77
P00034_05	sp|A0A0B4J1Y9|HV372_HUMAN	64.000	100	125	119	1	96	20	118	1.15e-36	124	77
P00034_05	sp|P01795|HVM26_MOUSE	50.388	129	125	144	1	125	20	143	1.74e-36	124	100
P00034_05	sp|A0A0B4J1V1|HV321_HUMAN	64.286	98	125	117	1	96	20	116	2.18e-36	123	77
P00034_06	sp|P01788|HVM19_MOUSE	54.615	130	125	123	1	125	1	122	1.09e-39	132	100
P00034_06	sp|P01780|HV307_HUMAN	69.697	99	125	117	1	96	20	116	1.47e-39	131	77
P00034_06	sp|P01792|HVM23_MOUSE	53.846	130	125	123	1	125	1	122	3.58e-39	130	100
P00034_06	sp|P01795|HVM26_MOUSE	56.154	130	125	144	1	125	20	143	3.97e-39	131	100
P00034_06	sp|P01791|HVM22_MOUSE	54.615	130	125	123	1	125	1	122	5.85e-39	130	100
P00034_06	sp|A0A0C4DH42|HV366_HUMAN	70.408	98	125	116	1	96	20	115	6.10e-39	129	77
P00034_06	sp|P01787|HVM18_MOUSE	54.615	130	125	123	1	125	1	122	6.39e-39	130	100
P00034_06	sp|P01764|HV323_HUMAN	70.707	99	125	117	1	96	20	116	7.33e-39	129	77
P00034_06	sp|P01762|HV311_HUMAN	68.687	99	125	117	1	96	20	116	2.00e-38	128	77
P00034_06	sp|P01767|HV353_HUMAN	69.388	98	125	116	1	96	20	115	2.27e-38	128	77
P00034_06	sp|A0A0B4J1X5|HV374_HUMAN	68.687	99	125	117	1	96	20	116	2.41e-38	128	77
P00034_06	sp|P01790|HVM21_MOUSE	54.615	130	125	122	1	125	1	121	2.46e-38	128	100
P00034_06	sp|P19181|HV05_CARAU	69.388	98	125	116	1	96	20	115	4.77e-38	127	77
P00034_06	sp|P01789|HVM20_MOUSE	53.846	130	125	122	1	125	1	121	7.18e-38	127	100
P00034_06	sp|P01793|HVM24_MOUSE	53.788	132	125	123	1	125	1	122	7.24e-38	127	100
P00034_06	sp|A0A0J9YX35|HV64D_HUMAN	69.388	98	125	117	1	95	20	115	7.53e-38	127	76
P00034_06	sp|P01794|HVM25_MOUSE	56.154	130	125	123	1	125	1	122	1.39e-37	126	100
P00034_06	sp|P01784|HV01_CANLF	58.140	129	125	114	1	125	1	113	5.56e-37	124	100
P00034_06	sp|P01763|HV348_HUMAN	67.677	99	125	117	1	96	20	116	6.28e-37	124	77
P00034_06	sp|A0A0B4J1Y9|HV372_HUMAN	65.347	101	125	119	1	96	20	118	8.95e-37	124	77
P00034_07	sp|P01788|HVM19_MOUSE	53.846	130	125	123	1	125	1	122	5.34e-40	132	100
P00034_07	sp|P01780|HV307_HUMAN	69.697	99	125	117	1	96	20	116	1.13e-39	131	77
P00034_07	sp|P01792|HVM23_MOUSE	53.077	130	125	123	1	125	1	122	1.70e-39	131	100
P00034_07	sp|P01795|HVM26_MOUSE	55.385	130	125	144	1	125	20	143	1.89e-39	132	100
P00034_07	sp|P01787|HVM18_MOUSE	53.846	130	125	123	1	125	1	122	3.39e-39	130	100
P00034_07	sp|P01791|HVM22_MOUSE	54.615	130	125	123	1	125	1	122	4.91e-39	130	100
P00034_07	sp|A0A0C4DH42|HV366_HUMAN	70.408	98	125	116	1	96	20	115	5.53e-39	130	77
P00034_07	sp|P01764|HV323_HUMAN	70.707	99	125	117	1	96	20	116	6.29e-39	129	77
P00034_07	sp|P01790|HVM21_MOUSE	54.615	130	125	122	1	125	1	121	6.77e-39	129	100
P00034_07	sp|P01793|HVM24_MOUSE	55.385	130	125	123	1	125	1	122	1.06e-38	129	100
P00034_07	sp|P01762|HV311_HUMAN	68.687	99	125	117	1	96	20	116	1.68e-38	128	77
P00034_07	sp|P01767|HV353_HUMAN	69.388	98	125	116	1	96	20	115	1.78e-38	128	77
P00034_07	sp|A0A0B4J1X5|HV374_HUMAN	68.687	99	125	117	1	96	20	116	1.98e-38	128	77
P00034_07	sp|P01784|HV01_CANLF	57.364	129	125	114	1	125	1	113	2.96e-38	128	100
P00034_07	sp|P19181|HV05_CARAU	69.388	98	125	116	1	96	20	115	4.47e-38	127	77
P00034_07	sp|A0A0J9YX35|HV64D_HUMAN	69.388	98	125	117	1	95	20	115	6.90e-38	127	76
P00034_07	sp|P01789|HVM20_MOUSE	53.788	132	125	122	1	125	1	121	7.26e-38	127	100
P00034_07	sp|P01794|HVM25_MOUSE	54.615	130	125	123	1	125	1	122	1.24e-37	126	100
P00034_07	sp|P01810|HVM40_MOUSE	55.385	130	125	119	1	125	1	117	3.35e-37	125	100
P00034_07	sp|P01763|HV348_HUMAN	67.677	99	125	117	1	96	20	116	5.16e-37	125	77
P00034_08	sp|P01780|HV307_HUMAN	72.449	98	125	117	1	96	20	116	2.25e-42	138	77
P00034_08	sp|A0A0C4DH42|HV366_HUMAN	72.165	97	125	116	1	96	20	115	3.55e-40	132	77
P00034_08	sp|P01795|HVM26_MOUSE	55.039	129	125	144	1	125	20	143	4.33e-40	133	100
P00034_08	sp|P01767|HV353_HUMAN	71.134	97	125	116	1	96	20	115	9.39e-40	132	77
P00034_08	sp|P01764|HV323_HUMAN	71.429	98	125	117	1	96	20	116	9.68e-40	132	77
P00034_08	sp|P01763|HV348_HUMAN	69.388	98	125	117	1	96	20	116	2.65e-39	130	77
P00034_08	sp|P19181|HV05_CARAU	71.134	97	125	116	1	96	20	115	3.00e-39	130	77
P00034_08	sp|A0A0J9YX35|HV64D_HUMAN	70.103	97	125	117	1	95	20	115	8.92e-39	129	76
P00034_08	sp|P0DP02|HVC33_HUMAN	71.429	98	125	117	1	96	20	116	2.24e-38	128	77
P00034_08	sp|P01784|HV01_CANLF	59.055	127	125	114	1	125	1	113	3.49e-38	127	100
P00034_08	sp|P0DP03|HVC05_HUMAN	71.429	98	125	117	1	96	20	116	5.42e-38	127	77
P00034_08	sp|P01768|HV330_HUMAN	71.429	98	125	117	1	96	20	116	5.42e-38	127	77
P00034_08	sp|P01772|HV333_HUMAN	71.429	98	125	117	1	96	20	116	9.57e-38	126	77
P00034_08	sp|P01762|HV311_HUMAN	68.367	98	125	117	1	96	20	116	1.17e-37	126	77
P00034_08	sp|A0A0B4J1X5|HV374_HUMAN	68.367	98	125	117	1	96	20	116	1.57e-37	126	77
P00034_08	sp|A0A0B4J1Y9|HV372_HUMAN	66.000	100	125	119	1	96	20	118	1.72e-37	126	77
P00034_08	sp|A0A0C4DH35|HV335_HUMAN	68.041	97	125	117	1	95	20	115	2.06e-37	125	76
P00034_08	sp|P01785|HV02_CANLF	57.143	126	125	117	1	125	1	116	3.76e-37	125	100
P00034_08	sp|P01789|HVM20_MOUSE	53.435	131	125	122	1	125	1	121	4.08e-37	125	100
P00034_08	sp|P01791|HVM22_MOUSE	54.264	129	125	123	1	125	1	122	4.59e-37	125	100
P00035_00	sp|P01780|HV307_HUMAN	70.000	100	125	117	1	98	20	116	1.15e-40	134	78
P00035_00	sp|P0DP03|HVC05_HUMAN	72.000	100	125	117	1	98	20	116	1.96e-40	133	78
P00035_00	sp|P01768|HV330_HUMAN	72.000	100	125	117	1	98	20	116	1.96e-40	133	78
P00035_00	sp|P01772|HV333_HUMAN	72.000	100	125	117	1	98	20	116	5.79e-40	132	78
P00035_00	sp|P0DP02|HVC33_HUMAN	71.000	100	125	117	1	98	20	116	7.05e-40	132	78
P00035_00	sp|P01791|HVM22_MOUSE	55.039	129	125	123	1	125	1	122	7.57e-40	132	100
P00035_00	sp|P01764|HV323_HUMAN	70.000	100	125	117	1	98	20	116	7.78e-40	132	78
P00035_00	sp|P01788|HVM19_MOUSE	55.039	129	125	123	1	125	1	122	1.06e-39	132	100
P00035_00	sp|A0A0J9YX35|HV64D_HUMAN	71.717	99	125	117	1	97	20	115	3.26e-39	130	78
P00035_00	sp|A0A0B4J1X5|HV374_HUMAN	69.000	100	125	117	1	98	20	116	3.26e-39	130	78
P00035_00	sp|A0A0B4J1V0|HV315_HUMAN	66.337	101	125	119	1	97	20	117	3.39e-39	130	78
P00035_00	sp|P01790|HVM21_MOUSE	54.264	129	125	122	1	125	1	121	3.92e-39	130	100
P00035_00	sp|A0A0C4DH42|HV366_HUMAN	69.697	99	125	116	1	98	20	115	4.49e-39	130	78
P00035_00	sp|P01787|HVM18_MOUSE	55.039	129	125	123	1	125	1	122	5.60e-39	130	100
P00035_00	sp|P01767|HV353_HUMAN	68.687	99	125	116	1	98	20	115	8.75e-39	129	78
P00035_00	sp|P01792|HVM23_MOUSE	55.039	129	125	123	1	125	1	122	1.23e-38	129	100
P00035_00	sp|P01784|HV01_CANLF	56.693	127	125	114	1	125	1	113	1.70e-38	128	100
P00035_00	sp|P01807|HVM37_MOUSE	55.469	128	125	119	1	125	1	117	2.53e-38	128	100
P00035_00	sp|P19181|HV05_CARAU	68.687	99	125	116	1	98	20	115	2.76e-38	128	78
P00035_00	sp|P01763|HV348_HUMAN	68.000	100	125	117	1	98	20	116	2.94e-38	128	78
P00035_01	sp|P0DP03|HVC05_HUMAN	71.000	100	125	117	1	98	20	116	5.08e-40	132	78
P00035_01	sp|P01768|HV330_HUMAN	71.000	100	125	117	1	98	20	116	5.08e-40	132	78
P00035_01	sp|P0DP02|HVC33_HUMAN	70.000	100	125	117	1	98	20	116	1.89e-39	131	78
P00035_01	sp|P01772|HV333_HUMAN	71.000	100	125	117	1	98	20	116	2.13e-39	130	78
P00035_01	sp|P01791|HVM22_MOUSE	55.725	131	125	123	1	125	1	122	3.10e-39	130	100
P00035_01	sp|P01784|HV01_CANLF	58.915	129	125	114	1	125	1	113	7.63e-39	129	100
P00035_01	sp|P01790|HVM21_MOUSE	55.725	131	125	122	1	125	1	121	9.81e-39	129	100
P00035_01	sp|P01764|HV323_HUMAN	67.961	103	125	117	1	98	20	116	1.12e-38	129	78
P00035_01	sp|P01793|HVM24_MOUSE	55.039	129	125	123	1	125	1	122	1.39e-38	129	100
P00035_01	sp|P01780|HV307_HUMAN	68.000	100	125	117	1	98	20	116	1.49e-38	129	78
P00035_01	sp|A0A0C4DH42|HV366_HUMAN	68.932	103	125	116	1	98	20	115	1.72e-38	128	78
P00035_01	sp|P01785|HV02_CANLF	56.250	128	125	117	1	125	1	116	2.58e-38	128	100
P00035_01	sp|P01767|HV353_HUMAN	67.647	102	125	116	1	98	20	115	2.85e-38	128	78
P00035_01	sp|P01763|HV348_HUMAN	66.019	103	125	117	1	98	20	116	3.50e-38	127	78
P00035_01	sp|P01788|HVM19_MOUSE	54.962	131	125	123	1	125	1	122	4.83e-38	127	100
P00035_01	sp|P01787|HVM18_MOUSE	54.962	131	125	123	1	125	1	122	5.10e-38	127	100
P00035_01	sp|P01792|HVM23_MOUSE	53.488	129	125	123	1	125	1	122	5.57e-38	127	100
P00035_01	sp|P19181|HV05_CARAU	67.647	102	125	116	1	98	20	115	6.99e-38	127	78
P00035_01	sp|A0A0B4J1X5|HV374_HUMAN	66.019	103	125	117	1	98	20	116	1.10e-37	126	78
P00035_01	sp|P01782|HV309_HUMAN	63.810	105	125	118	1	100	20	118	1.42e-37	126	80
P00035_02	sp|P01764|HV323_HUMAN	68.269	104	125	117	1	98	20	116	3.24e-40	133	78
P00035_02	sp|P01780|HV307_HUMAN	67.308	104	125	117	1	98	20	116	1.01e-39	131	78
P00035_02	sp|A0A0C4DH42|HV366_HUMAN	69.903	103	125	116	1	98	20	115	1.98e-39	130	78
P00035_02	sp|P0DP03|HVC05_HUMAN	68.932	103	125	117	1	98	20	116	2.01e-39	131	78
P00035_02	sp|P01768|HV330_HUMAN	68.932	103	125	117	1	98	20	116	2.01e-39	131	78
P00035_02	sp|P0DP02|HVC33_HUMAN	68.932	103	125	117	1	98	20	116	2.15e-39	130	78
P00035_02	sp|P01772|HV333_HUMAN	69.608	102	125	117	1	98	20	116	2.20e-39	130	78
P00035_02	sp|A0A0J9YX35|HV64D_HUMAN	67.961	103	125	117	1	97	20	115	3.56e-39	130	78
P00035_02	sp|P01767|HV353_HUMAN	68.932	103	125	116	1	98	20	115	4.02e-39	130	78
P00035_02	sp|P01785|HV02_CANLF	56.923	130	125	117	1	125	1	116	6.42e-39	129	100
P00035_02	sp|P19181|HV05_CARAU	68.932	103	125	116	1	98	20	115	1.09e-38	129	78
P00035_02	sp|P01763|HV348_HUMAN	66.019	103	125	117	1	98	20	116	2.87e-38	128	78
P00035_02	sp|P01784|HV01_CANLF	54.198	131	125	114	1	125	1	113	5.35e-38	127	100
P00035_02	sp|A0A075B6Q5|HV364_HUMAN	66.346	104	125	118	1	98	21	117	2.42e-37	125	78
P00035_02	sp|P0DTE1|HV383_HUMAN	68.317	101	125	115	1	97	20	113	3.24e-37	125	78
P00035_02	sp|P0DP04|HV43D_HUMAN	64.151	106	125	118	1	100	20	118	3.51e-37	125	80
P00035_02	sp|A0A0B4J1X5|HV374_HUMAN	66.019	103	125	117	1	98	20	116	3.64e-37	125	78
P00035_02	sp|A0A0C4DH36|HV338_HUMAN	67.647	102	125	116	1	98	20	114	8.28e-37	124	78
P00035_02	sp|A0A0B4J1X8|HV343_HUMAN	63.208	106	125	118	1	100	20	118	8.32e-37	124	80
P00035_02	sp|P0DOX2|IGA2_HUMAN	56.923	130	125	455	1	125	1	114	9.73e-37	132	100
P00035_03	sp|P0DP03|HVC05_HUMAN	72.000	100	125	117	1	98	20	116	5.75e-41	135	78
P00035_03	sp|P01768|HV330_HUMAN	72.000	100	125	117	1	98	20	116	5.75e-41	135	78
P00035_03	sp|P0DP02|HVC33_HUMAN	71.000	100	125	117	1	98	20	116	2.44e-40	133	78
P00035_03	sp|P01772|HV333_HUMAN	72.000	100	125	117	1	98	20	116	2.47e-40	133	78
P00035_03	sp|P01780|HV307_HUMAN	70.000	100	125	117	1	98	20	116	3.14e-40	133	78
P00035_03	sp|P01764|HV323_HUMAN	68.269	104	125	117	1	98	20	116	1.19e-38	129	78
P00035_03	sp|P01807|HVM37_MOUSE	55.906	127	125	119	1	125	1	117	3.56e-38	127	100
P00035_03	sp|P01792|HVM23_MOUSE	53.488	129	125	123	1	125	1	122	4.78e-38	127	100
P00035_03	sp|A0A0C4DH42|HV366_HUMAN	69.608	102	125	116	1	98	20	115	6.62e-38	127	78
P00035_03	sp|A0A0J9YX35|HV64D_HUMAN	67.677	99	125	117	1	97	20	115	1.01e-37	126	78
P00035_03	sp|P01788|HVM19_MOUSE	52.632	133	125	123	1	125	1	122	1.24e-37	126	100
P00035_03	sp|P01795|HVM26_MOUSE	53.488	129	125	144	1	125	20	143	1.31e-37	127	100
P00035_03	sp|P01784|HV01_CANLF	55.906	127	125	114	1	125	1	113	1.31e-37	126	100
P00035_03	sp|A0A0B4J1X5|HV374_HUMAN	66.019	103	125	117	1	98	20	116	1.62e-37	126	78
P00035_03	sp|P01810|HVM40_MOUSE	55.118	127	125	119	1	125	1	117	1.66e-37	126	100
P00035_03	sp|P01782|HV309_HUMAN	63.810	105	125	118	1	100	20	118	1.82e-37	126	80
P00035_03	sp|P01793|HVM24_MOUSE	54.264	129	125	123	1	125	1	122	2.11e-37	126	100
P00035_03	sp|P0DP04|HV43D_HUMAN	65.686	102	125	118	1	100	20	118	2.14e-37	125	80
P00035_03	sp|P01763|HV348_HUMAN	66.019	103	125	117	1	98	20	116	2.15e-37	125	78
P00035_03	sp|P01767|HV353_HUMAN	68.627	102	125	116	1	98	20	115	2.18e-37	125	78
P00035_04	sp|P0DP03|HVC05_HUMAN	70.874	103	125	117	1	98	20	116	2.70e-41	135	78
P00035_04	sp|P01768|HV330_HUMAN	70.874	103	125	117	1	98	20	116	2.70e-41	135	78
P00035_04	sp|P01780|HV307_HUMAN	69.903	103	125	117	1	98	20	116	3.26e-41	135	78
P00035_04	sp|P01772|HV333_HUMAN	70.874	103	125	117	1	98	20	116	4.19e-41	135	78
P00035_04	sp|P01764|HV323_HUMAN	69.903	103	125	117	1	98	20	116	6.78e-41	134	78
P00035_04	sp|P0DP02|HVC33_HUMAN	69.903	103	125	117	1	98	20	116	9.73e-41	134	78
P00035_04	sp|A0A0J9YX35|HV64D_HUMAN	68.627	102	125	117	1	97	20	115	1.53e-39	131	78
P00035_04	sp|P01767|HV353_HUMAN	68.627	102	125	116	1	98	20	115	1.71e-39	131	78
P00035_04	sp|P01763|HV348_HUMAN	67.961	103	125	117	1	98	20	116	2.51e-39	130	78
P00035_04	sp|P01784|HV01_CANLF	55.725	131	125	114	1	125	1	113	4.32e-39	130	100
P00035_04	sp|P19181|HV05_CARAU	68.627	102	125	116	1	98	20	115	4.64e-39	130	78
P00035_04	sp|A0A0C4DH42|HV366_HUMAN	68.627	102	125	116	1	98	20	115	5.35e-39	130	78
P00035_04	sp|P0DP04|HV43D_HUMAN	65.714	105	125	118	1	100	20	118	1.70e-38	129	80
P00035_04	sp|P0DTE1|HV383_HUMAN	68.000	100	125	115	1	97	20	113	2.54e-38	128	78
P00035_04	sp|A0A0C4DH36|HV338_HUMAN	67.327	101	125	116	1	98	20	114	3.55e-38	127	78
P00035_04	sp|A0A0B4J1X5|HV374_HUMAN	66.990	103	125	117	1	98	20	116	4.08e-38	127	78
P00035_04	sp|P01785|HV02_CANLF	55.039	129	125	117	1	125	1	116	4.86e-38	127	100
P00035_04	sp|A0A075B6Q5|HV364_HUMAN	66.990	103	125	118	1	98	21	117	7.93e-38	127	78
P00035_04	sp|P01786|HVM17_MOUSE	52.344	128	125	117	1	125	1	116	8.49e-38	127	100
P00035_04	sp|P01788|HVM19_MOUSE	52.713	129	125	123	1	125	1	122	9.83e-38	127	100
P00035_05	sp|P0DP03|HVC05_HUMAN	72.000	100	125	117	1	98	20	116	1.90e-41	136	78
P00035_05	sp|P01768|HV330_HUMAN	72.000	100	125	117	1	98	20	116	1.90e-41	136	78
P00035_05	sp|P01772|HV333_HUMAN	72.000	100	125	117	1	98	20	116	7.16e-41	134	78
P00035_05	sp|P0DP02|HVC33_HUMAN	71.000	100	125	117	1	98	20	116	7.24e-41	134	78
P00035_05	sp|P01780|HV307_HUMAN	69.000	100	125	117	1	98	20	116	6.82e-40	132	78
P00035_05	sp|A0A0C4DH42|HV366_HUMAN	69.903	103	125	116	1	98	20	115	1.36e-39	131	78
P00035_05	sp|P01767|HV353_HUMAN	68.932	103	125	116	1	98	20	115	2.18e-39	130	78
P00035_05	sp|P01764|HV323_HUMAN	69.231	104	125	117	1	98	20	116	2.74e-39	130	78
P00035_05	sp|P01792|HVM23_MOUSE	53.383	133	125	123	1	125	1	122	2.78e-39	130	100
P00035_05	sp|P19181|HV05_CARAU	68.932	103	125	116	1	98	20	115	7.67e-39	129	78
P00035_05	sp|P01793|HVM24_MOUSE	54.135	133	125	123	1	125	1	122	1.71e-38	129	100
P00035_05	sp|P01788|HVM19_MOUSE	53.383	133	125	123	1	125	1	122	2.32e-38	128	100
P00035_05	sp|A0A0B4J1X5|HV374_HUMAN	66.990	103	125	117	1	98	20	116	2.61e-38	128	78
P00035_05	sp|P01794|HVM25_MOUSE	54.545	132	125	123	1	125	1	122	2.71e-38	128	100
P00035_05	sp|P01787|HVM18_MOUSE	53.383	133	125	123	1	125	1	122	2.83e-38	128	100
P00035_05	sp|P01791|HVM22_MOUSE	54.264	129	125	123	1	125	1	122	2.92e-38	128	100
P00035_05	sp|P01782|HV309_HUMAN	64.762	105	125	118	1	100	20	118	3.23e-38	128	80
P00035_05	sp|P01786|HVM17_MOUSE	53.125	128	125	117	1	125	1	116	3.46e-38	127	100
P00035_05	sp|A0A0J9YX35|HV64D_HUMAN	67.961	103	125	117	1	97	20	115	3.74e-38	127	78
P00035_05	sp|P01763|HV348_HUMAN	66.990	103	125	117	1	98	20	116	3.74e-38	127	78
P00035_06	sp|P0DP03|HVC05_HUMAN	73.000	100	125	117	1	98	20	116	1.29e-40	134	78
P00035_06	sp|P01768|HV330_HUMAN	73.000	100	125	117	1	98	20	116	1.29e-40	134	78
P00035_06	sp|P01772|HV333_HUMAN	73.000	100	125	117	1	98	20	116	3.10e-40	133	78
P00035_06	sp|P0DP02|HVC33_HUMAN	72.000	100	125	117	1	98	20	116	4.91e-40	132	78
P00035_06	sp|P01780|HV307_HUMAN	70.000	100	125	117	1	98	20	116	2.89e-39	130	78
P00035_06	sp|A0A0C4DH42|HV366_HUMAN	70.874	103	125	116	1	98	20	115	6.66e-39	129	78
P00035_06	sp|P01767|HV353_HUMAN	69.903	103	125	116	1	98	20	115	1.11e-38	129	78
P00035_06	sp|P01764|HV323_HUMAN	70.192	104	125	117	1	98	20	116	1.31e-38	129	78
P00035_06	sp|P01793|HVM24_MOUSE	54.264	129	125	123	1	125	1	122	3.02e-38	128	100
P00035_06	sp|P19181|HV05_CARAU	69.903	103	125	116	1	98	20	115	4.09e-38	127	78
P00035_06	sp|P01763|HV348_HUMAN	67.961	103	125	117	1	98	20	116	4.60e-38	127	78
P00035_06	sp|A0A0B4J1X5|HV374_HUMAN	67.961	103	125	117	1	98	20	116	1.31e-37	126	78
P00035_06	sp|P01795|HVM26_MOUSE	54.264	129	125	144	1	125	20	143	2.75e-37	126	100
P00035_06	sp|P01791|HVM22_MOUSE	54.264	129	125	123	1	125	1	122	3.24e-37	125	100
P00035_06	sp|P01788|HVM19_MOUSE	54.264	129	125	123	1	125	1	122	3.34e-37	125	100
P00035_06	sp|A0A0J9YX35|HV64D_HUMAN	68.932	103	125	117	1	97	20	115	3.88e-37	125	78
P00035_06	sp|P01810|HVM40_MOUSE	56.250	128	125	119	1	125	1	117	4.12e-37	125	100
P00035_06	sp|P01782|HV309_HUMAN	64.762	105	125	118	1	100	20	118	4.71e-37	125	80
P00035_06	sp|P01785|HV02_CANLF	54.615	130	125	117	1	125	1	116	6.08e-37	124	100
P00035_06	sp|P01792|HVM23_MOUSE	53.488	129	125	123	1	125	1	122	6.81e-37	124	100
P00035_07	sp|P0DP03|HVC05_HUMAN	73.000	100	125	117	1	98	20	116	1.13e-41	136	78
P00035_07	sp|P01768|HV330_HUMAN	73.000	100	125	117	1	98	20	116	1.13e-41	136	78
P00035_07	sp|P0DP02|HVC33_HUMAN	72.000	100	125	117	1	98	20	116	4.01e-41	135	78
P00035_07	sp|P01772|HV333_HUMAN	73.000	100	125	117	1	98	20	116	4.42e-41	135	78
P00035_07	sp|P01780|HV307_HUMAN	70.000	100	125	117	1	98	20	116	3.21e-40	133	78
P00035_07	sp|P01791|HVM22_MOUSE	56.154	130	125	123	1	125	1	122	1.96e-39	131	100
P00035_07	sp|P01793|HVM24_MOUSE	56.154	130	125	123	1	125	1	122	3.43e-39	130	100
P00035_07	sp|P01792|HVM23_MOUSE	55.385	130	125	123	1	125	1	122	4.04e-39	130	100
P00035_07	sp|P01764|HV323_HUMAN	69.231	104	125	117	1	98	20	116	5.70e-39	130	78
P00035_07	sp|A0A0C4DH42|HV366_HUMAN	69.903	103	125	116	1	98	20	115	6.88e-39	129	78
P00035_07	sp|P01795|HVM26_MOUSE	56.154	130	125	144	1	125	20	143	7.17e-39	130	100
P00035_07	sp|P01790|HVM21_MOUSE	56.154	130	125	122	1	125	1	121	7.63e-39	129	100
P00035_07	sp|P01767|HV353_HUMAN	68.932	103	125	116	1	98	20	115	1.24e-38	129	78
P00035_07	sp|P01785|HV02_CANLF	56.154	130	125	117	1	125	1	116	2.58e-38	128	100
P00035_07	sp|P01788|HVM19_MOUSE	55.385	130	125	123	1	125	1	122	2.71e-38	128	100
P00035_07	sp|P01787|HVM18_MOUSE	55.385	130	125	123	1	125	1	122	3.19e-38	128	100
P00035_07	sp|P19181|HV05_CARAU	68.932	103	125	116	1	98	20	115	3.40e-38	127	78
P00035_07	sp|P01810|HVM40_MOUSE	55.469	128	125	119	1	125	1	117	4.19e-38	127	100
P00035_07	sp|A0A0B4J1X5|HV374_HUMAN	66.990	103	125	117	1	98	20	116	8.13e-38	127	78
P00035_07	sp|P01763|HV348_HUMAN	66.019	103	125	117	1	98	20	116	8.97e-38	127	78
P00035_08	sp|P01780|HV307_HUMAN	71.000	100	125	117	1	98	20	116	3.06e-42	138	78
P00035_08	sp|P0DP03|HVC05_HUMAN	71.000	100	125	117	1	98	20	116	5.21e-41	135	78
P00035_08	sp|P01768|HV330_HUMAN	71.000	100	125	117	1	98	20	116	5.21e-41	135	78
P00035_08	sp|P01772|HV333_HUMAN	71.000	100	125	117	1	98	20	116	1.57e-40	134	78
P00035_08	sp|P0DP02|HVC33_HUMAN	70.000	100	125	117	1	98	20	116	1.66e-40	134	78
P00035_08	sp|P01764|HV323_HUMAN	69.000	100	125	117	1	98	20	116	5.36e-40	132	78
P00035_08	sp|A0A0J9YX35|HV64D_HUMAN	67.677	99	125	117	1	97	20	115	2.54e-39	130	78
P00035_08	sp|P01790|HVM21_MOUSE	52.632	133	125	122	1	125	1	121	1.09e-38	129	100
P00035_08	sp|P01786|HVM17_MOUSE	53.125	128	125	117	1	125	1	116	1.31e-38	129	100
P00035_08	sp|P01788|HVM19_MOUSE	52.632	133	125	123	1	125	1	122	2.15e-38	128	100
P00035_08	sp|P01763|HV348_HUMAN	67.000	100	125	117	1	98	20	116	2.69e-38	128	78
P00035_08	sp|P01784|HV01_CANLF	55.906	127	125	114	1	125	1	113	2.90e-38	128	100
P00035_08	sp|P01787|HVM18_MOUSE	52.632	133	125	123	1	125	1	122	2.95e-38	128	100
P00035_08	sp|P01792|HVM23_MOUSE	52.632	133	125	123	1	125	1	122	3.80e-38	128	100
P00035_08	sp|A0A0B4J1X5|HV374_HUMAN	67.000	100	125	117	1	98	20	116	4.04e-38	127	78
P00035_08	sp|P0DP04|HV43D_HUMAN	65.686	102	125	118	1	100	20	118	5.35e-38	127	80
P00035_08	sp|P01794|HVM25_MOUSE	53.030	132	125	123	1	125	1	122	7.32e-38	127	100
P00035_08	sp|A0A0C4DH42|HV366_HUMAN	69.697	99	125	116	1	98	20	115	1.05e-37	126	78
P00035_08	sp|A0A075B6Q5|HV364_HUMAN	66.000	100	125	118	1	98	21	117	1.25e-37	126	78
P00035_08	sp|P01762|HV311_HUMAN	66.000	100	125	117	1	98	20	116	1.27e-37	126	78
P00036_00	sp|P01784|HV01_CANLF	56.911	123	123	114	1	123	1	113	5.84e-40	132	100
P00036_00	sp|P0DP02|HVC33_HUMAN	73.000	100	123	117	1	97	20	115	1.36e-39	131	79
P00036_00	sp|P0DP03|HVC05_HUMAN	73.000	100	123	117	1	97	20	115	1.45e-39	131	79
P00036_00	sp|P01768|HV330_HUMAN	73.000	100	123	117	1	97	20	115	1.45e-39	131	79
P00036_00	sp|A0A0J9YX35|HV64D_HUMAN	69.000	100	123	117	1	97	20	115	1.35e-38	129	79
P00036_00	sp|P01772|HV333_HUMAN	72.000	100	123	117	1	97	20	115	1.61e-38	128	79
P00036_00	sp|P01764|HV323_HUMAN	69.000	100	123	117	1	97	20	115	2.47e-38	128	79
P00036_00	sp|P01763|HV348_HUMAN	70.297	101	123	117	1	97	20	115	2.69e-38	128	79
P00036_00	sp|P0DP04|HV43D_HUMAN	68.224	107	123	118	1	100	20	118	2.87e-38	128	81
P00036_00	sp|A0A0B4J1X8|HV343_HUMAN	67.961	103	123	118	1	100	20	118	7.19e-38	127	81
P00036_00	sp|P01767|HV353_HUMAN	68.687	99	123	116	1	97	20	114	8.43e-38	127	79
P00036_00	sp|A0A0C4DH42|HV366_HUMAN	70.707	99	123	116	1	97	20	114	1.26e-37	126	79
P00036_00	sp|P01792|HVM23_MOUSE	53.600	125	123	123	1	123	1	122	2.09e-37	126	100
P00036_00	sp|P01762|HV311_HUMAN	68.041	97	123	117	1	97	20	115	2.22e-37	125	79
P00036_00	sp|P19181|HV05_CARAU	68.687	99	123	116	1	97	20	114	2.43e-37	125	79
P00036_00	sp|P0DTE1|HV383_HUMAN	69.307	101	123	115	1	99	20	115	3.21e-37	125	80
P00036_00	sp|A0A0C4DH36|HV338_HUMAN	70.707	99	123	116	1	97	20	113	4.25e-37	125	79
P00036_00	sp|A0A075B6Q5|HV364_HUMAN	68.000	100	123	118	1	97	21	116	5.62e-37	124	79
P00036_00	sp|P01788|HVM19_MOUSE	53.600	125	123	123	1	123	1	122	6.31e-37	124	100
P00036_00	sp|A0A0B4J1X5|HV374_HUMAN	67.010	97	123	117	1	97	20	115	7.74e-37	124	79
P00036_01	sp|P01784|HV01_CANLF	60.163	123	123	114	1	123	1	113	8.50e-41	134	100
P00036_01	sp|A0A0J9YX35|HV64D_HUMAN	69.000	100	123	117	1	97	20	115	1.67e-39	131	79
P00036_01	sp|P0DP02|HVC33_HUMAN	70.000	100	123	117	1	97	20	115	3.64e-39	130	79
P00036_01	sp|P0DP03|HVC05_HUMAN	70.000	100	123	117	1	97	20	115	4.10e-39	130	79
P00036_01	sp|P01768|HV330_HUMAN	70.000	100	123	117	1	97	20	115	4.10e-39	130	79
P00036_01	sp|P01772|HV333_HUMAN	70.000	100	123	117	1	97	20	115	7.25e-39	129	79
P00036_01	sp|P01764|HV323_HUMAN	69.000	100	123	117	1	97	20	115	1.54e-38	128	79
P00036_01	sp|A0A0C4DH42|HV366_HUMAN	69.000	100	123	116	1	97	20	114	1.74e-38	128	79
P00036_01	sp|P01795|HVM26_MOUSE	52.800	125	123	144	1	123	20	143	2.52e-38	129	100
P00036_01	sp|P01767|HV353_HUMAN	68.000	100	123	116	1	97	20	114	3.88e-38	127	79
P00036_01	sp|A0A075B6Q5|HV364_HUMAN	68.000	100	123	118	1	97	21	116	5.59e-38	127	79
P00036_01	sp|P01793|HVM24_MOUSE	54.400	125	123	123	1	123	1	122	5.63e-38	127	100
P00036_01	sp|P01762|HV311_HUMAN	67.010	97	123	117	1	97	20	115	7.61e-38	127	79
P00036_01	sp|P01780|HV307_HUMAN	68.000	100	123	117	1	97	20	115	9.07e-38	126	79
P00036_01	sp|P19181|HV05_CARAU	68.000	100	123	116	1	97	20	114	1.05e-37	126	79
P00036_01	sp|P01792|HVM23_MOUSE	52.800	125	123	123	1	123	1	122	1.32e-37	126	100
P00036_01	sp|A0A0B4J1X5|HV374_HUMAN	67.010	97	123	117	1	97	20	115	1.75e-37	126	79
P00036_01	sp|P01763|HV348_HUMAN	67.000	100	123	117	1	97	20	115	1.81e-37	125	79
P00036_01	sp|P0DP04|HV43D_HUMAN	65.049	103	123	118	1	100	20	118	1.99e-37	125	81
P00036_01	sp|A0A0B4J1X8|HV343_HUMAN	65.049	103	123	118	1	100	20	118	5.81e-37	124	81
P00036_02	sp|P01784|HV01_CANLF	57.724	123	123	114	1	123	1	113	4.97e-41	135	100
P00036_02	sp|P0DP02|HVC33_HUMAN	70.000	100	123	117	1	97	20	115	2.54e-39	130	79
P00036_02	sp|A0A0J9YX35|HV64D_HUMAN	69.000	100	123	117	1	97	20	115	2.89e-39	130	79
P00036_02	sp|P0DP03|HVC05_HUMAN	70.000	100	123	117	1	97	20	115	4.53e-39	130	79
P00036_02	sp|P01768|HV330_HUMAN	70.000	100	123	117	1	97	20	115	4.53e-39	130	79
P00036_02	sp|P01792|HVM23_MOUSE	53.906	128	123	123	1	123	1	122	5.92e-39	130	100
P00036_02	sp|P01772|HV333_HUMAN	70.000	100	123	117	1	97	20	115	7.33e-39	129	79
P00036_02	sp|P01764|HV323_HUMAN	69.000	100	123	117	1	97	20	115	1.32e-38	129	79
P00036_02	sp|A0A0C4DH42|HV366_HUMAN	69.000	100	123	116	1	97	20	114	2.37e-38	128	79
P00036_02	sp|P01787|HVM18_MOUSE	54.688	128	123	123	1	123	1	122	2.62e-38	128	100
P00036_02	sp|P01793|HVM24_MOUSE	53.906	128	123	123	1	123	1	122	2.65e-38	128	100
P00036_02	sp|P01762|HV311_HUMAN	66.000	100	123	117	1	97	20	115	2.66e-38	128	79
P00036_02	sp|P01767|HV353_HUMAN	68.000	100	123	116	1	97	20	114	3.96e-38	127	79
P00036_02	sp|P01795|HVM26_MOUSE	52.344	128	123	144	1	123	20	143	5.46e-38	128	100
P00036_02	sp|P01788|HVM19_MOUSE	53.906	128	123	123	1	123	1	122	6.86e-38	127	100
P00036_02	sp|A0A075B6Q5|HV364_HUMAN	68.000	100	123	118	1	97	21	116	9.98e-38	126	79
P00036_02	sp|P01780|HV307_HUMAN	68.000	100	123	117	1	97	20	115	1.01e-37	126	79
P00036_02	sp|P19181|HV05_CARAU	68.000	100	123	116	1	97	20	114	1.14e-37	126	79
P00036_02	sp|P0DP04|HV43D_HUMAN	65.049	103	123	118	1	100	20	118	1.80e-37	126	81
P00036_02	sp|A0A0B4J1X5|HV374_HUMAN	67.010	97	123	117	1	97	20	115	1.91e-37	125	79
P00036_03	sp|P01784|HV01_CANLF	57.724	123	123	114	1	123	1	113	1.33e-40	134	100
P00036_03	sp|P0DP02|HVC33_HUMAN	71.000	100	123	117	1	97	20	115	5.16e-39	130	79
P00036_03	sp|A0A0J9YX35|HV64D_HUMAN	69.000	100	123	117	1	97	20	115	5.51e-39	129	79
P00036_03	sp|P01764|HV323_HUMAN	69.072	97	123	117	1	97	20	115	6.43e-39	129	79
P00036_03	sp|P0DP03|HVC05_HUMAN	71.000	100	123	117	1	97	20	115	1.17e-38	129	79
P00036_03	sp|P01768|HV330_HUMAN	71.000	100	123	117	1	97	20	115	1.17e-38	129	79
P00036_03	sp|P01763|HV348_HUMAN	68.041	97	123	117	1	97	20	115	1.37e-38	129	79
P00036_03	sp|P01772|HV333_HUMAN	71.000	100	123	117	1	97	20	115	1.51e-38	129	79
P00036_03	sp|P01780|HV307_HUMAN	68.041	97	123	117	1	97	20	115	3.11e-38	127	79
P00036_03	sp|A0A0B4J1X5|HV374_HUMAN	68.041	97	123	117	1	97	20	115	1.81e-37	125	79
P00036_03	sp|P0DTE1|HV383_HUMAN	68.687	99	123	115	1	99	20	115	1.96e-37	125	80
P00036_03	sp|A0A0C4DH36|HV338_HUMAN	70.103	97	123	116	1	97	20	113	2.18e-37	125	79
P00036_03	sp|A0A075B6Q5|HV364_HUMAN	68.000	100	123	118	1	97	21	116	2.29e-37	125	79
P00036_03	sp|P01767|HV353_HUMAN	68.687	99	123	116	1	97	20	114	2.75e-37	125	79
P00036_03	sp|P01762|HV311_HUMAN	68.041	97	123	117	1	97	20	115	3.23e-37	125	79
P00036_03	sp|P0DP04|HV43D_HUMAN	66.667	102	123	118	1	100	20	118	4.18e-37	125	81
P00036_03	sp|A0A0C4DH42|HV366_HUMAN	68.687	99	123	116	1	97	20	114	4.49e-37	125	79
P00036_03	sp|A0A0B4J1V1|HV321_HUMAN	68.041	97	123	117	1	97	20	115	7.65e-37	124	79
P00036_03	sp|P19181|HV05_CARAU	68.687	99	123	116	1	97	20	114	9.35e-37	124	79
P00036_03	sp|A0A0B4J1X8|HV343_HUMAN	66.667	102	123	118	1	100	20	118	1.26e-36	124	81
P00036_04	sp|P01784|HV01_CANLF	58.537	123	123	114	1	123	1	113	2.98e-39	130	100
P00036_04	sp|A0A0C4DH42|HV366_HUMAN	69.697	99	123	116	1	97	20	114	7.27e-39	129	79
P00036_04	sp|P01767|HV353_HUMAN	68.687	99	123	116	1	97	20	114	7.59e-39	129	79
P00036_04	sp|P01762|HV311_HUMAN	69.072	97	123	117	1	97	20	115	2.24e-38	128	79
P00036_04	sp|P19181|HV05_CARAU	68.687	99	123	116	1	97	20	114	2.73e-38	128	79
P00036_04	sp|P01764|HV323_HUMAN	69.000	100	123	117	1	97	20	115	3.11e-38	127	79
P00036_04	sp|P0DP02|HVC33_HUMAN	71.717	99	123	117	1	97	20	115	4.04e-38	127	79
P00036_04	sp|P0DP03|HVC05_HUMAN	70.874	103	123	117	1	97	20	115	5.42e-38	127	79
P00036_04	sp|P01768|HV330_HUMAN	70.874	103	123	117	1	97	20	115	5.42e-38	127	79
P00036_04	sp|P01780|HV307_HUMAN	69.000	100	123	117	1	97	20	115	7.70e-38	127	79
P00036_04	sp|A0A0J9YX35|HV64D_HUMAN	70.000	100	123	117	1	97	20	115	8.68e-38	127	79
P00036_04	sp|P01792|HVM23_MOUSE	56.000	125	123	123	1	123	1	122	9.11e-38	127	100
P00036_04	sp|P01772|HV333_HUMAN	69.231	104	123	117	1	97	20	115	1.03e-37	126	79
P00036_04	sp|P01763|HV348_HUMAN	68.000	100	123	117	1	97	20	115	1.09e-37	126	79
P00036_04	sp|P01793|HVM24_MOUSE	56.000	125	123	123	1	123	1	122	6.52e-37	124	100
P00036_04	sp|P01788|HVM19_MOUSE	55.200	125	123	123	1	123	1	122	6.89e-37	124	100
P00036_04	sp|A0A0B4J1X5|HV374_HUMAN	67.010	97	123	117	1	97	20	115	7.33e-37	124	79
P00036_04	sp|P01795|HVM26_MOUSE	53.600	125	123	144	1	123	20	143	9.34e-37	125	100
P00036_04	sp|P0DTE1|HV383_HUMAN	67.327	101	123	115	1	99	20	115	1.03e-36	124	80
P00036_04	sp|P01787|HVM18_MOUSE	55.200	125	123	123	1	123	1	122	1.04e-36	124	100
P00036_05	sp|P01784|HV01_CANLF	60.163	123	123	114	1	123	1	113	9.49e-41	134	100
P00036_05	sp|A0A0J9YX35|HV64D_HUMAN	70.000	100	123	117	1	97	20	115	3.39e-40	132	79
P00036_05	sp|P0DP03|HVC05_HUMAN	72.727	99	123	117	1	97	20	115	2.40e-39	130	79
P00036_05	sp|P01768|HV330_HUMAN	72.727	99	123	117	1	97	20	115	2.40e-39	130	79
P00036_05	sp|P0DP02|HVC33_HUMAN	72.727	99	123	117	1	97	20	115	2.45e-39	130	79
P00036_05	sp|P01764|HV323_HUMAN	69.000	100	123	117	1	97	20	115	5.39e-39	129	79
P00036_05	sp|P01772|HV333_HUMAN	71.287	101	123	117	1	97	20	115	6.57e-39	129	79
P00036_05	sp|A0A075B6Q5|HV364_HUMAN	69.000	100	123	118	1	97	21	116	1.41e-38	129	79
P00036_05	sp|P01763|HV348_HUMAN	68.000	100	123	117	1	97	20	115	1.66e-38	128	79
P00036_05	sp|P01767|HV353_HUMAN	68.687	99	123	116	1	97	20	114	3.51e-38	127	79
P00036_05	sp|A0A0C4DH42|HV366_HUMAN	69.697	99	123	116	1	97	20	114	3.55e-38	127	79
P00036_05	sp|P01762|HV311_HUMAN	69.072	97	123	117	1	97	20	115	4.17e-38	127	79
P00036_05	sp|P19181|HV05_CARAU	68.687	99	123	116	1	97	20	114	9.93e-38	126	79
P00036_05	sp|P0DP04|HV43D_HUMAN	67.308	104	123	118	1	100	20	118	1.10e-37	126	81
P00036_05	sp|A0A0B4J1X5|HV374_HUMAN	70.707	99	123	117	1	97	20	115	1.91e-37	125	79
P00036_05	sp|A0A0B4J1X8|HV343_HUMAN	67.308	104	123	118	1	100	20	118	2.61e-37	125	81
P00036_05	sp|P01792|HVM23_MOUSE	54.400	125	123	123	1	123	1	122	2.97e-37	125	100
P00036_05	sp|A0A0B4J1V1|HV321_HUMAN	68.041	97	123	117	1	97	20	115	3.26e-37	125	79
P00036_05	sp|P01780|HV307_HUMAN	67.327	101	123	117	1	97	20	115	3.37e-37	125	79
P00036_05	sp|P01793|HVM24_MOUSE	55.200	125	123	123	1	123	1	122	4.16e-37	125	100
P00036_06	sp|P01784|HV01_CANLF	58.537	123	123	114	1	123	1	113	5.86e-41	134	100
P00036_06	sp|P01763|HV348_HUMAN	69.388	98	123	117	1	98	20	116	1.44e-39	131	80
P00036_06	sp|P01762|HV311_HUMAN	68.367	98	123	117	1	98	20	116	2.37e-39	130	80
P00036_06	sp|P0DP02|HVC33_HUMAN	72.000	100	123	117	1	98	20	116	3.68e-39	130	80
P00036_06	sp|P01764|HV323_HUMAN	68.687	99	123	117	1	99	20	117	6.15e-39	129	80
P00036_06	sp|P0DP03|HVC05_HUMAN	71.287	101	123	117	1	99	20	117	7.41e-39	129	80
P00036_06	sp|P01768|HV330_HUMAN	71.287	101	123	117	1	99	20	117	7.41e-39	129	80
P00036_06	sp|A0A0B4J1X5|HV374_HUMAN	70.707	99	123	117	1	98	20	116	1.29e-38	129	80
P00036_06	sp|P01793|HVM24_MOUSE	55.200	125	123	123	1	123	1	122	1.91e-38	128	100
P00036_06	sp|A0A0C4DH42|HV366_HUMAN	69.000	100	123	116	1	98	20	115	2.08e-38	128	80
P00036_06	sp|P01780|HV307_HUMAN	67.647	102	123	117	1	98	20	116	2.34e-38	128	80
P00036_06	sp|P01772|HV333_HUMAN	69.608	102	123	117	1	98	20	116	2.66e-38	128	80
P00036_06	sp|A0A0B4J1Y9|HV372_HUMAN	65.049	103	123	119	1	98	20	118	2.86e-38	128	80
P00036_06	sp|A0A0J9YX35|HV64D_HUMAN	70.297	101	123	117	1	97	20	115	4.36e-38	127	79
P00036_06	sp|P01767|HV353_HUMAN	67.327	101	123	116	1	98	20	115	4.98e-38	127	80
P00036_06	sp|P01792|HVM23_MOUSE	54.400	125	123	123	1	123	1	122	7.24e-38	127	100
P00036_06	sp|A0A0B4J1V1|HV321_HUMAN	66.327	98	123	117	1	98	20	116	1.30e-37	126	80
P00036_06	sp|P19181|HV05_CARAU	67.327	101	123	116	1	98	20	115	1.39e-37	126	80
P00036_06	sp|P01788|HVM19_MOUSE	55.200	125	123	123	1	123	1	122	1.40e-37	126	100
P00036_06	sp|P01795|HVM26_MOUSE	53.600	125	123	144	1	123	20	143	1.53e-37	127	100
P00036_07	sp|P01784|HV01_CANLF	59.350	123	123	114	1	123	1	113	3.03e-40	132	100
P00036_07	sp|A0A0J9YX35|HV64D_HUMAN	70.000	100	123	117	1	97	20	115	1.60e-39	131	79
P00036_07	sp|P01764|HV323_HUMAN	69.072	97	123	117	1	97	20	115	1.11e-38	129	79
P00036_07	sp|P0DP02|HVC33_HUMAN	70.103	97	123	117	1	97	20	115	1.68e-38	128	79
P00036_07	sp|P01763|HV348_HUMAN	68.041	97	123	117	1	97	20	115	2.88e-38	128	79
P00036_07	sp|P0DP03|HVC05_HUMAN	70.103	97	123	117	1	97	20	115	3.74e-38	127	79
P00036_07	sp|P01768|HV330_HUMAN	70.103	97	123	117	1	97	20	115	3.74e-38	127	79
P00036_07	sp|P01780|HV307_HUMAN	68.041	97	123	117	1	97	20	115	5.92e-38	127	79
P00036_07	sp|A0A075B6Q5|HV364_HUMAN	69.000	100	123	118	1	97	21	116	6.10e-38	127	79
P00036_07	sp|P01772|HV333_HUMAN	70.000	100	123	117	1	97	20	115	1.29e-37	126	79
P00036_07	sp|P0DP04|HV43D_HUMAN	66.667	102	123	118	1	100	20	118	2.82e-37	125	81
P00036_07	sp|A0A0B4J1X5|HV374_HUMAN	68.041	97	123	117	1	97	20	115	2.86e-37	125	79
P00036_07	sp|P01795|HVM26_MOUSE	54.400	125	123	144	1	123	20	143	4.40e-37	125	100
P00036_07	sp|P0DTE1|HV383_HUMAN	68.687	99	123	115	1	99	20	115	5.14e-37	124	80
P00036_07	sp|P01762|HV311_HUMAN	68.041	97	123	117	1	97	20	115	5.16e-37	124	79
P00036_07	sp|P01785|HV02_CANLF	56.452	124	123	117	1	123	1	116	6.02e-37	124	100
P00036_07	sp|P01767|HV353_HUMAN	68.687	99	123	116	1	97	20	114	6.30e-37	124	79
P00036_07	sp|A0A0C4DH36|HV338_HUMAN	70.103	97	123	116	1	97	20	113	6.30e-37	124	79
P00036_07	sp|P01792|HVM23_MOUSE	55.200	125	123	123	1	123	1	122	6.74e-37	124	100
P00036_07	sp|A0A0C4DH42|HV366_HUMAN	68.687	99	123	116	1	97	20	114	7.11e-37	124	79
P00036_08	sp|P01784|HV01_CANLF	60.163	123	123	114	1	123	1	113	2.40e-42	138	100
P00036_08	sp|A0A0C4DH42|HV366_HUMAN	70.707	99	123	116	1	97	20	114	1.39e-39	131	79
P00036_08	sp|P01767|HV353_HUMAN	69.697	99	123	116	1	97	20	114	2.23e-39	130	79
P00036_08	sp|P01764|HV323_HUMAN	70.000	100	123	117	1	97	20	115	3.30e-39	130	79
P00036_08	sp|P01786|HVM17_MOUSE	54.331	127	123	117	1	123	1	116	4.73e-39	130	100
P00036_08	sp|P19181|HV05_CARAU	69.697	99	123	116	1	97	20	114	6.44e-39	129	79
P00036_08	sp|P01762|HV311_HUMAN	70.000	100	123	117	1	97	20	115	7.49e-39	129	79
P00036_08	sp|P0DP02|HVC33_HUMAN	70.000	100	123	117	1	97	20	115	9.74e-39	129	79
P00036_08	sp|P0DP03|HVC05_HUMAN	70.000	100	123	117	1	97	20	115	1.49e-38	129	79
P00036_08	sp|P01768|HV330_HUMAN	70.000	100	123	117	1	97	20	115	1.49e-38	129	79
P00036_08	sp|P01763|HV348_HUMAN	68.000	100	123	117	1	97	20	115	1.63e-38	128	79
P00036_08	sp|P01772|HV333_HUMAN	70.000	100	123	117	1	97	20	115	1.84e-38	128	79
P00036_08	sp|P01780|HV307_HUMAN	71.717	99	123	117	1	97	20	115	3.01e-38	128	79
P00036_08	sp|A0A0J9YX35|HV64D_HUMAN	68.000	100	123	117	1	97	20	115	5.19e-38	127	79
P00036_08	sp|P01807|HVM37_MOUSE	56.911	123	123	119	1	123	1	117	2.66e-37	125	100
P00036_08	sp|A0A0B4J1Y9|HV372_HUMAN	66.667	102	123	119	1	97	20	117	3.90e-37	125	79
P00036_08	sp|P01795|HVM26_MOUSE	54.688	128	123	144	1	123	20	143	4.30e-37	125	100
P00036_08	sp|P01792|HVM23_MOUSE	54.688	128	123	123	1	123	1	122	4.80e-37	125	100
P00036_08	sp|P01793|HVM24_MOUSE	55.469	128	123	123	1	123	1	122	5.72e-37	125	100
P00036_08	sp|A0A0B4J1V1|HV321_HUMAN	67.010	97	123	117	1	97	20	115	8.73e-37	124	79
P00037_00	sp|P01784|HV01_CANLF	58.065	124	121	114	1	121	1	113	1.03e-40	134	100
P00037_00	sp|P0DP02|HVC33_HUMAN	70.408	98	121	117	1	95	20	115	1.08e-39	131	79
P00037_00	sp|P0DP03|HVC05_HUMAN	70.103	97	121	117	1	95	20	115	2.54e-39	130	79
P00037_00	sp|P01768|HV330_HUMAN	70.103	97	121	117	1	95	20	115	2.54e-39	130	79
P00037_00	sp|P01780|HV307_HUMAN	68.041	97	121	117	1	95	20	115	3.16e-39	130	79
P00037_00	sp|P01772|HV333_HUMAN	70.103	97	121	117	1	95	20	115	3.72e-39	130	79
P00037_00	sp|A0A0B4J1X5|HV374_HUMAN	69.388	98	121	117	1	95	20	115	1.61e-38	128	79
P00037_00	sp|A0A0C4DH42|HV366_HUMAN	68.750	96	121	116	1	95	20	114	2.40e-38	128	79
P00037_00	sp|P01764|HV323_HUMAN	69.388	98	121	117	1	95	20	115	2.75e-38	128	79
P00037_00	sp|A0A0J9YX35|HV64D_HUMAN	68.367	98	121	117	1	95	20	115	3.35e-38	127	79
P00037_00	sp|P01767|HV353_HUMAN	67.708	96	121	116	1	95	20	114	4.93e-38	127	79
P00037_00	sp|P19181|HV05_CARAU	67.708	96	121	116	1	95	20	114	1.18e-37	126	79
P00037_00	sp|P01786|HVM17_MOUSE	52.419	124	121	117	1	121	1	116	1.36e-37	126	100
P00037_00	sp|P01763|HV348_HUMAN	67.347	98	121	117	1	95	20	115	2.99e-37	125	79
P00037_00	sp|P0DOX5|IGG1_HUMAN	59.843	127	121	449	1	121	1	118	3.71e-37	133	100
P00037_00	sp|P01762|HV311_HUMAN	66.327	98	121	117	1	95	20	115	5.89e-37	124	79
P00037_00	sp|P01792|HVM23_MOUSE	54.400	125	121	123	1	121	1	122	8.12e-37	124	100
P00037_00	sp|P01810|HVM40_MOUSE	54.839	124	121	119	1	121	1	117	8.87e-37	124	100
P00037_00	sp|P01782|HV309_HUMAN	64.356	101	121	118	1	98	20	118	1.13e-36	124	81
P00037_00	sp|A0A075B6Q5|HV364_HUMAN	67.347	98	121	118	1	95	21	116	1.50e-36	123	79
P00037_01	sp|P0DP02|HVC33_HUMAN	70.103	97	121	117	1	95	20	115	2.86e-39	130	79
P00037_01	sp|P0DP03|HVC05_HUMAN	70.408	98	121	117	1	95	20	115	4.68e-39	130	79
P00037_01	sp|P01768|HV330_HUMAN	70.408	98	121	117	1	95	20	115	4.68e-39	130	79
P00037_01	sp|P01784|HV01_CANLF	58.537	123	121	114	1	121	1	113	6.20e-39	129	100
P00037_01	sp|P01780|HV307_HUMAN	68.041	97	121	117	1	95	20	115	6.86e-39	129	79
P00037_01	sp|P01772|HV333_HUMAN	70.408	98	121	117	1	95	20	115	6.94e-39	129	79
P00037_01	sp|A0A0C4DH42|HV366_HUMAN	69.792	96	121	116	1	95	20	114	9.25e-39	129	79
P00037_01	sp|A0A0B4J1X5|HV374_HUMAN	69.388	98	121	117	1	95	20	115	1.37e-38	129	79
P00037_01	sp|P01767|HV353_HUMAN	68.750	96	121	116	1	95	20	114	2.03e-38	128	79
P00037_01	sp|P01789|HVM20_MOUSE	54.400	125	121	122	1	121	1	121	3.31e-38	128	100
P00037_01	sp|P19181|HV05_CARAU	68.750	96	121	116	1	95	20	114	5.88e-38	127	79
P00037_01	sp|P01764|HV323_HUMAN	69.388	98	121	117	1	95	20	115	7.29e-38	127	79
P00037_01	sp|A0A0J9YX35|HV64D_HUMAN	68.367	98	121	117	1	95	20	115	9.17e-38	126	79
P00037_01	sp|P01790|HVM21_MOUSE	54.400	125	121	122	1	121	1	121	1.10e-37	126	100
P00037_01	sp|P01787|HVM18_MOUSE	54.400	125	121	123	1	121	1	122	1.27e-37	126	100
P00037_01	sp|P01795|HVM26_MOUSE	54.762	126	121	144	1	121	20	143	1.96e-37	126	100
P00037_01	sp|P01786|HVM17_MOUSE	52.419	124	121	117	1	121	1	116	3.30e-37	125	100
P00037_01	sp|P01788|HVM19_MOUSE	53.600	125	121	123	1	121	1	122	4.35e-37	125	100
P00037_01	sp|P01792|HVM23_MOUSE	53.600	125	121	123	1	121	1	122	5.42e-37	125	100
P00037_01	sp|P01763|HV348_HUMAN	67.010	97	121	117	1	95	20	115	9.22e-37	124	79
P00037_02	sp|P01784|HV01_CANLF	58.871	124	121	114	1	121	1	113	2.74e-40	133	100
P00037_02	sp|P0DP02|HVC33_HUMAN	71.429	98	121	117	1	95	20	115	1.13e-39	131	79
P00037_02	sp|P01780|HV307_HUMAN	70.103	97	121	117	1	95	20	115	2.13e-39	130	79
P00037_02	sp|P0DP03|HVC05_HUMAN	71.429	98	121	117	1	95	20	115	2.65e-39	130	79
P00037_02	sp|P01768|HV330_HUMAN	71.429	98	121	117	1	95	20	115	2.65e-39	130	79
P00037_02	sp|P01772|HV333_HUMAN	71.429	98	121	117	1	95	20	115	3.97e-39	130	79
P00037_02	sp|P01764|HV323_HUMAN	70.408	98	121	117	1	95	20	115	3.78e-38	127	79
P00037_02	sp|A0A0J9YX35|HV64D_HUMAN	69.388	98	121	117	1	95	20	115	4.13e-38	127	79
P00037_02	sp|A0A0B4J1X5|HV374_HUMAN	69.388	98	121	117	1	95	20	115	6.68e-38	127	79
P00037_02	sp|A0A0C4DH42|HV366_HUMAN	69.792	96	121	116	1	95	20	114	7.81e-38	127	79
P00037_02	sp|P01767|HV353_HUMAN	68.750	96	121	116	1	95	20	114	1.66e-37	125	79
P00037_02	sp|P01792|HVM23_MOUSE	56.000	125	121	123	1	121	1	122	1.70e-37	126	100
P00037_02	sp|P01763|HV348_HUMAN	68.367	98	121	117	1	95	20	115	2.48e-37	125	79
P00037_02	sp|P01788|HVM19_MOUSE	55.200	125	121	123	1	121	1	122	3.82e-37	125	100
P00037_02	sp|P01787|HVM18_MOUSE	55.200	125	121	123	1	121	1	122	4.40e-37	125	100
P00037_02	sp|P19181|HV05_CARAU	68.750	96	121	116	1	95	20	114	4.64e-37	124	79
P00037_02	sp|P01762|HV311_HUMAN	68.367	98	121	117	1	95	20	115	4.73e-37	124	79
P00037_02	sp|P01795|HVM26_MOUSE	56.349	126	121	144	1	121	20	143	5.41e-37	125	100
P00037_02	sp|P01782|HV309_HUMAN	65.347	101	121	118	1	98	20	118	6.77e-37	124	81
P00037_02	sp|P0DOX5|IGG1_HUMAN	60.630	127	121	449	1	121	1	118	7.45e-37	132	100
P00037_03	sp|P0DP02|HVC33_HUMAN	71.429	98	121	117	1	95	20	115	1.85e-40	133	79
P00037_03	sp|A0A0C4DH42|HV366_HUMAN	71.134	97	121	116	1	95	20	114	2.70e-40	133	79
P00037_03	sp|P0DP03|HVC05_HUMAN	71.429	98	121	117	1	95	20	115	3.95e-40	132	79
P00037_03	sp|P01768|HV330_HUMAN	71.429	98	121	117	1	95	20	115	3.95e-40	132	79
P00037_03	sp|P01772|HV333_HUMAN	71.429	98	121	117	1	95	20	115	5.30e-40	132	79
P00037_03	sp|P01767|HV353_HUMAN	70.103	97	121	116	1	95	20	114	5.74e-40	132	79
P00037_03	sp|P01780|HV307_HUMAN	69.388	98	121	117	1	95	20	115	1.23e-39	131	79
P00037_03	sp|P19181|HV05_CARAU	70.103	97	121	116	1	95	20	114	1.71e-39	130	79
P00037_03	sp|P01784|HV01_CANLF	57.724	123	121	114	1	121	1	113	3.25e-39	130	100
P00037_03	sp|A0A0B4J1X5|HV374_HUMAN	70.408	98	121	117	1	95	20	115	3.44e-39	130	79
P00037_03	sp|A0A0J9YX35|HV64D_HUMAN	70.408	98	121	117	1	95	20	115	7.66e-39	129	79
P00037_03	sp|P01764|HV323_HUMAN	71.429	98	121	117	1	95	20	115	8.36e-39	129	79
P00037_03	sp|P01792|HVM23_MOUSE	56.349	126	121	123	1	121	1	122	2.25e-38	128	100
P00037_03	sp|P01762|HV311_HUMAN	69.388	98	121	117	1	95	20	115	3.70e-38	127	79
P00037_03	sp|P01787|HVM18_MOUSE	55.556	126	121	123	1	121	1	122	7.74e-38	127	100
P00037_03	sp|P01788|HVM19_MOUSE	55.556	126	121	123	1	121	1	122	8.26e-38	127	100
P00037_03	sp|P01782|HV309_HUMAN	67.327	101	121	118	1	98	20	118	9.05e-38	126	81
P00037_03	sp|P01763|HV348_HUMAN	68.367	98	121	117	1	95	20	115	9.58e-38	126	79
P00037_03	sp|A0A0B4J1V0|HV315_HUMAN	64.706	102	121	119	1	97	20	119	1.12e-37	126	80
P00037_03	sp|P01790|HVM21_MOUSE	55.556	126	121	122	1	121	1	121	1.30e-37	126	100
P00037_04	sp|P01784|HV01_CANLF	59.200	125	121	114	1	121	1	113	1.14e-40	134	100
P00037_04	sp|P0DP02|HVC33_HUMAN	71.134	97	121	117	1	95	20	115	3.24e-40	132	79
P00037_04	sp|P0DP03|HVC05_HUMAN	71.134	97	121	117	1	95	20	115	5.92e-40	132	79
P00037_04	sp|P01768|HV330_HUMAN	71.134	97	121	117	1	95	20	115	5.92e-40	132	79
P00037_04	sp|P01772|HV333_HUMAN	71.134	97	121	117	1	95	20	115	7.86e-40	132	79
P00037_04	sp|P01780|HV307_HUMAN	69.072	97	121	117	1	95	20	115	8.04e-40	132	79
P00037_04	sp|A0A0B4J1X5|HV374_HUMAN	70.408	98	121	117	1	95	20	115	2.18e-39	130	79
P00037_04	sp|A0A0C4DH42|HV366_HUMAN	69.792	96	121	116	1	95	20	114	7.19e-39	129	79
P00037_04	sp|P01764|HV323_HUMAN	70.408	98	121	117	1	95	20	115	1.34e-38	129	79
P00037_04	sp|P01767|HV353_HUMAN	68.750	96	121	116	1	95	20	114	1.39e-38	128	79
P00037_04	sp|A0A0J9YX35|HV64D_HUMAN	69.072	97	121	117	1	95	20	115	1.48e-38	128	79
P00037_04	sp|P19181|HV05_CARAU	68.750	96	121	116	1	95	20	114	4.05e-38	127	79
P00037_04	sp|P01807|HVM37_MOUSE	56.452	124	121	119	1	121	1	117	6.72e-38	127	100
P00037_04	sp|P01786|HVM17_MOUSE	53.226	124	121	117	1	121	1	116	8.13e-38	127	100
P00037_04	sp|P01810|HVM40_MOUSE	56.452	124	121	119	1	121	1	117	8.36e-38	127	100
P00037_04	sp|P01795|HVM26_MOUSE	54.400	125	121	144	1	121	20	143	8.55e-38	127	100
P00037_04	sp|P01763|HV348_HUMAN	68.041	97	121	117	1	95	20	115	1.36e-37	126	79
P00037_04	sp|P01791|HVM22_MOUSE	52.800	125	121	123	1	121	1	122	3.10e-37	125	100
P00037_04	sp|A0A075B6Q5|HV364_HUMAN	68.367	98	121	118	1	95	21	116	7.39e-37	124	79
P00037_04	sp|P01762|HV311_HUMAN	66.327	98	121	117	1	95	20	115	8.18e-37	124	79
P00037_05	sp|P01784|HV01_CANLF	58.871	124	121	114	1	121	1	113	2.41e-41	135	100
P00037_05	sp|P0DP02|HVC33_HUMAN	70.408	98	121	117	1	95	20	115	1.65e-39	131	79
P00037_05	sp|P0DP03|HVC05_HUMAN	70.408	98	121	117	1	95	20	115	3.56e-39	130	79
P00037_05	sp|P01768|HV330_HUMAN	70.408	98	121	117	1	95	20	115	3.56e-39	130	79
P00037_05	sp|P01772|HV333_HUMAN	70.103	97	121	117	1	95	20	115	5.16e-39	129	79
P00037_05	sp|P01780|HV307_HUMAN	68.041	97	121	117	1	95	20	115	1.01e-38	129	79
P00037_05	sp|P01786|HVM17_MOUSE	54.032	124	121	117	1	121	1	116	3.54e-38	127	100
P00037_05	sp|A0A0J9YX35|HV64D_HUMAN	68.367	98	121	117	1	95	20	115	4.56e-38	127	79
P00037_05	sp|P01764|HV323_HUMAN	69.388	98	121	117	1	95	20	115	4.61e-38	127	79
P00037_05	sp|A0A0B4J1X5|HV374_HUMAN	68.367	98	121	117	1	95	20	115	9.58e-38	126	79
P00037_05	sp|A0A0C4DH42|HV366_HUMAN	68.750	96	121	116	1	95	20	114	1.03e-37	126	79
P00037_05	sp|P01767|HV353_HUMAN	67.708	96	121	116	1	95	20	114	2.21e-37	125	79
P00037_05	sp|P01763|HV348_HUMAN	67.347	98	121	117	1	95	20	115	3.34e-37	125	79
P00037_05	sp|P01782|HV309_HUMAN	65.347	101	121	118	1	98	20	118	3.92e-37	125	81
P00037_05	sp|P01762|HV311_HUMAN	67.347	98	121	117	1	95	20	115	6.02e-37	124	79
P00037_05	sp|P19181|HV05_CARAU	67.708	96	121	116	1	95	20	114	6.74e-37	124	79
P00037_05	sp|P0DP04|HV43D_HUMAN	65.000	100	121	118	1	98	20	118	6.84e-37	124	81
P00037_05	sp|P0DOX5|IGG1_HUMAN	59.843	127	121	449	1	121	1	118	7.61e-37	132	100
P00037_05	sp|P01792|HVM23_MOUSE	55.200	125	121	123	1	121	1	122	7.69e-37	124	100
P00037_05	sp|P01795|HVM26_MOUSE	54.400	125	121	144	1	121	20	143	1.72e-36	124	100
P00037_06	sp|P01784|HV01_CANLF	58.065	124	121	114	1	121	1	113	3.89e-40	132	100
P00037_06	sp|P0DP02|HVC33_HUMAN	70.408	98	121	117	1	95	20	115	9.63e-39	129	79
P00037_06	sp|A0A0B4J1X5|HV374_HUMAN	69.307	101	121	117	1	95	20	115	2.16e-38	128	79
P00037_06	sp|P0DP03|HVC05_HUMAN	70.408	98	121	117	1	95	20	115	2.61e-38	128	79
P00037_06	sp|P01768|HV330_HUMAN	70.408	98	121	117	1	95	20	115	2.61e-38	128	79
P00037_06	sp|P01780|HV307_HUMAN	67.000	100	121	117	1	95	20	115	3.47e-38	127	79
P00037_06	sp|P01772|HV333_HUMAN	71.429	98	121	117	1	95	20	115	5.25e-38	127	79
P00037_06	sp|P01786|HVM17_MOUSE	53.543	127	121	117	1	121	1	116	1.59e-37	126	100
P00037_06	sp|P01782|HV309_HUMAN	66.337	101	121	118	1	98	20	118	2.10e-37	125	81
P00037_06	sp|P01764|HV323_HUMAN	70.707	99	121	117	1	95	20	115	2.20e-37	125	79
P00037_06	sp|A0A0J9YX35|HV64D_HUMAN	68.367	98	121	117	1	95	20	115	2.25e-37	125	79
P00037_06	sp|A0A0C4DH35|HV335_HUMAN	68.367	98	121	117	1	95	20	115	4.15e-37	125	79
P00037_06	sp|P0DOX5|IGG1_HUMAN	61.111	126	121	449	1	121	1	118	5.07e-37	133	100
P00037_06	sp|A0A0C4DH42|HV366_HUMAN	69.072	97	121	116	1	95	20	114	7.51e-37	124	79
P00037_06	sp|P01762|HV311_HUMAN	67.327	101	121	117	1	95	20	115	8.83e-37	124	79
P00037_06	sp|P0DP04|HV43D_HUMAN	65.347	101	121	118	1	98	20	118	2.23e-36	123	81
P00037_06	sp|P01767|HV353_HUMAN	68.041	97	121	116	1	95	20	114	2.48e-36	123	79
P00037_06	sp|P01763|HV348_HUMAN	67.677	99	121	117	1	95	20	115	3.95e-36	122	79
P00037_06	sp|P01792|HVM23_MOUSE	53.488	129	121	123	1	121	1	122	5.56e-36	122	100
P00037_06	sp|P19181|HV05_CARAU	68.041	97	121	116	1	95	20	114	7.07e-36	122	79
P00037_07	sp|P0DP02|HVC33_HUMAN	71.429	98	121	117	1	95	20	115	3.64e-39	130	79
P00037_07	sp|P0DP03|HVC05_HUMAN	71.429	98	121	117	1	95	20	115	6.71e-39	129	79
P00037_07	sp|P01768|HV330_HUMAN	71.429	98	121	117	1	95	20	115	6.71e-39	129	79
P00037_07	sp|P01780|HV307_HUMAN	68.000	100	121	117	1	95	20	115	1.29e-38	129	79
P00037_07	sp|P01772|HV333_HUMAN	72.449	98	121	117	1	95	20	115	1.49e-38	128	79
P00037_07	sp|P01784|HV01_CANLF	58.537	123	121	114	1	121	1	113	4.16e-38	127	100
P00037_07	sp|A0A0B4J1X5|HV374_HUMAN	69.307	101	121	117	1	95	20	115	4.81e-38	127	79
P00037_07	sp|A0A0C4DH42|HV366_HUMAN	70.103	97	121	116	1	95	20	114	5.69e-38	127	79
P00037_07	sp|A0A0J9YX35|HV64D_HUMAN	69.697	99	121	117	1	95	20	115	7.29e-38	127	79
P00037_07	sp|P01764|HV323_HUMAN	70.707	99	121	117	1	95	20	115	1.10e-37	126	79
P00037_07	sp|P01767|HV353_HUMAN	69.072	97	121	116	1	95	20	114	1.85e-37	125	79
P00037_07	sp|P01789|HVM20_MOUSE	56.349	126	121	122	1	121	1	121	1.90e-37	126	100
P00037_07	sp|P01782|HV309_HUMAN	66.337	101	121	118	1	98	20	118	3.71e-37	125	81
P00037_07	sp|A0A0C4DH35|HV335_HUMAN	68.367	98	121	117	1	95	20	115	4.58e-37	125	79
P00037_07	sp|P19181|HV05_CARAU	69.072	97	121	116	1	95	20	114	4.75e-37	124	79
P00037_07	sp|P01790|HVM21_MOUSE	56.349	126	121	122	1	121	1	121	7.22e-37	124	100
P00037_07	sp|P01787|HVM18_MOUSE	56.349	126	121	123	1	121	1	122	9.67e-37	124	100
P00037_07	sp|P01763|HV348_HUMAN	68.367	98	121	117	1	95	20	115	9.96e-37	124	79
P00037_07	sp|P01795|HVM26_MOUSE	55.556	126	121	144	1	121	20	143	1.80e-36	124	100
P00037_07	sp|P01762|HV311_HUMAN	67.677	99	121	117	1	95	20	115	2.36e-36	123	79
P00037_08	sp|P01784|HV01_CANLF	58.065	124	121	114	1	121	1	113	4.34e-40	132	100
P00037_08	sp|P0DP02|HVC33_HUMAN	70.408	98	121	117	1	95	20	115	1.69e-39	131	79
P00037_08	sp|P0DP03|HVC05_HUMAN	70.408	98	121	117	1	95	20	115	4.19e-39	130	79
P00037_08	sp|P01768|HV330_HUMAN	70.408	98	121	117	1	95	20	115	4.19e-39	130	79
P00037_08	sp|P01772|HV333_HUMAN	70.408	98	121	117	1	95	20	115	5.70e-39	129	79
P00037_08	sp|P01780|HV307_HUMAN	68.041	97	121	117	1	95	20	115	1.09e-38	129	79
P00037_08	sp|P01764|HV323_HUMAN	69.388	98	121	117	1	95	20	115	4.66e-38	127	79
P00037_08	sp|P01792|HVM23_MOUSE	56.000	125	121	123	1	121	1	122	4.78e-38	127	100
P00037_08	sp|A0A0J9YX35|HV64D_HUMAN	68.367	98	121	117	1	95	20	115	4.81e-38	127	79
P00037_08	sp|A0A0C4DH42|HV366_HUMAN	68.750	96	121	116	1	95	20	114	1.07e-37	126	79
P00037_08	sp|A0A0B4J1X5|HV374_HUMAN	68.367	98	121	117	1	95	20	115	1.17e-37	126	79
P00037_08	sp|P01795|HVM26_MOUSE	56.349	126	121	144	1	121	20	143	1.51e-37	127	100
P00037_08	sp|P01789|HVM20_MOUSE	55.200	125	121	122	1	121	1	121	2.15e-37	125	100
P00037_08	sp|P01767|HV353_HUMAN	67.708	96	121	116	1	95	20	114	2.36e-37	125	79
P00037_08	sp|P01763|HV348_HUMAN	67.347	98	121	117	1	95	20	115	2.92e-37	125	79
P00037_08	sp|P01786|HVM17_MOUSE	54.400	125	121	117	1	121	1	116	3.41e-37	125	100
P00037_08	sp|P01782|HV309_HUMAN	65.347	101	121	118	1	98	20	118	4.57e-37	125	81
P00037_08	sp|P01790|HVM21_MOUSE	55.200	125	121	122	1	121	1	121	4.71e-37	125	100
P00037_08	sp|P01787|HVM18_MOUSE	55.200	125	121	123	1	121	1	122	5.85e-37	124	100
P00037_08	sp|P19181|HV05_CARAU	67.708	96	121	116	1	95	20	114	6.89e-37	124	79
P00038_00	sp|P01784|HV01_CANLF	56.489	131	125	114	1	125	1	113	1.96e-38	128	100
P00038_00	sp|P01764|HV323_HUMAN	69.903	103	125	117	1	96	20	116	7.28e-38	127	77
P00038_00	sp|A0A0C4DH42|HV366_HUMAN	69.697	99	125	116	1	96	20	115	9.09e-38	127	77
P00038_00	sp|P01767|HV353_HUMAN	68.041	97	125	116	1	96	20	115	2.02e-37	125	77
P00038_00	sp|P19181|HV05_CARAU	68.041	97	125	116	1	96	20	115	5.01e-37	125	77
P00038_00	sp|P01810|HVM40_MOUSE	54.331	127	125	119	1	125	1	117	5.24e-37	125	100
P00038_00	sp|P01763|HV348_HUMAN	67.290	107	125	117	1	96	20	116	5.27e-37	125	77
P00038_00	sp|A0A0J9YX35|HV64D_HUMAN	68.317	101	125	117	1	95	20	115	7.81e-37	124	76
P00038_00	sp|P01794|HVM25_MOUSE	54.135	133	125	123	1	125	1	122	9.14e-37	124	100
P00038_00	sp|P0DP02|HVC33_HUMAN	67.647	102	125	117	1	96	20	116	1.83e-36	123	77
P00038_00	sp|A0A0B4J1X5|HV374_HUMAN	68.627	102	125	117	1	96	20	116	1.94e-36	123	77
P00038_00	sp|P01807|HVM37_MOUSE	54.331	127	125	119	1	125	1	117	2.12e-36	123	100
P00038_00	sp|P0DP03|HVC05_HUMAN	67.647	102	125	117	1	96	20	116	2.38e-36	123	77
P00038_00	sp|P01768|HV330_HUMAN	67.647	102	125	117	1	96	20	116	2.38e-36	123	77
P00038_00	sp|P01789|HVM20_MOUSE	52.713	129	125	122	1	125	1	121	2.71e-36	123	100
P00038_00	sp|P01772|HV333_HUMAN	68.571	105	125	117	1	96	20	116	3.49e-36	122	77
P00038_00	sp|P01780|HV307_HUMAN	67.619	105	125	117	1	96	20	116	3.57e-36	122	77
P00038_00	sp|P01762|HV311_HUMAN	66.327	98	125	117	1	96	20	116	3.65e-36	122	77
P00038_00	sp|P0DTE1|HV383_HUMAN	68.750	96	125	115	1	95	20	113	3.92e-36	122	76
P00038_00	sp|P01793|HVM24_MOUSE	52.713	129	125	123	1	125	1	122	4.00e-36	122	100
P00038_01	sp|P01764|HV323_HUMAN	70.707	99	125	117	1	96	20	116	2.74e-39	130	77
P00038_01	sp|A0A0C4DH42|HV366_HUMAN	69.072	97	125	116	1	96	20	115	4.16e-39	130	77
P00038_01	sp|P01784|HV01_CANLF	57.031	128	125	114	1	125	1	113	4.37e-39	130	100
P00038_01	sp|P01767|HV353_HUMAN	68.041	97	125	116	1	96	20	115	1.82e-38	128	77
P00038_01	sp|P0DTE1|HV383_HUMAN	68.421	95	125	115	1	95	20	113	4.06e-38	127	76
P00038_01	sp|P19181|HV05_CARAU	68.041	97	125	116	1	96	20	115	4.09e-38	127	77
P00038_01	sp|A0A0C4DH36|HV338_HUMAN	67.708	96	125	116	1	96	20	114	4.18e-38	127	77
P00038_01	sp|P0DP02|HVC33_HUMAN	68.367	98	125	117	1	96	20	116	9.16e-38	127	77
P00038_01	sp|A0A0J9YX35|HV64D_HUMAN	69.072	97	125	117	1	95	20	115	9.89e-38	126	76
P00038_01	sp|P0DP03|HVC05_HUMAN	68.367	98	125	117	1	96	20	116	2.25e-37	125	77
P00038_01	sp|P01768|HV330_HUMAN	68.367	98	125	117	1	96	20	116	2.25e-37	125	77
P00038_01	sp|P01780|HV307_HUMAN	67.347	98	125	117	1	96	20	116	2.25e-37	125	77
P00038_01	sp|P01763|HV348_HUMAN	67.347	98	125	117	1	96	20	116	3.76e-37	125	77
P00038_01	sp|P01772|HV333_HUMAN	68.367	98	125	117	1	96	20	116	4.19e-37	125	77
P00038_01	sp|P01793|HVM24_MOUSE	51.938	129	125	123	1	125	1	122	1.54e-36	124	100
P00038_01	sp|P01787|HVM18_MOUSE	51.938	129	125	123	1	125	1	122	2.79e-36	123	100
P00038_01	sp|P01766|HV313_HUMAN	68.041	97	125	116	1	96	20	115	3.07e-36	122	77
P00038_01	sp|P01762|HV311_HUMAN	67.677	99	125	117	1	96	20	116	3.49e-36	122	77
P00038_01	sp|P01792|HVM23_MOUSE	51.938	129	125	123	1	125	1	122	3.51e-36	123	100
P00038_01	sp|A0A0C4DH35|HV335_HUMAN	68.367	98	125	117	1	95	20	115	3.65e-36	122	76
P00038_02	sp|P01784|HV01_CANLF	55.906	127	125	114	1	125	1	113	1.79e-38	128	100
P00038_02	sp|P01764|HV323_HUMAN	69.697	99	125	117	1	96	20	116	1.62e-37	126	77
P00038_02	sp|A0A0C4DH42|HV366_HUMAN	68.041	97	125	116	1	96	20	115	2.35e-37	125	77
P00038_02	sp|P0DTE1|HV383_HUMAN	68.421	95	125	115	1	95	20	113	6.75e-37	124	76
P00038_02	sp|P01767|HV353_HUMAN	67.010	97	125	116	1	96	20	115	9.97e-37	124	77
P00038_02	sp|A0A0C4DH36|HV338_HUMAN	67.708	96	125	116	1	96	20	114	1.01e-36	124	77
P00038_02	sp|P19181|HV05_CARAU	67.010	97	125	116	1	96	20	115	2.67e-36	123	77
P00038_02	sp|A0A0J9YX35|HV64D_HUMAN	68.041	97	125	117	1	95	20	115	4.45e-36	122	76
P00038_02	sp|P01763|HV348_HUMAN	67.347	98	125	117	1	96	20	116	7.51e-36	122	77
P00038_02	sp|P0DP02|HVC33_HUMAN	67.347	98	125	117	1	96	20	116	8.02e-36	122	77
P00038_02	sp|P01788|HVM19_MOUSE	53.077	130	125	123	1	125	1	122	1.09e-35	121	100
P00038_02	sp|P01780|HV307_HUMAN	66.327	98	125	117	1	96	20	116	1.19e-35	121	77
P00038_02	sp|P01810|HVM40_MOUSE	54.331	127	125	119	1	125	1	117	1.55e-35	121	100
P00038_02	sp|P01762|HV311_HUMAN	66.667	99	125	117	1	96	20	116	2.01e-35	120	77
P00038_02	sp|P01789|HVM20_MOUSE	51.938	129	125	122	1	125	1	121	2.74e-35	120	100
P00038_02	sp|P0DP03|HVC05_HUMAN	67.347	98	125	117	1	96	20	116	3.32e-35	120	77
P00038_02	sp|P01768|HV330_HUMAN	67.347	98	125	117	1	96	20	116	3.32e-35	120	77
P00038_02	sp|P01782|HV309_HUMAN	66.327	98	125	118	1	96	20	116	3.35e-35	120	77
P00038_02	sp|P01794|HVM25_MOUSE	52.713	129	125	123	1	125	1	122	3.40e-35	120	100
P00038_02	sp|P01787|HVM18_MOUSE	51.938	129	125	123	1	125	1	122	4.14e-35	120	100
P00038_03	sp|P01784|HV01_CANLF	55.118	127	125	114	1	125	1	113	1.61e-37	126	100
P00038_03	sp|P01764|HV323_HUMAN	69.697	99	125	117	1	96	20	116	1.73e-37	126	77
P00038_03	sp|A0A0C4DH42|HV366_HUMAN	68.041	97	125	116	1	96	20	115	2.51e-37	125	77
P00038_03	sp|P0DTE1|HV383_HUMAN	68.421	95	125	115	1	95	20	113	4.86e-37	125	76
P00038_03	sp|A0A0C4DH36|HV338_HUMAN	67.708	96	125	116	1	96	20	114	9.04e-37	124	77
P00038_03	sp|P01767|HV353_HUMAN	67.010	97	125	116	1	96	20	115	9.54e-37	124	77
P00038_03	sp|P01763|HV348_HUMAN	66.990	103	125	117	1	96	20	116	1.16e-36	124	77
P00038_03	sp|P01794|HVM25_MOUSE	53.488	129	125	123	1	125	1	122	1.80e-36	124	100
P00038_03	sp|P19181|HV05_CARAU	67.010	97	125	116	1	96	20	115	2.55e-36	123	77
P00038_03	sp|P01810|HVM40_MOUSE	54.331	127	125	119	1	125	1	117	3.25e-36	123	100
P00038_03	sp|A0A0J9YX35|HV64D_HUMAN	68.041	97	125	117	1	95	20	115	3.61e-36	122	76
P00038_03	sp|P01793|HVM24_MOUSE	51.938	129	125	123	1	125	1	122	5.43e-36	122	100
P00038_03	sp|P0DP02|HVC33_HUMAN	67.347	98	125	117	1	96	20	116	5.84e-36	122	77
P00038_03	sp|P01788|HVM19_MOUSE	53.077	130	125	123	1	125	1	122	1.01e-35	122	100
P00038_03	sp|P01762|HV311_HUMAN	66.327	98	125	117	1	96	20	116	1.11e-35	121	77
P00038_03	sp|P01807|HVM37_MOUSE	54.331	127	125	119	1	125	1	117	1.12e-35	121	100
P00038_03	sp|P01789|HVM20_MOUSE	52.713	129	125	122	1	125	1	121	1.54e-35	121	100
P00038_03	sp|P0DP03|HVC05_HUMAN	67.347	98	125	117	1	96	20	116	2.27e-35	120	77
P00038_03	sp|P01768|HV330_HUMAN	67.347	98	125	117	1	96	20	116	2.27e-35	120	77
P00038_03	sp|P01791|HVM22_MOUSE	52.713	129	125	123	1	125	1	122	2.65e-35	120	100
P00038_04	sp|P01784|HV01_CANLF	56.693	127	125	114	1	125	1	113	6.34e-39	129	100
P00038_04	sp|P01764|HV323_HUMAN	69.697	99	125	117	1	96	20	116	1.18e-37	126	77
P00038_04	sp|A0A0C4DH42|HV366_HUMAN	68.041	97	125	116	1	96	20	115	2.25e-37	125	77
P00038_04	sp|P0DTE1|HV383_HUMAN	68.421	95	125	115	1	95	20	113	4.60e-37	125	76
P00038_04	sp|A0A0C4DH36|HV338_HUMAN	67.708	96	125	116	1	96	20	114	7.84e-37	124	77
P00038_04	sp|P01767|HV353_HUMAN	68.041	97	125	116	1	96	20	115	8.01e-37	124	77
P00038_04	sp|P01810|HVM40_MOUSE	55.118	127	125	119	1	125	1	117	1.26e-36	124	100
P00038_04	sp|P19181|HV05_CARAU	68.041	97	125	116	1	96	20	115	2.12e-36	123	77
P00038_04	sp|P01793|HVM24_MOUSE	52.713	129	125	123	1	125	1	122	2.55e-36	123	100
P00038_04	sp|P01807|HVM37_MOUSE	54.331	127	125	119	1	125	1	117	2.61e-36	123	100
P00038_04	sp|P01794|HVM25_MOUSE	53.488	129	125	123	1	125	1	122	2.67e-36	123	100
P00038_04	sp|A0A0J9YX35|HV64D_HUMAN	68.041	97	125	117	1	95	20	115	2.87e-36	123	76
P00038_04	sp|P01790|HVM21_MOUSE	52.713	129	125	122	1	125	1	121	4.19e-36	122	100
P00038_04	sp|P0DP02|HVC33_HUMAN	69.388	98	125	117	1	96	20	116	6.45e-36	122	77
P00038_04	sp|P01787|HVM18_MOUSE	51.938	129	125	123	1	125	1	122	6.47e-36	122	100
P00038_04	sp|P01763|HV348_HUMAN	67.347	98	125	117	1	96	20	116	6.88e-36	122	77
P00038_04	sp|P01788|HVM19_MOUSE	51.938	129	125	123	1	125	1	122	8.78e-36	122	100
P00038_04	sp|P01780|HV307_HUMAN	66.327	98	125	117	1	96	20	116	1.24e-35	121	77
P00038_04	sp|P01791|HVM22_MOUSE	51.938	129	125	123	1	125	1	122	1.64e-35	121	100
P00038_04	sp|P0DP03|HVC05_HUMAN	69.388	98	125	117	1	96	20	116	2.73e-35	120	77
P00038_05	sp|P01784|HV01_CANLF	57.031	128	125	114	1	125	1	113	1.39e-38	129	100
P00038_05	sp|P01782|HV309_HUMAN	69.000	100	125	118	1	96	20	116	3.66e-37	125	77
P00038_05	sp|A0A0C4DH42|HV366_HUMAN	69.072	97	125	116	1	96	20	115	5.01e-37	125	77
P00038_05	sp|P01764|HV323_HUMAN	70.707	99	125	117	1	96	20	116	6.56e-37	124	77
P00038_05	sp|P01763|HV348_HUMAN	68.687	99	125	117	1	96	20	116	1.72e-36	123	77
P00038_05	sp|P01767|HV353_HUMAN	68.687	99	125	116	1	96	20	115	1.92e-36	123	77
P00038_05	sp|A0A0C4DH35|HV335_HUMAN	67.677	99	125	117	1	95	20	115	2.93e-36	123	76
P00038_05	sp|P0DTE1|HV383_HUMAN	68.421	95	125	115	1	95	20	113	3.26e-36	122	76
P00038_05	sp|A0A0C4DH36|HV338_HUMAN	67.708	96	125	116	1	96	20	114	3.87e-36	122	77
P00038_05	sp|P19181|HV05_CARAU	68.687	99	125	116	1	96	20	115	5.03e-36	122	77
P00038_05	sp|P0DP02|HVC33_HUMAN	68.367	98	125	117	1	96	20	116	9.98e-36	121	77
P00038_05	sp|A0A0C4DH32|HV320_HUMAN	67.677	99	125	117	1	95	20	115	1.26e-35	121	76
P00038_05	sp|A0A0J9YX35|HV64D_HUMAN	68.041	97	125	117	1	95	20	115	1.43e-35	121	76
P00038_05	sp|A0A0B4J1X5|HV374_HUMAN	68.687	99	125	117	1	96	20	116	2.22e-35	120	77
P00038_05	sp|P0DP03|HVC05_HUMAN	68.367	98	125	117	1	96	20	116	3.87e-35	120	77
P00038_05	sp|P01768|HV330_HUMAN	68.367	98	125	117	1	96	20	116	3.87e-35	120	77
P00038_05	sp|P01810|HVM40_MOUSE	54.331	127	125	119	1	125	1	117	5.64e-35	119	100
P00038_05	sp|P01762|HV311_HUMAN	67.677	99	125	117	1	96	20	116	9.28e-35	119	77
P00038_05	sp|P01772|HV333_HUMAN	68.367	98	125	117	1	96	20	116	1.12e-34	119	77
P00038_05	sp|P01807|HVM37_MOUSE	54.331	127	125	119	1	125	1	117	1.27e-34	119	100
P00038_06	sp|P01784|HV01_CANLF	57.812	128	125	114	1	125	1	113	1.86e-39	130	100
P00038_06	sp|P01764|HV323_HUMAN	71.429	98	125	117	1	96	20	116	6.35e-37	124	77
P00038_06	sp|A0A0C4DH42|HV366_HUMAN	68.041	97	125	116	1	96	20	115	1.20e-36	124	77
P00038_06	sp|P01767|HV353_HUMAN	68.041	97	125	116	1	96	20	115	1.65e-36	123	77
P00038_06	sp|P0DTE1|HV383_HUMAN	68.421	95	125	115	1	95	20	113	1.89e-36	123	76
P00038_06	sp|A0A0C4DH36|HV338_HUMAN	67.708	96	125	116	1	96	20	114	3.28e-36	122	77
P00038_06	sp|P19181|HV05_CARAU	68.041	97	125	116	1	96	20	115	3.91e-36	122	77
P00038_06	sp|P01763|HV348_HUMAN	67.677	99	125	117	1	96	20	116	1.13e-35	121	77
P00038_06	sp|P0DP02|HVC33_HUMAN	69.388	98	125	117	1	96	20	116	1.24e-35	121	77
P00038_06	sp|P01780|HV307_HUMAN	66.327	98	125	117	1	96	20	116	1.80e-35	121	77
P00038_06	sp|A0A0J9YX35|HV64D_HUMAN	68.041	97	125	117	1	95	20	115	2.12e-35	120	76
P00038_06	sp|P01810|HVM40_MOUSE	54.331	127	125	119	1	125	1	117	2.20e-35	120	100
P00038_06	sp|P01789|HVM20_MOUSE	51.938	129	125	122	1	125	1	121	2.71e-35	120	100
P00038_06	sp|P01794|HVM25_MOUSE	52.713	129	125	123	1	125	1	122	2.74e-35	120	100
P00038_06	sp|P01793|HVM24_MOUSE	52.713	129	125	123	1	125	1	122	2.89e-35	120	100
P00038_06	sp|P0DP03|HVC05_HUMAN	69.388	98	125	117	1	96	20	116	5.99e-35	119	77
P00038_06	sp|P01768|HV330_HUMAN	69.388	98	125	117	1	96	20	116	5.99e-35	119	77
P00038_06	sp|P01807|HVM37_MOUSE	54.688	128	125	119	1	125	1	117	6.29e-35	119	100
P00038_06	sp|P01762|HV311_HUMAN	66.667	99	125	117	1	96	20	116	6.83e-35	119	77
P00038_06	sp|P01788|HVM19_MOUSE	52.308	130	125	123	1	125	1	122	9.82e-35	119	100
P00038_07	sp|P01784|HV01_CANLF	57.576	132	125	114	1	125	1	113	1.10e-38	129	100
P00038_07	sp|P01794|HVM25_MOUSE	54.887	133	125	123	1	125	1	122	7.08e-38	127	100
P00038_07	sp|P01764|HV323_HUMAN	70.874	103	125	117	1	96	20	116	7.53e-38	127	77
P00038_07	sp|A0A0C4DH42|HV366_HUMAN	68.041	97	125	116	1	96	20	115	1.35e-37	126	77
P00038_07	sp|P01767|HV353_HUMAN	68.000	100	125	116	1	96	20	115	2.51e-37	125	77
P00038_07	sp|P19181|HV05_CARAU	68.000	100	125	116	1	96	20	115	6.30e-37	124	77
P00038_07	sp|P01810|HVM40_MOUSE	55.118	127	125	119	1	125	1	117	6.59e-37	124	100
P00038_07	sp|P01807|HVM37_MOUSE	54.331	127	125	119	1	125	1	117	1.10e-36	124	100
P00038_07	sp|P01780|HV307_HUMAN	67.619	105	125	117	1	96	20	116	1.34e-36	124	77
P00038_07	sp|P0DP02|HVC33_HUMAN	68.571	105	125	117	1	96	20	116	1.35e-36	124	77
P00038_07	sp|P01763|HV348_HUMAN	66.355	107	125	117	1	96	20	116	1.38e-36	124	77
P00038_07	sp|P01793|HVM24_MOUSE	52.713	129	125	123	1	125	1	122	1.54e-36	124	100
P00038_07	sp|P0DP03|HVC05_HUMAN	68.571	105	125	117	1	96	20	116	1.63e-36	123	77
P00038_07	sp|P01768|HV330_HUMAN	68.571	105	125	117	1	96	20	116	1.63e-36	123	77
P00038_07	sp|A0A0B4J1X5|HV374_HUMAN	68.932	103	125	117	1	96	20	116	1.79e-36	123	77
P00038_07	sp|P01772|HV333_HUMAN	68.571	105	125	117	1	96	20	116	1.81e-36	123	77
P00038_07	sp|A0A0J9YX35|HV64D_HUMAN	68.317	101	125	117	1	95	20	115	1.94e-36	123	76
P00038_07	sp|P01762|HV311_HUMAN	66.327	98	125	117	1	96	20	116	4.21e-36	122	77
P00038_07	sp|P0DTE1|HV383_HUMAN	68.750	96	125	115	1	95	20	113	7.90e-36	122	76
P00038_07	sp|P01782|HV309_HUMAN	67.308	104	125	118	1	96	20	116	1.07e-35	121	77
P00038_08	sp|A0A0C4DH42|HV366_HUMAN	70.103	97	125	116	1	96	20	115	5.71e-39	129	77
P00038_08	sp|P0DTE1|HV383_HUMAN	69.474	95	125	115	1	95	20	113	1.85e-38	128	76
P00038_08	sp|P01767|HV353_HUMAN	69.072	97	125	116	1	96	20	115	2.39e-38	128	77
P00038_08	sp|P01764|HV323_HUMAN	70.707	99	125	117	1	96	20	116	3.14e-38	128	77
P00038_08	sp|A0A0C4DH36|HV338_HUMAN	68.750	96	125	116	1	96	20	114	3.47e-38	127	77
P00038_08	sp|P01784|HV01_CANLF	56.250	128	125	114	1	125	1	113	4.96e-38	127	100
P00038_08	sp|P19181|HV05_CARAU	69.072	97	125	116	1	96	20	115	5.62e-38	127	77
P00038_08	sp|P0DP02|HVC33_HUMAN	69.388	98	125	117	1	96	20	116	7.45e-38	127	77
P00038_08	sp|A0A0J9YX35|HV64D_HUMAN	69.072	97	125	117	1	95	20	115	2.30e-37	125	76
P00038_08	sp|P0DP03|HVC05_HUMAN	69.388	98	125	117	1	96	20	116	2.92e-37	125	77
P00038_08	sp|P01768|HV330_HUMAN	69.388	98	125	117	1	96	20	116	2.92e-37	125	77
P00038_08	sp|P01772|HV333_HUMAN	69.388	98	125	117	1	96	20	116	4.73e-37	125	77
P00038_08	sp|P01763|HV348_HUMAN	68.367	98	125	117	1	96	20	116	5.05e-37	125	77
P00038_08	sp|P01780|HV307_HUMAN	67.347	98	125	117	1	96	20	116	9.21e-37	124	77
P00038_08	sp|P01799|HVM30_MOUSE	53.906	128	125	113	1	124	1	113	4.45e-36	122	99
P00038_08	sp|P01793|HVM24_MOUSE	52.713	129	125	123	1	125	1	122	5.80e-36	122	100
P00038_08	sp|P01794|HVM25_MOUSE	53.488	129	125	123	1	125	1	122	6.19e-36	122	100
P00038_08	sp|P01807|HVM37_MOUSE	56.250	128	125	119	1	125	1	117	8.06e-36	122	100
P00038_08	sp|A0A075B6Q5|HV364_HUMAN	67.347	98	125	118	1	96	21	117	1.04e-35	121	77
P00038_08	sp|P0DP04|HV43D_HUMAN	65.306	98	125	118	1	96	20	116	1.10e-35	121	77
P00039_00	sp|P01763|HV348_HUMAN	69.307	101	119	117	1	96	20	116	3.38e-40	132	81
P00039_00	sp|P01780|HV307_HUMAN	69.307	101	119	117	1	96	20	116	8.12e-40	131	81
P00039_00	sp|P01784|HV01_CANLF	57.937	126	119	114	1	119	1	113	1.03e-39	131	100
P00039_00	sp|P01764|HV323_HUMAN	69.307	101	119	117	1	96	20	116	1.95e-39	130	81
P00039_00	sp|P0DP02|HVC33_HUMAN	70.192	104	119	117	1	96	20	116	6.94e-39	129	81
P00039_00	sp|P0DP03|HVC05_HUMAN	70.192	104	119	117	1	96	20	116	1.31e-38	129	81
P00039_00	sp|P01768|HV330_HUMAN	70.192	104	119	117	1	96	20	116	1.31e-38	129	81
P00039_00	sp|P01772|HV333_HUMAN	70.192	104	119	117	1	96	20	116	1.58e-38	128	81
P00039_00	sp|P01767|HV353_HUMAN	70.000	100	119	116	1	95	20	114	1.60e-38	128	80
P00039_00	sp|A0A0J9YX35|HV64D_HUMAN	68.269	104	119	117	1	96	20	116	3.01e-38	127	81
P00039_00	sp|P19181|HV05_CARAU	70.000	100	119	116	1	95	20	114	4.47e-38	127	80
P00039_00	sp|P0DTE1|HV383_HUMAN	69.697	99	119	115	1	95	20	113	7.92e-38	126	80
P00039_00	sp|A0A0C4DH42|HV366_HUMAN	70.000	100	119	116	1	95	20	114	9.00e-38	126	80
P00039_00	sp|A0A0C4DH36|HV338_HUMAN	69.697	99	119	116	1	95	20	113	1.05e-37	126	80
P00039_00	sp|A0A0C4DH35|HV335_HUMAN	66.667	102	119	117	1	96	20	116	3.12e-37	125	81
P00039_00	sp|A0A0B4J1X5|HV374_HUMAN	67.308	104	119	117	1	96	20	116	4.48e-37	124	81
P00039_00	sp|P0DOX5|IGG1_HUMAN	61.290	124	119	449	1	119	1	118	5.84e-37	133	100
P00039_00	sp|A0A0B4J1V1|HV321_HUMAN	66.327	98	119	117	1	96	20	116	7.58e-37	124	81
P00039_00	sp|P0DOX2|IGA2_HUMAN	59.350	123	119	455	1	119	1	114	1.29e-36	132	100
P00039_00	sp|A0A075B6Q5|HV364_HUMAN	67.308	104	119	118	1	96	21	117	2.31e-36	123	81
P00039_01	sp|P01780|HV307_HUMAN	71.287	101	119	117	1	95	20	115	4.19e-39	130	80
P00039_01	sp|P01767|HV353_HUMAN	70.000	100	119	116	1	95	20	114	8.29e-39	129	80
P00039_01	sp|P01763|HV348_HUMAN	70.297	101	119	117	1	95	20	115	1.34e-38	128	80
P00039_01	sp|A0A0C4DH42|HV366_HUMAN	70.297	101	119	116	1	95	20	114	1.51e-38	128	80
P00039_01	sp|P01764|HV323_HUMAN	71.287	101	119	117	1	95	20	115	1.84e-38	128	80
P00039_01	sp|P19181|HV05_CARAU	70.000	100	119	116	1	95	20	114	2.15e-38	128	80
P00039_01	sp|P0DP02|HVC33_HUMAN	72.277	101	119	117	1	95	20	115	2.58e-38	128	80
P00039_01	sp|P0DP03|HVC05_HUMAN	72.277	101	119	117	1	95	20	115	4.71e-38	127	80
P00039_01	sp|P01768|HV330_HUMAN	72.277	101	119	117	1	95	20	115	4.71e-38	127	80
P00039_01	sp|P01784|HV01_CANLF	57.600	125	119	114	1	119	1	113	5.66e-38	127	100
P00039_01	sp|P01772|HV333_HUMAN	72.277	101	119	117	1	95	20	115	6.33e-38	127	80
P00039_01	sp|A0A0J9YX35|HV64D_HUMAN	70.297	101	119	117	1	95	20	115	1.59e-37	125	80
P00039_01	sp|A0A0C4DH36|HV338_HUMAN	68.687	99	119	116	1	95	20	113	6.52e-37	124	80
P00039_01	sp|P0DTE1|HV383_HUMAN	68.000	100	119	115	1	96	20	114	6.69e-37	124	81
P00039_01	sp|P0DOX5|IGG1_HUMAN	62.400	125	119	449	1	119	1	118	1.56e-36	132	100
P00039_01	sp|A0A0B4J1V1|HV321_HUMAN	69.388	98	119	117	1	95	20	115	1.56e-36	123	80
P00039_01	sp|A0A0B4J1X5|HV374_HUMAN	69.307	101	119	117	1	95	20	115	1.88e-36	123	80
P00039_01	sp|A0A0C4DH35|HV335_HUMAN	68.367	98	119	117	1	95	20	115	2.07e-36	123	80
P00039_01	sp|P01793|HVM24_MOUSE	55.645	124	119	123	1	119	1	122	2.45e-36	123	100
P00039_01	sp|P01762|HV311_HUMAN	68.367	98	119	117	1	95	20	115	4.71e-36	122	80
P00039_02	sp|P0DP02|HVC33_HUMAN	70.408	98	119	117	1	96	20	116	4.86e-40	132	81
P00039_02	sp|P01763|HV348_HUMAN	68.317	101	119	117	1	96	20	116	6.04e-40	132	81
P00039_02	sp|P01784|HV01_CANLF	58.871	124	119	114	1	119	1	113	1.03e-39	131	100
P00039_02	sp|P0DP03|HVC05_HUMAN	70.408	98	119	117	1	96	20	116	1.26e-39	131	81
P00039_02	sp|P01768|HV330_HUMAN	70.408	98	119	117	1	96	20	116	1.26e-39	131	81
P00039_02	sp|P01780|HV307_HUMAN	68.367	98	119	117	1	96	20	116	2.13e-39	130	81
P00039_02	sp|P01772|HV333_HUMAN	70.408	98	119	117	1	96	20	116	3.16e-39	130	81
P00039_02	sp|P01764|HV323_HUMAN	68.317	101	119	117	1	96	20	116	4.38e-39	130	81
P00039_02	sp|P01793|HVM24_MOUSE	54.472	123	119	123	1	119	1	122	2.95e-38	128	100
P00039_02	sp|P01792|HVM23_MOUSE	53.659	123	119	123	1	119	1	122	3.02e-38	128	100
P00039_02	sp|A0A0C4DH35|HV335_HUMAN	66.327	98	119	117	1	96	20	116	5.73e-38	127	81
P00039_02	sp|A0A0B4J1X5|HV374_HUMAN	67.000	100	119	117	1	95	20	115	7.29e-38	127	80
P00039_02	sp|P0DOX5|IGG1_HUMAN	61.290	124	119	449	1	119	1	118	7.55e-38	135	100
P00039_02	sp|P01788|HVM19_MOUSE	53.659	123	119	123	1	119	1	122	9.73e-38	126	100
P00039_02	sp|A0A0J9YX35|HV64D_HUMAN	66.337	101	119	117	1	96	20	116	1.07e-37	126	81
P00039_02	sp|A0A0C4DH42|HV366_HUMAN	69.000	100	119	116	1	95	20	114	1.39e-37	126	80
P00039_02	sp|A0A0B4J1V1|HV321_HUMAN	67.347	98	119	117	1	96	20	116	2.04e-37	125	81
P00039_02	sp|P01767|HV353_HUMAN	67.677	99	119	116	1	95	20	114	2.11e-37	125	80
P00039_02	sp|P01810|HVM40_MOUSE	55.738	122	119	119	1	119	1	117	3.32e-37	125	100
P00039_02	sp|P01807|HVM37_MOUSE	56.557	122	119	119	1	119	1	117	4.65e-37	124	100
P00039_03	sp|P01763|HV348_HUMAN	70.297	101	119	117	1	96	20	116	1.12e-40	134	81
P00039_03	sp|P01780|HV307_HUMAN	70.192	104	119	117	1	96	20	116	2.41e-40	133	81
P00039_03	sp|P01784|HV01_CANLF	57.937	126	119	114	1	119	1	113	3.89e-40	132	100
P00039_03	sp|P01764|HV323_HUMAN	70.297	101	119	117	1	96	20	116	9.57e-40	131	81
P00039_03	sp|P0DP02|HVC33_HUMAN	71.154	104	119	117	1	96	20	116	2.48e-39	130	81
P00039_03	sp|P0DP03|HVC05_HUMAN	71.154	104	119	117	1	96	20	116	4.19e-39	130	81
P00039_03	sp|P01768|HV330_HUMAN	71.154	104	119	117	1	96	20	116	4.19e-39	130	81
P00039_03	sp|P01772|HV333_HUMAN	71.154	104	119	117	1	96	20	116	5.89e-39	129	81
P00039_03	sp|P01767|HV353_HUMAN	71.000	100	119	116	1	95	20	114	7.43e-39	129	80
P00039_03	sp|A0A0J9YX35|HV64D_HUMAN	69.231	104	119	117	1	96	20	116	1.11e-38	129	81
P00039_03	sp|P19181|HV05_CARAU	71.000	100	119	116	1	95	20	114	1.92e-38	128	80
P00039_03	sp|A0A0C4DH42|HV366_HUMAN	70.297	101	119	116	1	95	20	114	2.15e-38	128	80
P00039_03	sp|P0DTE1|HV383_HUMAN	70.707	99	119	115	1	95	20	113	4.15e-38	127	80
P00039_03	sp|A0A0C4DH36|HV338_HUMAN	70.707	99	119	116	1	95	20	113	4.28e-38	127	80
P00039_03	sp|A0A0C4DH35|HV335_HUMAN	68.317	101	119	117	1	96	20	116	1.21e-37	126	81
P00039_03	sp|P01793|HVM24_MOUSE	57.258	124	119	123	1	119	1	122	1.96e-37	125	100
P00039_03	sp|A0A0B4J1X5|HV374_HUMAN	68.932	103	119	117	1	95	20	115	1.97e-37	125	80
P00039_03	sp|A0A0B4J1V1|HV321_HUMAN	67.347	98	119	117	1	96	20	116	3.06e-37	125	81
P00039_03	sp|P0DOX5|IGG1_HUMAN	62.903	124	119	449	1	119	1	118	3.22e-37	133	100
P00039_03	sp|P01762|HV311_HUMAN	66.990	103	119	117	1	96	20	116	5.00e-37	124	81
P00039_04	sp|P01780|HV307_HUMAN	69.608	102	119	117	1	96	20	116	6.50e-39	129	81
P00039_04	sp|P01763|HV348_HUMAN	68.627	102	119	117	1	96	20	116	1.94e-38	128	81
P00039_04	sp|P01764|HV323_HUMAN	69.608	102	119	117	1	96	20	116	2.67e-38	127	81
P00039_04	sp|P01767|HV353_HUMAN	69.000	100	119	116	1	95	20	114	2.89e-38	127	80
P00039_04	sp|A0A0C4DH42|HV366_HUMAN	69.307	101	119	116	1	95	20	114	5.21e-38	127	80
P00039_04	sp|P19181|HV05_CARAU	69.000	100	119	116	1	95	20	114	7.81e-38	126	80
P00039_04	sp|P0DP02|HVC33_HUMAN	70.588	102	119	117	1	96	20	116	9.80e-38	126	81
P00039_04	sp|P01793|HVM24_MOUSE	56.452	124	119	123	1	119	1	122	1.21e-37	126	100
P00039_04	sp|P0DP03|HVC05_HUMAN	70.588	102	119	117	1	96	20	116	1.66e-37	125	81
P00039_04	sp|P01768|HV330_HUMAN	70.588	102	119	117	1	96	20	116	1.66e-37	125	81
P00039_04	sp|P01792|HVM23_MOUSE	55.645	124	119	123	1	119	1	122	1.70e-37	126	100
P00039_04	sp|P01784|HV01_CANLF	56.800	125	119	114	1	119	1	113	2.42e-37	125	100
P00039_04	sp|P01772|HV333_HUMAN	70.588	102	119	117	1	96	20	116	2.57e-37	125	81
P00039_04	sp|P01788|HVM19_MOUSE	55.645	124	119	123	1	119	1	122	2.66e-37	125	100
P00039_04	sp|A0A0J9YX35|HV64D_HUMAN	68.627	102	119	117	1	96	20	116	4.63e-37	124	81
P00039_04	sp|P01787|HVM18_MOUSE	55.645	124	119	123	1	119	1	122	1.45e-36	124	100
P00039_04	sp|A0A0C4DH36|HV338_HUMAN	67.000	100	119	116	1	96	20	114	2.10e-36	123	81
P00039_04	sp|A0A0B4J1V1|HV321_HUMAN	67.677	99	119	117	1	96	20	116	2.12e-36	123	81
P00039_04	sp|P0DTE1|HV383_HUMAN	67.677	99	119	115	1	95	20	113	2.28e-36	123	80
P00039_04	sp|P0DOX5|IGG1_HUMAN	61.600	125	119	449	1	119	1	118	2.43e-36	131	100
P00039_05	sp|P01780|HV307_HUMAN	70.103	97	119	117	1	95	20	115	6.43e-39	129	80
P00039_05	sp|P0DP02|HVC33_HUMAN	71.134	97	119	117	1	95	20	115	8.18e-39	129	80
P00039_05	sp|P01763|HV348_HUMAN	71.134	97	119	117	1	95	20	115	1.01e-38	129	80
P00039_05	sp|P0DP03|HVC05_HUMAN	71.134	97	119	117	1	95	20	115	1.92e-38	128	80
P00039_05	sp|P01768|HV330_HUMAN	71.134	97	119	117	1	95	20	115	1.92e-38	128	80
P00039_05	sp|P01784|HV01_CANLF	58.678	121	119	114	1	119	1	113	2.28e-38	128	100
P00039_05	sp|P01764|HV323_HUMAN	70.103	97	119	117	1	95	20	115	2.29e-38	128	80
P00039_05	sp|P01772|HV333_HUMAN	71.134	97	119	117	1	95	20	115	4.22e-38	127	80
P00039_05	sp|A0A0C4DH42|HV366_HUMAN	70.103	97	119	116	1	95	20	114	1.47e-37	126	80
P00039_05	sp|P01793|HVM24_MOUSE	54.472	123	119	123	1	119	1	122	2.03e-37	125	100
P00039_05	sp|A0A0C4DH35|HV335_HUMAN	67.010	97	119	117	1	95	20	115	2.68e-37	125	80
P00039_05	sp|A0A0B4J1Y9|HV372_HUMAN	67.677	99	119	119	1	95	20	117	4.31e-37	125	80
P00039_05	sp|P01767|HV353_HUMAN	69.072	97	119	116	1	95	20	114	6.38e-37	124	80
P00039_05	sp|A0A0B4J1X5|HV374_HUMAN	67.000	100	119	117	1	95	20	115	6.94e-37	124	80
P00039_05	sp|A0A0J9YX35|HV64D_HUMAN	67.010	97	119	117	1	95	20	115	1.23e-36	124	80
P00039_05	sp|P0DOX5|IGG1_HUMAN	61.157	121	119	449	1	119	1	118	1.34e-36	132	100
P00039_05	sp|A0A0B4J1V1|HV321_HUMAN	69.072	97	119	117	1	95	20	115	1.59e-36	123	80
P00039_05	sp|P01792|HVM23_MOUSE	53.659	123	119	123	1	119	1	122	1.67e-36	123	100
P00039_05	sp|P19181|HV05_CARAU	69.072	97	119	116	1	95	20	114	1.82e-36	123	80
P00039_05	sp|P01786|HVM17_MOUSE	52.459	122	119	117	1	119	1	116	4.97e-36	122	100
P00039_06	sp|P01780|HV307_HUMAN	69.307	101	119	117	1	96	20	116	1.46e-40	133	81
P00039_06	sp|P01784|HV01_CANLF	57.937	126	119	114	1	119	1	113	1.83e-40	133	100
P00039_06	sp|P01763|HV348_HUMAN	69.307	101	119	117	1	96	20	116	2.63e-40	133	81
P00039_06	sp|P01764|HV323_HUMAN	69.307	101	119	117	1	96	20	116	7.20e-40	132	81
P00039_06	sp|P0DP02|HVC33_HUMAN	70.192	104	119	117	1	96	20	116	1.39e-39	131	81
P00039_06	sp|P0DP03|HVC05_HUMAN	70.192	104	119	117	1	96	20	116	2.56e-39	130	81
P00039_06	sp|P01768|HV330_HUMAN	70.192	104	119	117	1	96	20	116	2.56e-39	130	81
P00039_06	sp|P01772|HV333_HUMAN	70.192	104	119	117	1	96	20	116	3.37e-39	130	81
P00039_06	sp|P01767|HV353_HUMAN	70.000	100	119	116	1	95	20	114	6.37e-39	129	80
P00039_06	sp|A0A0J9YX35|HV64D_HUMAN	68.269	104	119	117	1	96	20	116	1.10e-38	129	81
P00039_06	sp|P19181|HV05_CARAU	70.000	100	119	116	1	95	20	114	1.62e-38	128	80
P00039_06	sp|A0A0C4DH42|HV366_HUMAN	70.000	100	119	116	1	95	20	114	3.59e-38	127	80
P00039_06	sp|A0A0C4DH36|HV338_HUMAN	69.697	99	119	116	1	95	20	113	5.10e-38	127	80
P00039_06	sp|P0DTE1|HV383_HUMAN	69.697	99	119	115	1	95	20	113	6.02e-38	127	80
P00039_06	sp|A0A0B4J1X5|HV374_HUMAN	67.961	103	119	117	1	95	20	115	1.60e-37	125	80
P00039_06	sp|A0A0B4J1V1|HV321_HUMAN	66.327	98	119	117	1	96	20	116	2.74e-37	125	81
P00039_06	sp|A0A0C4DH35|HV335_HUMAN	66.667	102	119	117	1	96	20	116	4.63e-37	124	81
P00039_06	sp|P01762|HV311_HUMAN	65.347	101	119	117	1	96	20	116	4.95e-37	124	81
P00039_06	sp|P01793|HVM24_MOUSE	54.839	124	119	123	1	119	1	122	7.69e-37	124	100
P00039_06	sp|A0A075B6Q5|HV364_HUMAN	67.308	104	119	118	1	96	21	117	8.25e-37	124	81
P00039_07	sp|P01763|HV348_HUMAN	69.307	101	119	117	1	96	20	116	3.27e-40	132	81
P00039_07	sp|P01780|HV307_HUMAN	69.307	101	119	117	1	96	20	116	9.06e-40	131	81
P00039_07	sp|P01784|HV01_CANLF	57.937	126	119	114	1	119	1	113	1.02e-39	131	100
P00039_07	sp|P01764|HV323_HUMAN	69.307	101	119	117	1	96	20	116	1.95e-39	130	81
P00039_07	sp|P0DP02|HVC33_HUMAN	70.192	104	119	117	1	96	20	116	6.50e-39	129	81
P00039_07	sp|P0DP03|HVC05_HUMAN	70.192	104	119	117	1	96	20	116	1.28e-38	129	81
P00039_07	sp|P01768|HV330_HUMAN	70.192	104	119	117	1	96	20	116	1.28e-38	129	81
P00039_07	sp|P01767|HV353_HUMAN	70.000	100	119	116	1	95	20	114	1.58e-38	128	80
P00039_07	sp|P01772|HV333_HUMAN	70.192	104	119	117	1	96	20	116	1.76e-38	128	81
P00039_07	sp|A0A0J9YX35|HV64D_HUMAN	68.269	104	119	117	1	96	20	116	2.94e-38	127	81
P00039_07	sp|P19181|HV05_CARAU	70.000	100	119	116	1	95	20	114	4.28e-38	127	80
P00039_07	sp|P0DTE1|HV383_HUMAN	69.697	99	119	115	1	95	20	113	7.58e-38	126	80
P00039_07	sp|A0A0C4DH42|HV366_HUMAN	70.000	100	119	116	1	95	20	114	9.20e-38	126	80
P00039_07	sp|A0A0C4DH36|HV338_HUMAN	69.697	99	119	116	1	95	20	113	9.41e-38	126	80
P00039_07	sp|A0A0C4DH35|HV335_HUMAN	66.667	102	119	117	1	96	20	116	3.23e-37	125	81
P00039_07	sp|A0A0B4J1X5|HV374_HUMAN	67.961	103	119	117	1	95	20	115	4.29e-37	125	80
P00039_07	sp|P0DOX5|IGG1_HUMAN	60.484	124	119	449	1	119	1	118	5.37e-37	133	100
P00039_07	sp|A0A0B4J1V1|HV321_HUMAN	66.327	98	119	117	1	96	20	116	6.43e-37	124	81
P00039_07	sp|P01793|HVM24_MOUSE	55.645	124	119	123	1	119	1	122	1.16e-36	124	100
P00039_07	sp|A0A075B6Q5|HV364_HUMAN	67.308	104	119	118	1	96	21	117	2.38e-36	123	81
P00039_08	sp|P01784|HV01_CANLF	58.678	121	119	114	1	119	1	113	4.44e-40	132	100
P00039_08	sp|P01780|HV307_HUMAN	68.367	98	119	117	1	96	20	116	9.26e-40	131	81
P00039_08	sp|P0DP02|HVC33_HUMAN	69.388	98	119	117	1	96	20	116	1.09e-39	131	81
P00039_08	sp|P0DP03|HVC05_HUMAN	69.388	98	119	117	1	96	20	116	2.51e-39	130	81
P00039_08	sp|P01768|HV330_HUMAN	69.388	98	119	117	1	96	20	116	2.51e-39	130	81
P00039_08	sp|P01764|HV323_HUMAN	67.647	102	119	117	1	96	20	116	4.33e-39	130	81
P00039_08	sp|P01763|HV348_HUMAN	67.327	101	119	117	1	96	20	116	5.28e-39	129	81
P00039_08	sp|P01772|HV333_HUMAN	69.388	98	119	117	1	96	20	116	5.70e-39	129	81
P00039_08	sp|A0A0J9YX35|HV64D_HUMAN	65.686	102	119	117	1	96	20	116	8.14e-38	126	81
P00039_08	sp|A0A0C4DH35|HV335_HUMAN	65.306	98	119	117	1	96	20	116	8.59e-38	126	81
P00039_08	sp|P0DOX5|IGG1_HUMAN	61.983	121	119	449	1	119	1	118	9.40e-38	135	100
P00039_08	sp|A0A0C4DH42|HV366_HUMAN	68.000	100	119	116	1	95	20	114	1.25e-37	126	80
P00039_08	sp|A0A0B4J1V1|HV321_HUMAN	66.327	98	119	117	1	96	20	116	1.33e-37	126	81
P00039_08	sp|P01792|HVM23_MOUSE	52.846	123	119	123	1	119	1	122	1.63e-37	126	100
P00039_08	sp|P01767|HV353_HUMAN	67.000	100	119	116	1	95	20	114	2.46e-37	125	80
P00039_08	sp|A0A0B4J1Y9|HV372_HUMAN	66.667	99	119	119	1	95	20	117	3.01e-37	125	80
P00039_08	sp|P01793|HVM24_MOUSE	53.659	123	119	123	1	119	1	122	3.82e-37	125	100
P00039_08	sp|A0A0B4J1X5|HV374_HUMAN	66.000	100	119	117	1	95	20	115	3.93e-37	125	80
P00039_08	sp|P19181|HV05_CARAU	67.000	100	119	116	1	95	20	114	6.59e-37	124	80
P00039_08	sp|P01794|HVM25_MOUSE	52.846	123	119	123	1	119	1	122	1.10e-36	124	100
P00040_00	sp|P01784|HV01_CANLF	58.400	125	123	114	1	123	1	113	4.54e-40	132	100
P00040_00	sp|P01782|HV309_HUMAN	68.000	100	123	118	1	97	20	117	2.13e-38	128	79
P00040_00	sp|P01764|HV323_HUMAN	67.647	102	123	117	1	97	20	117	2.58e-38	128	79
P00040_00	sp|P01780|HV307_HUMAN	67.000	100	123	117	1	97	20	117	9.90e-38	126	79
P00040_00	sp|P01767|HV353_HUMAN	65.347	101	123	116	1	97	20	116	1.59e-37	126	79
P00040_00	sp|P01762|HV311_HUMAN	66.667	99	123	117	1	97	20	117	2.62e-37	125	79
P00040_00	sp|A0A0C4DH42|HV366_HUMAN	67.347	98	123	116	1	97	20	116	3.94e-37	125	79
P00040_00	sp|P19181|HV05_CARAU	65.347	101	123	116	1	97	20	116	4.30e-37	125	79
P00040_00	sp|P01763|HV348_HUMAN	67.000	100	123	117	1	97	20	117	4.43e-37	125	79
P00040_00	sp|P0DP02|HVC33_HUMAN	66.667	102	123	117	1	97	20	117	8.82e-37	124	79
P00040_00	sp|A0A0J9YX35|HV64D_HUMAN	64.706	102	123	117	1	97	20	117	1.24e-36	124	79
P00040_00	sp|P0DP03|HVC05_HUMAN	66.667	102	123	117	1	97	20	117	2.16e-36	123	79
P00040_00	sp|P01768|HV330_HUMAN	66.667	102	123	117	1	97	20	117	2.16e-36	123	79
P00040_00	sp|P01772|HV333_HUMAN	66.667	102	123	117	1	97	20	117	2.44e-36	123	79
P00040_00	sp|A0A0B4J1Y9|HV372_HUMAN	63.366	101	123	119	1	97	20	119	2.73e-36	123	79
P00040_00	sp|A0A0B4J1V6|HV373_HUMAN	63.366	101	123	119	1	97	20	119	5.50e-36	122	79
P00040_00	sp|P01805|HVR01_RAT	51.969	127	123	142	1	123	20	141	6.49e-36	122	100
P00040_00	sp|A0A0B4J1X5|HV374_HUMAN	65.657	99	123	117	1	97	20	117	6.60e-36	122	79
P00040_00	sp|P01807|HVM37_MOUSE	54.331	127	123	119	1	123	1	117	8.34e-36	122	100
P00040_00	sp|A0A0B4J1V0|HV315_HUMAN	64.000	100	123	119	1	96	20	118	9.20e-36	121	78
P00040_01	sp|P01764|HV323_HUMAN	69.000	100	123	117	1	97	20	117	7.83e-39	129	79
P00040_01	sp|A0A0C4DH42|HV366_HUMAN	65.686	102	123	116	1	97	20	116	6.00e-38	127	79
P00040_01	sp|P01784|HV01_CANLF	57.937	126	123	114	1	123	1	113	6.38e-38	127	100
P00040_01	sp|P01780|HV307_HUMAN	66.667	99	123	117	1	97	20	117	1.32e-37	126	79
P00040_01	sp|P01767|HV353_HUMAN	64.706	102	123	116	1	97	20	116	1.35e-37	126	79
P00040_01	sp|P19181|HV05_CARAU	64.706	102	123	116	1	97	20	116	3.65e-37	125	79
P00040_01	sp|P0DP02|HVC33_HUMAN	67.677	99	123	117	1	97	20	117	5.39e-37	124	79
P00040_01	sp|P01786|HVM17_MOUSE	52.713	129	123	117	1	123	1	116	5.51e-37	124	100
P00040_01	sp|P01785|HV02_CANLF	54.839	124	123	117	1	123	1	116	1.06e-36	124	100
P00040_01	sp|P0DP03|HVC05_HUMAN	67.677	99	123	117	1	97	20	117	1.37e-36	124	79
P00040_01	sp|P01768|HV330_HUMAN	67.677	99	123	117	1	97	20	117	1.37e-36	124	79
P00040_01	sp|P01763|HV348_HUMAN	65.657	99	123	117	1	97	20	117	1.54e-36	123	79
P00040_01	sp|P01762|HV311_HUMAN	66.000	100	123	117	1	97	20	117	1.72e-36	123	79
P00040_01	sp|A0A0J9YX35|HV64D_HUMAN	66.000	100	123	117	1	97	20	117	1.98e-36	123	79
P00040_01	sp|P01772|HV333_HUMAN	67.677	99	123	117	1	97	20	117	2.23e-36	123	79
P00040_01	sp|P0DOX5|IGG1_HUMAN	59.200	125	123	449	1	123	1	118	2.30e-36	131	100
P00040_01	sp|P0DTE1|HV383_HUMAN	67.368	95	123	115	1	95	20	113	8.08e-36	121	77
P00040_01	sp|A0A0C4DH36|HV338_HUMAN	65.979	97	123	116	1	97	20	115	1.06e-35	121	79
P00040_01	sp|A0A0B4J1V1|HV321_HUMAN	65.657	99	123	117	1	97	20	117	1.39e-35	121	79
P00040_01	sp|A0A0C4DH35|HV335_HUMAN	63.636	99	123	117	1	97	20	117	1.73e-35	120	79
P00040_02	sp|P01784|HV01_CANLF	60.317	126	123	114	1	123	1	113	9.14e-40	131	100
P00040_02	sp|P01764|HV323_HUMAN	66.990	103	123	117	1	97	20	117	9.90e-38	126	79
P00040_02	sp|A0A0C4DH42|HV366_HUMAN	65.686	102	123	116	1	97	20	116	1.87e-37	125	79
P00040_02	sp|P01782|HV309_HUMAN	67.000	100	123	118	1	97	20	117	2.79e-37	125	79
P00040_02	sp|P01767|HV353_HUMAN	64.706	102	123	116	1	97	20	116	3.42e-37	125	79
P00040_02	sp|P01763|HV348_HUMAN	64.706	102	123	117	1	97	20	117	4.63e-37	125	79
P00040_02	sp|P01780|HV307_HUMAN	66.337	101	123	117	1	97	20	117	5.95e-37	124	79
P00040_02	sp|P19181|HV05_CARAU	64.706	102	123	116	1	97	20	116	9.45e-37	124	79
P00040_02	sp|P01762|HV311_HUMAN	66.667	99	123	117	1	97	20	117	1.09e-36	124	79
P00040_02	sp|P0DP02|HVC33_HUMAN	68.000	100	123	117	1	97	20	117	2.47e-36	123	79
P00040_02	sp|A0A0B4J1V0|HV315_HUMAN	65.049	103	123	119	1	96	20	118	2.67e-36	123	78
P00040_02	sp|A0A0J9YX35|HV64D_HUMAN	64.706	102	123	117	1	96	20	116	3.14e-36	122	78
P00040_02	sp|A0A0C4DH35|HV335_HUMAN	65.657	99	123	117	1	97	20	117	3.17e-36	122	79
P00040_02	sp|P01772|HV333_HUMAN	68.000	100	123	117	1	97	20	117	3.82e-36	122	79
P00040_02	sp|P01786|HVM17_MOUSE	51.163	129	123	117	1	123	1	116	6.18e-36	122	100
P00040_02	sp|P0DP03|HVC05_HUMAN	68.687	99	123	117	1	96	20	116	6.31e-36	122	78
P00040_02	sp|P01768|HV330_HUMAN	68.687	99	123	117	1	96	20	116	6.31e-36	122	78
P00040_02	sp|A0A0C4DH32|HV320_HUMAN	64.000	100	123	117	1	97	20	117	6.89e-36	122	79
P00040_02	sp|A0A0B4J1Y9|HV372_HUMAN	62.376	101	123	119	1	97	20	119	2.28e-35	120	79
P00040_02	sp|A0A0B4J1X5|HV374_HUMAN	66.667	99	123	117	1	97	20	117	2.45e-35	120	79
P00040_03	sp|P01764|HV323_HUMAN	68.687	99	123	117	1	97	20	117	1.59e-38	128	79
P00040_03	sp|P01780|HV307_HUMAN	67.677	99	123	117	1	97	20	117	2.75e-38	128	79
P00040_03	sp|P01784|HV01_CANLF	58.140	129	123	114	1	123	1	113	8.66e-38	126	100
P00040_03	sp|A0A0C4DH42|HV366_HUMAN	67.347	98	123	116	1	97	20	116	1.41e-37	126	79
P00040_03	sp|P01767|HV353_HUMAN	64.706	102	123	116	1	97	20	116	2.90e-37	125	79
P00040_03	sp|A0A0J9YX35|HV64D_HUMAN	66.667	99	123	117	1	97	20	117	3.26e-37	125	79
P00040_03	sp|P01782|HV309_HUMAN	66.000	100	123	118	1	97	20	117	3.36e-37	125	79
P00040_03	sp|P01763|HV348_HUMAN	65.657	99	123	117	1	97	20	117	4.58e-37	125	79
P00040_03	sp|P01762|HV311_HUMAN	66.667	99	123	117	1	97	20	117	6.79e-37	124	79
P00040_03	sp|P19181|HV05_CARAU	64.706	102	123	116	1	97	20	116	8.02e-37	124	79
P00040_03	sp|P0DP02|HVC33_HUMAN	66.667	102	123	117	1	97	20	117	1.02e-36	124	79
P00040_03	sp|A0A0B4J1V0|HV315_HUMAN	64.078	103	123	119	1	96	20	118	1.84e-36	123	78
P00040_03	sp|P01772|HV333_HUMAN	66.667	102	123	117	1	97	20	117	2.00e-36	123	79
P00040_03	sp|A0A0C4DH32|HV320_HUMAN	64.000	100	123	117	1	97	20	117	2.07e-36	123	79
P00040_03	sp|P0DP03|HVC05_HUMAN	67.327	101	123	117	1	96	20	116	2.19e-36	123	78
P00040_03	sp|P01768|HV330_HUMAN	67.327	101	123	117	1	96	20	116	2.19e-36	123	78
P00040_03	sp|A0A0B4J1Y9|HV372_HUMAN	62.500	104	123	119	1	97	20	119	4.23e-36	122	79
P00040_03	sp|A0A0C4DH35|HV335_HUMAN	64.646	99	123	117	1	97	20	117	8.77e-36	121	79
P00040_03	sp|A0A0B4J1V1|HV321_HUMAN	64.646	99	123	117	1	97	20	117	1.02e-35	121	79
P00040_03	sp|P01807|HVM37_MOUSE	53.906	128	123	119	1	123	1	117	1.87e-35	120	100
P00040_04	sp|P01780|HV307_HUMAN	67.961	103	123	117	1	97	20	117	1.52e-39	131	79
P00040_04	sp|P01764|HV323_HUMAN	70.297	101	123	117	1	97	20	117	2.83e-39	130	79
P00040_04	sp|P01784|HV01_CANLF	58.730	126	123	114	1	123	1	113	2.23e-38	128	100
P00040_04	sp|A0A0C4DH42|HV366_HUMAN	68.687	99	123	116	1	97	20	116	3.05e-38	127	79
P00040_04	sp|P01785|HV02_CANLF	56.800	125	123	117	1	123	1	116	6.75e-38	127	100
P00040_04	sp|P0DP02|HVC33_HUMAN	69.000	100	123	117	1	97	20	117	8.22e-38	127	79
P00040_04	sp|P01767|HV353_HUMAN	67.677	99	123	116	1	97	20	116	9.50e-38	126	79
P00040_04	sp|P0DP03|HVC05_HUMAN	69.000	100	123	117	1	97	20	117	1.75e-37	126	79
P00040_04	sp|P01768|HV330_HUMAN	69.000	100	123	117	1	97	20	117	1.75e-37	126	79
P00040_04	sp|P19181|HV05_CARAU	67.677	99	123	116	1	97	20	116	2.14e-37	125	79
P00040_04	sp|A0A0J9YX35|HV64D_HUMAN	68.000	100	123	117	1	97	20	117	2.43e-37	125	79
P00040_04	sp|P01763|HV348_HUMAN	68.000	100	123	117	1	97	20	117	2.45e-37	125	79
P00040_04	sp|P01782|HV309_HUMAN	68.317	101	123	118	1	97	20	117	3.22e-37	125	79
P00040_04	sp|P01772|HV333_HUMAN	69.000	100	123	117	1	97	20	117	3.33e-37	125	79
P00040_04	sp|P01762|HV311_HUMAN	67.647	102	123	117	1	97	20	117	5.57e-37	124	79
P00040_04	sp|A0A0B4J1X5|HV374_HUMAN	66.990	103	123	117	1	97	20	117	9.32e-37	124	79
P00040_04	sp|P0DOX5|IGG1_HUMAN	59.524	126	123	449	1	123	1	118	1.10e-36	132	100
P00040_04	sp|A0A0C4DH35|HV335_HUMAN	67.327	101	123	117	1	97	20	117	2.41e-36	123	79
P00040_04	sp|A0A0C4DH36|HV338_HUMAN	67.347	98	123	116	1	97	20	115	3.51e-36	122	79
P00040_04	sp|A0A0B4J1Y9|HV372_HUMAN	64.706	102	123	119	1	97	20	119	3.67e-36	122	79
P00040_05	sp|P01764|HV323_HUMAN	69.000	100	123	117	1	97	20	117	1.28e-38	129	79
P00040_05	sp|A0A0C4DH42|HV366_HUMAN	67.347	98	123	116	1	97	20	116	1.11e-37	126	79
P00040_05	sp|P01784|HV01_CANLF	56.800	125	123	114	1	123	1	113	1.82e-37	125	100
P00040_05	sp|P01767|HV353_HUMAN	64.706	102	123	116	1	97	20	116	3.85e-37	125	79
P00040_05	sp|P01780|HV307_HUMAN	66.667	99	123	117	1	97	20	117	7.25e-37	124	79
P00040_05	sp|P0DP02|HVC33_HUMAN	69.000	100	123	117	1	97	20	117	8.63e-37	124	79
P00040_05	sp|P19181|HV05_CARAU	64.706	102	123	116	1	97	20	116	1.04e-36	124	79
P00040_05	sp|P01762|HV311_HUMAN	68.000	100	123	117	1	97	20	117	1.37e-36	124	79
P00040_05	sp|A0A0J9YX35|HV64D_HUMAN	67.327	101	123	117	1	97	20	117	1.54e-36	123	79
P00040_05	sp|P01786|HVM17_MOUSE	52.308	130	123	117	1	123	1	116	2.58e-36	123	100
P00040_05	sp|P0DP03|HVC05_HUMAN	69.000	100	123	117	1	97	20	117	2.63e-36	123	79
P00040_05	sp|P01768|HV330_HUMAN	69.000	100	123	117	1	97	20	117	2.63e-36	123	79
P00040_05	sp|P01763|HV348_HUMAN	66.000	100	123	117	1	97	20	117	3.17e-36	122	79
P00040_05	sp|P0DOX5|IGG1_HUMAN	59.200	125	123	449	1	123	1	118	3.57e-36	131	100
P00040_05	sp|P01772|HV333_HUMAN	69.000	100	123	117	1	97	20	117	5.13e-36	122	79
P00040_05	sp|A0A0C4DH36|HV338_HUMAN	65.306	98	123	116	1	98	20	116	8.33e-36	121	80
P00040_05	sp|P01785|HV02_CANLF	54.839	124	123	117	1	123	1	116	1.07e-35	121	100
P00040_05	sp|P01782|HV309_HUMAN	67.327	101	123	118	1	97	20	117	1.20e-35	121	79
P00040_05	sp|P0DTE1|HV383_HUMAN	67.368	95	123	115	1	95	20	113	2.09e-35	120	77
P00040_05	sp|A0A0B4J1X5|HV374_HUMAN	67.327	101	123	117	1	97	20	117	2.64e-35	120	79
P00040_06	sp|P01784|HV01_CANLF	59.690	129	123	114	1	123	1	113	1.99e-39	130	100
P00040_06	sp|A0A0C4DH42|HV366_HUMAN	66.667	102	123	116	1	97	20	116	1.33e-37	126	79
P00040_06	sp|P01767|HV353_HUMAN	65.686	102	123	116	1	97	20	116	2.87e-37	125	79
P00040_06	sp|P01764|HV323_HUMAN	69.000	100	123	117	1	97	20	117	3.64e-37	125	79
P00040_06	sp|P01780|HV307_HUMAN	68.687	99	123	117	1	97	20	117	6.94e-37	124	79
P00040_06	sp|P19181|HV05_CARAU	65.686	102	123	116	1	97	20	116	6.96e-37	124	79
P00040_06	sp|P0DP02|HVC33_HUMAN	70.297	101	123	117	1	97	20	117	9.73e-37	124	79
P00040_06	sp|P01762|HV311_HUMAN	66.667	99	123	117	1	97	20	117	2.26e-36	123	79
P00040_06	sp|P0DP03|HVC05_HUMAN	71.000	100	123	117	1	96	20	116	2.63e-36	123	78
P00040_06	sp|P01768|HV330_HUMAN	71.000	100	123	117	1	96	20	116	2.63e-36	123	78
P00040_06	sp|P01772|HV333_HUMAN	70.297	101	123	117	1	97	20	117	3.50e-36	122	79
P00040_06	sp|A0A0B4J1V0|HV315_HUMAN	65.049	103	123	119	1	96	20	118	4.19e-36	122	78
P00040_06	sp|P01763|HV348_HUMAN	67.000	100	123	117	1	97	20	117	4.35e-36	122	79
P00040_06	sp|A0A0J9YX35|HV64D_HUMAN	68.687	99	123	117	1	96	20	116	4.45e-36	122	78
P00040_06	sp|A0A0B4J1Y9|HV372_HUMAN	63.462	104	123	119	1	97	20	119	2.04e-35	120	79
P00040_06	sp|P01782|HV309_HUMAN	66.337	101	123	118	1	97	20	117	2.64e-35	120	79
P00040_06	sp|A0A0B4J1X5|HV374_HUMAN	67.327	101	123	117	1	97	20	117	2.95e-35	120	79
P00040_06	sp|P01807|HVM37_MOUSE	55.469	128	123	119	1	123	1	117	3.65e-35	120	100
P00040_06	sp|A0A0C4DH36|HV338_HUMAN	65.000	100	123	116	1	97	20	115	6.57e-35	119	79
P00040_06	sp|A0A0B4J1V1|HV321_HUMAN	64.646	99	123	117	1	97	20	117	6.70e-35	119	79
P00040_07	sp|P01764|HV323_HUMAN	70.000	100	123	117	1	97	20	117	3.60e-39	130	79
P00040_07	sp|A0A0C4DH42|HV366_HUMAN	68.367	98	123	116	1	97	20	116	5.59e-39	129	79
P00040_07	sp|P01784|HV01_CANLF	58.730	126	123	114	1	123	1	113	1.28e-38	129	100
P00040_07	sp|P01767|HV353_HUMAN	67.347	98	123	116	1	97	20	116	1.82e-38	128	79
P00040_07	sp|P19181|HV05_CARAU	67.347	98	123	116	1	97	20	116	5.56e-38	127	79
P00040_07	sp|A0A0J9YX35|HV64D_HUMAN	69.000	100	123	117	1	97	20	117	1.75e-37	126	79
P00040_07	sp|A0A0C4DH36|HV338_HUMAN	66.327	98	123	116	1	98	20	116	4.44e-37	125	80
P00040_07	sp|P01780|HV307_HUMAN	68.000	100	123	117	1	97	20	117	5.28e-37	124	79
P00040_07	sp|P01763|HV348_HUMAN	66.667	99	123	117	1	97	20	117	9.52e-37	124	79
P00040_07	sp|P0DP02|HVC33_HUMAN	69.000	100	123	117	1	97	20	117	1.09e-36	124	79
P00040_07	sp|P01782|HV309_HUMAN	68.317	101	123	118	1	97	20	117	1.16e-36	124	79
P00040_07	sp|P0DTE1|HV383_HUMAN	68.421	95	123	115	1	95	20	113	1.50e-36	123	77
P00040_07	sp|P01785|HV02_CANLF	56.452	124	123	117	1	123	1	116	1.84e-36	123	100
P00040_07	sp|P0DP03|HVC05_HUMAN	69.000	100	123	117	1	97	20	117	2.78e-36	123	79
P00040_07	sp|P01768|HV330_HUMAN	69.000	100	123	117	1	97	20	117	2.78e-36	123	79
P00040_07	sp|P01762|HV311_HUMAN	68.000	100	123	117	1	97	20	117	3.90e-36	122	79
P00040_07	sp|A0A0B4J1Y9|HV372_HUMAN	65.686	102	123	119	1	97	20	119	4.67e-36	122	79
P00040_07	sp|A0A0B4J1X5|HV374_HUMAN	68.317	101	123	117	1	97	20	117	4.80e-36	122	79
P00040_07	sp|P01772|HV333_HUMAN	69.000	100	123	117	1	97	20	117	5.36e-36	122	79
P00040_07	sp|A0A075B6Q5|HV364_HUMAN	68.000	100	123	118	1	97	21	118	1.44e-35	121	79
P00040_08	sp|A0A0C4DH42|HV366_HUMAN	65.686	102	123	116	1	97	20	116	1.14e-37	126	79
P00040_08	sp|P01767|HV353_HUMAN	64.706	102	123	116	1	97	20	116	2.38e-37	125	79
P00040_08	sp|P01764|HV323_HUMAN	66.990	103	123	117	1	97	20	117	3.76e-37	125	79
P00040_08	sp|P19181|HV05_CARAU	64.706	102	123	116	1	97	20	116	5.84e-37	124	79
P00040_08	sp|P01784|HV01_CANLF	58.140	129	123	114	1	123	1	113	6.00e-37	124	100
P00040_08	sp|P01782|HV309_HUMAN	67.327	101	123	118	1	97	20	117	2.83e-36	123	79
P00040_08	sp|A0A0J9YX35|HV64D_HUMAN	68.687	99	123	117	1	96	20	116	4.21e-36	122	78
P00040_08	sp|P0DP02|HVC33_HUMAN	70.000	100	123	117	1	97	20	117	5.91e-36	122	79
P00040_08	sp|P01786|HVM17_MOUSE	53.077	130	123	117	1	123	1	116	7.60e-36	122	100
P00040_08	sp|P01763|HV348_HUMAN	64.706	102	123	117	1	97	20	117	8.67e-36	121	79
P00040_08	sp|P01762|HV311_HUMAN	68.000	100	123	117	1	97	20	117	1.27e-35	121	79
P00040_08	sp|P01780|HV307_HUMAN	66.337	101	123	117	1	97	20	117	1.82e-35	120	79
P00040_08	sp|P0DP03|HVC05_HUMAN	70.707	99	123	117	1	96	20	116	1.88e-35	120	78
P00040_08	sp|P01768|HV330_HUMAN	70.707	99	123	117	1	96	20	116	1.88e-35	120	78
P00040_08	sp|P01772|HV333_HUMAN	70.000	100	123	117	1	97	20	117	2.95e-35	120	79
P00040_08	sp|P0DP04|HV43D_HUMAN	67.000	100	123	118	1	97	20	117	4.36e-35	120	79
P00040_08	sp|A0A0C4DH36|HV338_HUMAN	63.725	102	123	116	1	98	20	116	7.66e-35	119	80
P00040_08	sp|P01807|HVM37_MOUSE	54.688	128	123	119	1	123	1	117	1.23e-34	119	100
P00040_08	sp|A0A0C4DH32|HV320_HUMAN	65.000	100	123	117	1	97	20	117	1.39e-34	118	79
P00040_08	sp|A0A0C4DH35|HV335_HUMAN	64.646	99	123	117	1	97	20	117	1.68e-34	118	79
P00041_00	sp|P01763|HV348_HUMAN	68.367	98	127	117	1	98	20	116	3.65e-40	133	77
P00041_00	sp|P01764|HV323_HUMAN	68.367	98	127	117	1	98	20	116	8.30e-40	132	77
P00041_00	sp|P01780|HV307_HUMAN	67.347	98	127	117	1	98	20	116	8.58e-40	132	77
P00041_00	sp|A0A0J9YX35|HV64D_HUMAN	67.347	98	127	117	1	98	20	116	3.26e-39	130	77
P00041_00	sp|P01784|HV01_CANLF	57.812	128	127	114	1	127	1	113	6.47e-39	129	100
P00041_00	sp|A0A0C4DH35|HV335_HUMAN	66.327	98	127	117	1	98	20	116	1.04e-38	129	77
P00041_00	sp|A0A0C4DH42|HV366_HUMAN	69.072	97	127	116	1	97	20	114	2.55e-38	128	76
P00041_00	sp|P01767|HV353_HUMAN	68.041	97	127	116	1	97	20	114	3.28e-38	128	76
P00041_00	sp|P0DP02|HVC33_HUMAN	68.367	98	127	117	1	98	20	116	4.03e-38	127	77
P00041_00	sp|A0A0B4J1Y9|HV372_HUMAN	66.990	103	127	119	1	97	20	117	8.62e-38	127	76
P00041_00	sp|P0DP03|HVC05_HUMAN	68.367	98	127	117	1	98	20	116	8.67e-38	127	77
P00041_00	sp|P01768|HV330_HUMAN	68.367	98	127	117	1	98	20	116	8.67e-38	127	77
P00041_00	sp|P19181|HV05_CARAU	68.041	97	127	116	1	97	20	114	9.28e-38	127	76
P00041_00	sp|A0A0B4J1V1|HV321_HUMAN	66.327	98	127	117	1	98	20	116	9.99e-38	127	77
P00041_00	sp|P01782|HV309_HUMAN	66.327	98	127	118	1	98	20	116	1.20e-37	126	77
P00041_00	sp|A0A075B6Q5|HV364_HUMAN	66.327	98	127	118	1	98	21	117	1.31e-37	126	77
P00041_00	sp|P01762|HV311_HUMAN	66.327	98	127	117	1	98	20	116	2.95e-37	125	77
P00041_00	sp|P01772|HV333_HUMAN	68.367	98	127	117	1	98	20	116	3.44e-37	125	77
P00041_00	sp|A0A0C4DH32|HV320_HUMAN	64.286	98	127	117	1	98	20	116	1.04e-36	124	77
P00041_00	sp|P01786|HVM17_MOUSE	50.382	131	127	117	1	127	1	116	1.05e-36	124	100
P00041_01	sp|P01763|HV348_HUMAN	68.367	98	127	117	1	98	20	116	3.26e-39	130	77
P00041_01	sp|A0A0C4DH42|HV366_HUMAN	70.103	97	127	116	1	97	20	114	3.34e-39	130	76
P00041_01	sp|P01764|HV323_HUMAN	68.367	98	127	117	1	98	20	116	5.05e-39	130	77
P00041_01	sp|P01767|HV353_HUMAN	69.072	97	127	116	1	97	20	114	5.23e-39	130	76
P00041_01	sp|P01784|HV01_CANLF	57.364	129	127	114	1	127	1	113	5.49e-39	130	100
P00041_01	sp|P19181|HV05_CARAU	69.072	97	127	116	1	97	20	114	1.30e-38	129	76
P00041_01	sp|P01780|HV307_HUMAN	67.347	98	127	117	1	98	20	116	1.37e-38	129	77
P00041_01	sp|P0DP02|HVC33_HUMAN	70.707	99	127	117	1	98	20	116	3.17e-38	128	77
P00041_01	sp|A0A0J9YX35|HV64D_HUMAN	67.347	98	127	117	1	98	20	116	3.17e-38	128	77
P00041_01	sp|P0DP03|HVC05_HUMAN	70.707	99	127	117	1	98	20	116	6.38e-38	127	77
P00041_01	sp|P01768|HV330_HUMAN	70.707	99	127	117	1	98	20	116	6.38e-38	127	77
P00041_01	sp|A0A0C4DH35|HV335_HUMAN	66.327	98	127	117	1	98	20	116	7.36e-38	127	77
P00041_01	sp|P01772|HV333_HUMAN	70.707	99	127	117	1	98	20	116	1.04e-37	126	77
P00041_01	sp|A0A0B4J1V1|HV321_HUMAN	66.327	98	127	117	1	98	20	116	1.47e-37	126	77
P00041_01	sp|A0A0B4J1Y9|HV372_HUMAN	66.990	103	127	119	1	97	20	117	1.49e-37	126	76
P00041_01	sp|P01762|HV311_HUMAN	66.327	98	127	117	1	98	20	116	5.15e-37	125	77
P00041_01	sp|P01791|HVM22_MOUSE	53.488	129	127	123	1	127	1	122	7.50e-37	124	100
P00041_01	sp|P01782|HV309_HUMAN	66.327	98	127	118	1	98	20	116	1.06e-36	124	77
P00041_01	sp|A0A075B6Q5|HV364_HUMAN	66.327	98	127	118	1	98	21	117	1.58e-36	124	77
P00041_01	sp|P01807|HVM37_MOUSE	53.906	128	127	119	1	127	1	117	3.70e-36	122	100
P00041_02	sp|P01784|HV01_CANLF	55.906	127	127	114	1	127	1	113	3.43e-39	130	100
P00041_02	sp|P01763|HV348_HUMAN	69.000	100	127	117	1	98	20	116	4.99e-39	130	77
P00041_02	sp|P01764|HV323_HUMAN	69.000	100	127	117	1	98	20	116	6.63e-39	129	77
P00041_02	sp|A0A0C4DH36|HV338_HUMAN	68.367	98	127	116	1	98	20	114	1.31e-38	129	77
P00041_02	sp|P0DTE1|HV383_HUMAN	69.072	97	127	115	1	97	20	113	2.22e-38	128	76
P00041_02	sp|P0DP02|HVC33_HUMAN	69.000	100	127	117	1	98	20	116	2.26e-38	128	77
P00041_02	sp|A0A0J9YX35|HV64D_HUMAN	68.000	100	127	117	1	98	20	116	2.44e-38	128	77
P00041_02	sp|P01780|HV307_HUMAN	68.000	100	127	117	1	98	20	116	3.10e-38	128	77
P00041_02	sp|P0DP03|HVC05_HUMAN	69.000	100	127	117	1	98	20	116	5.24e-38	127	77
P00041_02	sp|P01768|HV330_HUMAN	69.000	100	127	117	1	98	20	116	5.24e-38	127	77
P00041_02	sp|A0A0C4DH35|HV335_HUMAN	66.327	98	127	117	1	98	20	116	6.24e-38	127	77
P00041_02	sp|P01762|HV311_HUMAN	67.347	98	127	117	1	98	20	116	6.89e-38	127	77
P00041_02	sp|A0A0B4J1V1|HV321_HUMAN	66.327	98	127	117	1	98	20	116	7.12e-38	127	77
P00041_02	sp|A0A0C4DH42|HV366_HUMAN	68.687	99	127	116	1	98	20	115	1.00e-37	126	77
P00041_02	sp|P01772|HV333_HUMAN	69.000	100	127	117	1	98	20	116	1.04e-37	126	77
P00041_02	sp|P01767|HV353_HUMAN	68.367	98	127	116	1	97	20	114	1.26e-37	126	76
P00041_02	sp|P01782|HV309_HUMAN	66.327	98	127	118	1	98	20	116	1.34e-37	126	77
P00041_02	sp|P01791|HVM22_MOUSE	54.264	129	127	123	1	127	1	122	1.42e-37	126	100
P00041_02	sp|P01801|HVM32_MOUSE	53.488	129	127	115	1	127	1	114	2.87e-37	125	100
P00041_02	sp|P19181|HV05_CARAU	67.677	99	127	116	1	98	20	115	3.64e-37	125	77
P00041_03	sp|P01784|HV01_CANLF	58.140	129	127	114	1	127	1	113	2.39e-39	130	100
P00041_03	sp|P01764|HV323_HUMAN	68.317	101	127	117	1	98	20	116	2.95e-39	130	77
P00041_03	sp|P01763|HV348_HUMAN	69.000	100	127	117	1	98	20	116	5.27e-39	130	77
P00041_03	sp|A0A0C4DH42|HV366_HUMAN	70.408	98	127	116	1	97	20	114	9.24e-39	129	76
P00041_03	sp|P01767|HV353_HUMAN	69.388	98	127	116	1	97	20	114	1.53e-38	129	76
P00041_03	sp|A0A0C4DH36|HV338_HUMAN	69.072	97	127	116	1	97	20	113	3.21e-38	128	76
P00041_03	sp|P01787|HVM18_MOUSE	55.039	129	127	123	1	127	1	122	3.36e-38	128	100
P00041_03	sp|P01788|HVM19_MOUSE	55.039	129	127	123	1	127	1	122	4.01e-38	128	100
P00041_03	sp|P01790|HVM21_MOUSE	54.264	129	127	122	1	127	1	121	4.43e-38	127	100
P00041_03	sp|P19181|HV05_CARAU	69.388	98	127	116	1	97	20	114	4.76e-38	127	76
P00041_03	sp|P0DTE1|HV383_HUMAN	69.072	97	127	115	1	97	20	113	4.78e-38	127	76
P00041_03	sp|A0A0B4J1V1|HV321_HUMAN	66.327	98	127	117	1	98	20	116	6.31e-38	127	77
P00041_03	sp|P01791|HVM22_MOUSE	54.264	129	127	123	1	127	1	122	8.25e-38	127	100
P00041_03	sp|A0A0J9YX35|HV64D_HUMAN	68.000	100	127	117	1	98	20	116	9.06e-38	127	77
P00041_03	sp|P01780|HV307_HUMAN	69.000	100	127	117	1	98	20	116	1.01e-37	127	77
P00041_03	sp|P01762|HV311_HUMAN	67.347	98	127	117	1	98	20	116	1.04e-37	126	77
P00041_03	sp|P0DP02|HVC33_HUMAN	71.000	100	127	117	1	98	20	116	1.14e-37	126	77
P00041_03	sp|P0DP03|HVC05_HUMAN	71.000	100	127	117	1	98	20	116	2.20e-37	125	77
P00041_03	sp|P01768|HV330_HUMAN	71.000	100	127	117	1	98	20	116	2.20e-37	125	77
P00041_03	sp|A0A0C4DH35|HV335_HUMAN	66.327	98	127	117	1	98	20	116	2.85e-37	125	77
P00041_04	sp|P01763|HV348_HUMAN	70.408	98	127	117	1	98	20	116	2.95e-41	135	77
P00041_04	sp|P01764|HV323_HUMAN	70.408	98	127	117	1	98	20	116	4.47e-41	135	77
P00041_04	sp|P01780|HV307_HUMAN	68.367	98	127	117	1	98	20	116	6.60e-40	132	77
P00041_04	sp|P01784|HV01_CANLF	56.693	127	127	114	1	127	1	113	1.67e-39	131	100
P00041_04	sp|A0A0C4DH42|HV366_HUMAN	70.103	97	127	116	1	97	20	114	1.75e-39	131	76
P00041_04	sp|P01767|HV353_HUMAN	70.103	97	127	116	1	97	20	114	3.13e-39	130	76
P00041_04	sp|A0A0J9YX35|HV64D_HUMAN	67.347	98	127	117	1	98	20	116	6.71e-39	129	77
P00041_04	sp|P19181|HV05_CARAU	70.103	97	127	116	1	97	20	114	8.74e-39	129	76
P00041_04	sp|A0A0C4DH35|HV335_HUMAN	66.327	98	127	117	1	98	20	116	1.18e-38	129	77
P00041_04	sp|P0DP02|HVC33_HUMAN	70.707	99	127	117	1	98	20	116	1.31e-38	129	77
P00041_04	sp|P01772|HV333_HUMAN	69.388	98	127	117	1	98	20	116	1.52e-38	129	77
P00041_04	sp|P0DP03|HVC05_HUMAN	70.707	99	127	117	1	98	20	116	2.81e-38	128	77
P00041_04	sp|P01768|HV330_HUMAN	70.707	99	127	117	1	98	20	116	2.81e-38	128	77
P00041_04	sp|P01762|HV311_HUMAN	68.367	98	127	117	1	98	20	116	2.87e-38	128	77
P00041_04	sp|A0A0B4J1V1|HV321_HUMAN	68.367	98	127	117	1	98	20	116	1.69e-37	126	77
P00041_04	sp|P01782|HV309_HUMAN	66.327	98	127	118	1	98	20	116	2.52e-37	125	77
P00041_04	sp|A0A0C4DH36|HV338_HUMAN	68.367	98	127	116	1	98	20	114	2.54e-37	125	77
P00041_04	sp|A0A075B6Q5|HV364_HUMAN	66.327	98	127	118	1	98	21	117	3.21e-37	125	77
P00041_04	sp|A0A0B4J1Y9|HV372_HUMAN	65.686	102	127	119	1	97	20	117	3.42e-37	125	76
P00041_04	sp|P0DTE1|HV383_HUMAN	69.072	97	127	115	1	97	20	113	3.90e-37	125	76
P00041_05	sp|A0A0C4DH42|HV366_HUMAN	70.103	97	127	116	1	97	20	114	5.65e-39	130	76
P00041_05	sp|P01764|HV323_HUMAN	68.367	98	127	117	1	98	20	116	1.25e-38	129	77
P00041_05	sp|P01767|HV353_HUMAN	69.072	97	127	116	1	97	20	114	1.53e-38	129	76
P00041_05	sp|P01780|HV307_HUMAN	67.000	100	127	117	1	98	20	116	3.90e-38	127	77
P00041_05	sp|P01763|HV348_HUMAN	67.347	98	127	117	1	98	20	116	4.45e-38	127	77
P00041_05	sp|P19181|HV05_CARAU	69.072	97	127	116	1	97	20	114	4.98e-38	127	76
P00041_05	sp|P0DP02|HVC33_HUMAN	69.697	99	127	117	1	98	20	116	1.43e-37	126	77
P00041_05	sp|P01784|HV01_CANLF	56.154	130	127	114	1	127	1	113	1.86e-37	126	100
P00041_05	sp|A0A0J9YX35|HV64D_HUMAN	66.327	98	127	117	1	98	20	116	2.10e-37	125	77
P00041_05	sp|P0DP03|HVC05_HUMAN	69.697	99	127	117	1	98	20	116	2.95e-37	125	77
P00041_05	sp|P01768|HV330_HUMAN	69.697	99	127	117	1	98	20	116	2.95e-37	125	77
P00041_05	sp|P01772|HV333_HUMAN	68.367	98	127	117	1	98	20	116	4.01e-37	125	77
P00041_05	sp|A0A0B4J1Y9|HV372_HUMAN	66.019	103	127	119	1	97	20	117	9.34e-37	124	76
P00041_05	sp|P01762|HV311_HUMAN	66.327	98	127	117	1	98	20	116	1.30e-36	124	77
P00041_05	sp|A0A0B4J1V1|HV321_HUMAN	65.306	98	127	117	1	98	20	116	4.90e-36	122	77
P00041_05	sp|A0A0C4DH35|HV335_HUMAN	64.286	98	127	117	1	98	20	116	6.23e-36	122	77
P00041_05	sp|A0A075B6Q5|HV364_HUMAN	65.306	98	127	118	1	98	21	117	6.49e-36	122	77
P00041_05	sp|P01782|HV309_HUMAN	65.306	98	127	118	1	98	20	116	1.00e-35	121	77
P00041_05	sp|A0A0C4DH36|HV338_HUMAN	68.041	97	127	116	1	97	20	113	1.76e-35	121	76
P00041_05	sp|A0A0B4J1X5|HV374_HUMAN	65.000	100	127	117	1	98	20	116	2.17e-35	120	77
P00041_06	sp|P01763|HV348_HUMAN	68.367	98	127	117	1	98	20	116	2.28e-40	133	77
P00041_06	sp|A0A0C4DH42|HV366_HUMAN	70.103	97	127	116	1	97	20	114	3.55e-40	133	76
P00041_06	sp|P01764|HV323_HUMAN	68.367	98	127	117	1	98	20	116	4.80e-40	132	77
P00041_06	sp|P01767|HV353_HUMAN	69.072	97	127	116	1	97	20	114	5.14e-40	132	76
P00041_06	sp|P19181|HV05_CARAU	69.072	97	127	116	1	97	20	114	1.38e-39	131	76
P00041_06	sp|P01780|HV307_HUMAN	67.347	98	127	117	1	98	20	116	1.50e-39	131	77
P00041_06	sp|A0A0J9YX35|HV64D_HUMAN	67.347	98	127	117	1	98	20	116	1.91e-39	131	77
P00041_06	sp|P01784|HV01_CANLF	56.589	129	127	114	1	127	1	113	2.14e-39	130	100
P00041_06	sp|A0A0C4DH35|HV335_HUMAN	66.327	98	127	117	1	98	20	116	4.43e-39	130	77
P00041_06	sp|P0DP02|HVC33_HUMAN	69.697	99	127	117	1	98	20	116	6.63e-39	129	77
P00041_06	sp|P01772|HV333_HUMAN	68.367	98	127	117	1	98	20	116	1.07e-38	129	77
P00041_06	sp|A0A0B4J1Y9|HV372_HUMAN	66.990	103	127	119	1	97	20	117	1.43e-38	129	76
P00041_06	sp|P0DP03|HVC05_HUMAN	69.697	99	127	117	1	98	20	116	1.47e-38	129	77
P00041_06	sp|P01768|HV330_HUMAN	69.697	99	127	117	1	98	20	116	1.47e-38	129	77
P00041_06	sp|A0A0B4J1V1|HV321_HUMAN	66.327	98	127	117	1	98	20	116	3.17e-38	128	77
P00041_06	sp|P01782|HV309_HUMAN	66.327	98	127	118	1	98	20	116	5.23e-38	127	77
P00041_06	sp|P01762|HV311_HUMAN	66.327	98	127	117	1	98	20	116	8.12e-38	127	77
P00041_06	sp|A0A075B6Q5|HV364_HUMAN	66.327	98	127	118	1	98	21	117	9.86e-38	127	77
P00041_06	sp|P01807|HVM37_MOUSE	51.969	127	127	119	1	127	1	117	2.52e-37	125	100
P00041_06	sp|P01810|HVM40_MOUSE	51.181	127	127	119	1	127	1	117	4.21e-37	125	100
P00041_07	sp|P01784|HV01_CANLF	57.364	129	127	114	1	127	1	113	1.67e-39	131	100
P00041_07	sp|P01764|HV323_HUMAN	67.647	102	127	117	1	99	20	117	3.54e-38	128	78
P00041_07	sp|A0A0C4DH42|HV366_HUMAN	69.072	97	127	116	1	97	20	114	1.49e-37	126	76
P00041_07	sp|P01767|HV353_HUMAN	68.041	97	127	116	1	97	20	114	1.77e-37	126	76
P00041_07	sp|P01791|HVM22_MOUSE	54.264	129	127	123	1	127	1	122	2.68e-37	125	100
P00041_07	sp|P01762|HV311_HUMAN	67.347	98	127	117	1	98	20	116	4.37e-37	125	77
P00041_07	sp|P01780|HV307_HUMAN	66.000	100	127	117	1	98	20	116	4.67e-37	125	77
P00041_07	sp|P19181|HV05_CARAU	67.347	98	127	116	1	98	20	115	5.76e-37	124	77
P00041_07	sp|P0DP02|HVC33_HUMAN	69.307	101	127	117	1	98	20	116	8.52e-37	124	77
P00041_07	sp|P01782|HV309_HUMAN	66.327	98	127	118	1	98	20	116	1.00e-36	124	77
P00041_07	sp|A0A0J9YX35|HV64D_HUMAN	65.657	99	127	117	1	99	20	117	1.38e-36	124	78
P00041_07	sp|P0DP03|HVC05_HUMAN	68.627	102	127	117	1	99	20	117	1.85e-36	123	78
P00041_07	sp|P01768|HV330_HUMAN	68.627	102	127	117	1	99	20	117	1.85e-36	123	78
P00041_07	sp|A0A0B4J1X5|HV374_HUMAN	66.000	100	127	117	1	98	20	116	2.49e-36	123	77
P00041_07	sp|P01763|HV348_HUMAN	66.327	98	127	117	1	98	20	116	2.49e-36	123	77
P00041_07	sp|P01772|HV333_HUMAN	69.307	101	127	117	1	98	20	116	2.77e-36	123	77
P00041_07	sp|A0A0C4DH36|HV338_HUMAN	67.347	98	127	116	1	98	20	114	2.91e-36	123	77
P00041_07	sp|P01787|HVM18_MOUSE	53.488	129	127	123	1	127	1	122	4.17e-36	122	100
P00041_07	sp|P0DTE1|HV383_HUMAN	68.041	97	127	115	1	97	20	113	4.52e-36	122	76
P00041_07	sp|A0A0B4J1V1|HV321_HUMAN	65.306	98	127	117	1	98	20	116	4.59e-36	122	77
P00041_08	sp|P01784|HV01_CANLF	56.693	127	127	114	1	127	1	113	5.71e-40	132	100
P00041_08	sp|P01763|HV348_HUMAN	68.367	98	127	117	1	98	20	116	1.50e-39	131	77
P00041_08	sp|P01764|HV323_HUMAN	68.367	98	127	117	1	98	20	116	4.38e-39	130	77
P00041_08	sp|P01780|HV307_HUMAN	67.347	98	127	117	1	98	20	116	6.63e-39	129	77
P00041_08	sp|P01762|HV311_HUMAN	68.367	98	127	117	1	98	20	116	7.01e-39	129	77
P00041_08	sp|A0A0C4DH35|HV335_HUMAN	66.327	98	127	117	1	98	20	116	3.17e-38	128	77
P00041_08	sp|P01782|HV309_HUMAN	66.327	98	127	118	1	98	20	116	3.45e-38	128	77
P00041_08	sp|P01801|HVM32_MOUSE	53.488	129	127	115	1	127	1	114	5.05e-38	127	100
P00041_08	sp|A0A0B4J1X5|HV374_HUMAN	67.347	98	127	117	1	98	20	116	6.31e-38	127	77
P00041_08	sp|A0A0C4DH42|HV366_HUMAN	69.072	97	127	116	1	97	20	114	7.14e-38	127	76
P00041_08	sp|A0A0B4J1Y9|HV372_HUMAN	65.686	102	127	119	1	97	20	117	9.00e-38	127	76
P00041_08	sp|A0A0J9YX35|HV64D_HUMAN	66.327	98	127	117	1	98	20	116	1.16e-37	126	77
P00041_08	sp|P0DP02|HVC33_HUMAN	69.000	100	127	117	1	98	20	116	1.18e-37	126	77
P00041_08	sp|P01807|HVM37_MOUSE	53.543	127	127	119	1	127	1	117	1.18e-37	126	100
P00041_08	sp|A0A0B4J1V1|HV321_HUMAN	67.347	98	127	117	1	98	20	116	1.33e-37	126	77
P00041_08	sp|P01767|HV353_HUMAN	68.041	97	127	116	1	97	20	114	1.73e-37	126	76
P00041_08	sp|A0A0B4J1V0|HV315_HUMAN	65.000	100	127	119	1	98	20	118	1.87e-37	126	77
P00041_08	sp|P0DP03|HVC05_HUMAN	69.000	100	127	117	1	98	20	116	2.45e-37	125	77
P00041_08	sp|P01768|HV330_HUMAN	69.000	100	127	117	1	98	20	116	2.45e-37	125	77
P00041_08	sp|A0A0C4DH36|HV338_HUMAN	68.041	97	127	116	1	97	20	113	3.26e-37	125	76
