P00001_00	5n88_A	62.992	127	127	126	1	127	1	126	3.33e-47	151	100
P00001_00	5n88_H	62.992	127	127	126	1	127	1	126	3.33e-47	151	100
P00001_00	9nh7_F	66.929	127	127	140	1	127	4	124	2.54e-46	149	100
P00001_00	9nh7_E	66.929	127	127	140	1	127	4	124	2.54e-46	149	100
P00001_00	8i5h_E	65.152	132	127	230	1	127	1	116	9.42e-46	151	100
P00001_00	8i5h_B	65.152	132	127	230	1	127	1	116	9.42e-46	151	100
P00001_00	8i5h_H	65.152	132	127	230	1	127	1	116	9.42e-46	151	100
P00001_00	7yow_B	65.152	132	127	230	1	127	1	116	9.42e-46	151	100
P00001_00	7yow_H	65.152	132	127	230	1	127	1	116	9.42e-46	151	100
P00001_00	7wnb_H	65.152	132	127	230	1	127	1	116	9.42e-46	151	100
P00001_00	9c7f_E	64.567	127	127	225	1	127	1	121	1.44e-45	150	100
P00001_00	9c7f_C	64.567	127	127	225	1	127	1	121	1.44e-45	150	100
P00001_00	9c7f_A	64.567	127	127	225	1	127	1	121	1.44e-45	150	100
P00001_00	9c7f_H	64.567	127	127	225	1	127	1	121	1.44e-45	150	100
P00001_00	4kfz_D	64.567	127	127	129	1	127	6	128	1.71e-45	147	100
P00001_00	4kfz_C	64.567	127	127	129	1	127	6	128	1.71e-45	147	100
P00001_00	5yoy_R	63.780	127	127	129	1	127	4	128	2.03e-45	147	100
P00001_00	5yoy_Q	63.780	127	127	129	1	127	4	128	2.03e-45	147	100
P00001_00	5yoy_P	63.780	127	127	129	1	127	4	128	2.03e-45	147	100
P00001_00	5yoy_I	63.780	127	127	129	1	127	4	128	2.03e-45	147	100
P00001_01	9vq6_H	66.929	127	127	132	1	127	3	119	7.36e-48	153	100
P00001_01	9vq6_C	66.929	127	127	132	1	127	3	119	7.36e-48	153	100
P00001_01	9vq6_B	66.929	127	127	132	1	127	3	119	7.36e-48	153	100
P00001_01	9vq6_A	66.929	127	127	132	1	127	3	119	7.36e-48	153	100
P00001_01	9nh7_F	66.406	128	127	140	1	127	4	124	9.09e-47	150	100
P00001_01	9nh7_E	66.406	128	127	140	1	127	4	124	9.09e-47	150	100
P00001_01	3eak_B	65.185	135	127	137	1	127	1	127	1.60e-46	150	100
P00001_01	3eak_A	65.185	135	127	137	1	127	1	127	1.60e-46	150	100
P00001_01	5grj_H	64.567	127	127	120	1	127	1	119	1.70e-46	149	100
P00001_01	7obf_B	63.780	127	127	125	1	127	1	119	2.32e-46	149	100
P00001_01	7obf_A	63.780	127	127	125	1	127	1	119	2.32e-46	149	100
P00001_01	1ohq_B	63.780	127	127	120	1	127	1	119	2.61e-46	149	100
P00001_01	1ohq_A	63.780	127	127	120	1	127	1	119	2.61e-46	149	100
P00001_01	6rqm_B	67.188	128	127	144	1	127	1	127	2.72e-46	150	100
P00001_01	4u3x_C	65.354	127	127	121	1	127	1	120	8.32e-46	147	100
P00001_01	4u3x_A	65.354	127	127	121	1	127	1	120	8.32e-46	147	100
P00001_01	4pgj_C	65.354	127	127	121	1	127	1	120	8.32e-46	147	100
P00001_01	4pgj_A	65.354	127	127	121	1	127	1	120	8.32e-46	147	100
P00001_01	2v7n_H	65.354	127	127	229	1	127	1	118	9.26e-46	151	100
P00001_01	2v7n_F	65.354	127	127	229	1	127	1	118	9.26e-46	151	100
P00001_02	5e08_H	66.142	127	127	233	1	127	1	125	2.01e-46	153	100
P00001_02	7e7e_C	64.341	129	127	228	1	127	1	119	7.32e-46	151	100
P00001_02	7e7e_H	64.341	129	127	228	1	127	1	119	7.32e-46	151	100
P00001_02	9nh7_F	64.706	136	127	140	1	127	4	124	1.04e-45	148	100
P00001_02	9nh7_E	64.706	136	127	140	1	127	4	124	1.04e-45	148	100
P00001_02	3eak_B	64.748	139	127	137	1	127	1	127	3.46e-45	147	100
P00001_02	3eak_A	64.748	139	127	137	1	127	1	127	3.46e-45	147	100
P00001_02	6xq4_E	66.154	130	127	233	1	127	1	121	3.99e-45	149	100
P00001_02	6xq4_C	66.154	130	127	233	1	127	1	121	3.99e-45	149	100
P00001_02	9c7f_E	64.567	127	127	225	1	127	1	121	4.09e-45	149	100
P00001_02	9c7f_C	64.567	127	127	225	1	127	1	121	4.09e-45	149	100
P00001_02	9c7f_A	64.567	127	127	225	1	127	1	121	4.09e-45	149	100
P00001_02	9c7f_H	64.567	127	127	225	1	127	1	121	4.09e-45	149	100
P00001_02	4i18_A	65.354	127	127	236	1	127	4	127	4.11e-45	150	100
P00001_02	4i18_H	65.354	127	127	236	1	127	4	127	4.11e-45	150	100
P00001_02	7kfv_H	64.615	130	127	225	1	127	1	119	5.37e-45	149	100
P00001_02	7kfv_F	64.615	130	127	225	1	127	1	119	5.37e-45	149	100
P00001_02	7kfv_C	64.615	130	127	225	1	127	1	119	5.37e-45	149	100
P00001_02	7kfy_H	64.615	130	127	225	1	127	1	119	5.73e-45	149	100
P00001_02	7nd3_H	65.414	133	127	237	1	127	14	131	7.84e-45	149	100
P00001_03	5e08_H	66.929	127	127	233	1	127	1	125	2.71e-47	155	100
P00001_03	5n88_A	64.062	128	127	126	1	127	1	126	3.14e-46	149	100
P00001_03	5n88_H	64.062	128	127	126	1	127	1	126	3.14e-46	149	100
P00001_03	9nh7_F	65.414	133	127	140	1	127	4	124	3.30e-46	149	100
P00001_03	9nh7_E	65.414	133	127	140	1	127	4	124	3.30e-46	149	100
P00001_03	9dlf_B	65.354	127	127	126	1	127	1	124	3.83e-46	149	100
P00001_03	6o3a_B	64.567	127	127	218	1	127	1	119	1.44e-45	150	100
P00001_03	3eak_B	64.706	136	127	137	1	127	1	127	2.04e-45	147	100
P00001_03	3eak_A	64.706	136	127	137	1	127	1	127	2.04e-45	147	100
P00001_03	9p3y_O	63.281	128	127	126	1	127	1	125	3.61e-45	146	100
P00001_03	9p3y_M	63.281	128	127	126	1	127	1	125	3.61e-45	146	100
P00001_03	9p3y_K	63.281	128	127	126	1	127	1	125	3.61e-45	146	100
P00001_03	9p3y_I	63.281	128	127	126	1	127	1	125	3.61e-45	146	100
P00001_03	8eqf_H	65.116	129	127	123	1	127	1	122	3.76e-45	146	100
P00001_03	4kfz_D	63.780	127	127	129	1	127	6	128	3.92e-45	146	100
P00001_03	4kfz_C	63.780	127	127	129	1	127	6	128	3.92e-45	146	100
P00001_03	7sk8_D	65.891	129	127	236	1	127	4	127	4.94e-45	149	100
P00001_03	7sk7_D	65.891	129	127	236	1	127	4	127	4.94e-45	149	100
P00001_03	7sk4_D	65.891	129	127	236	1	127	4	127	4.94e-45	149	100
P00001_03	7sk3_D	65.891	129	127	236	1	127	4	127	4.94e-45	149	100
P00001_04	6o3a_B	65.354	127	127	218	1	127	1	119	8.02e-47	153	100
P00001_04	7np1_K	65.152	132	127	224	1	127	1	120	1.43e-46	153	100
P00001_04	7np1_J	65.152	132	127	224	1	127	1	120	1.43e-46	153	100
P00001_04	7np1_I	65.152	132	127	224	1	127	1	120	1.43e-46	153	100
P00001_04	7np1_H	65.152	132	127	224	1	127	1	120	1.43e-46	153	100
P00001_04	9nh7_F	66.929	127	127	140	1	127	4	124	2.43e-46	150	100
P00001_04	9nh7_E	66.929	127	127	140	1	127	4	124	2.43e-46	150	100
P00001_04	5n88_A	62.205	127	127	126	1	127	1	126	2.67e-46	149	100
P00001_04	5n88_H	62.205	127	127	126	1	127	1	126	2.67e-46	149	100
P00001_04	4kfz_D	63.780	127	127	129	1	127	6	128	3.06e-46	149	100
P00001_04	4kfz_C	63.780	127	127	129	1	127	6	128	3.06e-46	149	100
P00001_04	3eak_B	64.662	133	127	137	1	127	1	127	3.79e-46	149	100
P00001_04	3eak_A	64.662	133	127	137	1	127	1	127	3.79e-46	149	100
P00001_04	7wur_G	60.630	127	127	118	1	127	1	117	4.95e-46	148	100
P00001_04	7wur_E	60.630	127	127	118	1	127	1	117	4.95e-46	148	100
P00001_04	8eqf_H	64.844	128	127	123	1	127	1	122	9.66e-46	147	100
P00001_04	9vq6_H	66.142	127	127	132	1	127	3	119	9.70e-46	148	100
P00001_04	9vq6_C	66.142	127	127	132	1	127	3	119	9.70e-46	148	100
P00001_04	9vq6_B	66.142	127	127	132	1	127	3	119	9.70e-46	148	100
P00001_04	9vq6_A	66.142	127	127	132	1	127	3	119	9.70e-46	148	100
P00001_05	9vq6_H	67.717	127	127	132	1	127	3	119	7.95e-48	153	100
P00001_05	9vq6_C	67.717	127	127	132	1	127	3	119	7.95e-48	153	100
P00001_05	9vq6_B	67.717	127	127	132	1	127	3	119	7.95e-48	153	100
P00001_05	9vq6_A	67.717	127	127	132	1	127	3	119	7.95e-48	153	100
P00001_05	5n88_A	63.780	127	127	126	1	127	1	126	1.58e-47	152	100
P00001_05	5n88_H	63.780	127	127	126	1	127	1	126	1.58e-47	152	100
P00001_05	9nh7_F	67.717	127	127	140	1	127	4	124	1.99e-47	152	100
P00001_05	9nh7_E	67.717	127	127	140	1	127	4	124	1.99e-47	152	100
P00001_05	3eak_B	65.185	135	127	137	1	127	1	127	1.02e-46	150	100
P00001_05	3eak_A	65.185	135	127	137	1	127	1	127	1.02e-46	150	100
P00001_05	8bcz_E	63.780	127	127	121	1	127	1	120	2.61e-46	149	100
P00001_05	8jen_G	63.780	127	127	222	1	127	1	118	8.20e-46	151	100
P00001_05	8jen_E	63.780	127	127	222	1	127	1	118	8.20e-46	151	100
P00001_05	8jen_C	63.780	127	127	222	1	127	1	118	8.20e-46	151	100
P00001_05	8jen_A	63.780	127	127	222	1	127	1	118	8.20e-46	151	100
P00001_05	8jel_I	63.780	127	127	222	1	127	1	118	8.20e-46	151	100
P00001_05	8jel_F	63.780	127	127	222	1	127	1	118	8.20e-46	151	100
P00001_05	8jel_A	63.780	127	127	222	1	127	1	118	8.20e-46	151	100
P00001_05	8jel_C	63.780	127	127	222	1	127	1	118	8.20e-46	151	100
P00001_05	2uzi_H	62.992	127	127	114	1	127	1	114	8.63e-46	147	100
P00002_00	9vq6_H	67.717	127	127	132	1	127	3	119	6.82e-48	153	100
P00002_00	9vq6_C	67.717	127	127	132	1	127	3	119	6.82e-48	153	100
P00002_00	9vq6_B	67.717	127	127	132	1	127	3	119	6.82e-48	153	100
P00002_00	9vq6_A	67.717	127	127	132	1	127	3	119	6.82e-48	153	100
P00002_00	7s0e_H	66.142	127	127	228	1	127	1	120	1.05e-47	156	100
P00002_00	6rqm_B	67.188	128	127	144	1	127	1	127	1.97e-47	152	100
P00002_00	3eak_B	65.891	129	127	137	1	127	1	127	7.76e-47	151	100
P00002_00	3eak_A	65.891	129	127	137	1	127	1	127	7.76e-47	151	100
P00002_00	8xse_M	66.142	127	127	226	1	127	1	122	1.32e-46	153	100
P00002_00	8k4q_D	63.281	128	127	121	1	127	3	120	4.71e-46	148	100
P00002_00	8k4q_B	63.281	128	127	121	1	127	3	120	4.71e-46	148	100
P00002_00	7tzg_B	65.625	128	127	248	1	126	3	122	5.42e-46	152	99
P00002_00	7tzg_A	65.625	128	127	248	1	126	3	122	5.42e-46	152	99
P00002_00	7tzh_A	65.625	128	127	247	1	126	3	122	5.81e-46	152	99
P00002_00	7tzh_C	65.625	128	127	247	1	126	3	122	5.81e-46	152	99
P00002_00	9w7j_B	64.341	129	127	120	1	127	1	119	9.51e-46	147	100
P00002_00	7kqk_H	64.567	127	127	230	1	127	1	126	9.63e-46	151	100
P00002_00	7kqk_A	64.567	127	127	230	1	127	1	126	9.63e-46	151	100
P00002_00	8xsl_M	65.354	127	127	226	1	127	1	122	1.31e-45	150	100
P00002_00	8xsl_H	65.354	127	127	226	1	127	1	122	1.31e-45	150	100
P00002_01	9vq6_H	66.929	127	127	132	1	127	3	119	8.76e-51	160	100
P00002_01	9vq6_C	66.929	127	127	132	1	127	3	119	8.76e-51	160	100
P00002_01	9vq6_B	66.929	127	127	132	1	127	3	119	8.76e-51	160	100
P00002_01	9vq6_A	66.929	127	127	132	1	127	3	119	8.76e-51	160	100
P00002_01	8k4q_D	65.625	128	127	121	1	127	3	120	1.57e-50	159	100
P00002_01	8k4q_B	65.625	128	127	121	1	127	3	120	1.57e-50	159	100
P00002_01	8xse_M	67.717	127	127	226	1	127	1	122	1.97e-49	160	100
P00002_01	9nh7_F	67.717	127	127	140	1	127	4	124	2.09e-49	157	100
P00002_01	9nh7_E	67.717	127	127	140	1	127	4	124	2.09e-49	157	100
P00002_01	6rqm_B	66.406	128	127	144	1	127	1	127	4.33e-49	157	100
P00002_01	9w7j_B	65.116	129	127	120	1	127	1	119	1.49e-48	154	100
P00002_01	9piw_A	65.354	127	127	226	1	127	1	124	3.14e-48	157	100
P00002_01	9piw_H	65.354	127	127	226	1	127	1	124	3.14e-48	157	100
P00002_01	3eak_B	66.667	129	127	137	1	127	1	127	3.18e-48	154	100
P00002_01	3eak_A	66.667	129	127	137	1	127	1	127	3.18e-48	154	100
P00002_01	7dzy_O	64.567	127	127	225	1	127	1	123	3.96e-48	157	100
P00002_01	7dzy_M	64.567	127	127	225	1	127	1	123	3.96e-48	157	100
P00002_01	7dzy_H	64.567	127	127	225	1	127	1	123	3.96e-48	157	100
P00002_01	7kqk_H	65.354	127	127	230	1	127	1	126	5.87e-48	157	100
P00002_01	7kqk_A	65.354	127	127	230	1	127	1	126	5.87e-48	157	100
P00002_02	9vq6_H	68.462	130	127	132	1	127	3	119	7.83e-47	150	100
P00002_02	9vq6_C	68.462	130	127	132	1	127	3	119	7.83e-47	150	100
P00002_02	9vq6_B	68.462	130	127	132	1	127	3	119	7.83e-47	150	100
P00002_02	9vq6_A	68.462	130	127	132	1	127	3	119	7.83e-47	150	100
P00002_02	8k4q_D	63.780	127	127	121	1	127	3	120	2.75e-46	149	100
P00002_02	8k4q_B	63.780	127	127	121	1	127	3	120	2.75e-46	149	100
P00002_02	8xse_M	67.692	130	127	226	1	127	1	122	2.84e-46	152	100
P00002_02	7kqk_H	65.625	128	127	230	1	127	1	126	7.50e-46	151	100
P00002_02	7kqk_A	65.625	128	127	230	1	127	1	126	7.50e-46	151	100
P00002_02	7tzg_B	66.667	129	127	248	1	126	3	122	8.10e-46	152	99
P00002_02	7tzg_A	66.667	129	127	248	1	126	3	122	8.10e-46	152	99
P00002_02	7tzh_A	66.667	129	127	247	1	126	3	122	8.69e-46	152	99
P00002_02	7tzh_C	66.667	129	127	247	1	126	3	122	8.69e-46	152	99
P00002_02	6k7o_H	62.791	129	127	228	1	127	1	121	1.32e-45	150	100
P00002_02	6k7o_F	62.791	129	127	228	1	127	1	121	1.32e-45	150	100
P00002_02	6k7o_D	62.791	129	127	228	1	127	1	121	1.32e-45	150	100
P00002_02	6k7o_B	62.791	129	127	228	1	127	1	121	1.32e-45	150	100
P00002_02	8j9k_D	65.116	129	127	125	1	127	2	124	1.49e-45	147	100
P00002_02	7s0e_H	65.625	128	127	228	1	127	1	120	1.67e-45	150	100
P00002_02	5dr5_H	66.667	132	127	248	1	127	1	114	2.01e-45	151	100
P00002_03	8xse_M	68.504	127	127	226	1	127	1	122	1.86e-51	166	100
P00002_03	9yxv_E	66.929	127	127	258	1	127	27	149	3.42e-50	163	100
P00002_03	4nnp_X	65.625	128	127	238	1	127	4	130	4.06e-50	162	100
P00002_03	4nnp_H	65.625	128	127	238	1	127	4	130	4.06e-50	162	100
P00002_03	9nh7_F	67.717	127	127	140	1	127	4	124	4.99e-50	159	100
P00002_03	9nh7_E	67.717	127	127	140	1	127	4	124	4.99e-50	159	100
P00002_03	9vq6_H	66.929	127	127	132	1	127	3	119	8.45e-50	158	100
P00002_03	9vq6_C	66.929	127	127	132	1	127	3	119	8.45e-50	158	100
P00002_03	9vq6_B	66.929	127	127	132	1	127	3	119	8.45e-50	158	100
P00002_03	9vq6_A	66.929	127	127	132	1	127	3	119	8.45e-50	158	100
P00002_03	7dzy_O	66.142	127	127	225	1	127	1	123	9.76e-50	161	100
P00002_03	7dzy_M	66.142	127	127	225	1	127	1	123	9.76e-50	161	100
P00002_03	7dzy_H	66.142	127	127	225	1	127	1	123	9.76e-50	161	100
P00002_03	6rqm_B	67.188	128	127	144	1	127	1	127	1.28e-49	158	100
P00002_03	6azm_D	65.354	127	127	225	1	127	1	124	1.80e-49	160	100
P00002_03	6azm_B	65.354	127	127	225	1	127	1	124	1.80e-49	160	100
P00002_03	9w7j_B	65.891	129	127	120	1	127	1	119	3.74e-49	156	100
P00002_03	5y0a_D	66.154	130	127	129	1	127	1	129	4.29e-49	156	100
P00002_03	5y0a_F	66.154	130	127	129	1	127	1	129	4.29e-49	156	100
P00002_03	5y0a_H	66.154	130	127	129	1	127	1	129	4.29e-49	156	100
P00002_04	8xse_M	67.717	127	127	226	1	127	1	122	9.21e-50	161	100
P00002_04	9vq6_H	68.504	127	127	132	1	127	3	119	3.01e-49	157	100
P00002_04	9vq6_C	68.504	127	127	132	1	127	3	119	3.01e-49	157	100
P00002_04	9vq6_B	68.504	127	127	132	1	127	3	119	3.01e-49	157	100
P00002_04	9vq6_A	68.504	127	127	132	1	127	3	119	3.01e-49	157	100
P00002_04	1fgv_H	65.354	127	127	124	1	127	1	123	3.75e-49	156	100
P00002_04	8k4q_D	65.625	128	127	121	1	127	3	120	1.18e-48	155	100
P00002_04	8k4q_B	65.625	128	127	121	1	127	3	120	1.18e-48	155	100
P00002_04	9w7j_B	66.667	129	127	120	1	127	1	119	1.33e-48	155	100
P00002_04	5n88_A	65.354	127	127	126	1	127	1	126	1.55e-48	155	100
P00002_04	5n88_H	65.354	127	127	126	1	127	1	126	1.55e-48	155	100
P00002_04	9nh7_F	67.969	128	127	140	1	127	4	124	3.72e-48	154	100
P00002_04	9nh7_E	67.969	128	127	140	1	127	4	124	3.72e-48	154	100
P00002_04	9q7y_D	64.567	127	127	118	1	127	1	118	4.00e-48	153	100
P00002_04	6azm_D	65.354	127	127	225	1	127	1	124	5.19e-48	157	100
P00002_04	6azm_B	65.354	127	127	225	1	127	1	124	5.19e-48	157	100
P00002_04	5occ_H	66.142	127	127	222	1	127	1	120	5.31e-48	157	100
P00002_04	6rqm_B	67.188	128	127	144	1	127	1	127	8.13e-48	154	100
P00002_04	8vyf_B	63.780	127	127	122	1	127	1	121	8.36e-48	153	100
P00002_04	8vye_P	63.780	127	127	122	1	127	1	121	8.36e-48	153	100
P00002_05	8k4q_D	64.844	128	127	121	1	127	3	120	1.62e-48	154	100
P00002_05	8k4q_B	64.844	128	127	121	1	127	3	120	1.62e-48	154	100
P00002_05	9vq6_H	67.717	127	127	132	1	127	3	119	1.75e-48	155	100
P00002_05	9vq6_C	67.717	127	127	132	1	127	3	119	1.75e-48	155	100
P00002_05	9vq6_B	67.717	127	127	132	1	127	3	119	1.75e-48	155	100
P00002_05	9vq6_A	67.717	127	127	132	1	127	3	119	1.75e-48	155	100
P00002_05	3eak_B	66.667	129	127	137	1	127	1	127	6.95e-47	151	100
P00002_05	3eak_A	66.667	129	127	137	1	127	1	127	6.95e-47	151	100
P00002_05	1dee_F	64.567	127	127	223	1	127	1	120	8.58e-47	154	100
P00002_05	1dee_D	64.567	127	127	223	1	127	1	120	8.58e-47	154	100
P00002_05	1dee_B	64.567	127	127	223	1	127	1	120	8.58e-47	154	100
P00002_05	8xse_M	66.406	128	127	226	1	127	1	122	1.01e-46	153	100
P00002_05	9nh7_F	66.929	127	127	140	1	127	4	124	1.11e-46	150	100
P00002_05	9nh7_E	66.929	127	127	140	1	127	4	124	1.11e-46	150	100
P00002_05	1hez_D	64.567	127	127	224	1	127	1	120	1.20e-46	153	100
P00002_05	1hez_B	64.567	127	127	224	1	127	1	120	1.20e-46	153	100
P00002_05	6rqm_B	66.406	128	127	144	1	127	1	127	1.70e-46	150	100
P00002_05	7laa_H	63.780	127	127	226	1	127	1	124	1.70e-46	153	100
P00002_05	7cj2_K	64.567	127	127	222	1	127	1	114	3.70e-46	152	100
P00002_05	7cj2_C	64.567	127	127	222	1	127	1	114	3.70e-46	152	100
P00002_06	8xse_M	68.750	128	127	226	1	127	1	122	1.59e-49	160	100
P00002_06	8k4q_D	65.625	128	127	121	1	127	3	120	5.60e-49	155	100
P00002_06	8k4q_B	65.625	128	127	121	1	127	3	120	5.60e-49	155	100
P00002_06	9vq6_H	67.188	128	127	132	1	127	3	119	5.72e-48	154	100
P00002_06	9vq6_C	67.188	128	127	132	1	127	3	119	5.72e-48	154	100
P00002_06	9vq6_B	67.188	128	127	132	1	127	3	119	5.72e-48	154	100
P00002_06	9vq6_A	67.188	128	127	132	1	127	3	119	5.72e-48	154	100
P00002_06	9nh7_F	67.969	128	127	140	1	127	4	124	8.18e-48	153	100
P00002_06	9nh7_E	67.969	128	127	140	1	127	4	124	8.18e-48	153	100
P00002_06	7s0e_H	66.929	127	127	228	1	127	1	120	1.17e-47	156	100
P00002_06	8vyf_B	67.188	128	127	122	1	127	1	121	1.19e-47	152	100
P00002_06	8vye_P	67.188	128	127	122	1	127	1	121	1.19e-47	152	100
P00002_06	8vye_F	67.188	128	127	122	1	127	1	121	1.19e-47	152	100
P00002_06	8vye_B	67.188	128	127	122	1	127	1	121	1.19e-47	152	100
P00002_06	7tm0_I	67.188	128	127	122	1	127	1	121	1.19e-47	152	100
P00002_06	7tm0_G	67.188	128	127	122	1	127	1	121	1.19e-47	152	100
P00002_06	7tm0_E	67.188	128	127	122	1	127	1	121	1.19e-47	152	100
P00002_06	7tlz_B	67.188	128	127	122	1	127	1	121	1.19e-47	152	100
P00002_06	9c45_H	67.188	128	127	121	1	127	1	121	1.26e-47	152	100
P00002_06	9c44_F	67.188	128	127	121	1	127	1	121	1.26e-47	152	100
P00002_07	9vq6_H	66.929	127	127	132	1	127	3	119	7.89e-49	155	100
P00002_07	9vq6_C	66.929	127	127	132	1	127	3	119	7.89e-49	155	100
P00002_07	9vq6_B	66.929	127	127	132	1	127	3	119	7.89e-49	155	100
P00002_07	9vq6_A	66.929	127	127	132	1	127	3	119	7.89e-49	155	100
P00002_07	8j9k_D	66.142	127	127	125	1	127	2	124	1.83e-48	154	100
P00002_07	8k4q_D	64.844	128	127	121	1	127	3	120	2.68e-48	154	100
P00002_07	8k4q_B	64.844	128	127	121	1	127	3	120	2.68e-48	154	100
P00002_07	7l2e_I	66.929	127	127	229	1	127	1	121	2.90e-48	157	100
P00002_07	7l2e_G	66.929	127	127	229	1	127	1	121	2.90e-48	157	100
P00002_07	7l2e_H	66.929	127	127	229	1	127	1	121	2.90e-48	157	100
P00002_07	9nh7_F	66.923	130	127	140	1	127	4	124	3.45e-48	154	100
P00002_07	9nh7_E	66.923	130	127	140	1	127	4	124	3.45e-48	154	100
P00002_07	8xse_M	67.969	128	127	226	1	127	1	122	4.69e-48	157	100
P00002_07	1dee_F	66.142	127	127	223	1	127	1	120	1.50e-47	155	100
P00002_07	1dee_D	66.142	127	127	223	1	127	1	120	1.50e-47	155	100
P00002_07	1dee_B	66.142	127	127	223	1	127	1	120	1.50e-47	155	100
P00002_07	9jqu_H	66.929	127	127	223	1	127	1	120	1.85e-47	155	100
P00002_07	9q7y_D	64.567	127	127	118	1	127	1	118	1.96e-47	152	100
P00002_07	4uu9_H	65.354	127	127	123	1	127	1	123	2.34e-47	152	100
P00002_07	4uu9_A	65.354	127	127	123	1	127	1	123	2.34e-47	152	100
P00002_08	8xse_M	68.504	127	127	226	1	127	1	122	1.24e-50	163	100
P00002_08	8k4q_D	65.625	128	127	121	1	127	3	120	2.41e-50	159	100
P00002_08	8k4q_B	65.625	128	127	121	1	127	3	120	2.41e-50	159	100
P00002_08	9vq6_H	68.504	127	127	132	1	127	3	119	4.48e-50	159	100
P00002_08	9vq6_C	68.504	127	127	132	1	127	3	119	4.48e-50	159	100
P00002_08	9vq6_B	68.504	127	127	132	1	127	3	119	4.48e-50	159	100
P00002_08	9vq6_A	68.504	127	127	132	1	127	3	119	4.48e-50	159	100
P00002_08	9w7j_B	66.929	127	127	120	1	127	1	119	3.14e-49	156	100
P00002_08	9q7y_D	64.567	127	127	118	1	127	1	118	1.09e-48	155	100
P00002_08	7s0e_H	66.929	127	127	228	1	127	1	120	1.12e-48	159	100
P00002_08	8j9k_D	64.567	127	127	125	1	127	2	124	1.63e-48	155	100
P00002_08	9c45_H	64.567	127	127	121	1	127	1	121	2.25e-48	154	100
P00002_08	9c44_F	64.567	127	127	121	1	127	1	121	2.25e-48	154	100
P00002_08	9c44_E	64.567	127	127	121	1	127	1	121	2.25e-48	154	100
P00002_08	9c44_H	64.567	127	127	121	1	127	1	121	2.25e-48	154	100
P00002_08	8gtq_J	64.567	127	127	121	1	127	1	121	2.25e-48	154	100
P00002_08	8gtq_I	64.567	127	127	121	1	127	1	121	2.25e-48	154	100
P00002_08	8gtq_H	64.567	127	127	121	1	127	1	121	2.25e-48	154	100
P00002_08	7sod_H	64.567	127	127	121	1	127	1	121	2.25e-48	154	100
P00002_08	7sob_M	64.567	127	127	121	1	127	1	121	2.25e-48	154	100
P00003_00	9nh7_F	69.672	122	121	140	1	121	4	124	1.56e-48	155	100
P00003_00	9nh7_E	69.672	122	121	140	1	121	4	124	1.56e-48	155	100
P00003_00	4u3x_C	67.769	121	121	121	1	121	1	120	9.20e-48	152	100
P00003_00	4u3x_A	67.769	121	121	121	1	121	1	120	9.20e-48	152	100
P00003_00	4pgj_C	67.769	121	121	121	1	121	1	120	9.20e-48	152	100
P00003_00	4pgj_A	67.769	121	121	121	1	121	1	120	9.20e-48	152	100
P00003_00	8k4q_D	67.769	121	121	121	1	121	3	120	1.03e-46	150	100
P00003_00	8k4q_B	67.769	121	121	121	1	121	3	120	1.03e-46	150	100
P00003_00	8bcz_E	67.769	121	121	121	1	121	1	120	1.22e-46	149	100
P00003_00	9vq6_H	68.595	121	121	132	1	121	3	119	1.87e-46	149	100
P00003_00	9vq6_C	68.595	121	121	132	1	121	3	119	1.87e-46	149	100
P00003_00	9vq6_B	68.595	121	121	132	1	121	3	119	1.87e-46	149	100
P00003_00	9vq6_A	68.595	121	121	132	1	121	3	119	1.87e-46	149	100
P00003_00	6o25_I	67.769	121	121	224	1	121	1	120	3.46e-46	152	100
P00003_00	6o25_E	67.769	121	121	224	1	121	1	120	3.46e-46	152	100
P00003_00	6o25_A	67.769	121	121	224	1	121	1	120	3.46e-46	152	100
P00003_00	7obf_B	66.116	121	121	125	1	121	1	119	3.78e-46	148	100
P00003_00	7obf_A	66.116	121	121	125	1	121	1	119	3.78e-46	148	100
P00003_00	1ohq_B	66.116	121	121	120	1	121	1	119	3.82e-46	148	100
P00003_00	1ohq_A	66.116	121	121	120	1	121	1	119	3.82e-46	148	100
P00003_01	9nh7_F	69.672	122	121	140	1	121	4	124	2.35e-49	157	100
P00003_01	9nh7_E	69.672	122	121	140	1	121	4	124	2.35e-49	157	100
P00003_01	9vq6_H	69.421	121	121	132	1	121	3	119	4.27e-47	151	100
P00003_01	9vq6_C	69.421	121	121	132	1	121	3	119	4.27e-47	151	100
P00003_01	9vq6_B	69.421	121	121	132	1	121	3	119	4.27e-47	151	100
P00003_01	9vq6_A	69.421	121	121	132	1	121	3	119	4.27e-47	151	100
P00003_01	4u3x_C	66.942	121	121	121	1	121	1	120	4.86e-47	150	100
P00003_01	4u3x_A	66.942	121	121	121	1	121	1	120	4.86e-47	150	100
P00003_01	4pgj_C	66.942	121	121	121	1	121	1	120	4.86e-47	150	100
P00003_01	4pgj_A	66.942	121	121	121	1	121	1	120	4.86e-47	150	100
P00003_01	3eak_B	67.442	129	121	137	1	121	1	127	2.31e-46	149	100
P00003_01	3eak_A	67.442	129	121	137	1	121	1	127	2.31e-46	149	100
P00003_01	7obf_B	66.116	121	121	125	1	121	1	119	2.34e-46	149	100
P00003_01	7obf_A	66.116	121	121	125	1	121	1	119	2.34e-46	149	100
P00003_01	1ohq_B	66.116	121	121	120	1	121	1	119	2.90e-46	149	100
P00003_01	1ohq_A	66.116	121	121	120	1	121	1	119	2.90e-46	149	100
P00003_01	8z8l_A	67.742	124	121	124	1	121	1	114	4.72e-46	148	100
P00003_01	8k4q_D	66.942	121	121	121	1	121	3	120	8.11e-46	147	100
P00003_01	8k4q_B	66.942	121	121	121	1	121	3	120	8.11e-46	147	100
P00003_01	9m5d_A	66.942	121	121	120	1	121	1	119	1.27e-45	147	100
P00003_02	9nh7_F	70.161	124	121	140	1	121	4	124	2.16e-47	152	100
P00003_02	9nh7_E	70.161	124	121	140	1	121	4	124	2.16e-47	152	100
P00003_02	9vq6_H	69.919	123	121	132	1	121	3	119	1.05e-46	150	100
P00003_02	9vq6_C	69.919	123	121	132	1	121	3	119	1.05e-46	150	100
P00003_02	9vq6_B	69.919	123	121	132	1	121	3	119	1.05e-46	150	100
P00003_02	9vq6_A	69.919	123	121	132	1	121	3	119	1.05e-46	150	100
P00003_02	8k4q_D	68.548	124	121	121	1	121	3	120	5.91e-46	148	100
P00003_02	8k4q_B	68.548	124	121	121	1	121	3	120	5.91e-46	148	100
P00003_02	6k7o_H	65.600	125	121	228	1	121	1	121	2.28e-45	150	100
P00003_02	6k7o_F	65.600	125	121	228	1	121	1	121	2.28e-45	150	100
P00003_02	6k7o_D	65.600	125	121	228	1	121	1	121	2.28e-45	150	100
P00003_02	6k7o_B	65.600	125	121	228	1	121	1	121	2.28e-45	150	100
P00003_02	8z8l_A	68.293	123	121	124	1	121	1	114	6.46e-45	145	100
P00003_02	4u3x_C	65.854	123	121	121	1	121	1	120	1.03e-44	145	100
P00003_02	4u3x_A	65.854	123	121	121	1	121	1	120	1.03e-44	145	100
P00003_02	4pgj_C	65.854	123	121	121	1	121	1	120	1.03e-44	145	100
P00003_02	4pgj_A	65.854	123	121	121	1	121	1	120	1.03e-44	145	100
P00003_02	3eak_B	65.414	133	121	137	1	121	1	127	1.61e-44	145	100
P00003_02	3eak_A	65.414	133	121	137	1	121	1	127	1.61e-44	145	100
P00003_02	3upc_J	67.213	122	121	113	3	121	1	113	1.77e-44	144	98
P00003_03	9nh7_F	69.600	125	121	140	1	121	4	124	3.47e-48	154	100
P00003_03	9nh7_E	69.600	125	121	140	1	121	4	124	3.47e-48	154	100
P00003_03	4u3x_C	66.942	121	121	121	1	121	1	120	2.94e-47	151	100
P00003_03	4u3x_A	66.942	121	121	121	1	121	1	120	2.94e-47	151	100
P00003_03	4pgj_C	66.942	121	121	121	1	121	1	120	2.94e-47	151	100
P00003_03	4pgj_A	66.942	121	121	121	1	121	1	120	2.94e-47	151	100
P00003_03	9vq6_H	69.291	127	121	132	1	121	3	119	1.98e-46	149	100
P00003_03	9vq6_C	69.291	127	121	132	1	121	3	119	1.98e-46	149	100
P00003_03	9vq6_B	69.291	127	121	132	1	121	3	119	1.98e-46	149	100
P00003_03	9vq6_A	69.291	127	121	132	1	121	3	119	1.98e-46	149	100
P00003_03	3eak_B	66.165	133	121	137	1	121	1	127	2.23e-46	149	100
P00003_03	3eak_A	66.165	133	121	137	1	121	1	127	2.23e-46	149	100
P00003_03	3upc_J	66.393	122	121	113	3	121	1	113	3.46e-45	145	98
P00003_03	3upc_I	66.393	122	121	113	3	121	1	113	3.46e-45	145	98
P00003_03	3upc_H	66.393	122	121	113	3	121	1	113	3.46e-45	145	98
P00003_03	3upc_G	66.393	122	121	113	3	121	1	113	3.46e-45	145	98
P00003_03	3upc_F	66.393	122	121	113	3	121	1	113	3.46e-45	145	98
P00003_03	3upc_E	66.393	122	121	113	3	121	1	113	3.46e-45	145	98
P00003_03	3upc_D	66.393	122	121	113	3	121	1	113	3.46e-45	145	98
P00003_03	3upc_C	66.393	122	121	113	3	121	1	113	3.46e-45	145	98
P00003_04	9nh7_F	70.161	124	121	140	1	121	4	124	1.90e-48	155	100
P00003_04	9nh7_E	70.161	124	121	140	1	121	4	124	1.90e-48	155	100
P00003_04	9vq6_H	69.919	123	121	132	1	121	3	119	1.53e-47	152	100
P00003_04	9vq6_C	69.919	123	121	132	1	121	3	119	1.53e-47	152	100
P00003_04	9vq6_B	69.919	123	121	132	1	121	3	119	1.53e-47	152	100
P00003_04	9vq6_A	69.919	123	121	132	1	121	3	119	1.53e-47	152	100
P00003_04	4u3x_C	67.480	123	121	121	1	121	1	120	3.58e-47	151	100
P00003_04	4u3x_A	67.480	123	121	121	1	121	1	120	3.58e-47	151	100
P00003_04	4pgj_C	67.480	123	121	121	1	121	1	120	3.58e-47	151	100
P00003_04	4pgj_A	67.480	123	121	121	1	121	1	120	3.58e-47	151	100
P00003_04	3eak_B	68.217	129	121	137	1	121	1	127	7.81e-47	150	100
P00003_04	3eak_A	68.217	129	121	137	1	121	1	127	7.81e-47	150	100
P00003_04	2qr0_X	66.942	121	121	221	1	121	1	117	1.92e-46	152	100
P00003_04	2qr0_T	66.942	121	121	221	1	121	1	117	1.92e-46	152	100
P00003_04	2qr0_R	66.942	121	121	221	1	121	1	117	1.92e-46	152	100
P00003_04	2qr0_N	66.942	121	121	221	1	121	1	117	1.92e-46	152	100
P00003_04	2qr0_L	66.942	121	121	221	1	121	1	117	1.92e-46	152	100
P00003_04	2qr0_H	66.942	121	121	221	1	121	1	117	1.92e-46	152	100
P00003_04	2qr0_F	66.942	121	121	221	1	121	1	117	1.92e-46	152	100
P00003_04	2qr0_B	66.942	121	121	221	1	121	1	117	1.92e-46	152	100
P00003_05	9nh7_F	68.548	124	121	140	1	121	4	124	2.74e-47	152	100
P00003_05	9nh7_E	68.548	124	121	140	1	121	4	124	2.74e-47	152	100
P00003_05	9vq6_H	68.548	124	121	132	1	121	3	119	3.90e-46	149	100
P00003_05	9vq6_C	68.548	124	121	132	1	121	3	119	3.90e-46	149	100
P00003_05	9vq6_B	68.548	124	121	132	1	121	3	119	3.90e-46	149	100
P00003_05	9vq6_A	68.548	124	121	132	1	121	3	119	3.90e-46	149	100
P00003_05	3eak_B	65.185	135	121	137	1	121	1	127	2.99e-45	147	100
P00003_05	3eak_A	65.185	135	121	137	1	121	1	127	2.99e-45	147	100
P00003_05	4u3x_C	66.667	123	121	121	1	121	1	120	3.19e-45	146	100
P00003_05	4u3x_A	66.667	123	121	121	1	121	1	120	3.19e-45	146	100
P00003_05	4pgj_C	66.667	123	121	121	1	121	1	120	3.19e-45	146	100
P00003_05	4pgj_A	66.667	123	121	121	1	121	1	120	3.19e-45	146	100
P00003_05	8k4q_D	66.667	123	121	121	1	121	3	120	1.53e-44	144	100
P00003_05	8k4q_B	66.667	123	121	121	1	121	3	120	1.53e-44	144	100
P00003_05	6k7o_H	64.800	125	121	228	1	121	1	121	5.22e-44	146	100
P00003_05	6k7o_F	64.800	125	121	228	1	121	1	121	5.22e-44	146	100
P00003_05	6k7o_D	64.800	125	121	228	1	121	1	121	5.22e-44	146	100
P00003_05	6k7o_B	64.800	125	121	228	1	121	1	121	5.22e-44	146	100
P00003_05	9w7j_B	66.400	125	121	120	1	121	1	119	9.73e-44	142	100
P00003_05	7obf_B	65.041	123	121	125	1	121	1	119	1.20e-43	142	100
P00003_06	9nh7_F	68.750	128	121	140	1	121	4	124	7.88e-48	153	100
P00003_06	9nh7_E	68.750	128	121	140	1	121	4	124	7.88e-48	153	100
P00003_06	9vq6_H	69.106	123	121	132	1	121	3	119	6.24e-46	148	100
P00003_06	9vq6_C	69.106	123	121	132	1	121	3	119	6.24e-46	148	100
P00003_06	9vq6_B	69.106	123	121	132	1	121	3	119	6.24e-46	148	100
P00003_06	9vq6_A	69.106	123	121	132	1	121	3	119	6.24e-46	148	100
P00003_06	3eak_B	65.672	134	121	137	1	121	1	127	1.42e-45	147	100
P00003_06	3eak_A	65.672	134	121	137	1	121	1	127	1.42e-45	147	100
P00003_06	8k4q_D	66.667	123	121	121	1	121	3	120	1.45e-44	144	100
P00003_06	8k4q_B	66.667	123	121	121	1	121	3	120	1.45e-44	144	100
P00003_06	8fg0_A	66.116	121	121	223	1	121	1	119	1.48e-44	147	100
P00003_06	8fg0_C	66.116	121	121	223	1	121	1	119	1.48e-44	147	100
P00003_06	8fas_A	66.935	124	121	223	1	121	1	119	2.10e-44	147	100
P00003_06	9cr9_H	66.667	126	121	235	1	121	1	122	2.84e-44	147	100
P00003_06	9cr9_A	66.667	126	121	235	1	121	1	122	2.84e-44	147	100
P00003_06	8z8l_A	68.000	125	121	124	1	121	1	114	3.85e-44	143	100
P00003_06	7obf_B	65.854	123	121	125	1	121	1	119	3.92e-44	143	100
P00003_06	7obf_A	65.854	123	121	125	1	121	1	119	3.92e-44	143	100
P00003_06	6k7o_H	65.600	125	121	228	1	121	1	121	4.11e-44	147	100
P00003_06	6k7o_F	65.600	125	121	228	1	121	1	121	4.11e-44	147	100
P00003_07	9vq6_H	73.387	124	121	132	1	121	3	119	1.01e-49	157	100
P00003_07	9vq6_C	73.387	124	121	132	1	121	3	119	1.01e-49	157	100
P00003_07	9vq6_B	73.387	124	121	132	1	121	3	119	1.01e-49	157	100
P00003_07	9vq6_A	73.387	124	121	132	1	121	3	119	1.01e-49	157	100
P00003_07	9nh7_F	71.200	125	121	140	1	121	4	124	6.71e-49	156	100
P00003_07	9nh7_E	71.200	125	121	140	1	121	4	124	6.71e-49	156	100
P00003_07	6d0x_A	70.312	128	121	227	1	121	1	123	8.86e-47	153	100
P00003_07	3g6d_H	68.750	128	121	229	1	121	1	121	1.63e-46	153	100
P00003_07	3g6a_B	68.750	128	121	229	1	121	1	121	1.63e-46	153	100
P00003_07	3g6a_H	68.750	128	121	229	1	121	1	121	1.63e-46	153	100
P00003_07	8bcz_E	69.355	124	121	121	1	121	1	120	1.87e-46	149	100
P00003_07	8k4q_D	67.480	123	121	121	1	121	3	120	6.96e-46	147	100
P00003_07	8k4q_B	67.480	123	121	121	1	121	3	120	6.96e-46	147	100
P00003_07	8fg0_A	68.033	122	121	223	1	121	1	119	8.38e-46	150	100
P00003_07	8fg0_C	68.033	122	121	223	1	121	1	119	8.38e-46	150	100
P00003_07	3eak_B	66.923	130	121	137	1	121	1	127	1.62e-45	147	100
P00003_07	3eak_A	66.923	130	121	137	1	121	1	127	1.62e-45	147	100
P00003_07	6rqm_B	67.176	131	121	144	1	121	1	127	1.82e-45	147	100
P00003_07	8tbq_A	67.460	126	121	229	1	121	1	121	2.10e-45	150	100
P00003_07	8tbq_H	67.460	126	121	229	1	121	1	121	2.10e-45	150	100
P00003_08	9nh7_F	70.968	124	121	140	1	121	4	124	5.99e-48	154	100
P00003_08	9nh7_E	70.968	124	121	140	1	121	4	124	5.99e-48	154	100
P00003_08	4u3x_C	66.935	124	121	121	1	121	1	120	2.57e-46	149	100
P00003_08	4u3x_A	66.935	124	121	121	1	121	1	120	2.57e-46	149	100
P00003_08	4pgj_C	66.935	124	121	121	1	121	1	120	2.57e-46	149	100
P00003_08	4pgj_A	66.935	124	121	121	1	121	1	120	2.57e-46	149	100
P00003_08	8bcz_E	66.935	124	121	121	1	121	1	120	4.11e-46	148	100
P00003_08	9vq6_H	68.548	124	121	132	1	121	3	119	1.28e-45	147	100
P00003_08	9vq6_C	68.548	124	121	132	1	121	3	119	1.28e-45	147	100
P00003_08	9vq6_B	68.548	124	121	132	1	121	3	119	1.28e-45	147	100
P00003_08	9vq6_A	68.548	124	121	132	1	121	3	119	1.28e-45	147	100
P00003_08	8w84_A	67.969	128	121	228	1	121	1	122	5.33e-45	149	100
P00003_08	8w83_M	67.969	128	121	228	1	121	1	122	5.33e-45	149	100
P00003_08	8w83_I	67.969	128	121	228	1	121	1	122	5.33e-45	149	100
P00003_08	8w83_E	67.969	128	121	228	1	121	1	122	5.33e-45	149	100
P00003_08	8w83_A	67.969	128	121	228	1	121	1	122	5.33e-45	149	100
P00003_08	5y0a_D	65.414	133	121	129	1	121	1	129	7.70e-45	145	100
P00003_08	5y0a_F	65.414	133	121	129	1	121	1	129	7.70e-45	145	100
P00003_08	5y0a_H	65.414	133	121	129	1	121	1	129	7.70e-45	145	100
P00003_08	3eak_B	65.891	129	121	137	1	121	1	127	9.22e-45	145	100
P00004_00	9vq6_H	71.901	121	121	132	1	121	3	119	6.63e-52	163	100
P00004_00	9vq6_C	71.901	121	121	132	1	121	3	119	6.63e-52	163	100
P00004_00	9vq6_B	71.901	121	121	132	1	121	3	119	6.63e-52	163	100
P00004_00	9vq6_A	71.901	121	121	132	1	121	3	119	6.63e-52	163	100
P00004_00	7d85_E	69.421	121	121	228	1	121	1	120	1.36e-50	163	100
P00004_00	7d85_B	69.421	121	121	228	1	121	1	120	1.36e-50	163	100
P00004_00	3eak_B	69.291	127	121	137	1	121	1	127	1.16e-49	158	100
P00004_00	3eak_A	69.291	127	121	137	1	121	1	127	1.16e-49	158	100
P00004_00	9nh7_F	70.492	122	121	140	1	121	4	124	2.68e-49	157	100
P00004_00	9nh7_E	70.492	122	121	140	1	121	4	124	2.68e-49	157	100
P00004_00	8cwk_A	68.595	121	121	232	1	121	1	120	5.33e-49	159	100
P00004_00	6dsi_A	69.167	120	121	242	1	120	1	117	2.58e-48	158	99
P00004_00	7shz_E	66.942	121	121	123	1	121	2	121	3.27e-48	154	100
P00004_00	7shz_I	66.942	121	121	123	1	121	2	121	3.27e-48	154	100
P00004_00	7shz_C	66.942	121	121	123	1	121	2	121	3.27e-48	154	100
P00004_00	7shz_K	66.942	121	121	123	1	121	2	121	3.27e-48	154	100
P00004_00	8bcz_E	66.942	121	121	121	1	121	1	120	3.36e-48	153	100
P00004_00	8k4q_D	66.116	121	121	121	1	121	3	120	4.13e-48	153	100
P00004_00	8k4q_B	66.116	121	121	121	1	121	3	120	4.13e-48	153	100
P00004_00	9lqi_A	66.942	121	121	121	1	121	1	120	6.48e-48	153	100
P00004_01	9vq6_H	71.074	121	121	132	1	121	3	119	1.59e-49	157	100
P00004_01	9vq6_C	71.074	121	121	132	1	121	3	119	1.59e-49	157	100
P00004_01	9vq6_B	71.074	121	121	132	1	121	3	119	1.59e-49	157	100
P00004_01	9vq6_A	71.074	121	121	132	1	121	3	119	1.59e-49	157	100
P00004_01	3eak_B	68.504	127	121	137	1	121	1	127	1.87e-48	155	100
P00004_01	3eak_A	68.504	127	121	137	1	121	1	127	1.87e-48	155	100
P00004_01	8k4q_D	67.769	121	121	121	1	121	3	120	3.91e-48	153	100
P00004_01	8k4q_B	67.769	121	121	121	1	121	3	120	3.91e-48	153	100
P00004_01	8cwj_U	67.769	121	121	230	1	121	1	118	4.11e-48	157	100
P00004_01	8cwj_J	67.769	121	121	230	1	121	1	118	4.11e-48	157	100
P00004_01	7d85_E	67.769	121	121	228	1	121	1	120	9.90e-48	156	100
P00004_01	7d85_B	67.769	121	121	228	1	121	1	120	9.90e-48	156	100
P00004_01	9nh7_F	69.919	123	121	140	1	121	4	124	3.85e-47	151	100
P00004_01	9nh7_E	69.919	123	121	140	1	121	4	124	3.85e-47	151	100
P00004_01	9lqi_A	66.942	121	121	121	1	121	1	120	8.88e-47	150	100
P00004_01	9lqi_B	66.942	121	121	121	1	121	1	120	8.88e-47	150	100
P00004_01	8cwk_A	67.769	121	121	232	1	121	1	120	1.67e-46	153	100
P00004_01	4u3x_C	66.935	124	121	121	1	121	1	120	1.79e-46	149	100
P00004_01	4u3x_A	66.935	124	121	121	1	121	1	120	1.79e-46	149	100
P00004_01	4pgj_C	66.935	124	121	121	1	121	1	120	1.79e-46	149	100
P00004_02	9vq6_H	71.074	121	121	132	1	121	3	119	1.75e-50	159	100
P00004_02	9vq6_C	71.074	121	121	132	1	121	3	119	1.75e-50	159	100
P00004_02	9vq6_B	71.074	121	121	132	1	121	3	119	1.75e-50	159	100
P00004_02	9vq6_A	71.074	121	121	132	1	121	3	119	1.75e-50	159	100
P00004_02	7d85_E	68.595	121	121	228	1	121	1	120	7.62e-50	161	100
P00004_02	7d85_B	68.595	121	121	228	1	121	1	120	7.62e-50	161	100
P00004_02	3eak_B	68.504	127	121	137	1	121	1	127	7.05e-49	155	100
P00004_02	3eak_A	68.504	127	121	137	1	121	1	127	7.05e-49	155	100
P00004_02	9nh7_F	69.672	122	121	140	1	121	4	124	1.02e-48	155	100
P00004_02	9nh7_E	69.672	122	121	140	1	121	4	124	1.02e-48	155	100
P00004_02	8k4q_D	66.942	121	121	121	1	121	3	120	1.17e-47	152	100
P00004_02	8k4q_B	66.942	121	121	121	1	121	3	120	1.17e-47	152	100
P00004_02	4u3x_C	66.935	124	121	121	1	121	1	120	1.68e-47	152	100
P00004_02	4u3x_A	66.935	124	121	121	1	121	1	120	1.68e-47	152	100
P00004_02	4pgj_C	66.935	124	121	121	1	121	1	120	1.68e-47	152	100
P00004_02	4pgj_A	66.935	124	121	121	1	121	1	120	1.68e-47	152	100
P00004_02	9lqi_A	66.116	121	121	121	1	121	1	120	2.81e-47	151	100
P00004_02	9lqi_B	66.116	121	121	121	1	121	1	120	2.81e-47	151	100
P00004_02	8cwk_A	67.769	121	121	232	1	121	1	120	3.71e-47	154	100
P00004_02	6dsi_A	68.333	120	121	242	1	120	1	117	4.09e-47	155	99
P00004_03	9vq6_H	71.901	121	121	132	1	121	3	119	4.12e-50	159	100
P00004_03	9vq6_C	71.901	121	121	132	1	121	3	119	4.12e-50	159	100
P00004_03	9vq6_B	71.901	121	121	132	1	121	3	119	4.12e-50	159	100
P00004_03	9vq6_A	71.901	121	121	132	1	121	3	119	4.12e-50	159	100
P00004_03	9nh7_F	72.131	122	121	140	1	121	4	124	1.11e-48	155	100
P00004_03	9nh7_E	72.131	122	121	140	1	121	4	124	1.11e-48	155	100
P00004_03	3eak_B	70.079	127	121	137	1	121	1	127	3.80e-48	154	100
P00004_03	3eak_A	70.079	127	121	137	1	121	1	127	3.80e-48	154	100
P00004_03	9q7y_D	67.769	121	121	118	1	121	1	118	3.44e-47	151	100
P00004_03	8k4q_D	67.769	121	121	121	1	121	3	120	3.70e-47	151	100
P00004_03	8k4q_B	67.769	121	121	121	1	121	3	120	3.70e-47	151	100
P00004_03	9l2k_H	67.769	121	121	223	1	121	1	120	2.04e-46	152	100
P00004_03	4u3x_C	66.935	124	121	121	1	121	1	120	2.99e-46	149	100
P00004_03	4u3x_A	66.935	124	121	121	1	121	1	120	2.99e-46	149	100
P00004_03	4pgj_C	66.935	124	121	121	1	121	1	120	2.99e-46	149	100
P00004_03	4pgj_A	66.935	124	121	121	1	121	1	120	2.99e-46	149	100
P00004_03	9o54_D	67.769	121	121	223	1	121	1	118	3.79e-46	152	100
P00004_03	9m5d_A	67.769	121	121	120	1	121	1	119	3.86e-46	148	100
P00004_03	9m5d_D	67.769	121	121	120	1	121	1	119	3.86e-46	148	100
P00004_03	9xy4_D	67.769	121	121	216	1	121	1	118	3.90e-46	151	100
P00004_04	9vq6_H	71.074	121	121	132	1	121	3	119	6.80e-49	155	100
P00004_04	9vq6_C	71.074	121	121	132	1	121	3	119	6.80e-49	155	100
P00004_04	9vq6_B	71.074	121	121	132	1	121	3	119	6.80e-49	155	100
P00004_04	9vq6_A	71.074	121	121	132	1	121	3	119	6.80e-49	155	100
P00004_04	8cwj_U	67.769	121	121	230	1	121	1	118	1.26e-48	158	100
P00004_04	8cwj_J	67.769	121	121	230	1	121	1	118	1.26e-48	158	100
P00004_04	9nh7_F	70.732	123	121	140	1	121	4	124	4.98e-48	154	100
P00004_04	9nh7_E	70.732	123	121	140	1	121	4	124	4.98e-48	154	100
P00004_04	7d85_E	67.769	121	121	228	1	121	1	120	2.10e-47	155	100
P00004_04	7d85_B	67.769	121	121	228	1	121	1	120	2.10e-47	155	100
P00004_04	3eak_B	68.504	127	121	137	1	121	1	127	2.45e-47	152	100
P00004_04	3eak_A	68.504	127	121	137	1	121	1	127	2.45e-47	152	100
P00004_04	5tlk_H	68.595	121	121	226	1	121	1	116	5.22e-47	154	100
P00004_04	5tlk_D	68.595	121	121	226	1	121	1	116	5.22e-47	154	100
P00004_04	9lqi_A	66.942	121	121	121	1	121	1	120	6.05e-47	150	100
P00004_04	9lqi_B	66.942	121	121	121	1	121	1	120	6.05e-47	150	100
P00004_04	9q7y_D	66.942	121	121	118	1	121	1	118	1.65e-46	149	100
P00004_04	7whk_H	66.942	121	121	120	1	121	1	119	6.32e-46	147	100
P00004_04	7whk_D	66.942	121	121	120	1	121	1	119	6.32e-46	147	100
P00004_04	7whj_F	66.942	121	121	120	1	121	1	119	6.32e-46	147	100
P00004_05	9nh7_F	72.131	122	121	140	1	121	4	124	8.14e-51	160	100
P00004_05	9nh7_E	72.131	122	121	140	1	121	4	124	8.14e-51	160	100
P00004_05	9vq6_H	71.901	121	121	132	1	121	3	119	4.17e-50	159	100
P00004_05	9vq6_C	71.901	121	121	132	1	121	3	119	4.17e-50	159	100
P00004_05	9vq6_B	71.901	121	121	132	1	121	3	119	4.17e-50	159	100
P00004_05	9vq6_A	71.901	121	121	132	1	121	3	119	4.17e-50	159	100
P00004_05	7d85_E	67.769	121	121	228	1	121	1	120	7.30e-48	156	100
P00004_05	7d85_B	67.769	121	121	228	1	121	1	120	7.30e-48	156	100
P00004_05	9lqi_A	66.942	121	121	121	1	121	1	120	7.63e-48	152	100
P00004_05	9lqi_B	66.942	121	121	121	1	121	1	120	7.63e-48	152	100
P00004_05	8bcz_E	66.942	121	121	121	1	121	1	120	2.90e-47	151	100
P00004_05	9w7j_B	69.106	123	121	120	1	121	1	119	5.32e-47	150	100
P00004_05	3eak_B	68.504	127	121	137	1	121	1	127	6.00e-47	151	100
P00004_05	3eak_A	68.504	127	121	137	1	121	1	127	6.00e-47	151	100
P00004_05	9l2k_H	66.116	121	121	223	1	121	1	120	9.72e-47	153	100
P00004_05	9mml_H	69.421	121	121	223	1	121	1	118	1.17e-46	153	100
P00004_05	8cwj_U	67.769	121	121	230	1	121	1	118	1.27e-46	153	100
P00004_05	8cwj_J	67.769	121	121	230	1	121	1	118	1.27e-46	153	100
P00004_05	8tn7_H	67.769	121	121	220	1	121	1	117	1.35e-46	152	100
P00004_05	8xse_M	68.293	123	121	226	1	121	1	122	1.36e-46	153	100
P00004_06	9vq6_H	71.074	121	121	132	1	121	3	119	9.82e-51	160	100
P00004_06	9vq6_C	71.074	121	121	132	1	121	3	119	9.82e-51	160	100
P00004_06	9vq6_B	71.074	121	121	132	1	121	3	119	9.82e-51	160	100
P00004_06	9vq6_A	71.074	121	121	132	1	121	3	119	9.82e-51	160	100
P00004_06	9nh7_F	71.311	122	121	140	1	121	4	124	3.45e-50	159	100
P00004_06	9nh7_E	71.311	122	121	140	1	121	4	124	3.45e-50	159	100
P00004_06	8bcz_E	66.942	121	121	121	1	121	1	120	2.55e-48	154	100
P00004_06	9lqi_A	66.942	121	121	121	1	121	1	120	5.09e-48	153	100
P00004_06	9lqi_B	66.942	121	121	121	1	121	1	120	5.09e-48	153	100
P00004_06	3eak_B	69.291	127	121	137	1	121	1	127	9.34e-48	153	100
P00004_06	3eak_A	69.291	127	121	137	1	121	1	127	9.34e-48	153	100
P00004_06	8xse_M	68.293	123	121	226	1	121	1	122	1.84e-47	155	100
P00004_06	7whk_H	67.769	121	121	120	1	121	1	119	2.79e-47	151	100
P00004_06	7whk_D	67.769	121	121	120	1	121	1	119	2.79e-47	151	100
P00004_06	7whj_F	67.769	121	121	120	1	121	1	119	2.79e-47	151	100
P00004_06	7whi_G	67.769	121	121	120	1	121	1	119	2.79e-47	151	100
P00004_06	9cin_M	67.213	122	121	122	1	121	1	121	4.35e-47	150	100
P00004_06	9cin_J	67.213	122	121	122	1	121	1	121	4.35e-47	150	100
P00004_06	9cin_H	67.213	122	121	122	1	121	1	121	4.35e-47	150	100
P00004_06	7zf3_H	66.942	121	121	226	1	121	1	120	5.39e-47	154	100
P00004_07	9vq6_H	71.901	121	121	132	1	121	3	119	2.02e-50	159	100
P00004_07	9vq6_C	71.901	121	121	132	1	121	3	119	2.02e-50	159	100
P00004_07	9vq6_B	71.901	121	121	132	1	121	3	119	2.02e-50	159	100
P00004_07	9vq6_A	71.901	121	121	132	1	121	3	119	2.02e-50	159	100
P00004_07	3eak_B	69.291	127	121	137	1	121	1	127	2.75e-49	157	100
P00004_07	3eak_A	69.291	127	121	137	1	121	1	127	2.75e-49	157	100
P00004_07	7d85_E	68.595	121	121	228	1	121	1	120	5.07e-49	159	100
P00004_07	7d85_B	68.595	121	121	228	1	121	1	120	5.07e-49	159	100
P00004_07	9nh7_F	70.492	122	121	140	1	121	4	124	5.14e-48	154	100
P00004_07	9nh7_E	70.492	122	121	140	1	121	4	124	5.14e-48	154	100
P00004_07	8cwk_A	68.595	121	121	232	1	121	1	120	9.12e-48	156	100
P00004_07	8k4q_D	66.942	121	121	121	1	121	3	120	1.77e-47	152	100
P00004_07	8k4q_B	66.942	121	121	121	1	121	3	120	1.77e-47	152	100
P00004_07	4u3x_C	67.742	124	121	121	1	121	1	120	1.92e-47	152	100
P00004_07	4u3x_A	67.742	124	121	121	1	121	1	120	1.92e-47	152	100
P00004_07	4pgj_C	67.742	124	121	121	1	121	1	120	1.92e-47	152	100
P00004_07	4pgj_A	67.742	124	121	121	1	121	1	120	1.92e-47	152	100
P00004_07	9lqi_A	66.942	121	121	121	1	121	1	120	3.00e-47	151	100
P00004_07	9lqi_B	66.942	121	121	121	1	121	1	120	3.00e-47	151	100
P00004_07	6dsi_A	69.167	120	121	242	1	120	1	117	5.60e-47	154	99
P00004_08	9nh7_F	71.311	122	121	140	1	121	4	124	6.78e-52	163	100
P00004_08	9nh7_E	71.311	122	121	140	1	121	4	124	6.78e-52	163	100
P00004_08	9vq6_H	71.074	121	121	132	1	121	3	119	1.11e-51	162	100
P00004_08	9vq6_C	71.074	121	121	132	1	121	3	119	1.11e-51	162	100
P00004_08	9vq6_B	71.074	121	121	132	1	121	3	119	1.11e-51	162	100
P00004_08	9vq6_A	71.074	121	121	132	1	121	3	119	1.11e-51	162	100
P00004_08	8bcz_E	67.769	121	121	121	1	121	1	120	1.86e-50	159	100
P00004_08	8xse_M	69.106	123	121	226	1	121	1	122	2.90e-49	160	100
P00004_08	7zf3_H	67.769	121	121	226	1	121	1	120	5.00e-49	159	100
P00004_08	8cbd_J	67.769	121	121	226	1	121	1	120	5.88e-49	159	100
P00004_08	8cbd_G	67.769	121	121	226	1	121	1	120	5.88e-49	159	100
P00004_08	8cbd_E	67.769	121	121	226	1	121	1	120	5.88e-49	159	100
P00004_08	8bbn_E	67.769	121	121	226	1	121	1	120	5.88e-49	159	100
P00004_08	8bbn_J	67.769	121	121	226	1	121	1	120	5.88e-49	159	100
P00004_08	8bbn_M	67.769	121	121	226	1	121	1	120	5.88e-49	159	100
P00004_08	7qnx_H	67.769	121	121	226	1	121	1	120	5.88e-49	159	100
P00004_08	7qnw_H	67.769	121	121	226	1	121	1	120	5.88e-49	159	100
P00004_08	7nxb_H	67.769	121	121	226	1	121	1	120	5.88e-49	159	100
P00004_08	7nxa_H	67.769	121	121	226	1	121	1	120	5.88e-49	159	100
P00004_08	7nx9_H	67.769	121	121	226	1	121	1	120	5.88e-49	159	100
P00005_00	6rqm_B	67.969	128	121	144	1	121	1	127	4.78e-51	161	100
P00005_00	9vq6_H	69.421	121	121	132	1	121	3	119	1.29e-50	160	100
P00005_00	9vq6_C	69.421	121	121	132	1	121	3	119	1.29e-50	160	100
P00005_00	9vq6_B	69.421	121	121	132	1	121	3	119	1.29e-50	160	100
P00005_00	9vq6_A	69.421	121	121	132	1	121	3	119	1.29e-50	160	100
P00005_00	9nh7_F	68.852	122	121	140	1	121	4	124	2.84e-50	159	100
P00005_00	9nh7_E	68.852	122	121	140	1	121	4	124	2.84e-50	159	100
P00005_00	9m5d_A	67.769	121	121	120	1	121	1	119	1.60e-49	157	100
P00005_00	9m5d_D	67.769	121	121	120	1	121	1	119	1.60e-49	157	100
P00005_00	9w7j_B	66.942	121	121	120	1	121	1	119	1.93e-49	157	100
P00005_00	3eak_B	68.504	127	121	137	1	121	1	127	5.08e-49	156	100
P00005_00	3eak_A	68.504	127	121	137	1	121	1	127	5.08e-49	156	100
P00005_00	8k4q_D	67.480	123	121	121	1	121	3	120	8.26e-49	155	100
P00005_00	8k4q_B	67.480	123	121	121	1	121	3	120	8.26e-49	155	100
P00005_00	8z8l_A	67.769	121	121	124	1	121	1	114	1.37e-48	154	100
P00005_00	7tzg_B	66.942	121	121	248	1	120	3	122	2.77e-48	158	99
P00005_00	7tzg_A	66.942	121	121	248	1	120	3	122	2.77e-48	158	99
P00005_00	7tzh_A	66.942	121	121	247	1	120	3	122	3.50e-48	157	99
P00005_00	7tzh_C	66.942	121	121	247	1	120	3	122	3.50e-48	157	99
P00005_00	4u3x_C	65.289	121	121	121	1	121	1	120	4.93e-48	153	100
P00005_01	6rqm_B	67.188	128	121	144	1	121	1	127	4.07e-52	164	100
P00005_01	9nh7_F	69.672	122	121	140	1	121	4	124	4.61e-51	161	100
P00005_01	9nh7_E	69.672	122	121	140	1	121	4	124	4.61e-51	161	100
P00005_01	9w7j_B	67.769	121	121	120	1	121	1	119	4.64e-51	160	100
P00005_01	9vq6_H	71.074	121	121	132	1	121	3	119	1.56e-50	160	100
P00005_01	9vq6_C	71.074	121	121	132	1	121	3	119	1.56e-50	160	100
P00005_01	9vq6_B	71.074	121	121	132	1	121	3	119	1.56e-50	160	100
P00005_01	9vq6_A	71.074	121	121	132	1	121	3	119	1.56e-50	160	100
P00005_01	8vyf_B	66.393	122	121	122	1	121	1	121	1.21e-49	157	100
P00005_01	8vye_P	66.393	122	121	122	1	121	1	121	1.21e-49	157	100
P00005_01	8vye_F	66.393	122	121	122	1	121	1	121	1.21e-49	157	100
P00005_01	8vye_B	66.393	122	121	122	1	121	1	121	1.21e-49	157	100
P00005_01	7tm0_I	66.393	122	121	122	1	121	1	121	1.21e-49	157	100
P00005_01	7tm0_G	66.393	122	121	122	1	121	1	121	1.21e-49	157	100
P00005_01	7tm0_E	66.393	122	121	122	1	121	1	121	1.21e-49	157	100
P00005_01	7tlz_B	66.393	122	121	122	1	121	1	121	1.21e-49	157	100
P00005_01	9c45_H	66.393	122	121	121	1	121	1	121	1.38e-49	157	100
P00005_01	9c44_F	66.393	122	121	121	1	121	1	121	1.38e-49	157	100
P00005_01	9c44_E	66.393	122	121	121	1	121	1	121	1.38e-49	157	100
P00005_01	9c44_H	66.393	122	121	121	1	121	1	121	1.38e-49	157	100
P00005_02	6rqm_B	67.969	128	121	144	1	121	1	127	2.51e-51	162	100
P00005_02	9vq6_H	71.074	121	121	132	1	121	3	119	4.17e-50	159	100
P00005_02	9vq6_C	71.074	121	121	132	1	121	3	119	4.17e-50	159	100
P00005_02	9vq6_B	71.074	121	121	132	1	121	3	119	4.17e-50	159	100
P00005_02	9vq6_A	71.074	121	121	132	1	121	3	119	4.17e-50	159	100
P00005_02	9nh7_F	68.852	122	121	140	1	121	4	124	4.35e-50	159	100
P00005_02	9nh7_E	68.852	122	121	140	1	121	4	124	4.35e-50	159	100
P00005_02	9w7j_B	67.769	121	121	120	1	121	1	119	1.26e-49	157	100
P00005_02	4zs6_C	63.636	121	121	227	1	121	1	120	7.78e-49	159	100
P00005_02	4zs6_H	63.636	121	121	227	1	121	1	120	7.78e-49	159	100
P00005_02	8vyf_B	66.393	122	121	122	1	121	1	121	1.12e-48	155	100
P00005_02	8vye_P	66.393	122	121	122	1	121	1	121	1.12e-48	155	100
P00005_02	8vye_F	66.393	122	121	122	1	121	1	121	1.12e-48	155	100
P00005_02	8vye_B	66.393	122	121	122	1	121	1	121	1.12e-48	155	100
P00005_02	7tm0_I	66.393	122	121	122	1	121	1	121	1.12e-48	155	100
P00005_02	7tm0_G	66.393	122	121	122	1	121	1	121	1.12e-48	155	100
P00005_02	7tm0_E	66.393	122	121	122	1	121	1	121	1.12e-48	155	100
P00005_02	7tlz_B	66.393	122	121	122	1	121	1	121	1.12e-48	155	100
P00005_02	9c45_H	66.393	122	121	121	1	121	1	121	1.27e-48	154	100
P00005_02	9c44_F	66.393	122	121	121	1	121	1	121	1.27e-48	154	100
P00005_03	6rqm_B	67.969	128	121	144	1	121	1	127	1.39e-51	163	100
P00005_03	9vq6_H	69.421	121	121	132	1	121	3	119	4.26e-50	159	100
P00005_03	9vq6_C	69.421	121	121	132	1	121	3	119	4.26e-50	159	100
P00005_03	9vq6_B	69.421	121	121	132	1	121	3	119	4.26e-50	159	100
P00005_03	9vq6_A	69.421	121	121	132	1	121	3	119	4.26e-50	159	100
P00005_03	9nh7_F	68.852	122	121	140	1	121	4	124	5.59e-50	159	100
P00005_03	9nh7_E	68.852	122	121	140	1	121	4	124	5.59e-50	159	100
P00005_03	8k4q_D	67.480	123	121	121	1	121	3	120	2.61e-49	156	100
P00005_03	8k4q_B	67.480	123	121	121	1	121	3	120	2.61e-49	156	100
P00005_03	9w7j_B	66.942	121	121	120	1	121	1	119	2.62e-49	156	100
P00005_03	3eak_B	69.291	127	121	137	1	121	1	127	3.31e-49	157	100
P00005_03	3eak_A	69.291	127	121	137	1	121	1	127	3.31e-49	157	100
P00005_03	8z8l_A	67.769	121	121	124	1	121	1	114	1.23e-48	155	100
P00005_03	4u3x_C	65.289	121	121	121	1	121	1	120	1.67e-48	154	100
P00005_03	4u3x_A	65.289	121	121	121	1	121	1	120	1.67e-48	154	100
P00005_03	4pgj_C	65.289	121	121	121	1	121	1	120	1.67e-48	154	100
P00005_03	4pgj_A	65.289	121	121	121	1	121	1	120	1.67e-48	154	100
P00005_03	7tzg_B	66.942	121	121	248	1	120	3	122	2.49e-48	158	99
P00005_03	7tzg_A	66.942	121	121	248	1	120	3	122	2.49e-48	158	99
P00005_03	7tzh_A	66.942	121	121	247	1	120	3	122	2.91e-48	158	99
P00005_04	6rqm_B	67.969	128	121	144	1	121	1	127	6.45e-52	164	100
P00005_04	9vq6_H	71.074	121	121	132	1	121	3	119	7.87e-50	158	100
P00005_04	9vq6_C	71.074	121	121	132	1	121	3	119	7.87e-50	158	100
P00005_04	9vq6_B	71.074	121	121	132	1	121	3	119	7.87e-50	158	100
P00005_04	9vq6_A	71.074	121	121	132	1	121	3	119	7.87e-50	158	100
P00005_04	9nh7_F	68.852	122	121	140	1	121	4	124	1.22e-49	158	100
P00005_04	9nh7_E	68.852	122	121	140	1	121	4	124	1.22e-49	158	100
P00005_04	9w7j_B	67.769	121	121	120	1	121	1	119	4.15e-49	155	100
P00005_04	4zs6_C	64.463	121	121	227	1	121	1	120	1.40e-48	158	100
P00005_04	4zs6_H	64.463	121	121	227	1	121	1	120	1.40e-48	158	100
P00005_04	8vyf_B	66.393	122	121	122	1	121	1	121	2.33e-48	154	100
P00005_04	8vye_P	66.393	122	121	122	1	121	1	121	2.33e-48	154	100
P00005_04	8vye_F	66.393	122	121	122	1	121	1	121	2.33e-48	154	100
P00005_04	8vye_B	66.393	122	121	122	1	121	1	121	2.33e-48	154	100
P00005_04	7tm0_I	66.393	122	121	122	1	121	1	121	2.33e-48	154	100
P00005_04	7tm0_G	66.393	122	121	122	1	121	1	121	2.33e-48	154	100
P00005_04	7tm0_E	66.393	122	121	122	1	121	1	121	2.33e-48	154	100
P00005_04	7tlz_B	66.393	122	121	122	1	121	1	121	2.33e-48	154	100
P00005_04	9c45_H	66.393	122	121	121	1	121	1	121	2.36e-48	154	100
P00005_04	9c44_F	66.393	122	121	121	1	121	1	121	2.36e-48	154	100
P00005_05	6rqm_B	68.750	128	121	144	1	121	1	127	7.04e-52	164	100
P00005_05	9vq6_H	71.074	121	121	132	1	121	3	119	1.20e-50	160	100
P00005_05	9vq6_C	71.074	121	121	132	1	121	3	119	1.20e-50	160	100
P00005_05	9vq6_B	71.074	121	121	132	1	121	3	119	1.20e-50	160	100
P00005_05	9vq6_A	71.074	121	121	132	1	121	3	119	1.20e-50	160	100
P00005_05	9nh7_F	69.672	122	121	140	1	121	4	124	1.60e-50	160	100
P00005_05	9nh7_E	69.672	122	121	140	1	121	4	124	1.60e-50	160	100
P00005_05	9w7j_B	67.769	121	121	120	1	121	1	119	4.90e-50	158	100
P00005_05	8vyf_B	66.393	122	121	122	1	121	1	121	5.87e-49	155	100
P00005_05	8vye_P	66.393	122	121	122	1	121	1	121	5.87e-49	155	100
P00005_05	8vye_F	66.393	122	121	122	1	121	1	121	5.87e-49	155	100
P00005_05	8vye_B	66.393	122	121	122	1	121	1	121	5.87e-49	155	100
P00005_05	7tm0_I	66.393	122	121	122	1	121	1	121	5.87e-49	155	100
P00005_05	7tm0_G	66.393	122	121	122	1	121	1	121	5.87e-49	155	100
P00005_05	7tm0_E	66.393	122	121	122	1	121	1	121	5.87e-49	155	100
P00005_05	7tlz_B	66.393	122	121	122	1	121	1	121	5.87e-49	155	100
P00005_05	9c45_H	66.393	122	121	121	1	121	1	121	7.01e-49	155	100
P00005_05	9c44_F	66.393	122	121	121	1	121	1	121	7.01e-49	155	100
P00005_05	9c44_E	66.393	122	121	121	1	121	1	121	7.01e-49	155	100
P00005_05	9c44_H	66.393	122	121	121	1	121	1	121	7.01e-49	155	100
P00005_06	6rqm_B	68.750	128	121	144	1	121	1	127	3.42e-52	164	100
P00005_06	9vq6_H	71.074	121	121	132	1	121	3	119	8.22e-50	158	100
P00005_06	9vq6_C	71.074	121	121	132	1	121	3	119	8.22e-50	158	100
P00005_06	9vq6_B	71.074	121	121	132	1	121	3	119	8.22e-50	158	100
P00005_06	9vq6_A	71.074	121	121	132	1	121	3	119	8.22e-50	158	100
P00005_06	9nh7_F	69.672	122	121	140	1	121	4	124	1.06e-49	158	100
P00005_06	9nh7_E	69.672	122	121	140	1	121	4	124	1.06e-49	158	100
P00005_06	9w7j_B	67.769	121	121	120	1	121	1	119	3.22e-49	156	100
P00005_06	4zs6_C	64.463	121	121	227	1	121	1	120	1.16e-48	158	100
P00005_06	4zs6_H	64.463	121	121	227	1	121	1	120	1.16e-48	158	100
P00005_06	7obf_B	66.942	121	121	125	1	121	1	119	2.22e-48	154	100
P00005_06	7obf_A	66.942	121	121	125	1	121	1	119	2.22e-48	154	100
P00005_06	8vyf_B	66.393	122	121	122	1	121	1	121	2.39e-48	154	100
P00005_06	8vye_P	66.393	122	121	122	1	121	1	121	2.39e-48	154	100
P00005_06	8vye_F	66.393	122	121	122	1	121	1	121	2.39e-48	154	100
P00005_06	8vye_B	66.393	122	121	122	1	121	1	121	2.39e-48	154	100
P00005_06	7tm0_I	66.393	122	121	122	1	121	1	121	2.39e-48	154	100
P00005_06	7tm0_G	66.393	122	121	122	1	121	1	121	2.39e-48	154	100
P00005_06	7tm0_E	66.393	122	121	122	1	121	1	121	2.39e-48	154	100
P00005_06	7tlz_B	66.393	122	121	122	1	121	1	121	2.39e-48	154	100
P00005_07	6rqm_B	68.750	128	121	144	1	121	1	127	3.17e-52	164	100
P00005_07	9vq6_H	71.074	121	121	132	1	121	3	119	3.74e-51	161	100
P00005_07	9vq6_C	71.074	121	121	132	1	121	3	119	3.74e-51	161	100
P00005_07	9vq6_B	71.074	121	121	132	1	121	3	119	3.74e-51	161	100
P00005_07	9vq6_A	71.074	121	121	132	1	121	3	119	3.74e-51	161	100
P00005_07	9nh7_F	69.672	122	121	140	1	121	4	124	6.54e-51	161	100
P00005_07	9nh7_E	69.672	122	121	140	1	121	4	124	6.54e-51	161	100
P00005_07	9w7j_B	67.769	121	121	120	1	121	1	119	1.55e-50	159	100
P00005_07	8vyf_B	66.393	122	121	122	1	121	1	121	3.14e-49	156	100
P00005_07	8vye_P	66.393	122	121	122	1	121	1	121	3.14e-49	156	100
P00005_07	8vye_F	66.393	122	121	122	1	121	1	121	3.14e-49	156	100
P00005_07	8vye_B	66.393	122	121	122	1	121	1	121	3.14e-49	156	100
P00005_07	7tm0_I	66.393	122	121	122	1	121	1	121	3.14e-49	156	100
P00005_07	7tm0_G	66.393	122	121	122	1	121	1	121	3.14e-49	156	100
P00005_07	7tm0_E	66.393	122	121	122	1	121	1	121	3.14e-49	156	100
P00005_07	7tlz_B	66.393	122	121	122	1	121	1	121	3.14e-49	156	100
P00005_07	9c45_H	66.393	122	121	121	1	121	1	121	3.36e-49	156	100
P00005_07	9c44_F	66.393	122	121	121	1	121	1	121	3.36e-49	156	100
P00005_07	9c44_E	66.393	122	121	121	1	121	1	121	3.36e-49	156	100
P00005_07	9c44_H	66.393	122	121	121	1	121	1	121	3.36e-49	156	100
P00005_08	6rqm_B	67.969	128	121	144	1	121	1	127	2.22e-51	162	100
P00005_08	9nh7_F	69.672	122	121	140	1	121	4	124	7.46e-51	161	100
P00005_08	9nh7_E	69.672	122	121	140	1	121	4	124	7.46e-51	161	100
P00005_08	9vq6_H	71.074	121	121	132	1	121	3	119	7.63e-51	160	100
P00005_08	9vq6_C	71.074	121	121	132	1	121	3	119	7.63e-51	160	100
P00005_08	9vq6_B	71.074	121	121	132	1	121	3	119	7.63e-51	160	100
P00005_08	9vq6_A	71.074	121	121	132	1	121	3	119	7.63e-51	160	100
P00005_08	9w7j_B	67.769	121	121	120	1	121	1	119	1.14e-50	160	100
P00005_08	9c45_H	66.393	122	121	121	1	121	1	121	3.33e-49	156	100
P00005_08	9c44_F	66.393	122	121	121	1	121	1	121	3.33e-49	156	100
P00005_08	9c44_E	66.393	122	121	121	1	121	1	121	3.33e-49	156	100
P00005_08	9c44_H	66.393	122	121	121	1	121	1	121	3.33e-49	156	100
P00005_08	8gtq_J	66.393	122	121	121	1	121	1	121	3.33e-49	156	100
P00005_08	8gtq_I	66.393	122	121	121	1	121	1	121	3.33e-49	156	100
P00005_08	8gtq_H	66.393	122	121	121	1	121	1	121	3.33e-49	156	100
P00005_08	7sod_H	66.393	122	121	121	1	121	1	121	3.33e-49	156	100
P00005_08	7sob_M	66.393	122	121	121	1	121	1	121	3.33e-49	156	100
P00005_08	7sob_F	66.393	122	121	121	1	121	1	121	3.33e-49	156	100
P00005_08	7sob_C	66.393	122	121	121	1	121	1	121	3.33e-49	156	100
P00005_08	7soa_H	66.393	122	121	121	1	121	1	121	3.33e-49	156	100
P00006_00	9nh7_F	69.919	123	119	140	1	119	4	124	3.91e-46	149	100
P00006_00	9nh7_E	69.919	123	119	140	1	119	4	124	3.91e-46	149	100
P00006_00	3eak_B	67.188	128	119	137	1	119	1	127	4.93e-45	146	100
P00006_00	3eak_A	67.188	128	119	137	1	119	1	127	4.93e-45	146	100
P00006_00	9vq6_H	67.200	125	119	132	1	119	3	119	1.70e-44	144	100
P00006_00	9vq6_C	67.200	125	119	132	1	119	3	119	1.70e-44	144	100
P00006_00	9vq6_B	67.200	125	119	132	1	119	3	119	1.70e-44	144	100
P00006_00	9vq6_A	67.200	125	119	132	1	119	3	119	1.70e-44	144	100
P00006_00	7shz_E	65.000	120	119	123	1	119	2	121	5.59e-44	143	100
P00006_00	7shz_I	65.000	120	119	123	1	119	2	121	5.59e-44	143	100
P00006_00	7shz_C	65.000	120	119	123	1	119	2	121	5.59e-44	143	100
P00006_00	7shz_K	65.000	120	119	123	1	119	2	121	5.59e-44	143	100
P00006_00	9fm2_A	65.041	123	119	120	2	119	2	119	7.23e-44	142	99
P00006_00	7shy_E	65.000	120	119	122	1	119	2	121	7.28e-44	142	100
P00006_00	7shy_C	65.000	120	119	122	1	119	2	121	7.28e-44	142	100
P00006_00	7shy_K	65.000	120	119	122	1	119	2	121	7.28e-44	142	100
P00006_00	7shy_I	65.000	120	119	122	1	119	2	121	7.28e-44	142	100
P00006_00	8xsl_M	66.400	125	119	226	1	119	1	122	8.49e-44	145	100
P00006_00	8xsl_H	66.400	125	119	226	1	119	1	122	8.49e-44	145	100
P00006_00	8xse_H	66.400	125	119	226	1	119	1	122	8.49e-44	145	100
P00006_01	9nh7_F	69.291	127	119	140	1	119	4	124	1.81e-45	147	100
P00006_01	9nh7_E	69.291	127	119	140	1	119	4	124	1.81e-45	147	100
P00006_01	3eak_B	67.969	128	119	137	1	119	1	127	1.90e-45	147	100
P00006_01	3eak_A	67.969	128	119	137	1	119	1	127	1.90e-45	147	100
P00006_01	8z8l_A	69.672	122	119	124	1	119	1	114	2.04e-44	144	100
P00006_01	9vq6_H	69.672	122	119	132	1	119	3	119	3.82e-44	144	100
P00006_01	9vq6_C	69.672	122	119	132	1	119	3	119	3.82e-44	144	100
P00006_01	9vq6_B	69.672	122	119	132	1	119	3	119	3.82e-44	144	100
P00006_01	9vq6_A	69.672	122	119	132	1	119	3	119	3.82e-44	144	100
P00006_01	7shz_E	65.000	120	119	123	1	119	2	121	7.11e-44	142	100
P00006_01	7shz_I	65.000	120	119	123	1	119	2	121	7.11e-44	142	100
P00006_01	7shz_C	65.000	120	119	123	1	119	2	121	7.11e-44	142	100
P00006_01	7shz_K	65.000	120	119	123	1	119	2	121	7.11e-44	142	100
P00006_01	7shy_E	65.000	120	119	122	1	119	2	121	1.27e-43	142	100
P00006_01	7shy_C	65.000	120	119	122	1	119	2	121	1.27e-43	142	100
P00006_01	7shy_K	65.000	120	119	122	1	119	2	121	1.27e-43	142	100
P00006_01	7shy_I	65.000	120	119	122	1	119	2	121	1.27e-43	142	100
P00006_01	6t2j_B	67.769	121	119	120	1	119	1	119	3.35e-43	140	100
P00006_01	6t2j_A	67.769	121	119	120	1	119	1	119	3.35e-43	140	100
P00006_01	6sc9_C	67.769	121	119	120	1	119	1	119	3.35e-43	140	100
P00006_02	9nh7_F	69.919	123	119	140	1	119	4	124	1.39e-47	152	100
P00006_02	9nh7_E	69.919	123	119	140	1	119	4	124	1.39e-47	152	100
P00006_02	8k4q_D	66.400	125	119	121	1	119	3	120	4.11e-46	148	100
P00006_02	8k4q_B	66.400	125	119	121	1	119	3	120	4.11e-46	148	100
P00006_02	9vq6_H	67.200	125	119	132	1	119	3	119	1.49e-44	144	100
P00006_02	9vq6_C	67.200	125	119	132	1	119	3	119	1.49e-44	144	100
P00006_02	9vq6_B	67.200	125	119	132	1	119	3	119	1.49e-44	144	100
P00006_02	9vq6_A	67.200	125	119	132	1	119	3	119	1.49e-44	144	100
P00006_02	3eak_B	65.625	128	119	137	1	119	1	127	3.35e-44	144	100
P00006_02	3eak_A	65.625	128	119	137	1	119	1	127	3.35e-44	144	100
P00006_02	8z8l_A	68.852	122	119	124	1	119	1	114	5.89e-44	143	100
P00006_02	9w7j_B	67.480	123	119	120	1	119	1	119	9.20e-44	142	100
P00006_02	7whk_H	66.667	123	119	120	1	119	1	119	1.78e-43	141	100
P00006_02	7whk_D	66.667	123	119	120	1	119	1	119	1.78e-43	141	100
P00006_02	7whj_F	66.667	123	119	120	1	119	1	119	1.78e-43	141	100
P00006_02	7whi_G	66.667	123	119	120	1	119	1	119	1.78e-43	141	100
P00006_02	4uu9_H	64.286	126	119	123	1	119	1	123	2.03e-43	141	100
P00006_02	4uu9_A	64.286	126	119	123	1	119	1	123	2.03e-43	141	100
P00006_02	7shz_E	64.167	120	119	123	1	119	2	121	3.88e-43	140	100
P00006_02	7shz_I	64.167	120	119	123	1	119	2	121	3.88e-43	140	100
P00006_03	9nh7_F	69.919	123	119	140	1	119	4	124	1.83e-47	152	100
P00006_03	9nh7_E	69.919	123	119	140	1	119	4	124	1.83e-47	152	100
P00006_03	8k4q_D	65.600	125	119	121	1	119	3	120	6.36e-46	147	100
P00006_03	8k4q_B	65.600	125	119	121	1	119	3	120	6.36e-46	147	100
P00006_03	3eak_B	67.188	128	119	137	1	119	1	127	7.64e-45	145	100
P00006_03	3eak_A	67.188	128	119	137	1	119	1	127	7.64e-45	145	100
P00006_03	9vq6_H	67.200	125	119	132	1	119	3	119	1.20e-44	145	100
P00006_03	9vq6_C	67.200	125	119	132	1	119	3	119	1.20e-44	145	100
P00006_03	9vq6_B	67.200	125	119	132	1	119	3	119	1.20e-44	145	100
P00006_03	9vq6_A	67.200	125	119	132	1	119	3	119	1.20e-44	145	100
P00006_03	9w7j_B	67.480	123	119	120	1	119	1	119	4.23e-44	143	100
P00006_03	8xsl_M	66.400	125	119	226	1	119	1	122	1.13e-43	145	100
P00006_03	8xsl_H	66.400	125	119	226	1	119	1	122	1.13e-43	145	100
P00006_03	8xse_H	66.400	125	119	226	1	119	1	122	1.13e-43	145	100
P00006_03	6k7o_H	65.041	123	119	228	1	119	1	121	2.21e-43	145	100
P00006_03	6k7o_F	65.041	123	119	228	1	119	1	121	2.21e-43	145	100
P00006_03	6k7o_D	65.041	123	119	228	1	119	1	121	2.21e-43	145	100
P00006_03	6k7o_B	65.041	123	119	228	1	119	1	121	2.21e-43	145	100
P00006_03	8z8l_A	68.033	122	119	124	1	119	1	114	2.44e-43	141	100
P00006_03	7whk_H	66.667	123	119	120	1	119	1	119	3.04e-43	141	100
P00006_04	9nh7_F	69.919	123	119	140	1	119	4	124	2.68e-47	152	100
P00006_04	9nh7_E	69.919	123	119	140	1	119	4	124	2.68e-47	152	100
P00006_04	3eak_B	67.969	128	119	137	1	119	1	127	1.13e-45	147	100
P00006_04	3eak_A	67.969	128	119	137	1	119	1	127	1.13e-45	147	100
P00006_04	8k4q_D	66.393	122	119	121	1	119	3	120	2.14e-44	144	100
P00006_04	8k4q_B	66.393	122	119	121	1	119	3	120	2.14e-44	144	100
P00006_04	8z8l_A	69.106	123	119	124	1	119	1	114	5.64e-44	143	100
P00006_04	6t2j_B	67.213	122	119	120	1	119	1	119	8.81e-44	142	100
P00006_04	6t2j_A	67.213	122	119	120	1	119	1	119	8.81e-44	142	100
P00006_04	6sc9_C	67.213	122	119	120	1	119	1	119	8.81e-44	142	100
P00006_04	6sc9_B	67.213	122	119	120	1	119	1	119	8.81e-44	142	100
P00006_04	6sc8_C	67.213	122	119	120	1	119	1	119	8.81e-44	142	100
P00006_04	6sc8_B	67.213	122	119	120	1	119	1	119	8.81e-44	142	100
P00006_04	6sc7_C	67.213	122	119	120	1	119	1	119	8.81e-44	142	100
P00006_04	6sc7_B	67.213	122	119	120	1	119	1	119	8.81e-44	142	100
P00006_04	6sc6_C	67.213	122	119	120	1	119	1	119	8.81e-44	142	100
P00006_04	6sc6_B	67.213	122	119	120	1	119	1	119	8.81e-44	142	100
P00006_04	6sc5_C	67.213	122	119	120	1	119	1	119	8.81e-44	142	100
P00006_04	6sc5_B	67.213	122	119	120	1	119	1	119	8.81e-44	142	100
P00006_04	9vq6_H	69.672	122	119	132	1	119	3	119	9.26e-44	142	100
P00006_05	9nh7_F	70.732	123	119	140	1	119	4	124	6.18e-48	153	100
P00006_05	9nh7_E	70.732	123	119	140	1	119	4	124	6.18e-48	153	100
P00006_05	8k4q_D	66.400	125	119	121	1	119	3	120	6.72e-46	147	100
P00006_05	8k4q_B	66.400	125	119	121	1	119	3	120	6.72e-46	147	100
P00006_05	9vq6_H	69.672	122	119	132	1	119	3	119	1.44e-44	144	100
P00006_05	9vq6_C	69.672	122	119	132	1	119	3	119	1.44e-44	144	100
P00006_05	9vq6_B	69.672	122	119	132	1	119	3	119	1.44e-44	144	100
P00006_05	9vq6_A	69.672	122	119	132	1	119	3	119	1.44e-44	144	100
P00006_05	3eak_B	65.625	128	119	137	1	119	1	127	1.76e-44	144	100
P00006_05	3eak_A	65.625	128	119	137	1	119	1	127	1.76e-44	144	100
P00006_05	8z8l_A	69.919	123	119	124	1	119	1	114	2.32e-44	144	100
P00006_05	9w7j_B	68.293	123	119	120	1	119	1	119	3.40e-44	143	100
P00006_05	7shz_E	64.167	120	119	123	1	119	2	121	6.58e-44	142	100
P00006_05	7shz_I	64.167	120	119	123	1	119	2	121	6.58e-44	142	100
P00006_05	7shz_C	64.167	120	119	123	1	119	2	121	6.58e-44	142	100
P00006_05	7shz_K	64.167	120	119	123	1	119	2	121	6.58e-44	142	100
P00006_05	7shy_E	64.167	120	119	122	1	119	2	121	1.97e-43	141	100
P00006_05	7shy_C	64.167	120	119	122	1	119	2	121	1.97e-43	141	100
P00006_05	7shy_K	64.167	120	119	122	1	119	2	121	1.97e-43	141	100
P00006_05	7shy_I	64.167	120	119	122	1	119	2	121	1.97e-43	141	100
P00006_06	9nh7_F	69.919	123	119	140	1	119	4	124	2.34e-46	149	100
P00006_06	9nh7_E	69.919	123	119	140	1	119	4	124	2.34e-46	149	100
P00006_06	8k4q_D	66.400	125	119	121	1	119	3	120	9.97e-46	147	100
P00006_06	8k4q_B	66.400	125	119	121	1	119	3	120	9.97e-46	147	100
P00006_06	9vq6_H	70.732	123	119	132	1	119	3	119	6.63e-45	145	100
P00006_06	9vq6_C	70.732	123	119	132	1	119	3	119	6.63e-45	145	100
P00006_06	9vq6_B	70.732	123	119	132	1	119	3	119	6.63e-45	145	100
P00006_06	9vq6_A	70.732	123	119	132	1	119	3	119	6.63e-45	145	100
P00006_06	9w7j_B	69.355	124	119	120	1	119	1	119	1.05e-44	144	100
P00006_06	3eak_B	66.406	128	119	137	1	119	1	127	3.03e-44	144	100
P00006_06	3eak_A	66.406	128	119	137	1	119	1	127	3.03e-44	144	100
P00006_06	9dhw_N	63.235	136	119	133	1	119	1	132	1.15e-43	142	100
P00006_06	4uu9_H	64.567	127	119	123	1	119	1	123	2.29e-43	141	100
P00006_06	4uu9_A	64.567	127	119	123	1	119	1	123	2.29e-43	141	100
P00006_06	7whk_H	68.548	124	119	120	1	119	1	119	2.87e-43	141	100
P00006_06	7whk_D	68.548	124	119	120	1	119	1	119	2.87e-43	141	100
P00006_06	7whj_F	68.548	124	119	120	1	119	1	119	2.87e-43	141	100
P00006_06	7whi_G	68.548	124	119	120	1	119	1	119	2.87e-43	141	100
P00006_06	1ol0_B	65.323	124	119	121	1	119	1	120	3.53e-43	140	100
P00006_06	1ol0_A	65.323	124	119	121	1	119	1	120	3.53e-43	140	100
P00006_07	9nh7_F	69.291	127	119	140	1	119	4	124	4.15e-47	151	100
P00006_07	9nh7_E	69.291	127	119	140	1	119	4	124	4.15e-47	151	100
P00006_07	3eak_B	67.969	128	119	137	1	119	1	127	7.23e-45	145	100
P00006_07	3eak_A	67.969	128	119	137	1	119	1	127	7.23e-45	145	100
P00006_07	9vq6_H	67.969	128	119	132	1	119	3	119	7.95e-44	142	100
P00006_07	9vq6_C	67.969	128	119	132	1	119	3	119	7.95e-44	142	100
P00006_07	9vq6_B	67.969	128	119	132	1	119	3	119	7.95e-44	142	100
P00006_07	9vq6_A	67.969	128	119	132	1	119	3	119	7.95e-44	142	100
P00006_07	6t2j_B	67.213	122	119	120	1	119	1	119	9.41e-44	142	100
P00006_07	6t2j_A	67.213	122	119	120	1	119	1	119	9.41e-44	142	100
P00006_07	6sc9_C	67.213	122	119	120	1	119	1	119	9.41e-44	142	100
P00006_07	6sc9_B	67.213	122	119	120	1	119	1	119	9.41e-44	142	100
P00006_07	6sc8_C	67.213	122	119	120	1	119	1	119	9.41e-44	142	100
P00006_07	6sc8_B	67.213	122	119	120	1	119	1	119	9.41e-44	142	100
P00006_07	6sc7_C	67.213	122	119	120	1	119	1	119	9.41e-44	142	100
P00006_07	6sc7_B	67.213	122	119	120	1	119	1	119	9.41e-44	142	100
P00006_07	6sc6_C	67.213	122	119	120	1	119	1	119	9.41e-44	142	100
P00006_07	6sc6_B	67.213	122	119	120	1	119	1	119	9.41e-44	142	100
P00006_07	6sc5_C	67.213	122	119	120	1	119	1	119	9.41e-44	142	100
P00006_07	6sc5_B	67.213	122	119	120	1	119	1	119	9.41e-44	142	100
P00006_08	9nh7_F	69.919	123	119	140	1	119	4	124	7.07e-46	148	100
P00006_08	9nh7_E	69.919	123	119	140	1	119	4	124	7.07e-46	148	100
P00006_08	9vq6_H	67.200	125	119	132	1	119	3	119	1.03e-44	145	100
P00006_08	9vq6_C	67.200	125	119	132	1	119	3	119	1.03e-44	145	100
P00006_08	9vq6_B	67.200	125	119	132	1	119	3	119	1.03e-44	145	100
P00006_08	9vq6_A	67.200	125	119	132	1	119	3	119	1.03e-44	145	100
P00006_08	3eak_B	66.406	128	119	137	1	119	1	127	1.72e-44	144	100
P00006_08	3eak_A	66.406	128	119	137	1	119	1	127	1.72e-44	144	100
P00006_08	7shz_E	65.000	120	119	123	1	119	2	121	3.93e-44	143	100
P00006_08	7shz_I	65.000	120	119	123	1	119	2	121	3.93e-44	143	100
P00006_08	7shz_C	65.000	120	119	123	1	119	2	121	3.93e-44	143	100
P00006_08	7shz_K	65.000	120	119	123	1	119	2	121	3.93e-44	143	100
P00006_08	9fm2_A	65.041	123	119	120	2	119	2	119	4.09e-44	143	99
P00006_08	7shy_E	65.000	120	119	122	1	119	2	121	5.24e-44	143	100
P00006_08	7shy_C	65.000	120	119	122	1	119	2	121	5.24e-44	143	100
P00006_08	7shy_K	65.000	120	119	122	1	119	2	121	5.24e-44	143	100
P00006_08	7shy_I	65.000	120	119	122	1	119	2	121	5.24e-44	143	100
P00006_08	6t2j_B	68.033	122	119	120	1	119	1	119	1.11e-43	142	100
P00006_08	6t2j_A	68.033	122	119	120	1	119	1	119	1.11e-43	142	100
P00006_08	6sc9_C	68.033	122	119	120	1	119	1	119	1.11e-43	142	100
P00007_00	9nh7_F	68.548	124	121	140	1	121	4	124	1.40e-48	155	100
P00007_00	9nh7_E	68.548	124	121	140	1	121	4	124	1.40e-48	155	100
P00007_00	9vq6_H	69.919	123	121	132	1	121	3	119	5.05e-48	153	100
P00007_00	9vq6_C	69.919	123	121	132	1	121	3	119	5.05e-48	153	100
P00007_00	9vq6_B	69.919	123	121	132	1	121	3	119	5.05e-48	153	100
P00007_00	9vq6_A	69.919	123	121	132	1	121	3	119	5.05e-48	153	100
P00007_00	7w7q_B	66.393	122	121	243	1	120	1	119	1.76e-47	155	99
P00007_00	7w7q_A	66.393	122	121	243	1	120	1	119	1.76e-47	155	99
P00007_00	3eak_B	68.504	127	121	137	1	121	1	127	2.91e-47	152	100
P00007_00	3eak_A	68.504	127	121	137	1	121	1	127	2.91e-47	152	100
P00007_00	3zhk_B	66.935	124	121	127	1	121	1	118	1.81e-46	149	100
P00007_00	3zhk_A	66.935	124	121	127	1	121	1	118	1.81e-46	149	100
P00007_00	8xsl_M	65.873	126	121	226	1	121	1	122	2.22e-46	152	100
P00007_00	8xsl_H	65.873	126	121	226	1	121	1	122	2.22e-46	152	100
P00007_00	8xse_H	65.873	126	121	226	1	121	1	122	2.22e-46	152	100
P00007_00	4y5x_J	65.354	127	121	136	1	121	8	130	3.25e-46	149	100
P00007_00	4y5x_G	65.354	127	121	136	1	121	8	130	3.25e-46	149	100
P00007_00	4y5x_D	65.354	127	121	136	1	121	8	130	3.25e-46	149	100
P00007_00	4y5x_A	65.354	127	121	136	1	121	8	130	3.25e-46	149	100
P00007_00	1igm_H	61.789	123	121	129	1	121	1	120	4.01e-46	149	100
P00007_01	7w7q_B	69.672	122	121	243	1	120	1	119	4.87e-49	160	99
P00007_01	7w7q_A	69.672	122	121	243	1	120	1	119	4.87e-49	160	99
P00007_01	9nh7_F	69.355	124	121	140	1	121	4	124	1.19e-48	155	100
P00007_01	9nh7_E	69.355	124	121	140	1	121	4	124	1.19e-48	155	100
P00007_01	9vq6_H	70.732	123	121	132	1	121	3	119	2.42e-48	154	100
P00007_01	9vq6_C	70.732	123	121	132	1	121	3	119	2.42e-48	154	100
P00007_01	9vq6_B	70.732	123	121	132	1	121	3	119	2.42e-48	154	100
P00007_01	9vq6_A	70.732	123	121	132	1	121	3	119	2.42e-48	154	100
P00007_01	3eak_B	69.291	127	121	137	1	121	1	127	5.70e-48	153	100
P00007_01	3eak_A	69.291	127	121	137	1	121	1	127	5.70e-48	153	100
P00007_01	3zhk_B	67.742	124	121	127	1	121	1	118	6.05e-47	150	100
P00007_01	3zhk_A	67.742	124	121	127	1	121	1	118	6.05e-47	150	100
P00007_01	8xsl_M	66.667	126	121	226	1	121	1	122	7.89e-47	154	100
P00007_01	8xsl_H	66.667	126	121	226	1	121	1	122	7.89e-47	154	100
P00007_01	8xse_H	66.667	126	121	226	1	121	1	122	7.89e-47	154	100
P00007_01	9lqi_A	67.742	124	121	121	1	121	1	120	1.71e-46	149	100
P00007_01	9lqi_B	67.742	124	121	121	1	121	1	120	1.71e-46	149	100
P00007_01	1igm_H	62.602	123	121	129	1	121	1	120	1.88e-46	149	100
P00007_01	1ol0_B	66.935	124	121	121	1	121	1	120	1.93e-46	149	100
P00007_01	1ol0_A	66.935	124	121	121	1	121	1	120	1.93e-46	149	100
P00007_02	9nh7_F	69.355	124	121	140	1	121	4	124	6.64e-49	156	100
P00007_02	9nh7_E	69.355	124	121	140	1	121	4	124	6.64e-49	156	100
P00007_02	3eak_B	66.929	127	121	137	1	121	1	127	2.57e-48	154	100
P00007_02	3eak_A	66.929	127	121	137	1	121	1	127	2.57e-48	154	100
P00007_02	9vq6_H	69.919	123	121	132	1	121	3	119	1.90e-47	152	100
P00007_02	9vq6_C	69.919	123	121	132	1	121	3	119	1.90e-47	152	100
P00007_02	9vq6_B	69.919	123	121	132	1	121	3	119	1.90e-47	152	100
P00007_02	9vq6_A	69.919	123	121	132	1	121	3	119	1.90e-47	152	100
P00007_02	7w7q_B	68.033	122	121	243	1	120	1	119	2.42e-46	153	99
P00007_02	7w7q_A	68.033	122	121	243	1	120	1	119	2.42e-46	153	99
P00007_02	8xsl_M	65.873	126	121	226	1	121	1	122	5.30e-46	151	100
P00007_02	8xsl_H	65.873	126	121	226	1	121	1	122	5.30e-46	151	100
P00007_02	8xse_H	65.873	126	121	226	1	121	1	122	5.30e-46	151	100
P00007_02	4y5x_J	65.354	127	121	136	1	121	8	130	1.23e-45	147	100
P00007_02	4y5x_G	65.354	127	121	136	1	121	8	130	1.23e-45	147	100
P00007_02	4y5x_D	65.354	127	121	136	1	121	8	130	1.23e-45	147	100
P00007_02	4y5x_A	65.354	127	121	136	1	121	8	130	1.23e-45	147	100
P00007_02	9lqi_A	66.129	124	121	121	1	121	1	120	2.68e-45	146	100
P00007_02	9lqi_B	66.129	124	121	121	1	121	1	120	2.68e-45	146	100
P00007_02	7kn3_M	67.200	125	121	219	1	121	1	115	3.08e-45	149	100
P00007_03	9nh7_F	69.355	124	121	140	1	121	4	124	6.57e-49	156	100
P00007_03	9nh7_E	69.355	124	121	140	1	121	4	124	6.57e-49	156	100
P00007_03	7w7q_B	68.852	122	121	243	1	120	1	119	5.51e-48	157	99
P00007_03	7w7q_A	68.852	122	121	243	1	120	1	119	5.51e-48	157	99
P00007_03	3eak_B	69.291	127	121	137	1	121	1	127	1.92e-47	152	100
P00007_03	3eak_A	69.291	127	121	137	1	121	1	127	1.92e-47	152	100
P00007_03	9vq6_H	69.919	123	121	132	1	121	3	119	2.55e-47	152	100
P00007_03	9vq6_C	69.919	123	121	132	1	121	3	119	2.55e-47	152	100
P00007_03	9vq6_B	69.919	123	121	132	1	121	3	119	2.55e-47	152	100
P00007_03	9vq6_A	69.919	123	121	132	1	121	3	119	2.55e-47	152	100
P00007_03	9lqi_A	66.935	124	121	121	1	121	1	120	1.35e-46	149	100
P00007_03	9lqi_B	66.935	124	121	121	1	121	1	120	1.35e-46	149	100
P00007_03	8oz3_H	67.480	123	121	230	1	121	1	117	6.20e-46	151	100
P00007_03	8oz3_A	67.480	123	121	230	1	121	1	117	6.20e-46	151	100
P00007_03	1igm_H	62.602	123	121	129	1	121	1	120	9.72e-46	147	100
P00007_03	3zhk_B	66.935	124	121	127	1	121	1	118	9.98e-46	147	100
P00007_03	3zhk_A	66.935	124	121	127	1	121	1	118	9.98e-46	147	100
P00007_03	8xsl_M	65.873	126	121	226	1	121	1	122	1.40e-45	150	100
P00007_03	8xsl_H	65.873	126	121	226	1	121	1	122	1.40e-45	150	100
P00007_03	8xse_H	65.873	126	121	226	1	121	1	122	1.40e-45	150	100
P00007_04	9nh7_F	68.504	127	121	140	1	121	4	124	4.04e-48	154	100
P00007_04	9nh7_E	68.504	127	121	140	1	121	4	124	4.04e-48	154	100
P00007_04	3eak_B	66.929	127	121	137	1	121	1	127	2.29e-47	152	100
P00007_04	3eak_A	66.929	127	121	137	1	121	1	127	2.29e-47	152	100
P00007_04	9vq6_H	70.732	123	121	132	1	121	3	119	3.11e-47	151	100
P00007_04	9vq6_C	70.732	123	121	132	1	121	3	119	3.11e-47	151	100
P00007_04	9vq6_B	70.732	123	121	132	1	121	3	119	3.11e-47	151	100
P00007_04	9vq6_A	70.732	123	121	132	1	121	3	119	3.11e-47	151	100
P00007_04	8xsl_M	66.667	126	121	226	1	121	1	122	5.59e-46	151	100
P00007_04	8xsl_H	66.667	126	121	226	1	121	1	122	5.59e-46	151	100
P00007_04	8xse_H	66.667	126	121	226	1	121	1	122	5.59e-46	151	100
P00007_04	5f3h_G	66.667	123	121	221	1	121	1	115	1.32e-45	150	100
P00007_04	5f3h_E	66.667	123	121	221	1	121	1	115	1.32e-45	150	100
P00007_04	5f3h_C	66.667	123	121	221	1	121	1	115	1.32e-45	150	100
P00007_04	5f3h_A	66.667	123	121	221	1	121	1	115	1.32e-45	150	100
P00007_04	5vyf_B	67.480	123	121	220	1	121	1	114	2.44e-45	149	100
P00007_04	5vyf_H	67.480	123	121	220	1	121	1	114	2.44e-45	149	100
P00007_04	8k4q_D	65.600	125	121	121	1	121	3	120	2.80e-45	146	100
P00007_04	8k4q_B	65.600	125	121	121	1	121	3	120	2.80e-45	146	100
P00007_04	4y5x_J	62.992	127	121	136	1	121	8	130	3.03e-45	146	100
P00007_05	9nh7_F	68.548	124	121	140	1	121	4	124	2.58e-48	154	100
P00007_05	9nh7_E	68.548	124	121	140	1	121	4	124	2.58e-48	154	100
P00007_05	9vq6_H	69.919	123	121	132	1	121	3	119	6.35e-48	153	100
P00007_05	9vq6_C	69.919	123	121	132	1	121	3	119	6.35e-48	153	100
P00007_05	9vq6_B	69.919	123	121	132	1	121	3	119	6.35e-48	153	100
P00007_05	9vq6_A	69.919	123	121	132	1	121	3	119	6.35e-48	153	100
P00007_05	3eak_B	68.504	127	121	137	1	121	1	127	1.84e-47	152	100
P00007_05	3eak_A	68.504	127	121	137	1	121	1	127	1.84e-47	152	100
P00007_05	7w7q_B	66.393	122	121	243	1	120	1	119	1.05e-46	154	99
P00007_05	7w7q_A	66.393	122	121	243	1	120	1	119	1.05e-46	154	99
P00007_05	3zhk_B	66.935	124	121	127	1	121	1	118	2.30e-46	149	100
P00007_05	3zhk_A	66.935	124	121	127	1	121	1	118	2.30e-46	149	100
P00007_05	8xsl_M	65.873	126	121	226	1	121	1	122	3.62e-46	152	100
P00007_05	8xsl_H	65.873	126	121	226	1	121	1	122	3.62e-46	152	100
P00007_05	8xse_H	65.873	126	121	226	1	121	1	122	3.62e-46	152	100
P00007_05	3skj_I	64.615	130	121	231	1	121	1	127	4.80e-46	152	100
P00007_05	3skj_H	64.615	130	121	231	1	121	1	127	4.80e-46	152	100
P00007_05	4y5x_J	65.354	127	121	136	1	121	8	130	5.92e-46	148	100
P00007_05	4y5x_G	65.354	127	121	136	1	121	8	130	5.92e-46	148	100
P00007_05	4y5x_D	65.354	127	121	136	1	121	8	130	5.92e-46	148	100
P00007_06	7w7q_B	68.033	122	121	243	1	120	1	119	2.62e-49	160	99
P00007_06	7w7q_A	68.033	122	121	243	1	120	1	119	2.62e-49	160	99
P00007_06	3eak_B	68.504	127	121	137	1	121	1	127	2.54e-48	154	100
P00007_06	3eak_A	68.504	127	121	137	1	121	1	127	2.54e-48	154	100
P00007_06	9nh7_F	68.548	124	121	140	1	121	4	124	9.18e-48	153	100
P00007_06	9nh7_E	68.548	124	121	140	1	121	4	124	9.18e-48	153	100
P00007_06	9lqi_A	67.742	124	121	121	1	121	1	120	1.87e-47	152	100
P00007_06	9lqi_B	67.742	124	121	121	1	121	1	120	1.87e-47	152	100
P00007_06	9vq6_H	69.919	123	121	132	1	121	3	119	2.26e-47	152	100
P00007_06	9vq6_C	69.919	123	121	132	1	121	3	119	2.26e-47	152	100
P00007_06	9vq6_B	69.919	123	121	132	1	121	3	119	2.26e-47	152	100
P00007_06	9vq6_A	69.919	123	121	132	1	121	3	119	2.26e-47	152	100
P00007_06	3nh7_K	67.742	124	121	234	1	121	1	119	7.22e-47	154	100
P00007_06	3nh7_J	67.742	124	121	234	1	121	1	119	7.22e-47	154	100
P00007_06	3nh7_I	67.742	124	121	234	1	121	1	119	7.22e-47	154	100
P00007_06	3nh7_H	67.742	124	121	234	1	121	1	119	7.22e-47	154	100
P00007_06	1igm_H	62.602	123	121	129	1	121	1	120	8.19e-47	150	100
P00007_06	8coe_B	66.406	128	121	132	1	121	1	125	1.04e-46	150	100
P00007_06	1ol0_B	66.129	124	121	121	1	121	1	120	1.45e-46	149	100
P00007_06	1ol0_A	66.129	124	121	121	1	121	1	120	1.45e-46	149	100
P00007_07	9nh7_F	70.161	124	121	140	1	121	4	124	9.15e-50	158	100
P00007_07	9nh7_E	70.161	124	121	140	1	121	4	124	9.15e-50	158	100
P00007_07	9vq6_H	71.545	123	121	132	1	121	3	119	4.57e-48	154	100
P00007_07	9vq6_C	71.545	123	121	132	1	121	3	119	4.57e-48	154	100
P00007_07	9vq6_B	71.545	123	121	132	1	121	3	119	4.57e-48	154	100
P00007_07	9vq6_A	71.545	123	121	132	1	121	3	119	4.57e-48	154	100
P00007_07	3eak_B	66.142	127	121	137	1	121	1	127	1.03e-47	153	100
P00007_07	3eak_A	66.142	127	121	137	1	121	1	127	1.03e-47	153	100
P00007_07	8k4q_D	66.667	123	121	121	1	121	3	120	1.96e-47	151	100
P00007_07	8k4q_B	66.667	123	121	121	1	121	3	120	1.96e-47	151	100
P00007_07	9q7y_D	65.854	123	121	118	1	121	1	118	2.91e-46	148	100
P00007_07	3zhk_B	66.935	124	121	127	1	121	1	118	2.93e-46	149	100
P00007_07	3zhk_A	66.935	124	121	127	1	121	1	118	2.93e-46	149	100
P00007_07	6nmr_J	63.934	122	121	229	1	121	1	119	8.17e-46	151	100
P00007_07	6nmr_F	63.934	122	121	229	1	121	1	119	8.17e-46	151	100
P00007_07	6nmr_A	63.934	122	121	229	1	121	1	119	8.17e-46	151	100
P00007_07	6nmr_H	63.934	122	121	229	1	121	1	119	8.17e-46	151	100
P00007_07	7w7q_B	65.574	122	121	243	1	120	1	119	1.03e-45	151	99
P00007_07	7w7q_A	65.574	122	121	243	1	120	1	119	1.03e-45	151	99
P00007_07	9w7j_B	68.000	125	121	120	1	121	1	119	1.15e-45	147	100
P00007_08	9nh7_F	68.548	124	121	140	1	121	4	124	3.07e-48	154	100
P00007_08	9nh7_E	68.548	124	121	140	1	121	4	124	3.07e-48	154	100
P00007_08	9vq6_H	69.919	123	121	132	1	121	3	119	1.61e-47	152	100
P00007_08	9vq6_C	69.919	123	121	132	1	121	3	119	1.61e-47	152	100
P00007_08	9vq6_B	69.919	123	121	132	1	121	3	119	1.61e-47	152	100
P00007_08	9vq6_A	69.919	123	121	132	1	121	3	119	1.61e-47	152	100
P00007_08	7w7q_B	67.213	122	121	243	1	120	1	119	4.69e-47	154	99
P00007_08	7w7q_A	67.213	122	121	243	1	120	1	119	4.69e-47	154	99
P00007_08	3eak_B	67.717	127	121	137	1	121	1	127	4.77e-47	151	100
P00007_08	3eak_A	67.717	127	121	137	1	121	1	127	4.77e-47	151	100
P00007_08	8e7m_H	65.600	125	121	227	1	121	1	120	4.24e-46	152	100
P00007_08	8xsl_M	66.667	126	121	226	1	121	1	122	7.92e-46	151	100
P00007_08	8xsl_H	66.667	126	121	226	1	121	1	122	7.92e-46	151	100
P00007_08	8xse_H	66.667	126	121	226	1	121	1	122	7.92e-46	151	100
P00007_08	8r1d_H	67.742	124	121	121	1	121	1	120	9.05e-46	147	100
P00007_08	8r1d_D	67.742	124	121	121	1	121	1	120	9.05e-46	147	100
P00007_08	8r1d_F	67.742	124	121	121	1	121	1	120	9.05e-46	147	100
P00007_08	2vyr_L	65.385	130	121	153	1	121	1	123	9.25e-46	148	100
P00007_08	2vyr_K	65.385	130	121	153	1	121	1	123	9.25e-46	148	100
P00007_08	2vyr_J	65.385	130	121	153	1	121	1	123	9.25e-46	148	100
P00008_00	3eak_B	68.504	127	123	137	1	123	1	127	1.61e-52	165	100
P00008_00	3eak_A	68.504	127	123	137	1	123	1	127	1.61e-52	165	100
P00008_00	9vq6_H	69.919	123	123	132	1	123	3	119	7.88e-50	158	100
P00008_00	9vq6_C	69.919	123	123	132	1	123	3	119	7.88e-50	158	100
P00008_00	9vq6_B	69.919	123	123	132	1	123	3	119	7.88e-50	158	100
P00008_00	9vq6_A	69.919	123	123	132	1	123	3	119	7.88e-50	158	100
P00008_00	9nh7_F	70.400	125	123	140	1	123	4	124	1.15e-49	158	100
P00008_00	9nh7_E	70.400	125	123	140	1	123	4	124	1.15e-49	158	100
P00008_00	4u3x_C	66.667	123	123	121	1	123	1	120	1.34e-49	157	100
P00008_00	4u3x_A	66.667	123	123	121	1	123	1	120	1.34e-49	157	100
P00008_00	4pgj_C	66.667	123	123	121	1	123	1	120	1.34e-49	157	100
P00008_00	4pgj_A	66.667	123	123	121	1	123	1	120	1.34e-49	157	100
P00008_00	8k4q_D	67.480	123	123	121	1	123	3	120	1.87e-49	157	100
P00008_00	8k4q_B	67.480	123	123	121	1	123	3	120	1.87e-49	157	100
P00008_00	1ol0_B	65.041	123	123	121	1	123	1	120	5.28e-49	155	100
P00008_00	1ol0_A	65.041	123	123	121	1	123	1	120	5.28e-49	155	100
P00008_00	7d85_E	66.667	123	123	228	1	123	1	120	9.77e-49	159	100
P00008_00	7d85_B	66.667	123	123	228	1	123	1	120	9.77e-49	159	100
P00008_00	8cwk_A	66.667	123	123	232	1	123	1	120	1.41e-48	158	100
P00008_00	9mmv_H	68.548	124	123	218	1	123	1	113	1.79e-48	157	100
P00008_01	3eak_B	66.929	127	123	137	1	123	1	127	2.05e-49	157	100
P00008_01	3eak_A	66.929	127	123	137	1	123	1	127	2.05e-49	157	100
P00008_01	9nh7_F	69.600	125	123	140	1	123	4	124	2.50e-48	154	100
P00008_01	9nh7_E	69.600	125	123	140	1	123	4	124	2.50e-48	154	100
P00008_01	9vq6_H	70.400	125	123	132	1	123	3	119	1.01e-47	153	100
P00008_01	9vq6_C	70.400	125	123	132	1	123	3	119	1.01e-47	153	100
P00008_01	9vq6_B	70.400	125	123	132	1	123	3	119	1.01e-47	153	100
P00008_01	9vq6_A	70.400	125	123	132	1	123	3	119	1.01e-47	153	100
P00008_01	7w7q_B	67.480	123	123	243	1	122	1	119	6.65e-47	154	99
P00008_01	7w7q_A	67.480	123	123	243	1	122	1	119	6.65e-47	154	99
P00008_01	4u3x_C	66.400	125	123	121	1	123	1	120	1.21e-46	149	100
P00008_01	4u3x_A	66.400	125	123	121	1	123	1	120	1.21e-46	149	100
P00008_01	4pgj_C	66.400	125	123	121	1	123	1	120	1.21e-46	149	100
P00008_01	4pgj_A	66.400	125	123	121	1	123	1	120	1.21e-46	149	100
P00008_01	1ol0_B	64.800	125	123	121	1	123	1	120	7.05e-46	147	100
P00008_01	1ol0_A	64.800	125	123	121	1	123	1	120	7.05e-46	147	100
P00008_01	8z8l_A	68.254	126	123	124	1	123	1	114	8.25e-46	147	100
P00008_01	8cwk_A	66.400	125	123	232	1	123	1	120	1.19e-45	150	100
P00008_01	3zhk_B	65.600	125	123	127	1	123	1	118	1.36e-45	147	100
P00008_01	3zhk_A	65.600	125	123	127	1	123	1	118	1.36e-45	147	100
P00008_02	3eak_B	68.504	127	123	137	1	123	1	127	1.36e-50	160	100
P00008_02	3eak_A	68.504	127	123	137	1	123	1	127	1.36e-50	160	100
P00008_02	4u3x_C	67.480	123	123	121	1	123	1	120	1.22e-49	157	100
P00008_02	4u3x_A	67.480	123	123	121	1	123	1	120	1.22e-49	157	100
P00008_02	4pgj_C	67.480	123	123	121	1	123	1	120	1.22e-49	157	100
P00008_02	4pgj_A	67.480	123	123	121	1	123	1	120	1.22e-49	157	100
P00008_02	9nh7_F	70.400	125	123	140	1	123	4	124	4.69e-49	156	100
P00008_02	9nh7_E	70.400	125	123	140	1	123	4	124	4.69e-49	156	100
P00008_02	7w7q_B	65.574	122	123	243	1	122	1	119	5.52e-48	157	99
P00008_02	7w7q_A	65.574	122	123	243	1	122	1	119	5.52e-48	157	99
P00008_02	9vq6_H	69.106	123	123	132	1	123	3	119	2.56e-47	152	100
P00008_02	9vq6_C	69.106	123	123	132	1	123	3	119	2.56e-47	152	100
P00008_02	9vq6_B	69.106	123	123	132	1	123	3	119	2.56e-47	152	100
P00008_02	9vq6_A	69.106	123	123	132	1	123	3	119	2.56e-47	152	100
P00008_02	7d85_E	66.935	124	123	228	1	123	1	120	4.60e-47	154	100
P00008_02	7d85_B	66.935	124	123	228	1	123	1	120	4.60e-47	154	100
P00008_02	8x0t_H	64.844	128	123	237	1	123	1	125	5.44e-47	154	100
P00008_02	3nh7_K	65.854	123	123	234	1	123	1	119	5.76e-47	154	100
P00008_02	3nh7_J	65.854	123	123	234	1	123	1	119	5.76e-47	154	100
P00008_02	3nh7_I	65.854	123	123	234	1	123	1	119	5.76e-47	154	100
P00008_03	3eak_B	66.929	127	123	137	1	123	1	127	5.16e-50	159	100
P00008_03	3eak_A	66.929	127	123	137	1	123	1	127	5.16e-50	159	100
P00008_03	9nh7_F	69.600	125	123	140	1	123	4	124	1.26e-48	155	100
P00008_03	9nh7_E	69.600	125	123	140	1	123	4	124	1.26e-48	155	100
P00008_03	9vq6_H	70.400	125	123	132	1	123	3	119	5.00e-48	154	100
P00008_03	9vq6_C	70.400	125	123	132	1	123	3	119	5.00e-48	154	100
P00008_03	9vq6_B	70.400	125	123	132	1	123	3	119	5.00e-48	154	100
P00008_03	9vq6_A	70.400	125	123	132	1	123	3	119	5.00e-48	154	100
P00008_03	7w7q_B	67.480	123	123	243	1	122	1	119	1.33e-47	156	99
P00008_03	7w7q_A	67.480	123	123	243	1	122	1	119	1.33e-47	156	99
P00008_03	8x0t_H	64.062	128	123	237	1	123	1	125	3.49e-46	152	100
P00008_03	2vyr_L	65.354	127	123	153	1	123	1	123	3.86e-46	149	100
P00008_03	2vyr_K	65.354	127	123	153	1	123	1	123	3.86e-46	149	100
P00008_03	2vyr_J	65.354	127	123	153	1	123	1	123	3.86e-46	149	100
P00008_03	2vyr_I	65.354	127	123	153	1	123	1	123	3.86e-46	149	100
P00008_03	2vyr_H	65.354	127	123	153	1	123	1	123	3.86e-46	149	100
P00008_03	2vyr_G	65.354	127	123	153	1	123	1	123	3.86e-46	149	100
P00008_03	2vyr_F	65.354	127	123	153	1	123	1	123	3.86e-46	149	100
P00008_03	2vyr_E	65.354	127	123	153	1	123	1	123	3.86e-46	149	100
P00008_03	1ol0_B	65.600	125	123	121	1	123	1	120	5.07e-46	148	100
P00008_04	3eak_B	66.929	127	123	137	1	123	1	127	5.57e-50	159	100
P00008_04	3eak_A	66.929	127	123	137	1	123	1	127	5.57e-50	159	100
P00008_04	9nh7_F	69.048	126	123	140	1	123	4	124	2.15e-49	157	100
P00008_04	9nh7_E	69.048	126	123	140	1	123	4	124	2.15e-49	157	100
P00008_04	8x0t_H	65.625	128	123	237	1	123	1	125	4.05e-48	157	100
P00008_04	9vq6_H	69.600	125	123	132	1	123	3	119	6.50e-48	153	100
P00008_04	9vq6_C	69.600	125	123	132	1	123	3	119	6.50e-48	153	100
P00008_04	9vq6_B	69.600	125	123	132	1	123	3	119	6.50e-48	153	100
P00008_04	9vq6_A	69.600	125	123	132	1	123	3	119	6.50e-48	153	100
P00008_04	3nh7_K	67.742	124	123	234	1	123	1	119	7.73e-47	154	100
P00008_04	3nh7_J	67.742	124	123	234	1	123	1	119	7.73e-47	154	100
P00008_04	3nh7_I	67.742	124	123	234	1	123	1	119	7.73e-47	154	100
P00008_04	3nh7_H	67.742	124	123	234	1	123	1	119	7.73e-47	154	100
P00008_04	8cwj_U	68.800	125	123	230	1	123	1	118	3.77e-46	152	100
P00008_04	8cwj_J	68.800	125	123	230	1	123	1	118	3.77e-46	152	100
P00008_04	5f3h_G	65.854	123	123	221	1	123	1	115	4.41e-46	151	100
P00008_04	5f3h_E	65.854	123	123	221	1	123	1	115	4.41e-46	151	100
P00008_04	5f3h_C	65.854	123	123	221	1	123	1	115	4.41e-46	151	100
P00008_04	5f3h_A	65.854	123	123	221	1	123	1	115	4.41e-46	151	100
P00008_04	4u3x_C	66.400	125	123	121	1	123	1	120	5.02e-46	148	100
P00008_05	3eak_B	67.717	127	123	137	1	123	1	127	8.40e-52	163	100
P00008_05	3eak_A	67.717	127	123	137	1	123	1	127	8.40e-52	163	100
P00008_05	9vq6_H	69.919	123	123	132	1	123	3	119	3.82e-49	156	100
P00008_05	9vq6_C	69.919	123	123	132	1	123	3	119	3.82e-49	156	100
P00008_05	9vq6_B	69.919	123	123	132	1	123	3	119	3.82e-49	156	100
P00008_05	9vq6_A	69.919	123	123	132	1	123	3	119	3.82e-49	156	100
P00008_05	9nh7_F	68.548	124	123	140	1	123	4	124	4.34e-49	156	100
P00008_05	9nh7_E	68.548	124	123	140	1	123	4	124	4.34e-49	156	100
P00008_05	3nh7_K	66.667	123	123	234	1	123	1	119	8.19e-49	159	100
P00008_05	3nh7_J	66.667	123	123	234	1	123	1	119	8.19e-49	159	100
P00008_05	3nh7_I	66.667	123	123	234	1	123	1	119	8.19e-49	159	100
P00008_05	3nh7_H	66.667	123	123	234	1	123	1	119	8.19e-49	159	100
P00008_05	7w7q_B	65.574	122	123	243	1	122	1	119	1.22e-48	159	99
P00008_05	7w7q_A	65.574	122	123	243	1	122	1	119	1.22e-48	159	99
P00008_05	7d85_E	66.667	123	123	228	1	123	1	120	1.61e-48	158	100
P00008_05	7d85_B	66.667	123	123	228	1	123	1	120	1.61e-48	158	100
P00008_05	1ol0_B	65.041	123	123	121	1	123	1	120	2.47e-48	154	100
P00008_05	1ol0_A	65.041	123	123	121	1	123	1	120	2.47e-48	154	100
P00008_05	7s0e_H	67.480	123	123	228	1	123	1	120	2.96e-48	157	100
P00008_05	8xsl_M	66.400	125	123	226	1	123	1	122	3.09e-48	157	100
P00008_06	3eak_B	70.079	127	123	137	1	123	1	127	6.09e-55	171	100
P00008_06	3eak_A	70.079	127	123	137	1	123	1	127	6.09e-55	171	100
P00008_06	9vq6_H	72.358	123	123	132	1	123	3	119	9.84e-51	160	100
P00008_06	9vq6_C	72.358	123	123	132	1	123	3	119	9.84e-51	160	100
P00008_06	9vq6_B	72.358	123	123	132	1	123	3	119	9.84e-51	160	100
P00008_06	9vq6_A	72.358	123	123	132	1	123	3	119	9.84e-51	160	100
P00008_06	8k4q_D	68.293	123	123	121	1	123	3	120	4.79e-50	158	100
P00008_06	8k4q_B	68.293	123	123	121	1	123	3	120	4.79e-50	158	100
P00008_06	9nh7_F	71.200	125	123	140	1	123	4	124	1.08e-49	158	100
P00008_06	9nh7_E	71.200	125	123	140	1	123	4	124	1.08e-49	158	100
P00008_06	1ol0_B	67.480	123	123	121	1	123	1	120	1.18e-49	157	100
P00008_06	1ol0_A	67.480	123	123	121	1	123	1	120	1.18e-49	157	100
P00008_06	7d85_E	67.480	123	123	228	1	123	1	120	4.97e-49	159	100
P00008_06	7d85_B	67.480	123	123	228	1	123	1	120	4.97e-49	159	100
P00008_06	9w7j_B	69.106	123	123	120	1	123	1	119	5.18e-49	155	100
P00008_06	8xsl_M	69.048	126	123	226	1	123	1	122	1.21e-48	158	100
P00008_06	8xsl_H	69.048	126	123	226	1	123	1	122	1.21e-48	158	100
P00008_06	8xse_H	69.048	126	123	226	1	123	1	122	1.21e-48	158	100
P00008_06	6j7w_B	69.919	123	123	118	1	123	1	118	1.23e-48	154	100
P00008_06	6j7w_A	69.919	123	123	118	1	123	1	118	1.23e-48	154	100
P00008_07	3eak_B	67.717	127	123	137	1	123	1	127	3.35e-52	164	100
P00008_07	3eak_A	67.717	127	123	137	1	123	1	127	3.35e-52	164	100
P00008_07	9nh7_F	69.355	124	123	140	1	123	4	124	5.73e-50	159	100
P00008_07	9nh7_E	69.355	124	123	140	1	123	4	124	5.73e-50	159	100
P00008_07	9vq6_H	69.919	123	123	132	1	123	3	119	3.69e-49	156	100
P00008_07	9vq6_C	69.919	123	123	132	1	123	3	119	3.69e-49	156	100
P00008_07	9vq6_B	69.919	123	123	132	1	123	3	119	3.69e-49	156	100
P00008_07	9vq6_A	69.919	123	123	132	1	123	3	119	3.69e-49	156	100
P00008_07	8x0t_H	65.625	128	123	237	1	123	1	125	3.90e-49	160	100
P00008_07	7w7q_B	65.574	122	123	243	1	122	1	119	1.19e-48	159	99
P00008_07	7w7q_A	65.574	122	123	243	1	122	1	119	1.19e-48	159	99
P00008_07	7shy_E	67.742	124	123	122	1	123	2	121	1.49e-48	154	100
P00008_07	7shy_C	67.742	124	123	122	1	123	2	121	1.49e-48	154	100
P00008_07	7shy_K	67.742	124	123	122	1	123	2	121	1.49e-48	154	100
P00008_07	7shy_I	67.742	124	123	122	1	123	2	121	1.49e-48	154	100
P00008_07	7x8t_L	66.406	128	123	237	1	123	1	125	1.62e-48	158	100
P00008_07	7x8t_I	66.406	128	123	237	1	123	1	125	1.62e-48	158	100
P00008_07	7x8t_F	66.406	128	123	237	1	123	1	125	1.62e-48	158	100
P00008_07	7x8t_C	66.406	128	123	237	1	123	1	125	1.62e-48	158	100
P00008_07	7rt9_C	66.667	123	123	223	1	123	1	111	1.87e-48	157	100
P00008_08	9nh7_F	69.600	125	123	140	1	123	4	124	1.35e-49	158	100
P00008_08	9nh7_E	69.600	125	123	140	1	123	4	124	1.35e-49	158	100
P00008_08	3eak_B	66.929	127	123	137	1	123	1	127	6.40e-49	156	100
P00008_08	3eak_A	66.929	127	123	137	1	123	1	127	6.40e-49	156	100
P00008_08	9vq6_H	69.600	125	123	132	1	123	3	119	2.39e-47	152	100
P00008_08	9vq6_C	69.600	125	123	132	1	123	3	119	2.39e-47	152	100
P00008_08	9vq6_B	69.600	125	123	132	1	123	3	119	2.39e-47	152	100
P00008_08	9vq6_A	69.600	125	123	132	1	123	3	119	2.39e-47	152	100
P00008_08	7w7q_B	67.480	123	123	243	1	122	1	119	2.58e-47	155	99
P00008_08	7w7q_A	67.480	123	123	243	1	122	1	119	2.58e-47	155	99
P00008_08	4u3x_C	66.400	125	123	121	1	123	1	120	1.41e-46	149	100
P00008_08	4u3x_A	66.400	125	123	121	1	123	1	120	1.41e-46	149	100
P00008_08	4pgj_C	66.400	125	123	121	1	123	1	120	1.41e-46	149	100
P00008_08	4pgj_A	66.400	125	123	121	1	123	1	120	1.41e-46	149	100
P00008_08	9mmv_H	67.460	126	123	218	1	123	1	113	1.46e-45	150	100
P00008_08	8x0t_H	64.062	128	123	237	1	123	1	125	1.56e-45	150	100
P00008_08	8z8l_A	68.254	126	123	124	1	123	1	114	1.96e-45	147	100
P00008_08	1ol0_B	64.800	125	123	121	1	123	1	120	1.97e-45	147	100
P00008_08	1ol0_A	64.800	125	123	121	1	123	1	120	1.97e-45	147	100
P00008_08	7tn9_O	67.200	125	123	217	1	123	1	117	2.67e-45	149	100
P00009_00	9vq6_H	70.161	124	123	132	1	123	3	119	1.85e-48	154	100
P00009_00	9vq6_C	70.161	124	123	132	1	123	3	119	1.85e-48	154	100
P00009_00	9vq6_B	70.161	124	123	132	1	123	3	119	1.85e-48	154	100
P00009_00	9vq6_A	70.161	124	123	132	1	123	3	119	1.85e-48	154	100
P00009_00	5xj4_H	65.873	126	123	121	1	123	1	120	1.59e-47	152	100
P00009_00	6t2j_B	68.293	123	123	120	1	123	1	119	4.57e-47	150	100
P00009_00	6t2j_A	68.293	123	123	120	1	123	1	119	4.57e-47	150	100
P00009_00	6sc9_C	68.293	123	123	120	1	123	1	119	4.57e-47	150	100
P00009_00	6sc9_B	68.293	123	123	120	1	123	1	119	4.57e-47	150	100
P00009_00	6sc8_C	68.293	123	123	120	1	123	1	119	4.57e-47	150	100
P00009_00	6sc8_B	68.293	123	123	120	1	123	1	119	4.57e-47	150	100
P00009_00	6sc7_C	68.293	123	123	120	1	123	1	119	4.57e-47	150	100
P00009_00	6sc7_B	68.293	123	123	120	1	123	1	119	4.57e-47	150	100
P00009_00	6sc6_C	68.293	123	123	120	1	123	1	119	4.57e-47	150	100
P00009_00	6sc6_B	68.293	123	123	120	1	123	1	119	4.57e-47	150	100
P00009_00	6sc5_C	68.293	123	123	120	1	123	1	119	4.57e-47	150	100
P00009_00	6sc5_B	68.293	123	123	120	1	123	1	119	4.57e-47	150	100
P00009_00	8x0t_H	66.142	127	123	237	1	123	1	125	7.22e-47	154	100
P00009_00	7l2e_I	68.548	124	123	229	1	123	1	121	1.33e-46	153	100
P00009_00	7l2e_G	68.548	124	123	229	1	123	1	121	1.33e-46	153	100
P00009_01	9m5d_A	65.041	123	123	120	1	123	1	119	1.41e-47	152	100
P00009_01	9m5d_D	65.041	123	123	120	1	123	1	119	1.41e-47	152	100
P00009_01	9vq6_H	69.106	123	123	132	1	123	3	119	3.01e-47	151	100
P00009_01	9vq6_C	69.106	123	123	132	1	123	3	119	3.01e-47	151	100
P00009_01	9vq6_B	69.106	123	123	132	1	123	3	119	3.01e-47	151	100
P00009_01	9vq6_A	69.106	123	123	132	1	123	3	119	3.01e-47	151	100
P00009_01	8cwk_A	66.400	125	123	232	1	123	1	120	1.72e-46	153	100
P00009_01	8dww_Z	68.595	121	123	119	3	123	3	119	3.47e-46	148	98
P00009_01	8dww_X	68.595	121	123	119	3	123	3	119	3.47e-46	148	98
P00009_01	8dww_V	68.595	121	123	119	3	123	3	119	3.47e-46	148	98
P00009_01	8dww_H	68.595	121	123	119	3	123	3	119	3.47e-46	148	98
P00009_01	4p59_H	67.480	123	123	238	1	123	1	116	3.63e-46	152	100
P00009_01	6o1f_H	67.480	123	123	227	1	123	1	118	6.22e-46	151	100
P00009_01	4u3x_C	66.129	124	123	121	1	123	1	120	7.86e-46	147	100
P00009_01	4u3x_A	66.129	124	123	121	1	123	1	120	7.86e-46	147	100
P00009_01	4pgj_C	66.129	124	123	121	1	123	1	120	7.86e-46	147	100
P00009_01	4pgj_A	66.129	124	123	121	1	123	1	120	7.86e-46	147	100
P00009_01	9nh7_F	66.406	128	123	140	1	123	4	124	1.34e-45	147	100
P00009_01	9nh7_E	66.406	128	123	140	1	123	4	124	1.34e-45	147	100
P00009_01	5n88_A	65.116	129	123	126	1	123	1	126	1.81e-45	147	100
P00009_02	9m5d_A	65.323	124	123	120	1	123	1	119	1.21e-47	152	100
P00009_02	9m5d_D	65.323	124	123	120	1	123	1	119	1.21e-47	152	100
P00009_02	9vq6_H	69.355	124	123	132	1	123	3	119	1.45e-47	152	100
P00009_02	9vq6_C	69.355	124	123	132	1	123	3	119	1.45e-47	152	100
P00009_02	9vq6_B	69.355	124	123	132	1	123	3	119	1.45e-47	152	100
P00009_02	9vq6_A	69.355	124	123	132	1	123	3	119	1.45e-47	152	100
P00009_02	3g6d_H	67.460	126	123	229	1	123	1	121	2.32e-46	152	100
P00009_02	3g6a_B	67.460	126	123	229	1	123	1	121	2.32e-46	152	100
P00009_02	3g6a_H	67.460	126	123	229	1	123	1	121	2.32e-46	152	100
P00009_02	3eak_B	67.717	127	123	137	1	123	1	127	3.32e-46	149	100
P00009_02	3eak_A	67.717	127	123	137	1	123	1	127	3.32e-46	149	100
P00009_02	9nh7_F	65.625	128	123	140	1	123	4	124	3.48e-46	149	100
P00009_02	9nh7_E	65.625	128	123	140	1	123	4	124	3.48e-46	149	100
P00009_02	5xj4_H	65.079	126	123	121	1	123	1	120	4.30e-46	148	100
P00009_02	4p59_H	67.742	124	123	238	1	123	1	116	6.32e-46	152	100
P00009_02	9dzg_H	65.625	128	123	228	1	123	1	124	1.45e-45	150	100
P00009_02	9dzf_H	65.625	128	123	228	1	123	1	124	1.45e-45	150	100
P00009_02	4xxd_E	65.079	126	123	223	1	123	1	111	1.46e-45	150	100
P00009_02	4xxd_B	65.079	126	123	223	1	123	1	111	1.46e-45	150	100
P00009_02	4jfz_H	66.935	124	123	235	1	123	4	122	1.58e-45	150	100
P00009_03	9nh7_F	69.048	126	123	140	1	123	4	124	1.58e-46	150	100
P00009_03	9nh7_E	69.048	126	123	140	1	123	4	124	1.58e-46	150	100
P00009_03	9vq6_H	69.600	125	123	132	1	123	3	119	1.92e-46	149	100
P00009_03	9vq6_C	69.600	125	123	132	1	123	3	119	1.92e-46	149	100
P00009_03	9vq6_B	69.600	125	123	132	1	123	3	119	1.92e-46	149	100
P00009_03	9vq6_A	69.600	125	123	132	1	123	3	119	1.92e-46	149	100
P00009_03	8cwk_A	66.929	127	123	232	1	123	1	120	4.85e-46	152	100
P00009_03	7l2e_I	68.254	126	123	229	1	123	1	121	1.29e-45	150	100
P00009_03	7l2e_G	68.254	126	123	229	1	123	1	121	1.29e-45	150	100
P00009_03	7l2e_H	68.254	126	123	229	1	123	1	121	1.29e-45	150	100
P00009_03	9m5d_A	64.228	123	123	120	1	123	1	119	1.52e-45	147	100
P00009_03	9m5d_D	64.228	123	123	120	1	123	1	119	1.52e-45	147	100
P00009_03	3g6d_H	69.048	126	123	229	1	123	1	121	1.56e-45	150	100
P00009_03	3g6a_B	69.048	126	123	229	1	123	1	121	1.56e-45	150	100
P00009_03	3g6a_H	69.048	126	123	229	1	123	1	121	1.56e-45	150	100
P00009_03	8xse_M	67.969	128	123	226	1	123	1	122	1.65e-45	150	100
P00009_03	4u3x_C	65.873	126	123	121	1	123	1	120	2.11e-45	146	100
P00009_03	4u3x_A	65.873	126	123	121	1	123	1	120	2.11e-45	146	100
P00009_03	4pgj_C	65.873	126	123	121	1	123	1	120	2.11e-45	146	100
P00009_03	4pgj_A	65.873	126	123	121	1	123	1	120	2.11e-45	146	100
P00009_04	9m5d_A	65.041	123	123	120	1	123	1	119	4.25e-49	156	100
P00009_04	9m5d_D	65.041	123	123	120	1	123	1	119	4.25e-49	156	100
P00009_04	9vq6_H	69.919	123	123	132	1	123	3	119	4.75e-49	156	100
P00009_04	9vq6_C	69.919	123	123	132	1	123	3	119	4.75e-49	156	100
P00009_04	9vq6_B	69.919	123	123	132	1	123	3	119	4.75e-49	156	100
P00009_04	9vq6_A	69.919	123	123	132	1	123	3	119	4.75e-49	156	100
P00009_04	8tnt_E	65.854	123	123	232	1	123	1	119	2.56e-48	157	100
P00009_04	7s1b_X	65.041	123	123	225	1	123	1	119	1.75e-47	155	100
P00009_04	7s07_X	65.041	123	123	225	1	123	1	119	1.75e-47	155	100
P00009_04	8cwk_A	66.400	125	123	232	1	123	1	120	2.52e-47	155	100
P00009_04	4u3x_C	66.129	124	123	121	1	123	1	120	5.14e-47	150	100
P00009_04	4u3x_A	66.129	124	123	121	1	123	1	120	5.14e-47	150	100
P00009_04	4pgj_C	66.129	124	123	121	1	123	1	120	5.14e-47	150	100
P00009_04	4pgj_A	66.129	124	123	121	1	123	1	120	5.14e-47	150	100
P00009_04	9nh7_F	68.293	123	123	140	1	123	4	124	7.44e-47	151	100
P00009_04	9nh7_E	68.293	123	123	140	1	123	4	124	7.44e-47	151	100
P00009_04	8dww_Z	68.595	121	123	119	3	123	3	119	8.64e-47	150	98
P00009_04	8dww_X	68.595	121	123	119	3	123	3	119	8.64e-47	150	98
P00009_04	8dww_V	68.595	121	123	119	3	123	3	119	8.64e-47	150	98
P00009_04	8dww_H	68.595	121	123	119	3	123	3	119	8.64e-47	150	98
P00009_05	9m5d_A	65.854	123	123	120	1	123	1	119	1.02e-47	152	100
P00009_05	9m5d_D	65.854	123	123	120	1	123	1	119	1.02e-47	152	100
P00009_05	9vq6_H	69.919	123	123	132	1	123	3	119	3.59e-47	151	100
P00009_05	9vq6_C	69.919	123	123	132	1	123	3	119	3.59e-47	151	100
P00009_05	9vq6_B	69.919	123	123	132	1	123	3	119	3.59e-47	151	100
P00009_05	9vq6_A	69.919	123	123	132	1	123	3	119	3.59e-47	151	100
P00009_05	9nh7_F	68.293	123	123	140	1	123	4	124	6.29e-46	148	100
P00009_05	9nh7_E	68.293	123	123	140	1	123	4	124	6.29e-46	148	100
P00009_05	4p59_H	67.480	123	123	238	1	123	1	116	1.70e-45	150	100
P00009_05	9n4f_O	64.800	125	123	125	1	123	1	124	1.87e-45	147	100
P00009_05	9n4f_M	64.800	125	123	125	1	123	1	124	1.87e-45	147	100
P00009_05	9n4f_H	64.800	125	123	125	1	123	1	124	1.87e-45	147	100
P00009_05	8u08_H	61.069	131	123	234	1	123	1	130	4.60e-45	149	100
P00009_05	3upc_J	65.289	121	123	113	3	123	1	113	4.87e-45	145	98
P00009_05	3upc_I	65.289	121	123	113	3	123	1	113	4.87e-45	145	98
P00009_05	3upc_H	65.289	121	123	113	3	123	1	113	4.87e-45	145	98
P00009_05	3upc_G	65.289	121	123	113	3	123	1	113	4.87e-45	145	98
P00009_05	3upc_F	65.289	121	123	113	3	123	1	113	4.87e-45	145	98
P00009_05	3upc_E	65.289	121	123	113	3	123	1	113	4.87e-45	145	98
P00009_05	3upc_D	65.289	121	123	113	3	123	1	113	4.87e-45	145	98
P00009_06	9vq6_H	70.161	124	123	132	1	123	3	119	1.10e-48	155	100
P00009_06	9vq6_C	70.161	124	123	132	1	123	3	119	1.10e-48	155	100
P00009_06	9vq6_B	70.161	124	123	132	1	123	3	119	1.10e-48	155	100
P00009_06	9vq6_A	70.161	124	123	132	1	123	3	119	1.10e-48	155	100
P00009_06	8cwk_A	66.667	126	123	232	1	123	1	120	2.14e-47	155	100
P00009_06	9m5d_A	65.323	124	123	120	1	123	1	119	4.01e-47	151	100
P00009_06	9m5d_D	65.323	124	123	120	1	123	1	119	4.01e-47	151	100
P00009_06	8tnt_E	65.323	124	123	232	1	123	1	119	2.26e-46	152	100
P00009_06	8k4q_D	65.323	124	123	121	1	123	3	120	2.49e-46	149	100
P00009_06	8k4q_B	65.323	124	123	121	1	123	3	120	2.49e-46	149	100
P00009_06	3eak_B	66.142	127	123	137	1	123	1	127	2.49e-46	149	100
P00009_06	3eak_A	66.142	127	123	137	1	123	1	127	2.49e-46	149	100
P00009_06	6o1f_H	68.800	125	123	227	1	123	1	118	3.42e-46	152	100
P00009_06	9nh7_F	65.891	129	123	140	1	123	4	124	5.05e-46	149	100
P00009_06	9nh7_E	65.891	129	123	140	1	123	4	124	5.05e-46	149	100
P00009_06	5xj4_H	66.129	124	123	121	1	123	1	120	7.36e-46	147	100
P00009_06	8xsj_H	68.000	125	123	230	1	123	1	121	1.32e-45	150	100
P00009_06	7s1b_X	64.516	124	123	225	1	123	1	119	1.64e-45	150	100
P00009_06	7s07_X	64.516	124	123	225	1	123	1	119	1.64e-45	150	100
P00009_06	4p59_H	66.935	124	123	238	1	123	1	116	1.94e-45	150	100
P00009_07	9vq6_H	68.293	123	123	132	1	123	3	119	1.20e-47	152	100
P00009_07	9vq6_C	68.293	123	123	132	1	123	3	119	1.20e-47	152	100
P00009_07	9vq6_B	68.293	123	123	132	1	123	3	119	1.20e-47	152	100
P00009_07	9vq6_A	68.293	123	123	132	1	123	3	119	1.20e-47	152	100
P00009_07	8cwk_A	66.400	125	123	232	1	123	1	120	2.69e-47	155	100
P00009_07	8u08_H	63.359	131	123	234	1	123	1	130	4.25e-47	154	100
P00009_07	9nh7_F	69.106	123	123	140	1	123	4	124	5.24e-47	151	100
P00009_07	9nh7_E	69.106	123	123	140	1	123	4	124	5.24e-47	151	100
P00009_07	9m5d_A	64.228	123	123	120	1	123	1	119	9.01e-47	150	100
P00009_07	9m5d_D	64.228	123	123	120	1	123	1	119	9.01e-47	150	100
P00009_07	8tzw_H	62.595	131	123	232	1	123	1	130	1.36e-46	153	100
P00009_07	5jo5_E	62.595	131	123	232	1	123	1	130	1.36e-46	153	100
P00009_07	5jo5_C	62.595	131	123	232	1	123	1	130	1.36e-46	153	100
P00009_07	5jo5_A	62.595	131	123	232	1	123	1	130	1.36e-46	153	100
P00009_07	5jo5_H	62.595	131	123	232	1	123	1	130	1.36e-46	153	100
P00009_07	5jr1_H	62.595	131	123	236	1	123	1	130	1.60e-46	153	100
P00009_07	4u3x_C	66.129	124	123	121	1	123	1	120	5.91e-46	148	100
P00009_07	4u3x_A	66.129	124	123	121	1	123	1	120	5.91e-46	148	100
P00009_07	4pgj_C	66.129	124	123	121	1	123	1	120	5.91e-46	148	100
P00009_07	4pgj_A	66.129	124	123	121	1	123	1	120	5.91e-46	148	100
P00009_08	9m5d_A	65.041	123	123	120	1	123	1	119	1.05e-49	157	100
P00009_08	9m5d_D	65.041	123	123	120	1	123	1	119	1.05e-49	157	100
P00009_08	9vq6_H	68.293	123	123	132	1	123	3	119	8.03e-49	155	100
P00009_08	9vq6_C	68.293	123	123	132	1	123	3	119	8.03e-49	155	100
P00009_08	9vq6_B	68.293	123	123	132	1	123	3	119	8.03e-49	155	100
P00009_08	9vq6_A	68.293	123	123	132	1	123	3	119	8.03e-49	155	100
P00009_08	9nh7_F	67.480	123	123	140	1	123	4	124	6.21e-48	154	100
P00009_08	9nh7_E	67.480	123	123	140	1	123	4	124	6.21e-48	154	100
P00009_08	5xj4_H	64.228	123	123	121	1	123	1	120	9.92e-47	150	100
P00009_08	3eak_B	66.929	127	123	137	1	123	1	127	1.05e-46	150	100
P00009_08	3eak_A	66.929	127	123	137	1	123	1	127	1.05e-46	150	100
P00009_08	7l2e_I	65.854	123	123	229	1	123	1	121	1.13e-46	153	100
P00009_08	7l2e_G	65.854	123	123	229	1	123	1	121	1.13e-46	153	100
P00009_08	7l2e_H	65.854	123	123	229	1	123	1	121	1.13e-46	153	100
P00009_08	4p59_H	67.460	126	123	238	1	123	1	116	1.47e-46	153	100
P00009_08	8u08_H	61.832	131	123	234	1	123	1	130	1.60e-46	153	100
P00009_08	9n4f_O	63.200	125	123	125	1	123	1	124	1.67e-46	149	100
P00009_08	9n4f_M	63.200	125	123	125	1	123	1	124	1.67e-46	149	100
P00009_08	9n4f_H	63.200	125	123	125	1	123	1	124	1.67e-46	149	100
P00009_08	8tzw_H	61.069	131	123	232	1	123	1	130	3.46e-46	152	100
P00010_00	9vq6_H	69.600	125	125	132	1	125	3	119	1.94e-50	160	100
P00010_00	9vq6_C	69.600	125	125	132	1	125	3	119	1.94e-50	160	100
P00010_00	9vq6_B	69.600	125	125	132	1	125	3	119	1.94e-50	160	100
P00010_00	9vq6_A	69.600	125	125	132	1	125	3	119	1.94e-50	160	100
P00010_00	9nh7_F	69.841	126	125	140	1	125	4	124	1.84e-48	155	100
P00010_00	9nh7_E	69.841	126	125	140	1	125	4	124	1.84e-48	155	100
P00010_00	3eak_B	68.992	129	125	137	1	125	1	127	1.13e-47	153	100
P00010_00	3eak_A	68.992	129	125	137	1	125	1	127	1.13e-47	153	100
P00010_00	9lqi_A	67.200	125	125	121	1	125	1	120	1.18e-46	150	100
P00010_00	9lqi_B	67.200	125	125	121	1	125	1	120	1.18e-46	150	100
P00010_00	4tsa_H	67.200	125	125	222	1	125	1	116	3.07e-46	152	100
P00010_00	4tsc_H	67.200	125	125	222	1	125	1	116	4.55e-46	152	100
P00010_00	6rqm_B	67.969	128	125	144	1	125	1	127	1.08e-45	148	100
P00010_00	1dql_H	66.142	127	125	123	1	125	1	122	1.92e-45	147	100
P00010_00	5n88_A	63.780	127	125	126	1	125	1	126	2.09e-45	147	100
P00010_00	5n88_H	63.780	127	125	126	1	125	1	126	2.09e-45	147	100
P00010_00	8k4q_D	65.600	125	125	121	1	125	3	120	2.51e-45	146	100
P00010_00	8k4q_B	65.600	125	125	121	1	125	3	120	2.51e-45	146	100
P00010_00	8cwk_A	66.667	126	125	232	1	125	1	120	4.61e-45	149	100
P00010_00	4tsb_H	66.400	125	125	222	1	125	1	116	7.86e-45	148	100
P00010_01	9vq6_H	70.400	125	125	132	1	125	3	119	3.60e-51	161	100
P00010_01	9vq6_C	70.400	125	125	132	1	125	3	119	3.60e-51	161	100
P00010_01	9vq6_B	70.400	125	125	132	1	125	3	119	3.60e-51	161	100
P00010_01	9vq6_A	70.400	125	125	132	1	125	3	119	3.60e-51	161	100
P00010_01	9nh7_F	71.094	128	125	140	1	125	4	124	2.64e-50	159	100
P00010_01	9nh7_E	71.094	128	125	140	1	125	4	124	2.64e-50	159	100
P00010_01	9lqi_A	68.800	125	125	121	1	125	1	120	2.38e-49	156	100
P00010_01	9lqi_B	68.800	125	125	121	1	125	1	120	2.38e-49	156	100
P00010_01	4tsa_H	68.800	125	125	222	1	125	1	116	5.21e-47	154	100
P00010_01	4tsc_H	68.800	125	125	222	1	125	1	116	8.06e-47	154	100
P00010_01	6xcn_H	69.048	126	125	230	1	125	1	117	9.08e-47	154	100
P00010_01	6xcn_F	69.048	126	125	230	1	125	1	117	9.08e-47	154	100
P00010_01	6xcn_B	69.048	126	125	230	1	125	1	117	9.08e-47	154	100
P00010_01	6xcm_N	69.048	126	125	230	1	125	1	117	9.08e-47	154	100
P00010_01	6xcm_H	69.048	126	125	230	1	125	1	117	9.08e-47	154	100
P00010_01	6xca_H	69.048	126	125	230	1	125	1	117	9.18e-47	154	100
P00010_01	3eak_B	67.969	128	125	137	1	125	1	127	1.23e-46	150	100
P00010_01	3eak_A	67.969	128	125	137	1	125	1	127	1.23e-46	150	100
P00010_01	4tsb_H	68.000	125	125	222	1	125	1	116	2.22e-46	152	100
P00010_01	9mw5_F	68.504	127	125	131	1	125	1	124	2.79e-46	149	100
P00010_02	9vq6_H	70.312	128	125	132	1	125	3	119	1.37e-51	162	100
P00010_02	9vq6_C	70.312	128	125	132	1	125	3	119	1.37e-51	162	100
P00010_02	9vq6_B	70.312	128	125	132	1	125	3	119	1.37e-51	162	100
P00010_02	9vq6_A	70.312	128	125	132	1	125	3	119	1.37e-51	162	100
P00010_02	9nh7_F	69.600	125	125	140	1	125	4	124	7.41e-51	161	100
P00010_02	9nh7_E	69.600	125	125	140	1	125	4	124	7.41e-51	161	100
P00010_02	8k4q_D	68.800	125	125	121	1	125	3	120	3.03e-50	159	100
P00010_02	8k4q_B	68.800	125	125	121	1	125	3	120	3.03e-50	159	100
P00010_02	3eak_B	67.717	127	125	137	1	125	1	127	1.33e-49	158	100
P00010_02	3eak_A	67.717	127	125	137	1	125	1	127	1.33e-49	158	100
P00010_02	5n88_A	65.354	127	125	126	1	125	1	126	4.40e-49	156	100
P00010_02	5n88_H	65.354	127	125	126	1	125	1	126	4.40e-49	156	100
P00010_02	5xj4_H	66.406	128	125	121	1	125	1	120	1.91e-48	154	100
P00010_02	9dzg_H	67.200	125	125	228	1	125	1	124	2.17e-48	157	100
P00010_02	9dzf_H	67.200	125	125	228	1	125	1	124	2.17e-48	157	100
P00010_02	5tsj_2	67.200	125	125	149	1	125	3	119	1.31e-47	153	100
P00010_02	5tsj_1	67.200	125	125	149	1	125	3	119	1.31e-47	153	100
P00010_02	9sg0_H	64.800	125	125	122	1	125	1	115	3.07e-47	151	100
P00010_02	9sfx_H	64.800	125	125	122	1	125	1	115	3.07e-47	151	100
P00010_02	5x8m_B	66.406	128	125	235	1	125	1	120	3.16e-47	155	100
P00010_03	9vq6_H	69.600	125	125	132	1	125	3	119	5.46e-51	161	100
P00010_03	9vq6_C	69.600	125	125	132	1	125	3	119	5.46e-51	161	100
P00010_03	9vq6_B	69.600	125	125	132	1	125	3	119	5.46e-51	161	100
P00010_03	9vq6_A	69.600	125	125	132	1	125	3	119	5.46e-51	161	100
P00010_03	9nh7_F	68.800	125	125	140	1	125	4	124	8.39e-49	156	100
P00010_03	9nh7_E	68.800	125	125	140	1	125	4	124	8.39e-49	156	100
P00010_03	9dzg_H	67.200	125	125	228	1	125	1	124	1.50e-48	158	100
P00010_03	9dzf_H	67.200	125	125	228	1	125	1	124	1.50e-48	158	100
P00010_03	7e8f_C	67.200	125	125	230	1	125	1	124	6.97e-48	156	100
P00010_03	7e8c_a	67.200	125	125	230	1	125	1	124	6.97e-48	156	100
P00010_03	7e8c_M	67.200	125	125	230	1	125	1	124	6.97e-48	156	100
P00010_03	7e8c_K	67.200	125	125	230	1	125	1	124	6.97e-48	156	100
P00010_03	7chh_J	67.200	125	125	230	1	125	1	124	6.97e-48	156	100
P00010_03	7chh_G	67.200	125	125	230	1	125	1	124	6.97e-48	156	100
P00010_03	7chh_D	67.200	125	125	230	1	125	1	124	6.97e-48	156	100
P00010_03	7chf_A	67.200	125	125	230	1	125	1	124	6.97e-48	156	100
P00010_03	7che_A	67.200	125	125	230	1	125	1	124	6.97e-48	156	100
P00010_03	7chc_A	67.200	125	125	230	1	125	1	124	6.97e-48	156	100
P00010_03	9lqi_A	67.200	125	125	121	1	125	1	120	2.10e-47	152	100
P00010_03	9lqi_B	67.200	125	125	121	1	125	1	120	2.10e-47	152	100
P00010_04	9vq6_H	71.200	125	125	132	1	125	3	119	1.06e-51	163	100
P00010_04	9vq6_C	71.200	125	125	132	1	125	3	119	1.06e-51	163	100
P00010_04	9vq6_B	71.200	125	125	132	1	125	3	119	1.06e-51	163	100
P00010_04	9vq6_A	71.200	125	125	132	1	125	3	119	1.06e-51	163	100
P00010_04	3eak_B	68.504	127	125	137	1	125	1	127	6.67e-51	161	100
P00010_04	3eak_A	68.504	127	125	137	1	125	1	127	6.67e-51	161	100
P00010_04	9nh7_F	68.800	125	125	140	1	125	4	124	3.31e-49	157	100
P00010_04	9nh7_E	68.800	125	125	140	1	125	4	124	3.31e-49	157	100
P00010_04	5xj4_H	66.400	125	125	121	1	125	1	120	2.10e-48	154	100
P00010_04	8k4q_D	65.600	125	125	121	1	125	3	120	1.90e-47	152	100
P00010_04	8k4q_B	65.600	125	125	121	1	125	3	120	1.90e-47	152	100
P00010_04	9dzg_H	66.400	125	125	228	1	125	1	124	2.80e-47	155	100
P00010_04	9dzf_H	66.400	125	125	228	1	125	1	124	2.80e-47	155	100
P00010_04	5x8m_B	66.400	125	125	235	1	125	1	120	3.09e-47	155	100
P00010_04	8hes_H	64.000	125	125	249	1	125	1	124	5.68e-47	155	100
P00010_04	9b6o_H	65.600	125	125	120	1	125	1	118	2.36e-46	149	100
P00010_04	6rqm_B	67.969	128	125	144	1	125	1	127	2.38e-46	150	100
P00010_04	8zhg_H	64.567	127	125	139	1	125	20	138	2.75e-46	149	100
P00010_04	6x4t_D	64.800	125	125	224	1	125	1	120	3.55e-46	152	100
P00010_04	6x4t_B	64.800	125	125	224	1	125	1	120	3.55e-46	152	100
P00010_05	9vq6_H	71.200	125	125	132	1	125	3	119	1.79e-51	162	100
P00010_05	9vq6_C	71.200	125	125	132	1	125	3	119	1.79e-51	162	100
P00010_05	9vq6_B	71.200	125	125	132	1	125	3	119	1.79e-51	162	100
P00010_05	9vq6_A	71.200	125	125	132	1	125	3	119	1.79e-51	162	100
P00010_05	3eak_B	69.291	127	125	137	1	125	1	127	4.50e-51	161	100
P00010_05	3eak_A	69.291	127	125	137	1	125	1	127	4.50e-51	161	100
P00010_05	9nh7_F	68.800	125	125	140	1	125	4	124	2.21e-49	157	100
P00010_05	9nh7_E	68.800	125	125	140	1	125	4	124	2.21e-49	157	100
P00010_05	8k4q_D	67.200	125	125	121	1	125	3	120	1.34e-47	152	100
P00010_05	8k4q_B	67.200	125	125	121	1	125	3	120	1.34e-47	152	100
P00010_05	5n88_A	62.992	127	125	126	1	125	1	126	3.70e-46	149	100
P00010_05	5n88_H	62.992	127	125	126	1	125	1	126	3.70e-46	149	100
P00010_05	6rqm_B	67.969	128	125	144	1	125	1	127	5.18e-46	149	100
P00010_05	9w7j_B	66.400	125	125	120	1	125	1	119	8.70e-46	147	100
P00010_05	8guz_C	67.200	125	125	227	1	125	1	121	1.26e-45	150	100
P00010_05	8guz_A	67.200	125	125	227	1	125	1	121	1.26e-45	150	100
P00010_05	8gv0_G	67.200	125	125	227	1	125	1	121	1.36e-45	150	100
P00010_05	8gv0_E	67.200	125	125	227	1	125	1	121	1.36e-45	150	100
P00010_05	8gv0_C	67.200	125	125	227	1	125	1	121	1.36e-45	150	100
P00010_05	8gv0_A	67.200	125	125	227	1	125	1	121	1.36e-45	150	100
P00010_06	9vq6_H	71.200	125	125	132	1	125	3	119	1.27e-50	160	100
P00010_06	9vq6_C	71.200	125	125	132	1	125	3	119	1.27e-50	160	100
P00010_06	9vq6_B	71.200	125	125	132	1	125	3	119	1.27e-50	160	100
P00010_06	9vq6_A	71.200	125	125	132	1	125	3	119	1.27e-50	160	100
P00010_06	9nh7_F	68.800	125	125	140	1	125	4	124	1.16e-49	158	100
P00010_06	9nh7_E	68.800	125	125	140	1	125	4	124	1.16e-49	158	100
P00010_06	3eak_B	67.188	128	125	137	1	125	1	127	1.22e-48	155	100
P00010_06	3eak_A	67.188	128	125	137	1	125	1	127	1.22e-48	155	100
P00010_06	8k4q_D	67.200	125	125	121	1	125	3	120	4.24e-48	153	100
P00010_06	8k4q_B	67.200	125	125	121	1	125	3	120	4.24e-48	153	100
P00010_06	9dzg_H	66.400	125	125	228	1	125	1	124	4.92e-47	154	100
P00010_06	9dzf_H	66.400	125	125	228	1	125	1	124	4.92e-47	154	100
P00010_06	5xj4_H	66.400	125	125	121	1	125	1	120	5.04e-47	150	100
P00010_06	6rqm_B	67.188	128	125	144	1	125	1	127	9.41e-47	150	100
P00010_06	8hes_H	64.000	125	125	249	1	125	1	124	2.31e-46	153	100
P00010_06	9lqi_A	66.400	125	125	121	1	125	1	120	6.75e-46	148	100
P00010_06	9lqi_B	66.400	125	125	121	1	125	1	120	6.75e-46	148	100
P00010_06	5x8m_B	66.400	125	125	235	1	125	1	120	8.90e-46	151	100
P00010_06	5tsj_2	65.600	125	125	149	1	125	3	119	1.06e-45	148	100
P00010_06	5tsj_1	65.600	125	125	149	1	125	3	119	1.06e-45	148	100
P00010_07	9vq6_H	71.200	125	125	132	1	125	3	119	6.65e-51	161	100
P00010_07	9vq6_C	71.200	125	125	132	1	125	3	119	6.65e-51	161	100
P00010_07	9vq6_B	71.200	125	125	132	1	125	3	119	6.65e-51	161	100
P00010_07	9vq6_A	71.200	125	125	132	1	125	3	119	6.65e-51	161	100
P00010_07	3eak_B	68.750	128	125	137	1	125	1	127	1.47e-50	160	100
P00010_07	3eak_A	68.750	128	125	137	1	125	1	127	1.47e-50	160	100
P00010_07	9nh7_F	69.841	126	125	140	1	125	4	124	6.24e-49	156	100
P00010_07	9nh7_E	69.841	126	125	140	1	125	4	124	6.24e-49	156	100
P00010_07	5xj4_H	66.400	125	125	121	1	125	1	120	9.85e-48	152	100
P00010_07	8k4q_D	65.600	125	125	121	1	125	3	120	3.18e-47	151	100
P00010_07	8k4q_B	65.600	125	125	121	1	125	3	120	3.18e-47	151	100
P00010_07	8hes_H	64.800	125	125	249	1	125	1	124	3.93e-47	155	100
P00010_07	9dzg_H	66.400	125	125	228	1	125	1	124	4.72e-47	154	100
P00010_07	9dzf_H	66.400	125	125	228	1	125	1	124	4.72e-47	154	100
P00010_07	5x8m_B	66.400	125	125	235	1	125	1	120	1.36e-46	153	100
P00010_07	4tsa_H	68.000	125	125	222	1	125	1	116	1.62e-46	153	100
P00010_07	4tsc_H	68.000	125	125	222	1	125	1	116	2.79e-46	152	100
P00010_07	6rqm_B	67.969	128	125	144	1	125	1	127	5.54e-46	149	100
P00010_07	7yvo_K	65.600	125	125	118	1	125	1	117	8.74e-46	147	100
P00010_07	7yvo_I	65.600	125	125	118	1	125	1	117	8.74e-46	147	100
P00010_08	9vq6_H	70.312	128	125	132	1	125	3	119	5.22e-51	161	100
P00010_08	9vq6_C	70.312	128	125	132	1	125	3	119	5.22e-51	161	100
P00010_08	9vq6_B	70.312	128	125	132	1	125	3	119	5.22e-51	161	100
P00010_08	9vq6_A	70.312	128	125	132	1	125	3	119	5.22e-51	161	100
P00010_08	9nh7_F	68.800	125	125	140	1	125	4	124	7.07e-50	159	100
P00010_08	9nh7_E	68.800	125	125	140	1	125	4	124	7.07e-50	159	100
P00010_08	3eak_B	68.750	128	125	137	1	125	1	127	4.70e-48	154	100
P00010_08	3eak_A	68.750	128	125	137	1	125	1	127	4.70e-48	154	100
P00010_08	5n88_A	64.567	127	125	126	1	125	1	126	1.82e-47	152	100
P00010_08	5n88_H	64.567	127	125	126	1	125	1	126	1.82e-47	152	100
P00010_08	8k4q_D	67.200	125	125	121	1	125	3	120	2.14e-47	152	100
P00010_08	8k4q_B	67.200	125	125	121	1	125	3	120	2.14e-47	152	100
P00010_08	5xj4_H	65.625	128	125	121	1	125	1	120	3.04e-46	149	100
P00010_08	6rqm_B	67.969	128	125	144	1	125	1	127	6.18e-46	149	100
P00010_08	9lqi_A	66.400	125	125	121	1	125	1	120	7.62e-46	147	100
P00010_08	9lqi_B	66.400	125	125	121	1	125	1	120	7.62e-46	147	100
P00010_08	9dzg_H	66.400	125	125	228	1	125	1	124	1.30e-45	150	100
P00010_08	9dzf_H	66.400	125	125	228	1	125	1	124	1.30e-45	150	100
P00010_08	8zhg_H	63.846	130	125	139	1	125	20	138	2.85e-45	147	100
P00010_08	4tsa_H	68.000	125	125	222	1	125	1	116	3.33e-45	149	100
P00011_00	8cwj_U	69.355	124	121	230	1	121	1	118	1.14e-48	158	100
P00011_00	8cwj_J	69.355	124	121	230	1	121	1	118	1.14e-48	158	100
P00011_00	9nh7_F	70.400	125	121	140	1	121	4	124	9.39e-48	153	100
P00011_00	9nh7_E	70.400	125	121	140	1	121	4	124	9.39e-48	153	100
P00011_00	8cwk_A	66.129	124	121	232	1	121	1	120	1.09e-45	150	100
P00011_00	9vq6_H	70.161	124	121	132	1	121	3	119	3.12e-45	146	100
P00011_00	9vq6_C	70.161	124	121	132	1	121	3	119	3.12e-45	146	100
P00011_00	9vq6_B	70.161	124	121	132	1	121	3	119	3.12e-45	146	100
P00011_00	9vq6_A	70.161	124	121	132	1	121	3	119	3.12e-45	146	100
P00011_00	7whk_H	67.460	126	121	120	1	121	1	119	5.47e-45	145	100
P00011_00	7whk_D	67.460	126	121	120	1	121	1	119	5.47e-45	145	100
P00011_00	7whj_F	67.460	126	121	120	1	121	1	119	5.47e-45	145	100
P00011_00	7whi_G	67.460	126	121	120	1	121	1	119	5.47e-45	145	100
P00011_00	3eak_B	66.412	131	121	137	1	121	1	127	8.92e-45	145	100
P00011_00	3eak_A	66.412	131	121	137	1	121	1	127	8.92e-45	145	100
P00011_00	4u3x_C	65.600	125	121	121	1	121	1	120	1.70e-44	144	100
P00011_00	4u3x_A	65.600	125	121	121	1	121	1	120	1.70e-44	144	100
P00011_00	4pgj_C	65.600	125	121	121	1	121	1	120	1.70e-44	144	100
P00011_00	4pgj_A	65.600	125	121	121	1	121	1	120	1.70e-44	144	100
P00011_00	9mml_H	67.742	124	121	223	1	121	1	118	2.37e-44	147	100
P00011_01	9nh7_F	69.600	125	121	140	1	121	4	124	3.16e-47	152	100
P00011_01	9nh7_E	69.600	125	121	140	1	121	4	124	3.16e-47	152	100
P00011_01	9vq6_H	69.048	126	121	132	1	121	3	119	7.71e-47	150	100
P00011_01	9vq6_C	69.048	126	121	132	1	121	3	119	7.71e-47	150	100
P00011_01	9vq6_B	69.048	126	121	132	1	121	3	119	7.71e-47	150	100
P00011_01	9vq6_A	69.048	126	121	132	1	121	3	119	7.71e-47	150	100
P00011_01	8zhg_H	67.742	124	121	139	1	121	20	138	4.68e-46	149	100
P00011_01	4u3x_C	69.841	126	121	121	1	121	1	120	7.85e-46	147	100
P00011_01	4u3x_A	69.841	126	121	121	1	121	1	120	7.85e-46	147	100
P00011_01	4pgj_C	69.841	126	121	121	1	121	1	120	7.85e-46	147	100
P00011_01	4pgj_A	69.841	126	121	121	1	121	1	120	7.85e-46	147	100
P00011_01	6k7o_H	66.129	124	121	228	1	121	1	121	1.10e-45	150	100
P00011_01	6k7o_F	66.129	124	121	228	1	121	1	121	1.10e-45	150	100
P00011_01	6k7o_D	66.129	124	121	228	1	121	1	121	1.10e-45	150	100
P00011_01	6k7o_B	66.129	124	121	228	1	121	1	121	1.10e-45	150	100
P00011_01	8cwk_A	67.742	124	121	232	1	121	1	120	1.19e-45	150	100
P00011_01	8bcz_E	67.460	126	121	121	1	121	1	120	1.37e-45	147	100
P00011_01	9z18_H	66.129	124	121	121	1	121	1	120	4.10e-45	145	100
P00011_01	8xse_M	67.969	128	121	226	1	121	1	122	5.80e-45	149	100
P00011_01	25gn_H	66.129	124	121	121	1	121	2	120	6.64e-45	145	100
P00011_02	9nh7_F	69.600	125	121	140	1	121	4	124	4.46e-48	154	100
P00011_02	9nh7_E	69.600	125	121	140	1	121	4	124	4.46e-48	154	100
P00011_02	8cwj_U	67.742	124	121	230	1	121	1	118	8.13e-46	151	100
P00011_02	8cwj_J	67.742	124	121	230	1	121	1	118	8.13e-46	151	100
P00011_02	9vq6_H	69.841	126	121	132	1	121	3	119	1.37e-45	147	100
P00011_02	9vq6_C	69.841	126	121	132	1	121	3	119	1.37e-45	147	100
P00011_02	9vq6_B	69.841	126	121	132	1	121	3	119	1.37e-45	147	100
P00011_02	9vq6_A	69.841	126	121	132	1	121	3	119	1.37e-45	147	100
P00011_02	4u3x_C	67.717	127	121	121	1	121	1	120	9.22e-45	145	100
P00011_02	4u3x_A	67.717	127	121	121	1	121	1	120	9.22e-45	145	100
P00011_02	4pgj_C	67.717	127	121	121	1	121	1	120	9.22e-45	145	100
P00011_02	4pgj_A	67.717	127	121	121	1	121	1	120	9.22e-45	145	100
P00011_02	8cwk_A	67.200	125	121	232	1	121	1	120	1.04e-44	148	100
P00011_02	8bcz_E	67.460	126	121	121	1	121	1	120	1.04e-44	145	100
P00011_02	9z18_H	66.129	124	121	121	1	121	1	120	3.14e-44	143	100
P00011_02	3eak_B	65.672	134	121	137	1	121	1	127	4.71e-44	144	100
P00011_02	3eak_A	65.672	134	121	137	1	121	1	127	4.71e-44	144	100
P00011_02	7obf_B	66.400	125	121	125	1	121	1	119	1.19e-43	142	100
P00011_02	7obf_A	66.400	125	121	125	1	121	1	119	1.19e-43	142	100
P00011_02	7shy_E	64.754	122	121	122	1	121	2	121	1.30e-43	142	100
P00011_03	9nh7_F	69.600	125	121	140	1	121	4	124	4.80e-47	151	100
P00011_03	9nh7_E	69.600	125	121	140	1	121	4	124	4.80e-47	151	100
P00011_03	9vq6_H	69.355	124	121	132	1	121	3	119	6.04e-46	148	100
P00011_03	9vq6_C	69.355	124	121	132	1	121	3	119	6.04e-46	148	100
P00011_03	9vq6_B	69.355	124	121	132	1	121	3	119	6.04e-46	148	100
P00011_03	9vq6_A	69.355	124	121	132	1	121	3	119	6.04e-46	148	100
P00011_03	3eak_B	67.407	135	121	137	1	121	1	127	6.57e-45	145	100
P00011_03	3eak_A	67.407	135	121	137	1	121	1	127	6.57e-45	145	100
P00011_03	8cwk_A	67.200	125	121	232	1	121	1	120	3.50e-44	147	100
P00011_03	8cwj_U	65.323	124	121	230	1	121	1	118	5.46e-44	146	100
P00011_03	8cwj_J	65.323	124	121	230	1	121	1	118	5.46e-44	146	100
P00011_03	9lqi_A	64.463	121	121	121	1	121	1	120	1.47e-43	142	100
P00011_03	9lqi_B	64.463	121	121	121	1	121	1	120	1.47e-43	142	100
P00011_03	4u3x_C	64.286	126	121	121	1	121	1	120	1.47e-43	142	100
P00011_03	4u3x_A	64.286	126	121	121	1	121	1	120	1.47e-43	142	100
P00011_03	4pgj_C	64.286	126	121	121	1	121	1	120	1.47e-43	142	100
P00011_03	4pgj_A	64.286	126	121	121	1	121	1	120	1.47e-43	142	100
P00011_03	8xse_M	67.188	128	121	226	1	121	1	122	1.48e-43	145	100
P00011_03	4jfz_H	66.116	121	121	235	1	121	4	122	2.49e-43	145	100
P00011_03	6k7o_H	63.281	128	121	228	1	121	1	121	3.73e-43	144	100
P00011_04	9nh7_F	71.200	125	121	140	1	121	4	124	4.89e-49	156	100
P00011_04	9nh7_E	71.200	125	121	140	1	121	4	124	4.89e-49	156	100
P00011_04	8cwk_A	68.800	125	121	232	1	121	1	120	2.90e-46	152	100
P00011_04	7whk_H	69.048	126	121	120	1	121	1	119	1.02e-45	147	100
P00011_04	7whk_D	69.048	126	121	120	1	121	1	119	1.02e-45	147	100
P00011_04	7whj_F	69.048	126	121	120	1	121	1	119	1.02e-45	147	100
P00011_04	7whi_G	69.048	126	121	120	1	121	1	119	1.02e-45	147	100
P00011_04	9vq6_H	69.841	126	121	132	1	121	3	119	3.52e-45	146	100
P00011_04	9vq6_C	69.841	126	121	132	1	121	3	119	3.52e-45	146	100
P00011_04	9vq6_B	69.841	126	121	132	1	121	3	119	3.52e-45	146	100
P00011_04	9vq6_A	69.841	126	121	132	1	121	3	119	3.52e-45	146	100
P00011_04	8bcz_E	68.254	126	121	121	1	121	1	120	5.51e-45	145	100
P00011_04	9z18_H	67.742	124	121	121	1	121	1	120	6.02e-45	145	100
P00011_04	8zhg_H	68.800	125	121	139	1	121	20	138	8.23e-45	145	100
P00011_04	4cni_H	66.129	124	121	220	1	121	1	119	1.06e-44	148	100
P00011_04	4cni_A	66.129	124	121	220	1	121	1	119	1.06e-44	148	100
P00011_04	8cwj_U	66.935	124	121	230	1	121	1	118	1.09e-44	148	100
P00011_04	8cwj_J	66.935	124	121	230	1	121	1	118	1.09e-44	148	100
P00011_04	5xj4_H	68.254	126	121	121	1	121	1	120	1.54e-44	144	100
P00011_04	7d85_E	66.400	125	121	228	1	121	1	120	1.60e-44	147	100
P00011_05	9nh7_F	69.600	125	121	140	1	121	4	124	9.53e-49	155	100
P00011_05	9nh7_E	69.600	125	121	140	1	121	4	124	9.53e-49	155	100
P00011_05	8bcz_E	68.254	126	121	121	1	121	1	120	2.36e-47	151	100
P00011_05	9vq6_H	70.161	124	121	132	1	121	3	119	2.28e-46	149	100
P00011_05	9vq6_C	70.161	124	121	132	1	121	3	119	2.28e-46	149	100
P00011_05	9vq6_B	70.161	124	121	132	1	121	3	119	2.28e-46	149	100
P00011_05	9vq6_A	70.161	124	121	132	1	121	3	119	2.28e-46	149	100
P00011_05	8cwk_A	66.935	124	121	232	1	121	1	120	4.83e-46	152	100
P00011_05	7zf3_H	68.254	126	121	226	1	121	1	120	5.30e-46	151	100
P00011_05	8cbd_J	68.254	126	121	226	1	121	1	120	6.66e-46	151	100
P00011_05	8cbd_G	68.254	126	121	226	1	121	1	120	6.66e-46	151	100
P00011_05	8cbd_E	68.254	126	121	226	1	121	1	120	6.66e-46	151	100
P00011_05	8bbn_E	68.254	126	121	226	1	121	1	120	6.66e-46	151	100
P00011_05	8bbn_J	68.254	126	121	226	1	121	1	120	6.66e-46	151	100
P00011_05	8bbn_M	68.254	126	121	226	1	121	1	120	6.66e-46	151	100
P00011_05	7qnx_H	68.254	126	121	226	1	121	1	120	6.66e-46	151	100
P00011_05	7qnw_H	68.254	126	121	226	1	121	1	120	6.66e-46	151	100
P00011_05	7nxb_H	68.254	126	121	226	1	121	1	120	6.66e-46	151	100
P00011_05	7nxa_H	68.254	126	121	226	1	121	1	120	6.66e-46	151	100
P00011_05	7nx9_H	68.254	126	121	226	1	121	1	120	6.66e-46	151	100
P00011_06	9nh7_F	70.400	125	121	140	1	121	4	124	4.06e-49	156	100
P00011_06	9nh7_E	70.400	125	121	140	1	121	4	124	4.06e-49	156	100
P00011_06	8cwk_A	66.935	124	121	232	1	121	1	120	1.78e-46	153	100
P00011_06	8bcz_E	67.460	126	121	121	1	121	1	120	2.43e-46	149	100
P00011_06	8cwj_U	66.935	124	121	230	1	121	1	118	9.27e-46	151	100
P00011_06	8cwj_J	66.935	124	121	230	1	121	1	118	9.27e-46	151	100
P00011_06	3eak_B	66.667	132	121	137	1	121	1	127	2.22e-45	147	100
P00011_06	3eak_A	66.667	132	121	137	1	121	1	127	2.22e-45	147	100
P00011_06	4u3x_C	67.200	125	121	121	1	121	1	120	3.60e-45	146	100
P00011_06	4u3x_A	67.200	125	121	121	1	121	1	120	3.60e-45	146	100
P00011_06	4pgj_C	67.200	125	121	121	1	121	1	120	3.60e-45	146	100
P00011_06	4pgj_A	67.200	125	121	121	1	121	1	120	3.60e-45	146	100
P00011_06	9vq6_H	70.161	124	121	132	1	121	3	119	5.05e-45	146	100
P00011_06	9vq6_C	70.161	124	121	132	1	121	3	119	5.05e-45	146	100
P00011_06	9vq6_B	70.161	124	121	132	1	121	3	119	5.05e-45	146	100
P00011_06	9vq6_A	70.161	124	121	132	1	121	3	119	5.05e-45	146	100
P00011_06	7zf3_H	67.460	126	121	226	1	121	1	120	5.55e-45	149	100
P00011_06	8cbd_J	67.460	126	121	226	1	121	1	120	6.75e-45	149	100
P00011_06	8cbd_G	67.460	126	121	226	1	121	1	120	6.75e-45	149	100
P00011_06	8cbd_E	67.460	126	121	226	1	121	1	120	6.75e-45	149	100
P00011_07	9nh7_F	70.400	125	121	140	1	121	4	124	7.71e-48	153	100
P00011_07	9nh7_E	70.400	125	121	140	1	121	4	124	7.71e-48	153	100
P00011_07	9vq6_H	70.968	124	121	132	1	121	3	119	2.11e-46	149	100
P00011_07	9vq6_C	70.968	124	121	132	1	121	3	119	2.11e-46	149	100
P00011_07	9vq6_B	70.968	124	121	132	1	121	3	119	2.11e-46	149	100
P00011_07	9vq6_A	70.968	124	121	132	1	121	3	119	2.11e-46	149	100
P00011_07	8bcz_E	68.254	126	121	121	1	121	1	120	5.71e-46	148	100
P00011_07	7zf3_H	68.254	126	121	226	1	121	1	120	1.78e-44	147	100
P00011_07	8cbd_J	68.254	126	121	226	1	121	1	120	1.86e-44	147	100
P00011_07	8cbd_G	68.254	126	121	226	1	121	1	120	1.86e-44	147	100
P00011_07	8cbd_E	68.254	126	121	226	1	121	1	120	1.86e-44	147	100
P00011_07	8bbn_E	68.254	126	121	226	1	121	1	120	1.86e-44	147	100
P00011_07	8bbn_J	68.254	126	121	226	1	121	1	120	1.86e-44	147	100
P00011_07	8bbn_M	68.254	126	121	226	1	121	1	120	1.86e-44	147	100
P00011_07	7qnx_H	68.254	126	121	226	1	121	1	120	1.86e-44	147	100
P00011_07	7qnw_H	68.254	126	121	226	1	121	1	120	1.86e-44	147	100
P00011_07	7nxb_H	68.254	126	121	226	1	121	1	120	1.86e-44	147	100
P00011_07	7nxa_H	68.254	126	121	226	1	121	1	120	1.86e-44	147	100
P00011_07	7nx9_H	68.254	126	121	226	1	121	1	120	1.86e-44	147	100
P00011_07	7nx8_H	68.254	126	121	226	1	121	1	120	1.86e-44	147	100
P00011_08	9nh7_F	71.311	122	121	140	1	121	4	124	2.77e-49	157	100
P00011_08	9nh7_E	71.311	122	121	140	1	121	4	124	2.77e-49	157	100
P00011_08	8bcz_E	68.293	123	121	121	1	121	1	120	4.12e-47	150	100
P00011_08	8cwk_A	67.769	121	121	232	1	121	1	120	1.67e-46	153	100
P00011_08	9vq6_H	71.074	121	121	132	1	121	3	119	3.31e-46	149	100
P00011_08	9vq6_C	71.074	121	121	132	1	121	3	119	3.31e-46	149	100
P00011_08	9vq6_B	71.074	121	121	132	1	121	3	119	3.31e-46	149	100
P00011_08	9vq6_A	71.074	121	121	132	1	121	3	119	3.31e-46	149	100
P00011_08	7zf3_H	68.293	123	121	226	1	121	1	120	6.73e-46	151	100
P00011_08	8cbd_J	68.293	123	121	226	1	121	1	120	9.03e-46	151	100
P00011_08	8cbd_G	68.293	123	121	226	1	121	1	120	9.03e-46	151	100
P00011_08	8cbd_E	68.293	123	121	226	1	121	1	120	9.03e-46	151	100
P00011_08	8bbn_E	68.293	123	121	226	1	121	1	120	9.03e-46	151	100
P00011_08	8bbn_J	68.293	123	121	226	1	121	1	120	9.03e-46	151	100
P00011_08	8bbn_M	68.293	123	121	226	1	121	1	120	9.03e-46	151	100
P00011_08	7qnx_H	68.293	123	121	226	1	121	1	120	9.03e-46	151	100
P00011_08	7qnw_H	68.293	123	121	226	1	121	1	120	9.03e-46	151	100
P00011_08	7nxb_H	68.293	123	121	226	1	121	1	120	9.03e-46	151	100
P00011_08	7nxa_H	68.293	123	121	226	1	121	1	120	9.03e-46	151	100
P00011_08	7nx9_H	68.293	123	121	226	1	121	1	120	9.03e-46	151	100
P00012_00	9vq6_H	69.106	123	121	132	1	121	3	119	1.06e-49	157	100
P00012_00	9vq6_C	69.106	123	121	132	1	121	3	119	1.06e-49	157	100
P00012_00	9vq6_B	69.106	123	121	132	1	121	3	119	1.06e-49	157	100
P00012_00	9vq6_A	69.106	123	121	132	1	121	3	119	1.06e-49	157	100
P00012_00	9nh7_F	69.106	123	121	140	1	121	4	124	1.73e-49	157	100
P00012_00	9nh7_E	69.106	123	121	140	1	121	4	124	1.73e-49	157	100
P00012_00	8xse_M	68.293	123	121	226	1	121	1	122	4.06e-49	159	100
P00012_00	9n7q_D	66.935	124	121	123	1	121	1	122	5.67e-49	155	100
P00012_00	9n7q_E	66.935	124	121	123	1	121	1	122	5.67e-49	155	100
P00012_00	9n7q_H	66.935	124	121	123	1	121	1	122	5.67e-49	155	100
P00012_00	9w7j_B	67.742	124	121	120	1	121	1	119	2.76e-48	154	100
P00012_00	9l6c_A	66.667	123	121	123	1	121	1	122	3.90e-48	153	100
P00012_00	1dee_F	67.480	123	121	223	1	121	1	120	4.05e-48	157	100
P00012_00	1dee_D	67.480	123	121	223	1	121	1	120	4.05e-48	157	100
P00012_00	1dee_B	67.480	123	121	223	1	121	1	120	4.05e-48	157	100
P00012_00	3zhk_B	65.323	124	121	127	1	121	1	118	4.93e-48	153	100
P00012_00	3zhk_A	65.323	124	121	127	1	121	1	118	4.93e-48	153	100
P00012_00	1hez_D	67.480	123	121	224	1	121	1	120	6.51e-48	156	100
P00012_00	1hez_B	67.480	123	121	224	1	121	1	120	6.51e-48	156	100
P00012_00	8k4q_D	66.667	123	121	121	1	121	3	120	6.92e-48	152	100
P00012_01	8k4q_D	69.106	123	121	121	1	121	3	120	5.52e-50	158	100
P00012_01	8k4q_B	69.106	123	121	121	1	121	3	120	5.52e-50	158	100
P00012_01	9nh7_F	69.919	123	121	140	1	121	4	124	1.42e-49	157	100
P00012_01	9nh7_E	69.919	123	121	140	1	121	4	124	1.42e-49	157	100
P00012_01	1mhp_X	72.131	122	121	219	1	121	1	117	5.41e-49	159	100
P00012_01	1mhp_H	72.131	122	121	219	1	121	1	117	5.41e-49	159	100
P00012_01	3eot_H	72.131	122	121	226	1	121	1	117	6.35e-49	159	100
P00012_01	9vq6_H	70.732	123	121	132	1	121	3	119	6.73e-49	155	100
P00012_01	9vq6_C	70.732	123	121	132	1	121	3	119	6.73e-49	155	100
P00012_01	9vq6_B	70.732	123	121	132	1	121	3	119	6.73e-49	155	100
P00012_01	9vq6_A	70.732	123	121	132	1	121	3	119	6.73e-49	155	100
P00012_01	2b2x_I	71.311	122	121	226	1	121	1	117	4.81e-48	157	100
P00012_01	2b2x_H	71.311	122	121	226	1	121	1	117	4.81e-48	157	100
P00012_01	5dr5_H	67.460	126	121	248	1	121	1	114	5.74e-48	157	100
P00012_01	9w7j_B	67.742	124	121	120	1	121	1	119	1.44e-47	152	100
P00012_01	9cr9_H	66.667	123	121	235	1	121	1	122	2.15e-47	155	100
P00012_01	9cr9_A	66.667	123	121	235	1	121	1	122	2.15e-47	155	100
P00012_01	7xdk_N	65.854	123	121	121	1	121	1	120	2.21e-47	151	100
P00012_01	7xdk_H	65.854	123	121	121	1	121	1	120	2.21e-47	151	100
P00012_01	7xdk_D	65.854	123	121	121	1	121	1	120	2.21e-47	151	100
P00012_02	9vq6_H	69.919	123	121	132	1	121	3	119	1.44e-49	157	100
P00012_02	9vq6_C	69.919	123	121	132	1	121	3	119	1.44e-49	157	100
P00012_02	9vq6_B	69.919	123	121	132	1	121	3	119	1.44e-49	157	100
P00012_02	9vq6_A	69.919	123	121	132	1	121	3	119	1.44e-49	157	100
P00012_02	9nh7_F	69.106	123	121	140	1	121	4	124	2.68e-49	157	100
P00012_02	9nh7_E	69.106	123	121	140	1	121	4	124	2.68e-49	157	100
P00012_02	8xse_M	68.293	123	121	226	1	121	1	122	6.28e-49	159	100
P00012_02	9n7q_D	66.935	124	121	123	1	121	1	122	8.79e-49	155	100
P00012_02	9n7q_E	66.935	124	121	123	1	121	1	122	8.79e-49	155	100
P00012_02	9n7q_H	66.935	124	121	123	1	121	1	122	8.79e-49	155	100
P00012_02	9w7j_B	67.742	124	121	120	1	121	1	119	4.28e-48	153	100
P00012_02	9q7y_D	67.480	123	121	118	1	121	1	118	5.06e-48	153	100
P00012_02	8k4q_D	67.480	123	121	121	1	121	3	120	5.62e-48	153	100
P00012_02	8k4q_B	67.480	123	121	121	1	121	3	120	5.62e-48	153	100
P00012_02	9l6c_A	66.667	123	121	123	1	121	1	122	6.11e-48	153	100
P00012_02	1dee_F	67.480	123	121	223	1	121	1	120	6.25e-48	156	100
P00012_02	1dee_D	67.480	123	121	223	1	121	1	120	6.25e-48	156	100
P00012_02	1dee_B	67.480	123	121	223	1	121	1	120	6.25e-48	156	100
P00012_02	3zhk_B	65.323	124	121	127	1	121	1	118	7.64e-48	153	100
P00012_02	3zhk_A	65.323	124	121	127	1	121	1	118	7.64e-48	153	100
P00012_03	8k4q_D	69.106	123	121	121	1	121	3	120	2.34e-49	156	100
P00012_03	8k4q_B	69.106	123	121	121	1	121	3	120	2.34e-49	156	100
P00012_03	9vq6_H	69.919	123	121	132	1	121	3	119	1.16e-48	155	100
P00012_03	9vq6_C	69.919	123	121	132	1	121	3	119	1.16e-48	155	100
P00012_03	9vq6_B	69.919	123	121	132	1	121	3	119	1.16e-48	155	100
P00012_03	9vq6_A	69.919	123	121	132	1	121	3	119	1.16e-48	155	100
P00012_03	9nh7_F	69.106	123	121	140	1	121	4	124	4.09e-48	154	100
P00012_03	9nh7_E	69.106	123	121	140	1	121	4	124	4.09e-48	154	100
P00012_03	6ii4_H	66.667	123	121	225	1	121	1	122	1.50e-47	155	100
P00012_03	6ii4_E	66.667	123	121	225	1	121	1	122	1.50e-47	155	100
P00012_03	9w7j_B	68.548	124	121	120	1	121	1	119	2.34e-47	151	100
P00012_03	2gcy_B	67.460	126	121	218	1	121	1	117	1.93e-46	152	100
P00012_03	1mhp_X	70.492	122	121	219	1	121	1	117	3.10e-46	152	100
P00012_03	1mhp_H	70.492	122	121	219	1	121	1	117	3.10e-46	152	100
P00012_03	1dee_F	67.480	123	121	223	1	121	1	120	3.29e-46	152	100
P00012_03	1dee_D	67.480	123	121	223	1	121	1	120	3.29e-46	152	100
P00012_03	1dee_B	67.480	123	121	223	1	121	1	120	3.29e-46	152	100
P00012_03	6o1f_H	68.254	126	121	227	1	121	1	118	4.11e-46	152	100
P00012_03	3eot_H	70.492	122	121	226	1	121	1	117	4.31e-46	152	100
P00012_03	1hez_D	67.480	123	121	224	1	121	1	120	5.23e-46	151	100
P00012_04	9vq6_H	69.919	123	121	132	1	121	3	119	4.86e-50	159	100
P00012_04	9vq6_C	69.919	123	121	132	1	121	3	119	4.86e-50	159	100
P00012_04	9vq6_B	69.919	123	121	132	1	121	3	119	4.86e-50	159	100
P00012_04	9vq6_A	69.919	123	121	132	1	121	3	119	4.86e-50	159	100
P00012_04	9nh7_F	69.106	123	121	140	1	121	4	124	6.29e-49	156	100
P00012_04	9nh7_E	69.106	123	121	140	1	121	4	124	6.29e-49	156	100
P00012_04	1mhp_X	69.672	122	121	219	1	121	1	117	8.07e-48	155	100
P00012_04	1mhp_H	69.672	122	121	219	1	121	1	117	8.07e-48	155	100
P00012_04	3eot_H	69.672	122	121	226	1	121	1	117	8.57e-48	156	100
P00012_04	7kqk_H	67.717	127	121	230	1	121	1	126	9.30e-48	156	100
P00012_04	7kqk_A	67.717	127	121	230	1	121	1	126	9.30e-48	156	100
P00012_04	9n7q_D	66.129	124	121	123	1	121	1	122	1.09e-47	152	100
P00012_04	9n7q_E	66.129	124	121	123	1	121	1	122	1.09e-47	152	100
P00012_04	9n7q_H	66.129	124	121	123	1	121	1	122	1.09e-47	152	100
P00012_04	5dr5_H	68.293	123	121	248	1	121	1	114	1.63e-47	156	100
P00012_04	1dee_F	67.480	123	121	223	1	121	1	120	2.87e-47	154	100
P00012_04	1dee_D	67.480	123	121	223	1	121	1	120	2.87e-47	154	100
P00012_04	1dee_B	67.480	123	121	223	1	121	1	120	2.87e-47	154	100
P00012_04	7s0c_M	66.935	124	121	230	1	121	1	122	2.95e-47	155	100
P00012_04	7s0c_H	66.935	124	121	230	1	121	1	122	2.95e-47	155	100
P00012_05	9nh7_F	69.919	123	121	140	1	121	4	124	1.58e-48	155	100
P00012_05	9nh7_E	69.919	123	121	140	1	121	4	124	1.58e-48	155	100
P00012_05	8k4q_D	67.480	123	121	121	1	121	3	120	4.09e-48	153	100
P00012_05	8k4q_B	67.480	123	121	121	1	121	3	120	4.09e-48	153	100
P00012_05	9vq6_H	69.919	123	121	132	1	121	3	119	1.53e-47	152	100
P00012_05	9vq6_C	69.919	123	121	132	1	121	3	119	1.53e-47	152	100
P00012_05	9vq6_B	69.919	123	121	132	1	121	3	119	1.53e-47	152	100
P00012_05	9vq6_A	69.919	123	121	132	1	121	3	119	1.53e-47	152	100
P00012_05	7kqk_H	67.717	127	121	230	1	121	1	126	2.17e-47	155	100
P00012_05	7kqk_A	67.717	127	121	230	1	121	1	126	2.17e-47	155	100
P00012_05	6d01_G	66.667	123	121	226	1	121	1	122	1.64e-46	152	100
P00012_05	6d01_E	66.667	123	121	226	1	121	1	122	1.64e-46	152	100
P00012_05	6d01_C	66.667	123	121	226	1	121	1	122	1.64e-46	152	100
P00012_05	6d01_A	66.667	123	121	226	1	121	1	122	1.64e-46	152	100
P00012_05	5dr5_H	67.460	126	121	248	1	121	1	114	1.80e-46	153	100
P00012_05	9w7j_B	66.935	124	121	120	1	121	1	119	2.97e-46	149	100
P00012_05	8gkk_H	67.742	124	121	226	1	121	1	122	3.08e-46	152	100
P00012_05	9l6c_A	67.480	123	121	123	1	121	1	122	3.44e-46	148	100
P00012_05	7wi0_B	64.516	124	121	124	1	121	1	123	3.55e-46	148	100
P00012_05	7whz_B	64.516	124	121	124	1	121	1	123	3.55e-46	148	100
P00012_06	9vq6_H	70.732	123	121	132	1	121	3	119	1.08e-50	160	100
P00012_06	9vq6_C	70.732	123	121	132	1	121	3	119	1.08e-50	160	100
P00012_06	9vq6_B	70.732	123	121	132	1	121	3	119	1.08e-50	160	100
P00012_06	9vq6_A	70.732	123	121	132	1	121	3	119	1.08e-50	160	100
P00012_06	9nh7_F	70.732	123	121	140	1	121	4	124	5.78e-50	159	100
P00012_06	9nh7_E	70.732	123	121	140	1	121	4	124	5.78e-50	159	100
P00012_06	7kqk_H	66.142	127	121	230	1	121	1	126	6.04e-47	154	100
P00012_06	7kqk_A	66.142	127	121	230	1	121	1	126	6.04e-47	154	100
P00012_06	8k4q_D	66.667	123	121	121	1	121	3	120	9.80e-47	150	100
P00012_06	8k4q_B	66.667	123	121	121	1	121	3	120	9.80e-47	150	100
P00012_06	7x8t_L	65.079	126	121	237	1	121	1	125	2.07e-46	153	100
P00012_06	7x8t_I	65.079	126	121	237	1	121	1	125	2.07e-46	153	100
P00012_06	7x8t_F	65.079	126	121	237	1	121	1	125	2.07e-46	153	100
P00012_06	7x8t_C	65.079	126	121	237	1	121	1	125	2.07e-46	153	100
P00012_06	1mhp_X	68.852	122	121	219	1	121	1	117	2.09e-46	152	100
P00012_06	1mhp_H	68.852	122	121	219	1	121	1	117	2.09e-46	152	100
P00012_06	6o1f_H	67.480	123	121	227	1	121	1	118	2.26e-46	152	100
P00012_06	3eot_H	68.852	122	121	226	1	121	1	117	2.67e-46	152	100
P00012_06	9q7y_D	66.667	123	121	118	1	121	1	118	2.91e-46	148	100
P00012_06	3zhk_B	64.516	124	121	127	1	121	1	118	3.09e-46	149	100
P00012_07	9nh7_F	69.919	123	121	140	1	121	4	124	2.02e-50	160	100
P00012_07	9nh7_E	69.919	123	121	140	1	121	4	124	2.02e-50	160	100
P00012_07	9vq6_H	70.732	123	121	132	1	121	3	119	1.23e-49	157	100
P00012_07	9vq6_C	70.732	123	121	132	1	121	3	119	1.23e-49	157	100
P00012_07	9vq6_B	70.732	123	121	132	1	121	3	119	1.23e-49	157	100
P00012_07	9vq6_A	70.732	123	121	132	1	121	3	119	1.23e-49	157	100
P00012_07	8k4q_D	67.480	123	121	121	1	121	3	120	1.70e-47	152	100
P00012_07	8k4q_B	67.480	123	121	121	1	121	3	120	1.70e-47	152	100
P00012_07	6ii4_H	65.854	123	121	225	1	121	1	122	1.80e-47	155	100
P00012_07	6ii4_E	65.854	123	121	225	1	121	1	122	1.80e-47	155	100
P00012_07	9n7q_D	66.129	124	121	123	1	121	1	122	2.74e-47	151	100
P00012_07	9n7q_E	66.129	124	121	123	1	121	1	122	2.74e-47	151	100
P00012_07	9n7q_H	66.129	124	121	123	1	121	1	122	2.74e-47	151	100
P00012_07	9q7y_D	66.667	123	121	118	1	121	1	118	2.80e-47	151	100
P00012_07	7kqk_H	68.504	127	121	230	1	121	1	126	3.87e-47	154	100
P00012_07	7kqk_A	68.504	127	121	230	1	121	1	126	3.87e-47	154	100
P00012_07	9w7j_B	66.667	123	121	120	1	121	1	119	4.09e-47	150	100
P00012_07	9c45_H	66.667	123	121	121	1	121	1	121	5.02e-47	150	100
P00012_07	9c44_F	66.667	123	121	121	1	121	1	121	5.02e-47	150	100
P00012_07	9c44_E	66.667	123	121	121	1	121	1	121	5.02e-47	150	100
P00012_08	9nh7_F	69.919	123	121	140	1	121	4	124	1.62e-49	157	100
P00012_08	9nh7_E	69.919	123	121	140	1	121	4	124	1.62e-49	157	100
P00012_08	8k4q_D	68.293	123	121	121	1	121	3	120	1.21e-48	154	100
P00012_08	8k4q_B	68.293	123	121	121	1	121	3	120	1.21e-48	154	100
P00012_08	9vq6_H	69.919	123	121	132	1	121	3	119	2.20e-48	154	100
P00012_08	9vq6_C	69.919	123	121	132	1	121	3	119	2.20e-48	154	100
P00012_08	9vq6_B	69.919	123	121	132	1	121	3	119	2.20e-48	154	100
P00012_08	9vq6_A	69.919	123	121	132	1	121	3	119	2.20e-48	154	100
P00012_08	6ii4_H	66.667	123	121	225	1	121	1	122	9.08e-48	156	100
P00012_08	6ii4_E	66.667	123	121	225	1	121	1	122	9.08e-48	156	100
P00012_08	8vyf_B	68.293	123	121	122	1	121	1	121	2.93e-47	151	100
P00012_08	8vye_P	68.293	123	121	122	1	121	1	121	2.93e-47	151	100
P00012_08	8vye_F	68.293	123	121	122	1	121	1	121	2.93e-47	151	100
P00012_08	8vye_B	68.293	123	121	122	1	121	1	121	2.93e-47	151	100
P00012_08	7tm0_I	68.293	123	121	122	1	121	1	121	2.93e-47	151	100
P00012_08	7tm0_G	68.293	123	121	122	1	121	1	121	2.93e-47	151	100
P00012_08	7tm0_E	68.293	123	121	122	1	121	1	121	2.93e-47	151	100
P00012_08	7tlz_B	68.293	123	121	122	1	121	1	121	2.93e-47	151	100
P00012_08	9c45_H	68.293	123	121	121	1	121	1	121	3.58e-47	151	100
P00012_08	9c44_F	68.293	123	121	121	1	121	1	121	3.58e-47	151	100
P00013_00	9nh7_F	68.548	124	121	140	1	121	4	124	2.17e-49	157	100
P00013_00	9nh7_E	68.548	124	121	140	1	121	4	124	2.17e-49	157	100
P00013_00	3eak_B	65.649	131	121	137	1	121	1	127	5.62e-47	151	100
P00013_00	3eak_A	65.649	131	121	137	1	121	1	127	5.62e-47	151	100
P00013_00	9sfx_B	62.791	129	121	133	1	121	1	126	4.06e-46	149	100
P00013_00	8x0t_H	65.625	128	121	237	1	121	1	125	2.93e-45	150	100
P00013_00	9vq6_H	67.480	123	121	132	1	121	3	119	5.63e-45	145	100
P00013_00	9vq6_C	67.480	123	121	132	1	121	3	119	5.63e-45	145	100
P00013_00	9vq6_B	67.480	123	121	132	1	121	3	119	5.63e-45	145	100
P00013_00	9vq6_A	67.480	123	121	132	1	121	3	119	5.63e-45	145	100
P00013_00	6wir_A	62.791	129	121	236	1	121	1	126	5.65e-45	149	100
P00013_00	6wio_A	62.791	129	121	230	1	121	1	126	5.82e-45	149	100
P00013_00	2vyr_L	61.832	131	121	153	1	121	1	123	6.41e-45	146	100
P00013_00	2vyr_K	61.832	131	121	153	1	121	1	123	6.41e-45	146	100
P00013_00	2vyr_J	61.832	131	121	153	1	121	1	123	6.41e-45	146	100
P00013_00	2vyr_I	61.832	131	121	153	1	121	1	123	6.41e-45	146	100
P00013_00	2vyr_H	61.832	131	121	153	1	121	1	123	6.41e-45	146	100
P00013_00	2vyr_G	61.832	131	121	153	1	121	1	123	6.41e-45	146	100
P00013_00	2vyr_F	61.832	131	121	153	1	121	1	123	6.41e-45	146	100
P00013_00	2vyr_E	61.832	131	121	153	1	121	1	123	6.41e-45	146	100
P00013_01	9nh7_F	68.548	124	121	140	1	121	4	124	5.70e-49	156	100
P00013_01	9nh7_E	68.548	124	121	140	1	121	4	124	5.70e-49	156	100
P00013_01	3eak_B	65.649	131	121	137	1	121	1	127	7.31e-47	150	100
P00013_01	3eak_A	65.649	131	121	137	1	121	1	127	7.31e-47	150	100
P00013_01	9vq6_H	68.293	123	121	132	1	121	3	119	1.73e-45	147	100
P00013_01	9vq6_C	68.293	123	121	132	1	121	3	119	1.73e-45	147	100
P00013_01	9vq6_B	68.293	123	121	132	1	121	3	119	1.73e-45	147	100
P00013_01	9vq6_A	68.293	123	121	132	1	121	3	119	1.73e-45	147	100
P00013_01	2vyr_L	62.595	131	121	153	1	121	1	123	2.27e-45	147	100
P00013_01	2vyr_K	62.595	131	121	153	1	121	1	123	2.27e-45	147	100
P00013_01	2vyr_J	62.595	131	121	153	1	121	1	123	2.27e-45	147	100
P00013_01	2vyr_I	62.595	131	121	153	1	121	1	123	2.27e-45	147	100
P00013_01	2vyr_H	62.595	131	121	153	1	121	1	123	2.27e-45	147	100
P00013_01	2vyr_G	62.595	131	121	153	1	121	1	123	2.27e-45	147	100
P00013_01	2vyr_F	62.595	131	121	153	1	121	1	123	2.27e-45	147	100
P00013_01	2vyr_E	62.595	131	121	153	1	121	1	123	2.27e-45	147	100
P00013_01	7w7q_B	65.574	122	121	243	1	120	1	119	3.42e-45	150	99
P00013_01	7w7q_A	65.574	122	121	243	1	120	1	119	3.42e-45	150	99
P00013_01	8r1d_H	65.854	123	121	121	1	121	1	120	3.76e-45	145	100
P00013_01	8r1d_D	65.854	123	121	121	1	121	1	120	3.76e-45	145	100
P00013_02	9nh7_F	70.161	124	121	140	1	121	4	124	6.96e-50	158	100
P00013_02	9nh7_E	70.161	124	121	140	1	121	4	124	6.96e-50	158	100
P00013_02	3eak_B	67.717	127	121	137	1	121	1	127	8.84e-48	153	100
P00013_02	3eak_A	67.717	127	121	137	1	121	1	127	8.84e-48	153	100
P00013_02	9n5z_A	60.938	128	121	126	1	121	1	125	2.50e-47	151	100
P00013_02	9vq6_H	69.106	123	121	132	1	121	3	119	2.79e-47	151	100
P00013_02	9vq6_C	69.106	123	121	132	1	121	3	119	2.79e-47	151	100
P00013_02	9vq6_B	69.106	123	121	132	1	121	3	119	2.79e-47	151	100
P00013_02	9vq6_A	69.106	123	121	132	1	121	3	119	2.79e-47	151	100
P00013_02	8w86_E	69.355	124	121	223	1	121	1	117	3.24e-47	154	100
P00013_02	8w86_A	69.355	124	121	223	1	121	1	117	3.24e-47	154	100
P00013_02	8eqf_H	67.200	125	121	123	1	121	1	122	1.24e-46	149	100
P00013_02	9sfx_B	64.615	130	121	133	1	121	1	126	1.73e-46	149	100
P00013_02	8k4q_D	67.480	123	121	121	1	121	3	120	5.29e-46	148	100
P00013_02	8k4q_B	67.480	123	121	121	1	121	3	120	5.29e-46	148	100
P00013_02	7w7q_B	66.667	123	121	243	1	120	1	119	9.71e-46	151	99
P00013_02	7w7q_A	66.667	123	121	243	1	120	1	119	9.71e-46	151	99
P00013_02	6wio_A	64.615	130	121	230	1	121	1	126	1.37e-45	150	100
P00013_02	6wir_A	64.615	130	121	236	1	121	1	126	1.62e-45	150	100
P00013_02	2vyr_L	64.286	126	121	153	1	121	1	123	1.65e-45	148	100
P00013_03	9nh7_F	67.742	124	121	140	1	121	4	124	1.89e-47	152	100
P00013_03	9nh7_E	67.742	124	121	140	1	121	4	124	1.89e-47	152	100
P00013_03	3eak_B	64.885	131	121	137	1	121	1	127	1.16e-46	150	100
P00013_03	3eak_A	64.885	131	121	137	1	121	1	127	1.16e-46	150	100
P00013_03	4y5v_G	65.854	123	121	130	1	121	8	124	5.09e-46	148	100
P00013_03	4y5v_D	65.854	123	121	130	1	121	8	124	5.09e-46	148	100
P00013_03	4y5v_A	65.854	123	121	130	1	121	8	124	5.09e-46	148	100
P00013_03	9vq6_H	67.717	127	121	132	1	121	3	119	5.59e-46	148	100
P00013_03	9vq6_C	67.717	127	121	132	1	121	3	119	5.59e-46	148	100
P00013_03	9vq6_B	67.717	127	121	132	1	121	3	119	5.59e-46	148	100
P00013_03	9vq6_A	67.717	127	121	132	1	121	3	119	5.59e-46	148	100
P00013_03	7w7q_B	66.667	123	121	243	1	120	1	119	5.70e-46	152	99
P00013_03	7w7q_A	66.667	123	121	243	1	120	1	119	5.70e-46	152	99
P00013_03	8x0t_H	67.188	128	121	237	1	121	1	125	6.69e-46	151	100
P00013_03	9n5z_A	60.938	128	121	126	1	121	1	125	7.52e-46	147	100
P00013_03	8qks_X	62.602	123	121	125	1	121	6	124	9.69e-46	147	100
P00013_03	8qks_V	62.602	123	121	125	1	121	6	124	9.69e-46	147	100
P00013_03	8qks_R	62.602	123	121	125	1	121	6	124	9.69e-46	147	100
P00013_03	8qks_P	62.602	123	121	125	1	121	6	124	9.69e-46	147	100
P00013_03	8qks_L	62.602	123	121	125	1	121	6	124	9.69e-46	147	100
P00013_04	9nh7_F	68.548	124	121	140	1	121	4	124	3.84e-49	156	100
P00013_04	9nh7_E	68.548	124	121	140	1	121	4	124	3.84e-49	156	100
P00013_04	7w7q_B	66.393	122	121	243	1	120	1	119	2.12e-46	153	99
P00013_04	7w7q_A	66.393	122	121	243	1	120	1	119	2.12e-46	153	99
P00013_04	9sfx_B	63.846	130	121	133	1	121	1	126	4.34e-46	149	100
P00013_04	3eak_B	66.142	127	121	137	1	121	1	127	6.97e-46	148	100
P00013_04	3eak_A	66.142	127	121	137	1	121	1	127	6.97e-46	148	100
P00013_04	8zhg_H	66.935	124	121	139	1	121	20	138	8.00e-46	148	100
P00013_04	9vq6_H	67.480	123	121	132	1	121	3	119	8.03e-46	148	100
P00013_04	9vq6_C	67.480	123	121	132	1	121	3	119	8.03e-46	148	100
P00013_04	9vq6_B	67.480	123	121	132	1	121	3	119	8.03e-46	148	100
P00013_04	9vq6_A	67.480	123	121	132	1	121	3	119	8.03e-46	148	100
P00013_04	9n5z_A	60.156	128	121	126	1	121	1	125	1.97e-45	147	100
P00013_04	9mmv_H	66.935	124	121	218	1	121	1	113	2.23e-45	149	100
P00013_04	4y5v_G	66.667	123	121	130	1	121	8	124	2.41e-45	147	100
P00013_04	4y5v_D	66.667	123	121	130	1	121	8	124	2.41e-45	147	100
P00013_04	4y5v_A	66.667	123	121	130	1	121	8	124	2.41e-45	147	100
P00013_04	5xj4_H	65.600	125	121	121	1	121	1	120	4.38e-45	145	100
P00013_04	8oz3_H	67.480	123	121	230	1	121	1	117	4.84e-45	149	100
P00013_04	8oz3_A	67.480	123	121	230	1	121	1	117	4.84e-45	149	100
P00013_05	9nh7_F	67.742	124	121	140	1	121	4	124	6.69e-48	153	100
P00013_05	9nh7_E	67.742	124	121	140	1	121	4	124	6.69e-48	153	100
P00013_05	7w7q_B	68.033	122	121	243	1	120	1	119	1.71e-47	155	99
P00013_05	7w7q_A	68.033	122	121	243	1	120	1	119	1.71e-47	155	99
P00013_05	3eak_B	66.165	133	121	137	1	121	1	127	2.12e-47	152	100
P00013_05	3eak_A	66.165	133	121	137	1	121	1	127	2.12e-47	152	100
P00013_05	9mmv_H	67.480	123	121	218	1	121	1	113	5.36e-46	151	100
P00013_05	9vq6_H	67.480	123	121	132	1	121	3	119	2.13e-45	147	100
P00013_05	9vq6_C	67.480	123	121	132	1	121	3	119	2.13e-45	147	100
P00013_05	9vq6_B	67.480	123	121	132	1	121	3	119	2.13e-45	147	100
P00013_05	9vq6_A	67.480	123	121	132	1	121	3	119	2.13e-45	147	100
P00013_05	8r1d_H	65.323	124	121	121	1	121	1	120	3.97e-45	145	100
P00013_05	8r1d_D	65.323	124	121	121	1	121	1	120	3.97e-45	145	100
P00013_05	8r1d_F	65.323	124	121	121	1	121	1	120	3.97e-45	145	100
P00013_05	8w86_E	65.854	123	121	223	1	121	1	117	4.99e-45	149	100
P00013_05	8w86_A	65.854	123	121	223	1	121	1	117	4.99e-45	149	100
P00013_05	7ws7_K	64.000	125	121	125	1	121	1	122	8.02e-45	145	100
P00013_05	7ws7_G	64.000	125	121	125	1	121	1	122	8.02e-45	145	100
P00013_05	7ws6_I	64.000	125	121	125	1	121	1	122	8.02e-45	145	100
P00013_05	7ws1_K	64.000	125	121	125	1	121	1	122	8.02e-45	145	100
P00013_06	9nh7_F	69.355	124	121	140	1	121	4	124	1.03e-48	155	100
P00013_06	9nh7_E	69.355	124	121	140	1	121	4	124	1.03e-48	155	100
P00013_06	3eak_B	68.750	128	121	137	1	121	1	127	5.90e-48	153	100
P00013_06	3eak_A	68.750	128	121	137	1	121	1	127	5.90e-48	153	100
P00013_06	5w2b_H	65.354	127	121	236	1	121	4	127	2.20e-45	150	100
P00013_06	5vkd_H	65.354	127	121	236	1	121	4	127	2.20e-45	150	100
P00013_06	7w7q_B	68.033	122	121	243	1	120	1	119	3.31e-45	150	99
P00013_06	7w7q_A	68.033	122	121	243	1	120	1	119	3.31e-45	150	99
P00013_06	9vq6_H	70.400	125	121	132	1	121	3	119	5.33e-45	145	100
P00013_06	9vq6_C	70.400	125	121	132	1	121	3	119	5.33e-45	145	100
P00013_06	9vq6_B	70.400	125	121	132	1	121	3	119	5.33e-45	145	100
P00013_06	9vq6_A	70.400	125	121	132	1	121	3	119	5.33e-45	145	100
P00013_06	9mmv_H	66.667	123	121	218	1	121	1	113	6.62e-45	148	100
P00013_06	8oz3_H	66.667	123	121	230	1	121	1	117	8.06e-45	149	100
P00013_06	8oz3_A	66.667	123	121	230	1	121	1	117	8.06e-45	149	100
P00013_06	8w86_E	65.854	123	121	223	1	121	1	117	8.79e-45	148	100
P00013_06	8w86_A	65.854	123	121	223	1	121	1	117	8.79e-45	148	100
P00013_06	4qci_H	68.293	123	121	223	1	121	1	119	1.26e-44	148	100
P00013_06	4qci_B	68.293	123	121	223	1	121	1	119	1.26e-44	148	100
P00013_06	8x0t_H	66.406	128	121	237	1	121	1	125	1.31e-44	148	100
P00013_07	9nh7_F	69.355	124	121	140	1	121	4	124	4.04e-48	154	100
P00013_07	9nh7_E	69.355	124	121	140	1	121	4	124	4.04e-48	154	100
P00013_07	3eak_B	65.649	131	121	137	1	121	1	127	9.47e-46	148	100
P00013_07	3eak_A	65.649	131	121	137	1	121	1	127	9.47e-46	148	100
P00013_07	9sfx_B	64.615	130	121	133	1	121	1	126	9.97e-46	147	100
P00013_07	9n5z_A	60.156	128	121	126	1	121	1	125	2.99e-45	146	100
P00013_07	9vq6_H	68.293	123	121	132	1	121	3	119	4.94e-45	146	100
P00013_07	9vq6_C	68.293	123	121	132	1	121	3	119	4.94e-45	146	100
P00013_07	9vq6_B	68.293	123	121	132	1	121	3	119	4.94e-45	146	100
P00013_07	9vq6_A	68.293	123	121	132	1	121	3	119	4.94e-45	146	100
P00013_07	3skj_I	63.846	130	121	231	1	121	1	127	6.05e-45	149	100
P00013_07	3skj_H	63.846	130	121	231	1	121	1	127	6.05e-45	149	100
P00013_07	8x0t_H	64.844	128	121	237	1	121	1	125	8.41e-45	149	100
P00013_07	8zhg_H	63.359	131	121	139	1	121	20	138	9.70e-45	145	100
P00013_07	6wio_A	64.615	130	121	230	1	121	1	126	1.01e-44	148	100
P00013_07	4y5v_G	66.667	123	121	130	1	121	8	124	1.26e-44	145	100
P00013_07	4y5v_D	66.667	123	121	130	1	121	8	124	1.26e-44	145	100
P00013_07	4y5v_A	66.667	123	121	130	1	121	8	124	1.26e-44	145	100
P00013_07	6wir_A	64.615	130	121	236	1	121	1	126	1.46e-44	148	100
P00013_07	7dk2_J	66.667	123	121	223	1	121	1	119	1.80e-44	147	100
P00013_08	9nh7_F	68.548	124	121	140	1	121	4	124	1.37e-48	155	100
P00013_08	9nh7_E	68.548	124	121	140	1	121	4	124	1.37e-48	155	100
P00013_08	3eak_B	67.176	131	121	137	1	121	1	127	7.31e-47	150	100
P00013_08	3eak_A	67.176	131	121	137	1	121	1	127	7.31e-47	150	100
P00013_08	9mmv_H	67.480	123	121	218	1	121	1	113	2.42e-46	152	100
P00013_08	7w7q_B	67.213	122	121	243	1	120	1	119	5.34e-46	152	99
P00013_08	7w7q_A	67.213	122	121	243	1	120	1	119	5.34e-46	152	99
P00013_08	9vq6_H	68.293	123	121	132	1	121	3	119	5.65e-46	148	100
P00013_08	9vq6_C	68.293	123	121	132	1	121	3	119	5.65e-46	148	100
P00013_08	9vq6_B	68.293	123	121	132	1	121	3	119	5.65e-46	148	100
P00013_08	9vq6_A	68.293	123	121	132	1	121	3	119	5.65e-46	148	100
P00013_08	8r1d_H	65.854	123	121	121	1	121	1	120	6.88e-46	147	100
P00013_08	8r1d_D	65.854	123	121	121	1	121	1	120	6.88e-46	147	100
P00013_08	8r1d_F	65.854	123	121	121	1	121	1	120	6.88e-46	147	100
P00013_08	8w86_E	67.480	123	121	223	1	121	1	117	9.66e-46	150	100
P00013_08	8w86_A	67.480	123	121	223	1	121	1	117	9.66e-46	150	100
P00013_08	2vyr_L	61.832	131	121	153	1	121	1	123	5.68e-45	146	100
P00013_08	2vyr_K	61.832	131	121	153	1	121	1	123	5.68e-45	146	100
P00013_08	2vyr_J	61.832	131	121	153	1	121	1	123	5.68e-45	146	100
P00013_08	2vyr_I	61.832	131	121	153	1	121	1	123	5.68e-45	146	100
P00014_00	9nh7_F	68.217	129	123	140	1	123	4	124	9.44e-49	155	100
P00014_00	9nh7_E	68.217	129	123	140	1	123	4	124	9.44e-49	155	100
P00014_00	9qk1_F	67.480	123	123	133	1	123	1	122	1.71e-48	155	100
P00014_00	3eak_B	67.717	127	123	137	1	123	1	127	1.20e-47	152	100
P00014_00	3eak_A	67.717	127	123	137	1	123	1	127	1.20e-47	152	100
P00014_00	9w7j_B	67.480	123	123	120	1	123	1	119	3.75e-47	151	100
P00014_00	9vq6_H	70.732	123	123	132	1	123	3	119	5.87e-47	151	100
P00014_00	9vq6_C	70.732	123	123	132	1	123	3	119	5.87e-47	151	100
P00014_00	9vq6_B	70.732	123	123	132	1	123	3	119	5.87e-47	151	100
P00014_00	9vq6_A	70.732	123	123	132	1	123	3	119	5.87e-47	151	100
P00014_00	6rqm_B	67.939	131	123	144	1	123	1	127	1.05e-46	150	100
P00014_00	8xsl_M	66.667	123	123	226	1	123	1	122	1.62e-46	153	100
P00014_00	8xsl_H	66.667	123	123	226	1	123	1	122	1.62e-46	153	100
P00014_00	8xse_H	66.667	123	123	226	1	123	1	122	1.62e-46	153	100
P00014_00	9n4f_O	64.800	125	123	125	1	123	1	124	3.70e-46	149	100
P00014_00	9n4f_M	64.800	125	123	125	1	123	1	124	3.70e-46	149	100
P00014_00	9n4f_H	64.800	125	123	125	1	123	1	124	3.70e-46	149	100
P00014_00	7shz_E	67.200	125	123	123	1	123	2	121	3.72e-46	148	100
P00014_00	7shz_I	67.200	125	123	123	1	123	2	121	3.72e-46	148	100
P00014_00	7shz_C	67.200	125	123	123	1	123	2	121	3.72e-46	148	100
P00014_01	9nh7_F	68.254	126	123	140	1	123	4	124	1.23e-48	155	100
P00014_01	9nh7_E	68.254	126	123	140	1	123	4	124	1.23e-48	155	100
P00014_01	3eak_B	68.750	128	123	137	1	123	1	127	2.90e-48	154	100
P00014_01	3eak_A	68.750	128	123	137	1	123	1	127	2.90e-48	154	100
P00014_01	9qk1_F	65.854	123	123	133	1	123	1	122	4.46e-47	151	100
P00014_01	6rqm_B	66.423	137	123	144	1	123	1	127	1.70e-46	150	100
P00014_01	9lqi_A	65.854	123	123	121	1	123	1	120	2.54e-46	149	100
P00014_01	9lqi_B	65.854	123	123	121	1	123	1	120	2.54e-46	149	100
P00014_01	8h08_L	63.415	123	123	117	1	123	1	116	4.06e-46	148	100
P00014_01	8h08_F	63.415	123	123	117	1	123	1	116	4.06e-46	148	100
P00014_01	8h08_D	63.415	123	123	117	1	123	1	116	4.06e-46	148	100
P00014_01	8h07_M	63.415	123	123	117	1	123	1	116	4.06e-46	148	100
P00014_01	8h07_G	63.415	123	123	117	1	123	1	116	4.06e-46	148	100
P00014_01	8h07_E	63.415	123	123	117	1	123	1	116	4.06e-46	148	100
P00014_01	7xd2_I	63.415	123	123	117	1	123	1	116	4.06e-46	148	100
P00014_01	7xd2_E	63.415	123	123	117	1	123	1	116	4.06e-46	148	100
P00014_01	7xd2_D	63.415	123	123	117	1	123	1	116	4.06e-46	148	100
P00014_01	8coe_B	66.142	127	123	132	1	123	1	125	1.08e-45	147	100
P00014_01	9w7j_B	66.667	123	123	120	1	123	1	119	1.83e-45	147	100
P00014_01	8e7m_H	65.079	126	123	227	1	123	1	120	1.95e-45	150	100
P00014_02	9nh7_F	68.254	126	123	140	1	123	4	124	2.64e-48	154	100
P00014_02	9nh7_E	68.254	126	123	140	1	123	4	124	2.64e-48	154	100
P00014_02	9w7j_B	67.480	123	123	120	1	123	1	119	5.83e-48	153	100
P00014_02	9qk1_F	67.480	123	123	133	1	123	1	122	7.09e-48	153	100
P00014_02	3eak_B	66.929	127	123	137	1	123	1	127	3.88e-47	151	100
P00014_02	3eak_A	66.929	127	123	137	1	123	1	127	3.88e-47	151	100
P00014_02	9vq6_H	69.106	123	123	132	1	123	3	119	1.96e-46	149	100
P00014_02	9vq6_C	69.106	123	123	132	1	123	3	119	1.96e-46	149	100
P00014_02	9vq6_B	69.106	123	123	132	1	123	3	119	1.96e-46	149	100
P00014_02	9vq6_A	69.106	123	123	132	1	123	3	119	1.96e-46	149	100
P00014_02	7tzh_A	67.200	125	123	247	1	122	3	122	1.02e-45	151	99
P00014_02	7tzh_C	67.200	125	123	247	1	122	3	122	1.02e-45	151	99
P00014_02	7tzg_B	67.200	125	123	248	1	122	3	122	1.09e-45	151	99
P00014_02	7tzg_A	67.200	125	123	248	1	122	3	122	1.09e-45	151	99
P00014_02	8hq7_M	66.935	124	123	225	1	123	1	121	1.47e-45	150	100
P00014_02	8hpv_R	66.935	124	123	225	1	123	1	121	1.47e-45	150	100
P00014_02	8hpv_E	66.935	124	123	225	1	123	1	121	1.47e-45	150	100
P00014_02	8hpv_M	66.935	124	123	225	1	123	1	121	1.47e-45	150	100
P00014_02	8xsl_M	65.873	126	123	226	1	123	1	122	1.54e-45	150	100
P00014_02	8xsl_H	65.873	126	123	226	1	123	1	122	1.54e-45	150	100
P00014_03	3eak_B	66.929	127	123	137	1	123	1	127	1.77e-48	155	100
P00014_03	3eak_A	66.929	127	123	137	1	123	1	127	1.77e-48	155	100
P00014_03	9nh7_F	68.293	123	123	140	1	123	4	124	3.75e-48	154	100
P00014_03	9nh7_E	68.293	123	123	140	1	123	4	124	3.75e-48	154	100
P00014_03	9w7j_B	67.742	124	123	120	1	123	1	119	4.01e-48	153	100
P00014_03	9lqi_A	66.667	123	123	121	1	123	1	120	5.87e-47	150	100
P00014_03	9lqi_B	66.667	123	123	121	1	123	1	120	5.87e-47	150	100
P00014_03	8coe_B	65.873	126	123	132	1	123	1	125	1.81e-46	149	100
P00014_03	9vq6_H	68.548	124	123	132	1	123	3	119	2.63e-46	149	100
P00014_03	9vq6_C	68.548	124	123	132	1	123	3	119	2.63e-46	149	100
P00014_03	9vq6_B	68.548	124	123	132	1	123	3	119	2.63e-46	149	100
P00014_03	9vq6_A	68.548	124	123	132	1	123	3	119	2.63e-46	149	100
P00014_03	6rqm_B	66.667	129	123	144	1	123	1	127	4.07e-46	149	100
P00014_03	5occ_H	67.200	125	123	222	1	123	1	120	5.28e-46	151	100
P00014_03	9qk1_F	64.228	123	123	133	1	123	1	122	6.37e-46	148	100
P00014_03	8coh_A	65.873	126	123	132	1	123	1	125	6.82e-46	148	100
P00014_03	8h08_L	63.415	123	123	117	1	123	1	116	8.10e-46	147	100
P00014_03	8h08_F	63.415	123	123	117	1	123	1	116	8.10e-46	147	100
P00014_03	8h08_D	63.415	123	123	117	1	123	1	116	8.10e-46	147	100
P00014_03	8h07_M	63.415	123	123	117	1	123	1	116	8.10e-46	147	100
P00014_04	3eak_B	68.750	128	123	137	1	123	1	127	2.79e-49	157	100
P00014_04	3eak_A	68.750	128	123	137	1	123	1	127	2.79e-49	157	100
P00014_04	9nh7_F	68.293	123	123	140	1	123	4	124	2.05e-48	155	100
P00014_04	9nh7_E	68.293	123	123	140	1	123	4	124	2.05e-48	155	100
P00014_04	9qk1_F	66.667	123	123	133	1	123	1	122	2.56e-48	154	100
P00014_04	6rqm_B	67.407	135	123	144	1	123	1	127	3.16e-48	154	100
P00014_04	8coe_B	66.142	127	123	132	1	123	1	125	7.98e-47	150	100
P00014_04	8h08_L	63.415	123	123	117	1	123	1	116	1.57e-46	149	100
P00014_04	8h08_F	63.415	123	123	117	1	123	1	116	1.57e-46	149	100
P00014_04	8h08_D	63.415	123	123	117	1	123	1	116	1.57e-46	149	100
P00014_04	8h07_M	63.415	123	123	117	1	123	1	116	1.57e-46	149	100
P00014_04	8h07_G	63.415	123	123	117	1	123	1	116	1.57e-46	149	100
P00014_04	8h07_E	63.415	123	123	117	1	123	1	116	1.57e-46	149	100
P00014_04	7xd2_I	63.415	123	123	117	1	123	1	116	1.57e-46	149	100
P00014_04	7xd2_E	63.415	123	123	117	1	123	1	116	1.57e-46	149	100
P00014_04	7xd2_D	63.415	123	123	117	1	123	1	116	1.57e-46	149	100
P00014_04	9lqi_A	65.041	123	123	121	1	123	1	120	3.17e-46	149	100
P00014_04	9lqi_B	65.041	123	123	121	1	123	1	120	3.17e-46	149	100
P00014_04	9w7j_B	65.854	123	123	120	1	123	1	119	3.74e-46	148	100
P00014_04	8coh_A	66.142	127	123	132	1	123	1	125	4.12e-46	149	100
P00014_05	9qk1_F	67.480	123	123	133	1	123	1	122	6.71e-48	153	100
P00014_05	9nh7_F	68.293	123	123	140	1	123	4	124	1.18e-47	153	100
P00014_05	9nh7_E	68.293	123	123	140	1	123	4	124	1.18e-47	153	100
P00014_05	3eak_B	67.969	128	123	137	1	123	1	127	7.24e-47	150	100
P00014_05	3eak_A	67.969	128	123	137	1	123	1	127	7.24e-47	150	100
P00014_05	6rqm_B	67.407	135	123	144	1	123	1	127	1.21e-46	150	100
P00014_05	9w7j_B	67.480	123	123	120	1	123	1	119	6.19e-46	148	100
P00014_05	9vq6_H	70.400	125	123	132	1	123	3	119	1.27e-45	147	100
P00014_05	9vq6_C	70.400	125	123	132	1	123	3	119	1.27e-45	147	100
P00014_05	9vq6_B	70.400	125	123	132	1	123	3	119	1.27e-45	147	100
P00014_05	9vq6_A	70.400	125	123	132	1	123	3	119	1.27e-45	147	100
P00014_05	9n4f_O	66.142	127	123	125	1	123	1	124	2.11e-45	147	100
P00014_05	9n4f_M	66.142	127	123	125	1	123	1	124	2.11e-45	147	100
P00014_05	9n4f_H	66.142	127	123	125	1	123	1	124	2.11e-45	147	100
P00014_05	8h08_L	64.228	123	123	117	1	123	1	116	2.27e-45	146	100
P00014_05	8h08_F	64.228	123	123	117	1	123	1	116	2.27e-45	146	100
P00014_05	8h08_D	64.228	123	123	117	1	123	1	116	2.27e-45	146	100
P00014_05	8h07_M	64.228	123	123	117	1	123	1	116	2.27e-45	146	100
P00014_05	8h07_G	64.228	123	123	117	1	123	1	116	2.27e-45	146	100
P00014_05	8h07_E	64.228	123	123	117	1	123	1	116	2.27e-45	146	100
P00014_06	9nh7_F	68.254	126	123	140	1	123	4	124	5.01e-49	156	100
P00014_06	9nh7_E	68.254	126	123	140	1	123	4	124	5.01e-49	156	100
P00014_06	3eak_B	67.188	128	123	137	1	123	1	127	1.33e-47	152	100
P00014_06	3eak_A	67.188	128	123	137	1	123	1	127	1.33e-47	152	100
P00014_06	9qk1_F	66.129	124	123	133	1	123	1	122	1.91e-46	149	100
P00014_06	9w7j_B	66.667	123	123	120	1	123	1	119	8.89e-46	147	100
P00014_06	8h08_L	64.228	123	123	117	1	123	1	116	1.67e-45	147	100
P00014_06	8h08_F	64.228	123	123	117	1	123	1	116	1.67e-45	147	100
P00014_06	8h08_D	64.228	123	123	117	1	123	1	116	1.67e-45	147	100
P00014_06	8h07_M	64.228	123	123	117	1	123	1	116	1.67e-45	147	100
P00014_06	8h07_G	64.228	123	123	117	1	123	1	116	1.67e-45	147	100
P00014_06	8h07_E	64.228	123	123	117	1	123	1	116	1.67e-45	147	100
P00014_06	7xd2_I	64.228	123	123	117	1	123	1	116	1.67e-45	147	100
P00014_06	7xd2_E	64.228	123	123	117	1	123	1	116	1.67e-45	147	100
P00014_06	7xd2_D	64.228	123	123	117	1	123	1	116	1.67e-45	147	100
P00014_06	8e7m_H	65.079	126	123	227	1	123	1	120	2.30e-45	150	100
P00014_06	7xl1_B	64.567	127	123	133	1	123	1	123	2.76e-45	147	100
P00014_06	7xl1_A	64.567	127	123	133	1	123	1	123	2.76e-45	147	100
P00014_06	6rqm_B	64.964	137	123	144	1	123	1	127	3.87e-45	147	100
P00014_06	8xsl_M	65.854	123	123	226	1	123	1	122	4.33e-45	149	100
P00014_07	9nh7_F	68.254	126	123	140	1	123	4	124	2.96e-49	157	100
P00014_07	9nh7_E	68.254	126	123	140	1	123	4	124	2.96e-49	157	100
P00014_07	3eak_B	66.929	127	123	137	1	123	1	127	1.76e-47	152	100
P00014_07	3eak_A	66.929	127	123	137	1	123	1	127	1.76e-47	152	100
P00014_07	9w7j_B	67.480	123	123	120	1	123	1	119	6.70e-47	150	100
P00014_07	9qk1_F	66.129	124	123	133	1	123	1	122	8.60e-47	150	100
P00014_07	6xq4_E	66.142	127	123	233	1	123	1	121	1.85e-46	153	100
P00014_07	6xq4_C	66.142	127	123	233	1	123	1	121	1.85e-46	153	100
P00014_07	7shy_E	65.323	124	123	122	1	123	2	121	4.25e-46	148	100
P00014_07	7shy_C	65.323	124	123	122	1	123	2	121	4.25e-46	148	100
P00014_07	7shy_K	65.323	124	123	122	1	123	2	121	4.25e-46	148	100
P00014_07	7shy_I	65.323	124	123	122	1	123	2	121	4.25e-46	148	100
P00014_07	8h08_L	64.228	123	123	117	1	123	1	116	4.34e-46	148	100
P00014_07	8h08_F	64.228	123	123	117	1	123	1	116	4.34e-46	148	100
P00014_07	8h08_D	64.228	123	123	117	1	123	1	116	4.34e-46	148	100
P00014_07	8h07_M	64.228	123	123	117	1	123	1	116	4.34e-46	148	100
P00014_07	8h07_G	64.228	123	123	117	1	123	1	116	4.34e-46	148	100
P00014_07	8h07_E	64.228	123	123	117	1	123	1	116	4.34e-46	148	100
P00014_07	7xd2_I	64.228	123	123	117	1	123	1	116	4.34e-46	148	100
P00014_07	7xd2_E	64.228	123	123	117	1	123	1	116	4.34e-46	148	100
P00014_08	3eak_B	68.504	127	123	137	1	123	1	127	2.75e-48	154	100
P00014_08	3eak_A	68.504	127	123	137	1	123	1	127	2.75e-48	154	100
P00014_08	9nh7_F	68.293	123	123	140	1	123	4	124	1.52e-47	152	100
P00014_08	9nh7_E	68.293	123	123	140	1	123	4	124	1.52e-47	152	100
P00014_08	9qk1_F	66.667	123	123	133	1	123	1	122	3.50e-47	151	100
P00014_08	9w7j_B	66.935	124	123	120	1	123	1	119	1.94e-46	149	100
P00014_08	8h08_L	63.415	123	123	117	1	123	1	116	3.06e-46	148	100
P00014_08	8h08_F	63.415	123	123	117	1	123	1	116	3.06e-46	148	100
P00014_08	8h08_D	63.415	123	123	117	1	123	1	116	3.06e-46	148	100
P00014_08	8h07_M	63.415	123	123	117	1	123	1	116	3.06e-46	148	100
P00014_08	8h07_G	63.415	123	123	117	1	123	1	116	3.06e-46	148	100
P00014_08	8h07_E	63.415	123	123	117	1	123	1	116	3.06e-46	148	100
P00014_08	7xd2_I	63.415	123	123	117	1	123	1	116	3.06e-46	148	100
P00014_08	7xd2_E	63.415	123	123	117	1	123	1	116	3.06e-46	148	100
P00014_08	7xd2_D	63.415	123	123	117	1	123	1	116	3.06e-46	148	100
P00014_08	6rqm_B	67.442	129	123	144	1	123	1	127	3.45e-46	149	100
P00014_08	8k4q_D	65.854	123	123	121	1	123	3	120	9.16e-46	147	100
P00014_08	8k4q_B	65.854	123	123	121	1	123	3	120	9.16e-46	147	100
P00014_08	8coe_B	66.142	127	123	132	1	123	1	125	1.10e-45	147	100
P00014_08	9lqi_A	65.041	123	123	121	1	123	1	120	1.57e-45	147	100
P00015_00	9vq6_H	69.421	121	121	132	1	121	3	119	3.05e-48	154	100
P00015_00	9vq6_C	69.421	121	121	132	1	121	3	119	3.05e-48	154	100
P00015_00	9vq6_B	69.421	121	121	132	1	121	3	119	3.05e-48	154	100
P00015_00	9vq6_A	69.421	121	121	132	1	121	3	119	3.05e-48	154	100
P00015_00	7s0e_H	66.116	121	121	228	1	121	1	120	3.24e-47	154	100
P00015_00	9nh7_F	67.213	122	121	140	1	121	4	124	6.59e-47	151	100
P00015_00	9nh7_E	67.213	122	121	140	1	121	4	124	6.59e-47	151	100
P00015_00	3eak_B	63.359	131	121	137	1	121	1	127	3.65e-46	149	100
P00015_00	3eak_A	63.359	131	121	137	1	121	1	127	3.65e-46	149	100
P00015_00	4u3x_C	64.463	121	121	121	1	121	1	120	1.03e-45	147	100
P00015_00	4u3x_A	64.463	121	121	121	1	121	1	120	1.03e-45	147	100
P00015_00	4pgj_C	64.463	121	121	121	1	121	1	120	1.03e-45	147	100
P00015_00	4pgj_A	64.463	121	121	121	1	121	1	120	1.03e-45	147	100
P00015_00	1dee_F	65.289	121	121	223	1	121	1	120	1.15e-45	150	100
P00015_00	1dee_D	65.289	121	121	223	1	121	1	120	1.15e-45	150	100
P00015_00	1dee_B	65.289	121	121	223	1	121	1	120	1.15e-45	150	100
P00015_00	6t2j_B	64.463	121	121	120	1	121	1	119	1.62e-45	147	100
P00015_00	6t2j_A	64.463	121	121	120	1	121	1	119	1.62e-45	147	100
P00015_00	6sc9_C	64.463	121	121	120	1	121	1	119	1.62e-45	147	100
P00015_00	6sc9_B	64.463	121	121	120	1	121	1	119	1.62e-45	147	100
P00015_01	9nh7_F	66.667	126	121	140	1	121	4	124	1.45e-47	152	100
P00015_01	9nh7_E	66.667	126	121	140	1	121	4	124	1.45e-47	152	100
P00015_01	9vq6_H	70.248	121	121	132	1	121	3	119	1.96e-47	152	100
P00015_01	9vq6_C	70.248	121	121	132	1	121	3	119	1.96e-47	152	100
P00015_01	9vq6_B	70.248	121	121	132	1	121	3	119	1.96e-47	152	100
P00015_01	9vq6_A	70.248	121	121	132	1	121	3	119	1.96e-47	152	100
P00015_01	9mmv_H	69.421	121	121	218	1	121	1	113	4.68e-47	154	100
P00015_01	3eak_B	65.354	127	121	137	1	121	1	127	7.72e-47	150	100
P00015_01	3eak_A	65.354	127	121	137	1	121	1	127	7.72e-47	150	100
P00015_01	1dee_F	66.942	121	121	223	1	121	1	120	5.25e-46	151	100
P00015_01	1dee_D	66.942	121	121	223	1	121	1	120	5.25e-46	151	100
P00015_01	1dee_B	66.942	121	121	223	1	121	1	120	5.25e-46	151	100
P00015_01	8vyf_B	67.213	122	121	122	1	121	1	121	6.58e-46	148	100
P00015_01	8vye_P	67.213	122	121	122	1	121	1	121	6.58e-46	148	100
P00015_01	8vye_F	67.213	122	121	122	1	121	1	121	6.58e-46	148	100
P00015_01	8vye_B	67.213	122	121	122	1	121	1	121	6.58e-46	148	100
P00015_01	7tm0_I	67.213	122	121	122	1	121	1	121	6.58e-46	148	100
P00015_01	7tm0_G	67.213	122	121	122	1	121	1	121	6.58e-46	148	100
P00015_01	7tm0_E	67.213	122	121	122	1	121	1	121	6.58e-46	148	100
P00015_01	7tlz_B	67.213	122	121	122	1	121	1	121	6.58e-46	148	100
P00015_02	8xse_M	68.293	123	121	226	1	121	1	122	8.03e-48	156	100
P00015_02	9nh7_F	69.672	122	121	140	1	121	4	124	1.18e-47	153	100
P00015_02	9nh7_E	69.672	122	121	140	1	121	4	124	1.18e-47	153	100
P00015_02	9vq6_H	67.200	125	121	132	1	121	3	119	6.83e-47	150	100
P00015_02	9vq6_C	67.200	125	121	132	1	121	3	119	6.83e-47	150	100
P00015_02	9vq6_B	67.200	125	121	132	1	121	3	119	6.83e-47	150	100
P00015_02	9vq6_A	67.200	125	121	132	1	121	3	119	6.83e-47	150	100
P00015_02	9mmv_H	68.595	121	121	218	1	121	1	113	8.51e-47	153	100
P00015_02	3eak_B	64.567	127	121	137	1	121	1	127	1.49e-46	150	100
P00015_02	3eak_A	64.567	127	121	137	1	121	1	127	1.49e-46	150	100
P00015_02	7s0e_H	66.400	125	121	228	1	121	1	120	3.59e-46	152	100
P00015_02	1dee_F	66.116	121	121	223	1	121	1	120	4.18e-46	151	100
P00015_02	1dee_D	66.116	121	121	223	1	121	1	120	4.18e-46	151	100
P00015_02	1dee_B	66.116	121	121	223	1	121	1	120	4.18e-46	151	100
P00015_02	1hez_D	66.116	121	121	224	1	121	1	120	6.02e-46	151	100
P00015_02	1hez_B	66.116	121	121	224	1	121	1	120	6.02e-46	151	100
P00015_02	8vyf_B	66.667	123	121	122	1	121	1	121	7.02e-46	147	100
P00015_02	8vye_P	66.667	123	121	122	1	121	1	121	7.02e-46	147	100
P00015_02	8vye_F	66.667	123	121	122	1	121	1	121	7.02e-46	147	100
P00015_02	8vye_B	66.667	123	121	122	1	121	1	121	7.02e-46	147	100
P00015_03	9vq6_H	69.355	124	121	132	1	121	3	119	5.84e-49	155	100
P00015_03	9vq6_C	69.355	124	121	132	1	121	3	119	5.84e-49	155	100
P00015_03	9vq6_B	69.355	124	121	132	1	121	3	119	5.84e-49	155	100
P00015_03	9vq6_A	69.355	124	121	132	1	121	3	119	5.84e-49	155	100
P00015_03	9mmv_H	68.595	121	121	218	1	121	1	113	2.36e-48	157	100
P00015_03	9nh7_F	66.393	122	121	140	1	121	4	124	1.61e-47	152	100
P00015_03	9nh7_E	66.393	122	121	140	1	121	4	124	1.61e-47	152	100
P00015_03	8xse_M	66.667	123	121	226	1	121	1	122	1.61e-47	155	100
P00015_03	4p59_H	67.769	121	121	238	1	121	1	116	2.14e-47	155	100
P00015_03	4u3x_C	65.289	121	121	121	1	121	1	120	3.21e-47	151	100
P00015_03	4u3x_A	65.289	121	121	121	1	121	1	120	3.21e-47	151	100
P00015_03	4pgj_C	65.289	121	121	121	1	121	1	120	3.21e-47	151	100
P00015_03	4pgj_A	65.289	121	121	121	1	121	1	120	3.21e-47	151	100
P00015_03	1dee_F	65.289	121	121	223	1	121	1	120	3.34e-47	154	100
P00015_03	1dee_D	65.289	121	121	223	1	121	1	120	3.34e-47	154	100
P00015_03	1dee_B	65.289	121	121	223	1	121	1	120	3.34e-47	154	100
P00015_03	8cwj_U	66.942	121	121	230	1	121	1	118	3.78e-47	154	100
P00015_03	8cwj_J	66.942	121	121	230	1	121	1	118	3.78e-47	154	100
P00015_03	1hez_D	65.289	121	121	224	1	121	1	120	5.04e-47	154	100
P00015_03	1hez_B	65.289	121	121	224	1	121	1	120	5.04e-47	154	100
P00015_04	3eak_B	64.567	127	121	137	1	121	1	127	7.50e-48	153	100
P00015_04	3eak_A	64.567	127	121	137	1	121	1	127	7.50e-48	153	100
P00015_04	9mmv_H	69.421	121	121	218	1	121	1	113	1.81e-47	155	100
P00015_04	9nh7_F	68.033	122	121	140	1	121	4	124	3.16e-47	152	100
P00015_04	9nh7_E	68.033	122	121	140	1	121	4	124	3.16e-47	152	100
P00015_04	9m5d_A	66.116	121	121	120	1	121	1	119	3.74e-47	151	100
P00015_04	9m5d_D	66.116	121	121	120	1	121	1	119	3.74e-47	151	100
P00015_04	9vq6_H	68.595	121	121	132	1	121	3	119	4.66e-47	151	100
P00015_04	9vq6_C	68.595	121	121	132	1	121	3	119	4.66e-47	151	100
P00015_04	9vq6_B	68.595	121	121	132	1	121	3	119	4.66e-47	151	100
P00015_04	9vq6_A	68.595	121	121	132	1	121	3	119	4.66e-47	151	100
P00015_04	7s0e_H	66.942	121	121	228	1	121	1	120	1.08e-46	153	100
P00015_04	6w51_S	65.289	121	121	223	1	121	1	120	2.06e-46	152	100
P00015_04	6w51_Q	65.289	121	121	223	1	121	1	120	2.06e-46	152	100
P00015_04	6w51_O	65.289	121	121	223	1	121	1	120	2.06e-46	152	100
P00015_04	6w51_M	65.289	121	121	223	1	121	1	120	2.06e-46	152	100
P00015_04	8xse_M	68.293	123	121	226	1	121	1	122	2.70e-46	152	100
P00015_04	8z8l_A	66.942	121	121	124	1	121	1	114	4.93e-46	148	100
P00015_04	4u3x_C	65.289	121	121	121	1	121	1	120	9.15e-46	147	100
P00015_04	4u3x_A	65.289	121	121	121	1	121	1	120	9.15e-46	147	100
P00015_05	9nh7_F	68.852	122	121	140	1	121	4	124	6.10e-47	151	100
P00015_05	9nh7_E	68.852	122	121	140	1	121	4	124	6.10e-47	151	100
P00015_05	4u3x_C	66.116	121	121	121	1	121	1	120	9.38e-47	150	100
P00015_05	4u3x_A	66.116	121	121	121	1	121	1	120	9.38e-47	150	100
P00015_05	4pgj_C	66.116	121	121	121	1	121	1	120	9.38e-47	150	100
P00015_05	4pgj_A	66.116	121	121	121	1	121	1	120	9.38e-47	150	100
P00015_05	3eak_B	64.394	132	121	137	1	121	1	127	6.97e-46	148	100
P00015_05	3eak_A	64.394	132	121	137	1	121	1	127	6.97e-46	148	100
P00015_05	9vq6_H	68.595	121	121	132	1	121	3	119	9.05e-46	147	100
P00015_05	9vq6_C	68.595	121	121	132	1	121	3	119	9.05e-46	147	100
P00015_05	9vq6_B	68.595	121	121	132	1	121	3	119	9.05e-46	147	100
P00015_05	9vq6_A	68.595	121	121	132	1	121	3	119	9.05e-46	147	100
P00015_05	8cwj_U	66.942	121	121	230	1	121	1	118	1.31e-45	150	100
P00015_05	8cwj_J	66.942	121	121	230	1	121	1	118	1.31e-45	150	100
P00015_05	9mmv_H	68.852	122	121	218	1	121	1	113	1.34e-45	150	100
P00015_05	8cwk_A	66.116	121	121	232	1	121	1	120	1.84e-45	150	100
P00015_05	7obf_B	66.116	121	121	125	1	121	1	119	7.76e-45	145	100
P00015_05	7obf_A	66.116	121	121	125	1	121	1	119	7.76e-45	145	100
P00015_05	1ohq_B	66.116	121	121	120	1	121	1	119	9.14e-45	145	100
P00015_05	1ohq_A	66.116	121	121	120	1	121	1	119	9.14e-45	145	100
P00015_06	9mmv_H	67.769	121	121	218	1	121	1	113	1.40e-47	155	100
P00015_06	9vq6_H	69.106	123	121	132	1	121	3	119	2.18e-46	149	100
P00015_06	9vq6_C	69.106	123	121	132	1	121	3	119	2.18e-46	149	100
P00015_06	9vq6_B	69.106	123	121	132	1	121	3	119	2.18e-46	149	100
P00015_06	9vq6_A	69.106	123	121	132	1	121	3	119	2.18e-46	149	100
P00015_06	9nh7_F	68.852	122	121	140	1	121	4	124	3.22e-46	149	100
P00015_06	9nh7_E	68.852	122	121	140	1	121	4	124	3.22e-46	149	100
P00015_06	1dee_F	67.200	125	121	223	1	121	1	120	9.25e-46	150	100
P00015_06	1dee_D	67.200	125	121	223	1	121	1	120	9.25e-46	150	100
P00015_06	1dee_B	67.200	125	121	223	1	121	1	120	9.25e-46	150	100
P00015_06	8hhx_H	66.942	121	121	224	1	121	1	120	1.13e-45	150	100
P00015_06	8hhx_F	66.942	121	121	224	1	121	1	120	1.13e-45	150	100
P00015_06	7yck_E	66.942	121	121	224	1	121	1	120	1.13e-45	150	100
P00015_06	7yck_C	66.942	121	121	224	1	121	1	120	1.13e-45	150	100
P00015_06	1hez_D	67.200	125	121	224	1	121	1	120	1.50e-45	150	100
P00015_06	1hez_B	67.200	125	121	224	1	121	1	120	1.50e-45	150	100
P00015_06	8xse_M	67.480	123	121	226	1	121	1	122	2.65e-45	149	100
P00015_06	3eak_B	62.595	131	121	137	1	121	1	127	1.20e-44	145	100
P00015_06	3eak_A	62.595	131	121	137	1	121	1	127	1.20e-44	145	100
P00015_06	2vyr_L	63.710	124	121	153	1	121	1	123	1.21e-44	145	100
P00015_07	9nh7_F	68.852	122	121	140	1	121	4	124	2.64e-48	154	100
P00015_07	9nh7_E	68.852	122	121	140	1	121	4	124	2.64e-48	154	100
P00015_07	9mmv_H	69.421	121	121	218	1	121	1	113	3.82e-48	157	100
P00015_07	8z8l_A	66.942	121	121	124	1	121	1	114	6.94e-47	150	100
P00015_07	3eak_B	66.142	127	121	137	1	121	1	127	2.33e-46	149	100
P00015_07	3eak_A	66.142	127	121	137	1	121	1	127	2.33e-46	149	100
P00015_07	9vq6_H	68.293	123	121	132	1	121	3	119	3.27e-46	149	100
P00015_07	9vq6_C	68.293	123	121	132	1	121	3	119	3.27e-46	149	100
P00015_07	9vq6_B	68.293	123	121	132	1	121	3	119	3.27e-46	149	100
P00015_07	9vq6_A	68.293	123	121	132	1	121	3	119	3.27e-46	149	100
P00015_07	8hhx_H	66.116	121	121	224	1	121	1	120	1.79e-45	150	100
P00015_07	8hhx_F	66.116	121	121	224	1	121	1	120	1.79e-45	150	100
P00015_07	7yck_E	66.116	121	121	224	1	121	1	120	1.79e-45	150	100
P00015_07	7yck_C	66.116	121	121	224	1	121	1	120	1.79e-45	150	100
P00015_07	4jfy_H	66.942	121	121	235	1	121	4	122	2.68e-45	150	100
P00015_07	4jfy_B	66.942	121	121	235	1	121	4	122	2.68e-45	150	100
P00015_07	4jfx_H	66.942	121	121	235	1	121	4	122	2.68e-45	150	100
P00015_07	4jfx_B	66.942	121	121	235	1	121	4	122	2.68e-45	150	100
P00015_07	4jfz_H	66.942	121	121	235	1	121	4	122	2.99e-45	150	100
P00015_07	1dee_F	66.116	121	121	223	1	121	1	120	4.15e-45	149	100
P00015_08	9nh7_F	69.672	122	121	140	1	121	4	124	7.54e-48	153	100
P00015_08	9nh7_E	69.672	122	121	140	1	121	4	124	7.54e-48	153	100
P00015_08	9mmv_H	67.769	121	121	218	1	121	1	113	3.56e-47	154	100
P00015_08	3eak_B	64.885	131	121	137	1	121	1	127	1.28e-46	150	100
P00015_08	3eak_A	64.885	131	121	137	1	121	1	127	1.28e-46	150	100
P00015_08	9vq6_H	67.200	125	121	132	1	121	3	119	1.55e-46	150	100
P00015_08	9vq6_C	67.200	125	121	132	1	121	3	119	1.55e-46	150	100
P00015_08	9vq6_B	67.200	125	121	132	1	121	3	119	1.55e-46	150	100
P00015_08	9vq6_A	67.200	125	121	132	1	121	3	119	1.55e-46	150	100
P00015_08	8xse_M	66.667	123	121	226	1	121	1	122	2.98e-46	152	100
P00015_08	4u3x_C	65.289	121	121	121	1	121	1	120	1.15e-45	147	100
P00015_08	4u3x_A	65.289	121	121	121	1	121	1	120	1.15e-45	147	100
P00015_08	4pgj_C	65.289	121	121	121	1	121	1	120	1.15e-45	147	100
P00015_08	4pgj_A	65.289	121	121	121	1	121	1	120	1.15e-45	147	100
P00015_08	8cwk_A	66.393	122	121	232	1	121	1	120	1.37e-45	150	100
P00015_08	7s0e_H	64.800	125	121	228	1	121	1	120	2.07e-45	150	100
P00015_08	7obf_B	65.289	121	121	125	1	121	1	119	2.57e-45	146	100
P00015_08	7obf_A	65.289	121	121	125	1	121	1	119	2.57e-45	146	100
P00015_08	1ohq_B	65.289	121	121	120	1	121	1	119	3.73e-45	145	100
P00015_08	1ohq_A	65.289	121	121	120	1	121	1	119	3.73e-45	145	100
P00016_00	9vq6_H	69.919	123	121	132	1	121	3	119	9.95e-48	152	100
P00016_00	9vq6_C	69.919	123	121	132	1	121	3	119	9.95e-48	152	100
P00016_00	9vq6_B	69.919	123	121	132	1	121	3	119	9.95e-48	152	100
P00016_00	9vq6_A	69.919	123	121	132	1	121	3	119	9.95e-48	152	100
P00016_00	9nh7_F	69.672	122	121	140	1	121	4	124	2.80e-47	152	100
P00016_00	9nh7_E	69.672	122	121	140	1	121	4	124	2.80e-47	152	100
P00016_00	8bcz_E	65.289	121	121	121	1	121	1	120	8.86e-46	147	100
P00016_00	6uoe_H	65.600	125	121	229	1	121	1	124	1.08e-45	150	100
P00016_00	9lqi_A	64.754	122	121	121	1	121	1	120	1.47e-45	147	100
P00016_00	9lqi_B	64.754	122	121	121	1	121	1	120	1.47e-45	147	100
P00016_00	5n88_A	63.780	127	121	126	1	121	1	126	1.87e-45	147	100
P00016_00	5n88_H	63.780	127	121	126	1	121	1	126	1.87e-45	147	100
P00016_00	4u3x_C	66.667	123	121	121	1	121	1	120	3.30e-45	146	100
P00016_00	4u3x_A	66.667	123	121	121	1	121	1	120	3.30e-45	146	100
P00016_00	4pgj_C	66.667	123	121	121	1	121	1	120	3.30e-45	146	100
P00016_00	4pgj_A	66.667	123	121	121	1	121	1	120	3.30e-45	146	100
P00016_00	9m5d_A	66.942	121	121	120	1	121	1	119	5.65e-45	145	100
P00016_00	9m5d_D	66.942	121	121	120	1	121	1	119	5.65e-45	145	100
P00016_00	9jqu_H	66.116	121	121	223	1	121	1	120	1.22e-44	148	100
P00016_00	8vyf_B	63.934	122	121	122	1	121	1	121	1.24e-44	144	100
P00016_01	9nh7_F	68.800	125	121	140	1	121	4	124	3.18e-48	154	100
P00016_01	9nh7_E	68.800	125	121	140	1	121	4	124	3.18e-48	154	100
P00016_01	9vq6_H	68.504	127	121	132	1	121	3	119	1.02e-45	147	100
P00016_01	9vq6_C	68.504	127	121	132	1	121	3	119	1.02e-45	147	100
P00016_01	9vq6_B	68.504	127	121	132	1	121	3	119	1.02e-45	147	100
P00016_01	9vq6_A	68.504	127	121	132	1	121	3	119	1.02e-45	147	100
P00016_01	9m5d_A	66.116	121	121	120	1	121	1	119	5.29e-45	145	100
P00016_01	9m5d_D	66.116	121	121	120	1	121	1	119	5.29e-45	145	100
P00016_01	8jkh_M	66.129	124	121	117	1	121	1	116	5.50e-45	145	100
P00016_01	8jkh_m	66.129	124	121	117	1	121	1	116	5.50e-45	145	100
P00016_01	8jkh_H	66.129	124	121	117	1	121	1	116	5.50e-45	145	100
P00016_01	8jkh_h	66.129	124	121	117	1	121	1	116	5.50e-45	145	100
P00016_01	7whk_H	67.200	125	121	120	1	121	1	119	7.76e-45	145	100
P00016_01	7whk_D	67.200	125	121	120	1	121	1	119	7.76e-45	145	100
P00016_01	7whj_F	67.200	125	121	120	1	121	1	119	7.76e-45	145	100
P00016_01	7whi_G	67.200	125	121	120	1	121	1	119	7.76e-45	145	100
P00016_01	8yz6_D	64.516	124	121	119	1	121	1	117	2.22e-44	144	100
P00016_01	8bcz_E	65.323	124	121	121	1	121	1	120	2.91e-44	144	100
P00016_01	2qr0_X	64.800	125	121	221	1	121	1	117	4.25e-44	146	100
P00016_01	2qr0_T	64.800	125	121	221	1	121	1	117	4.25e-44	146	100
P00016_02	9nh7_F	68.852	122	121	140	1	121	4	124	2.93e-47	152	100
P00016_02	9nh7_E	68.852	122	121	140	1	121	4	124	2.93e-47	152	100
P00016_02	9vq6_H	69.106	123	121	132	1	121	3	119	4.61e-47	151	100
P00016_02	9vq6_C	69.106	123	121	132	1	121	3	119	4.61e-47	151	100
P00016_02	9vq6_B	69.106	123	121	132	1	121	3	119	4.61e-47	151	100
P00016_02	9vq6_A	69.106	123	121	132	1	121	3	119	4.61e-47	151	100
P00016_02	4u3x_C	66.935	124	121	121	1	121	1	120	3.34e-46	148	100
P00016_02	4u3x_A	66.935	124	121	121	1	121	1	120	3.34e-46	148	100
P00016_02	4pgj_C	66.935	124	121	121	1	121	1	120	3.34e-46	148	100
P00016_02	4pgj_A	66.935	124	121	121	1	121	1	120	3.34e-46	148	100
P00016_02	8cwk_A	66.116	121	121	232	1	121	1	120	1.74e-45	150	100
P00016_02	9m5d_A	66.116	121	121	120	1	121	1	119	5.12e-45	145	100
P00016_02	9m5d_D	66.116	121	121	120	1	121	1	119	5.12e-45	145	100
P00016_02	7whk_H	66.129	124	121	120	1	121	1	119	5.84e-45	145	100
P00016_02	7whk_D	66.129	124	121	120	1	121	1	119	5.84e-45	145	100
P00016_02	7whj_F	66.129	124	121	120	1	121	1	119	5.84e-45	145	100
P00016_02	7whi_G	66.129	124	121	120	1	121	1	119	5.84e-45	145	100
P00016_02	3g6d_H	68.033	122	121	229	1	121	1	121	7.11e-45	149	100
P00016_02	3g6a_B	68.033	122	121	229	1	121	1	121	7.11e-45	149	100
P00016_02	3g6a_H	68.033	122	121	229	1	121	1	121	7.11e-45	149	100
P00016_03	9nh7_F	69.048	126	121	140	1	121	4	124	1.11e-45	148	100
P00016_03	9nh7_E	69.048	126	121	140	1	121	4	124	1.11e-45	148	100
P00016_03	8yz6_D	65.323	124	121	119	1	121	1	117	5.78e-45	145	100
P00016_03	9vq6_H	69.291	127	121	132	1	121	3	119	5.95e-45	145	100
P00016_03	9vq6_C	69.291	127	121	132	1	121	3	119	5.95e-45	145	100
P00016_03	9vq6_B	69.291	127	121	132	1	121	3	119	5.95e-45	145	100
P00016_03	9vq6_A	69.291	127	121	132	1	121	3	119	5.95e-45	145	100
P00016_03	9uhh_A	66.129	124	121	119	1	121	1	118	1.44e-44	144	100
P00016_03	9m5d_A	66.116	121	121	120	1	121	1	119	1.86e-44	144	100
P00016_03	9m5d_D	66.116	121	121	120	1	121	1	119	1.86e-44	144	100
P00016_03	9w7j_B	67.460	126	121	120	1	121	1	119	2.03e-44	144	100
P00016_03	7yvp_K	66.129	124	121	118	1	121	1	117	2.13e-44	144	100
P00016_03	7yvp_P	66.129	124	121	118	1	121	1	117	2.13e-44	144	100
P00016_03	7yvn_O	66.129	124	121	118	1	121	1	117	2.13e-44	144	100
P00016_03	7yvn_L	66.129	124	121	118	1	121	1	117	2.13e-44	144	100
P00016_03	7yvn_I	66.129	124	121	118	1	121	1	117	2.13e-44	144	100
P00016_03	7yvm_C	66.129	124	121	118	1	121	1	117	2.13e-44	144	100
P00016_03	7chp_H	67.742	124	121	220	1	121	1	116	2.64e-44	147	100
P00016_03	4u3x_C	65.354	127	121	121	1	121	1	120	4.82e-44	143	100
P00016_03	4u3x_A	65.354	127	121	121	1	121	1	120	4.82e-44	143	100
P00016_04	4u3x_C	66.935	124	121	121	1	121	1	120	2.71e-46	149	100
P00016_04	4u3x_A	66.935	124	121	121	1	121	1	120	2.71e-46	149	100
P00016_04	4pgj_C	66.935	124	121	121	1	121	1	120	2.71e-46	149	100
P00016_04	4pgj_A	66.935	124	121	121	1	121	1	120	2.71e-46	149	100
P00016_04	9nh7_F	68.033	122	121	140	1	121	4	124	4.67e-46	149	100
P00016_04	9nh7_E	68.033	122	121	140	1	121	4	124	4.67e-46	149	100
P00016_04	8cwk_A	68.033	122	121	232	1	121	1	120	2.34e-45	150	100
P00016_04	9vq6_H	68.293	123	121	132	1	121	3	119	3.92e-45	146	100
P00016_04	9vq6_C	68.293	123	121	132	1	121	3	119	3.92e-45	146	100
P00016_04	9vq6_B	68.293	123	121	132	1	121	3	119	3.92e-45	146	100
P00016_04	9vq6_A	68.293	123	121	132	1	121	3	119	3.92e-45	146	100
P00016_04	3g6d_H	67.213	122	121	229	1	121	1	121	8.46e-45	148	100
P00016_04	3g6a_B	67.213	122	121	229	1	121	1	121	8.46e-45	148	100
P00016_04	3g6a_H	67.213	122	121	229	1	121	1	121	8.46e-45	148	100
P00016_04	8vyf_B	63.934	122	121	122	1	121	1	121	8.62e-45	145	100
P00016_04	8vye_P	63.934	122	121	122	1	121	1	121	8.62e-45	145	100
P00016_04	8vye_F	63.934	122	121	122	1	121	1	121	8.62e-45	145	100
P00016_04	8vye_B	63.934	122	121	122	1	121	1	121	8.62e-45	145	100
P00016_04	7tm0_I	63.934	122	121	122	1	121	1	121	8.62e-45	145	100
P00016_04	7tm0_G	63.934	122	121	122	1	121	1	121	8.62e-45	145	100
P00016_05	9vq6_H	69.531	128	121	132	1	121	3	119	1.09e-46	150	100
P00016_05	9vq6_C	69.531	128	121	132	1	121	3	119	1.09e-46	150	100
P00016_05	9vq6_B	69.531	128	121	132	1	121	3	119	1.09e-46	150	100
P00016_05	9vq6_A	69.531	128	121	132	1	121	3	119	1.09e-46	150	100
P00016_05	9c45_H	64.567	127	121	121	1	121	1	121	5.22e-45	145	100
P00016_05	9c44_F	64.567	127	121	121	1	121	1	121	5.22e-45	145	100
P00016_05	9c44_E	64.567	127	121	121	1	121	1	121	5.22e-45	145	100
P00016_05	9c44_H	64.567	127	121	121	1	121	1	121	5.22e-45	145	100
P00016_05	8gtq_J	64.567	127	121	121	1	121	1	121	5.22e-45	145	100
P00016_05	8gtq_I	64.567	127	121	121	1	121	1	121	5.22e-45	145	100
P00016_05	8gtq_H	64.567	127	121	121	1	121	1	121	5.22e-45	145	100
P00016_05	7sod_H	64.567	127	121	121	1	121	1	121	5.22e-45	145	100
P00016_05	7sob_M	64.567	127	121	121	1	121	1	121	5.22e-45	145	100
P00016_05	7sob_F	64.567	127	121	121	1	121	1	121	5.22e-45	145	100
P00016_05	7sob_C	64.567	127	121	121	1	121	1	121	5.22e-45	145	100
P00016_05	7soa_H	64.567	127	121	121	1	121	1	121	5.22e-45	145	100
P00016_05	7so9_O	64.567	127	121	121	1	121	1	121	5.22e-45	145	100
P00016_05	7so9_J	64.567	127	121	121	1	121	1	121	5.22e-45	145	100
P00016_05	7so9_C	64.567	127	121	121	1	121	1	121	5.22e-45	145	100
P00016_05	7n8i_H	64.567	127	121	121	1	121	1	121	5.22e-45	145	100
P00016_06	9nh7_F	68.000	125	121	140	1	121	4	124	2.67e-46	149	100
P00016_06	9nh7_E	68.000	125	121	140	1	121	4	124	2.67e-46	149	100
P00016_06	9vq6_H	68.293	123	121	132	1	121	3	119	1.34e-45	147	100
P00016_06	9vq6_C	68.293	123	121	132	1	121	3	119	1.34e-45	147	100
P00016_06	9vq6_B	68.293	123	121	132	1	121	3	119	1.34e-45	147	100
P00016_06	9vq6_A	68.293	123	121	132	1	121	3	119	1.34e-45	147	100
P00016_06	2qr0_X	65.323	124	121	221	1	121	1	117	4.82e-45	149	100
P00016_06	2qr0_T	65.323	124	121	221	1	121	1	117	4.82e-45	149	100
P00016_06	2qr0_R	65.323	124	121	221	1	121	1	117	4.82e-45	149	100
P00016_06	2qr0_N	65.323	124	121	221	1	121	1	117	4.82e-45	149	100
P00016_06	2qr0_L	65.323	124	121	221	1	121	1	117	4.82e-45	149	100
P00016_06	2qr0_H	65.323	124	121	221	1	121	1	117	4.82e-45	149	100
P00016_06	2qr0_F	65.323	124	121	221	1	121	1	117	4.82e-45	149	100
P00016_06	2qr0_B	65.323	124	121	221	1	121	1	117	4.82e-45	149	100
P00016_06	9m5d_A	66.116	121	121	120	1	121	1	119	6.80e-45	145	100
P00016_06	9m5d_D	66.116	121	121	120	1	121	1	119	6.80e-45	145	100
P00016_06	4u3x_C	64.516	124	121	121	1	121	1	120	1.68e-44	144	100
P00016_06	4u3x_A	64.516	124	121	121	1	121	1	120	1.68e-44	144	100
P00016_06	4pgj_C	64.516	124	121	121	1	121	1	120	1.68e-44	144	100
P00016_06	4pgj_A	64.516	124	121	121	1	121	1	120	1.68e-44	144	100
P00016_07	8vyf_B	67.213	122	121	122	1	121	1	121	2.23e-48	154	100
P00016_07	8vye_P	67.213	122	121	122	1	121	1	121	2.23e-48	154	100
P00016_07	8vye_F	67.213	122	121	122	1	121	1	121	2.23e-48	154	100
P00016_07	8vye_B	67.213	122	121	122	1	121	1	121	2.23e-48	154	100
P00016_07	7tm0_I	67.213	122	121	122	1	121	1	121	2.23e-48	154	100
P00016_07	7tm0_G	67.213	122	121	122	1	121	1	121	2.23e-48	154	100
P00016_07	7tm0_E	67.213	122	121	122	1	121	1	121	2.23e-48	154	100
P00016_07	7tlz_B	67.213	122	121	122	1	121	1	121	2.23e-48	154	100
P00016_07	9c45_H	67.213	122	121	121	1	121	1	121	2.36e-48	154	100
P00016_07	9c44_F	67.213	122	121	121	1	121	1	121	2.36e-48	154	100
P00016_07	9c44_E	67.213	122	121	121	1	121	1	121	2.36e-48	154	100
P00016_07	9c44_H	67.213	122	121	121	1	121	1	121	2.36e-48	154	100
P00016_07	8gtq_J	67.213	122	121	121	1	121	1	121	2.36e-48	154	100
P00016_07	8gtq_I	67.213	122	121	121	1	121	1	121	2.36e-48	154	100
P00016_07	8gtq_H	67.213	122	121	121	1	121	1	121	2.36e-48	154	100
P00016_07	7sod_H	67.213	122	121	121	1	121	1	121	2.36e-48	154	100
P00016_07	7sob_M	67.213	122	121	121	1	121	1	121	2.36e-48	154	100
P00016_07	7sob_F	67.213	122	121	121	1	121	1	121	2.36e-48	154	100
P00016_07	7sob_C	67.213	122	121	121	1	121	1	121	2.36e-48	154	100
P00016_07	7soa_H	67.213	122	121	121	1	121	1	121	2.36e-48	154	100
P00016_08	9vq6_H	69.106	123	121	132	1	121	3	119	4.32e-47	151	100
P00016_08	9vq6_C	69.106	123	121	132	1	121	3	119	4.32e-47	151	100
P00016_08	9vq6_B	69.106	123	121	132	1	121	3	119	4.32e-47	151	100
P00016_08	9vq6_A	69.106	123	121	132	1	121	3	119	4.32e-47	151	100
P00016_08	9nh7_F	68.033	122	121	140	1	121	4	124	7.08e-46	148	100
P00016_08	9nh7_E	68.033	122	121	140	1	121	4	124	7.08e-46	148	100
P00016_08	3eak_B	66.412	131	121	137	1	121	1	127	6.94e-45	145	100
P00016_08	3eak_A	66.412	131	121	137	1	121	1	127	6.94e-45	145	100
P00016_08	9m5d_A	65.289	121	121	120	1	121	1	119	3.12e-44	143	100
P00016_08	9m5d_D	65.289	121	121	120	1	121	1	119	3.12e-44	143	100
P00016_08	7whk_H	66.942	121	121	120	1	121	1	119	3.26e-44	143	100
P00016_08	7whk_D	66.942	121	121	120	1	121	1	119	3.26e-44	143	100
P00016_08	7whj_F	66.942	121	121	120	1	121	1	119	3.26e-44	143	100
P00016_08	7whi_G	66.942	121	121	120	1	121	1	119	3.26e-44	143	100
P00016_08	2qr0_X	64.516	124	121	221	1	121	1	117	3.94e-44	146	100
P00016_08	2qr0_T	64.516	124	121	221	1	121	1	117	3.94e-44	146	100
P00016_08	2qr0_R	64.516	124	121	221	1	121	1	117	3.94e-44	146	100
P00016_08	2qr0_N	64.516	124	121	221	1	121	1	117	3.94e-44	146	100
P00016_08	2qr0_L	64.516	124	121	221	1	121	1	117	3.94e-44	146	100
P00016_08	2qr0_H	64.516	124	121	221	1	121	1	117	3.94e-44	146	100
P00017_00	9nh7_F	68.852	122	121	140	1	121	4	124	9.88e-50	158	100
P00017_00	9nh7_E	68.852	122	121	140	1	121	4	124	9.88e-50	158	100
P00017_00	3eak_B	68.504	127	121	137	1	121	1	127	2.48e-48	154	100
P00017_00	3eak_A	68.504	127	121	137	1	121	1	127	2.48e-48	154	100
P00017_00	9vq6_H	67.480	123	121	132	1	121	3	119	1.21e-46	150	100
P00017_00	9vq6_C	67.480	123	121	132	1	121	3	119	1.21e-46	150	100
P00017_00	9vq6_B	67.480	123	121	132	1	121	3	119	1.21e-46	150	100
P00017_00	9vq6_A	67.480	123	121	132	1	121	3	119	1.21e-46	150	100
P00017_00	6rqm_B	65.625	128	121	144	1	121	1	127	1.53e-46	150	100
P00017_00	9n4f_O	62.500	128	121	125	1	121	1	124	1.19e-45	147	100
P00017_00	9n4f_M	62.500	128	121	125	1	121	1	124	1.19e-45	147	100
P00017_00	9n4f_H	62.500	128	121	125	1	121	1	124	1.19e-45	147	100
P00017_00	8h08_L	64.228	123	121	117	1	121	1	116	1.58e-45	147	100
P00017_00	8h08_F	64.228	123	121	117	1	121	1	116	1.58e-45	147	100
P00017_00	8h08_D	64.228	123	121	117	1	121	1	116	1.58e-45	147	100
P00017_00	8h07_M	64.228	123	121	117	1	121	1	116	1.58e-45	147	100
P00017_00	8h07_G	64.228	123	121	117	1	121	1	116	1.58e-45	147	100
P00017_00	8h07_E	64.228	123	121	117	1	121	1	116	1.58e-45	147	100
P00017_00	7xd2_I	64.228	123	121	117	1	121	1	116	1.58e-45	147	100
P00017_00	7xd2_E	64.228	123	121	117	1	121	1	116	1.58e-45	147	100
P00017_01	9nh7_F	68.033	122	121	140	1	121	4	124	1.20e-48	155	100
P00017_01	9nh7_E	68.033	122	121	140	1	121	4	124	1.20e-48	155	100
P00017_01	9vq6_H	69.421	121	121	132	1	121	3	119	8.54e-48	153	100
P00017_01	9vq6_C	69.421	121	121	132	1	121	3	119	8.54e-48	153	100
P00017_01	9vq6_B	69.421	121	121	132	1	121	3	119	8.54e-48	153	100
P00017_01	9vq6_A	69.421	121	121	132	1	121	3	119	8.54e-48	153	100
P00017_01	3eak_B	68.504	127	121	137	1	121	1	127	1.34e-47	152	100
P00017_01	3eak_A	68.504	127	121	137	1	121	1	127	1.34e-47	152	100
P00017_01	6rqm_B	64.844	128	121	144	1	121	1	127	8.74e-46	148	100
P00017_01	8r1d_H	65.289	121	121	121	1	121	1	120	8.86e-46	147	100
P00017_01	8r1d_D	65.289	121	121	121	1	121	1	120	8.86e-46	147	100
P00017_01	8r1d_F	65.289	121	121	121	1	121	1	120	8.86e-46	147	100
P00017_01	8w84_A	66.400	125	121	228	1	121	1	122	1.08e-45	150	100
P00017_01	8w83_M	66.400	125	121	228	1	121	1	122	1.08e-45	150	100
P00017_01	8w83_I	66.400	125	121	228	1	121	1	122	1.08e-45	150	100
P00017_01	8w83_E	66.400	125	121	228	1	121	1	122	1.08e-45	150	100
P00017_01	8w83_A	66.400	125	121	228	1	121	1	122	1.08e-45	150	100
P00017_01	8h08_L	65.323	124	121	117	1	121	1	116	1.27e-45	147	100
P00017_01	8h08_F	65.323	124	121	117	1	121	1	116	1.27e-45	147	100
P00017_01	8h08_D	65.323	124	121	117	1	121	1	116	1.27e-45	147	100
P00017_02	9nh7_F	68.852	122	121	140	1	121	4	124	2.04e-49	157	100
P00017_02	9nh7_E	68.852	122	121	140	1	121	4	124	2.04e-49	157	100
P00017_02	3eak_B	68.750	128	121	137	1	121	1	127	3.61e-49	156	100
P00017_02	3eak_A	68.750	128	121	137	1	121	1	127	3.61e-49	156	100
P00017_02	6rqm_B	66.406	128	121	144	1	121	1	127	9.74e-48	153	100
P00017_02	9vq6_H	67.200	125	121	132	1	121	3	119	9.92e-47	150	100
P00017_02	9vq6_C	67.200	125	121	132	1	121	3	119	9.92e-47	150	100
P00017_02	9vq6_B	67.200	125	121	132	1	121	3	119	9.92e-47	150	100
P00017_02	9vq6_A	67.200	125	121	132	1	121	3	119	9.92e-47	150	100
P00017_02	4u3x_C	65.289	121	121	121	1	121	1	120	1.26e-46	149	100
P00017_02	4u3x_A	65.289	121	121	121	1	121	1	120	1.26e-46	149	100
P00017_02	4pgj_C	65.289	121	121	121	1	121	1	120	1.26e-46	149	100
P00017_02	4pgj_A	65.289	121	121	121	1	121	1	120	1.26e-46	149	100
P00017_02	7obf_B	65.289	121	121	125	1	121	1	119	1.98e-46	149	100
P00017_02	7obf_A	65.289	121	121	125	1	121	1	119	1.98e-46	149	100
P00017_02	1ohq_B	65.289	121	121	120	1	121	1	119	2.52e-46	149	100
P00017_02	1ohq_A	65.289	121	121	120	1	121	1	119	2.52e-46	149	100
P00017_02	6o3a_B	66.942	121	121	218	1	121	1	119	3.08e-46	152	100
P00017_02	6t2j_B	65.289	121	121	120	1	121	1	119	3.46e-46	148	100
P00017_02	6t2j_A	65.289	121	121	120	1	121	1	119	3.46e-46	148	100
P00017_03	9nh7_F	69.672	122	121	140	1	121	4	124	2.51e-49	157	100
P00017_03	9nh7_E	69.672	122	121	140	1	121	4	124	2.51e-49	157	100
P00017_03	9vq6_H	68.293	123	121	132	1	121	3	119	1.45e-48	155	100
P00017_03	9vq6_C	68.293	123	121	132	1	121	3	119	1.45e-48	155	100
P00017_03	9vq6_B	68.293	123	121	132	1	121	3	119	1.45e-48	155	100
P00017_03	9vq6_A	68.293	123	121	132	1	121	3	119	1.45e-48	155	100
P00017_03	7cbp_R	65.574	122	121	222	1	121	1	121	1.08e-47	155	100
P00017_03	7cbp_D	65.574	122	121	222	1	121	1	121	1.08e-47	155	100
P00017_03	7w7q_B	67.769	121	121	243	1	120	1	119	1.82e-47	155	99
P00017_03	7w7q_A	67.769	121	121	243	1	120	1	119	1.82e-47	155	99
P00017_03	8bcz_E	65.289	121	121	121	1	121	1	120	2.23e-47	151	100
P00017_03	3eak_B	65.649	131	121	137	1	121	1	127	2.85e-47	152	100
P00017_03	3eak_A	65.649	131	121	137	1	121	1	127	2.85e-47	152	100
P00017_03	6rqm_B	65.385	130	121	144	1	121	1	127	4.08e-47	151	100
P00017_03	9cr9_H	65.854	123	121	235	1	121	1	122	4.22e-47	154	100
P00017_03	9cr9_A	65.854	123	121	235	1	121	1	122	4.22e-47	154	100
P00017_03	8cxg_1	64.754	122	121	122	1	121	1	121	4.75e-47	150	100
P00017_03	8cxg_h	64.754	122	121	122	1	121	1	121	4.75e-47	150	100
P00017_03	8cxg_H	64.754	122	121	122	1	121	1	121	4.75e-47	150	100
P00017_03	7s0e_H	66.116	121	121	228	1	121	1	120	7.83e-47	154	100
P00017_04	9vq6_H	71.074	121	121	132	1	121	3	119	2.87e-50	159	100
P00017_04	9vq6_C	71.074	121	121	132	1	121	3	119	2.87e-50	159	100
P00017_04	9vq6_B	71.074	121	121	132	1	121	3	119	2.87e-50	159	100
P00017_04	9vq6_A	71.074	121	121	132	1	121	3	119	2.87e-50	159	100
P00017_04	9nh7_F	69.106	123	121	140	1	121	4	124	9.12e-49	155	100
P00017_04	9nh7_E	69.106	123	121	140	1	121	4	124	9.12e-49	155	100
P00017_04	7obf_B	66.942	121	121	125	1	121	1	119	5.52e-48	153	100
P00017_04	7obf_A	66.942	121	121	125	1	121	1	119	5.52e-48	153	100
P00017_04	3eak_B	68.750	128	121	137	1	121	1	127	5.64e-48	153	100
P00017_04	3eak_A	68.750	128	121	137	1	121	1	127	5.64e-48	153	100
P00017_04	1ohq_B	66.942	121	121	120	1	121	1	119	7.56e-48	152	100
P00017_04	1ohq_A	66.942	121	121	120	1	121	1	119	7.56e-48	152	100
P00017_04	8z8l_A	67.769	121	121	124	1	121	1	114	1.31e-47	152	100
P00017_04	7jkb_A	66.942	121	121	226	1	121	1	119	7.00e-47	154	100
P00017_04	6o3a_B	67.769	121	121	218	1	121	1	119	7.07e-47	153	100
P00017_04	6k7o_H	67.742	124	121	228	1	121	1	121	7.57e-47	154	100
P00017_04	6k7o_F	67.742	124	121	228	1	121	1	121	7.57e-47	154	100
P00017_04	6k7o_D	67.742	124	121	228	1	121	1	121	7.57e-47	154	100
P00017_04	6k7o_B	67.742	124	121	228	1	121	1	121	7.57e-47	154	100
P00017_04	3hi6_X	64.463	121	121	220	1	121	1	119	1.95e-46	152	100
P00017_05	9nh7_F	68.852	122	121	140	1	121	4	124	4.19e-49	156	100
P00017_05	9nh7_E	68.852	122	121	140	1	121	4	124	4.19e-49	156	100
P00017_05	9vq6_H	68.852	122	121	132	1	121	3	119	9.45e-49	155	100
P00017_05	9vq6_C	68.852	122	121	132	1	121	3	119	9.45e-49	155	100
P00017_05	9vq6_B	68.852	122	121	132	1	121	3	119	9.45e-49	155	100
P00017_05	9vq6_A	68.852	122	121	132	1	121	3	119	9.45e-49	155	100
P00017_05	3eak_B	68.217	129	121	137	1	121	1	127	1.75e-48	155	100
P00017_05	3eak_A	68.217	129	121	137	1	121	1	127	1.75e-48	155	100
P00017_05	8cwj_U	66.942	121	121	230	1	121	1	118	5.06e-48	157	100
P00017_05	8cwj_J	66.942	121	121	230	1	121	1	118	5.06e-48	157	100
P00017_05	8r1d_H	65.289	121	121	121	1	121	1	120	1.17e-47	152	100
P00017_05	8r1d_D	65.289	121	121	121	1	121	1	120	1.17e-47	152	100
P00017_05	8r1d_F	65.289	121	121	121	1	121	1	120	1.17e-47	152	100
P00017_05	7w7q_B	65.833	120	121	243	1	120	1	119	5.00e-47	154	99
P00017_05	7w7q_A	65.833	120	121	243	1	120	1	119	5.00e-47	154	99
P00017_05	9b6o_H	65.289	121	121	120	1	121	1	118	1.03e-46	150	100
P00017_05	9mmv_H	66.116	121	121	218	1	121	1	113	1.58e-46	152	100
P00017_05	6k7o_H	64.754	122	121	228	1	121	1	121	2.18e-46	152	100
P00017_05	6k7o_F	64.754	122	121	228	1	121	1	121	2.18e-46	152	100
P00017_05	6k7o_D	64.754	122	121	228	1	121	1	121	2.18e-46	152	100
P00017_06	9vq6_H	68.254	126	121	132	1	121	3	119	1.01e-47	152	100
P00017_06	9vq6_C	68.254	126	121	132	1	121	3	119	1.01e-47	152	100
P00017_06	9vq6_B	68.254	126	121	132	1	121	3	119	1.01e-47	152	100
P00017_06	9vq6_A	68.254	126	121	132	1	121	3	119	1.01e-47	152	100
P00017_06	3eak_B	66.406	128	121	137	1	121	1	127	4.57e-47	151	100
P00017_06	3eak_A	66.406	128	121	137	1	121	1	127	4.57e-47	151	100
P00017_06	9nh7_F	68.293	123	121	140	1	121	4	124	8.38e-47	150	100
P00017_06	9nh7_E	68.293	123	121	140	1	121	4	124	8.38e-47	150	100
P00017_06	6o3a_B	66.116	121	121	218	1	121	1	119	2.33e-45	149	100
P00017_06	8k4q_D	65.289	121	121	121	1	121	3	120	2.65e-45	146	100
P00017_06	8k4q_B	65.289	121	121	121	1	121	3	120	2.65e-45	146	100
P00017_06	9mmv_H	66.393	122	121	218	1	121	1	113	3.64e-45	149	100
P00017_06	5occ_H	67.480	123	121	222	1	121	1	120	6.03e-45	149	100
P00017_06	5yy5_H	64.754	122	121	111	1	121	1	111	8.17e-45	144	100
P00017_06	6rqm_B	64.844	128	121	144	1	121	1	127	8.23e-45	145	100
P00017_06	9n4f_O	63.566	129	121	125	1	121	1	124	1.01e-44	145	100
P00017_06	9n4f_M	63.566	129	121	125	1	121	1	124	1.01e-44	145	100
P00017_06	9n4f_H	63.566	129	121	125	1	121	1	124	1.01e-44	145	100
P00017_06	6t2j_B	65.574	122	121	120	1	121	1	119	1.97e-44	144	100
P00017_06	6t2j_A	65.574	122	121	120	1	121	1	119	1.97e-44	144	100
P00017_07	9nh7_F	68.852	122	121	140	1	121	4	124	2.37e-49	157	100
P00017_07	9nh7_E	68.852	122	121	140	1	121	4	124	2.37e-49	157	100
P00017_07	9vq6_H	69.106	123	121	132	1	121	3	119	6.16e-49	155	100
P00017_07	9vq6_C	69.106	123	121	132	1	121	3	119	6.16e-49	155	100
P00017_07	9vq6_B	69.106	123	121	132	1	121	3	119	6.16e-49	155	100
P00017_07	9vq6_A	69.106	123	121	132	1	121	3	119	6.16e-49	155	100
P00017_07	6o3a_B	66.942	121	121	218	1	121	1	119	2.63e-47	154	100
P00017_07	3eak_B	67.442	129	121	137	1	121	1	127	3.40e-47	151	100
P00017_07	3eak_A	67.442	129	121	137	1	121	1	127	3.40e-47	151	100
P00017_07	6rqm_B	65.625	128	121	144	1	121	1	127	1.08e-46	150	100
P00017_07	6t2j_B	66.116	121	121	120	1	121	1	119	2.69e-46	149	100
P00017_07	6t2j_A	66.116	121	121	120	1	121	1	119	2.69e-46	149	100
P00017_07	6sc9_C	66.116	121	121	120	1	121	1	119	2.69e-46	149	100
P00017_07	6sc9_B	66.116	121	121	120	1	121	1	119	2.69e-46	149	100
P00017_07	6sc8_C	66.116	121	121	120	1	121	1	119	2.69e-46	149	100
P00017_07	6sc8_B	66.116	121	121	120	1	121	1	119	2.69e-46	149	100
P00017_07	6sc7_C	66.116	121	121	120	1	121	1	119	2.69e-46	149	100
P00017_07	6sc7_B	66.116	121	121	120	1	121	1	119	2.69e-46	149	100
P00017_07	6sc6_C	66.116	121	121	120	1	121	1	119	2.69e-46	149	100
P00017_07	6sc6_B	66.116	121	121	120	1	121	1	119	2.69e-46	149	100
P00017_08	9vq6_H	68.293	123	121	132	1	121	3	119	3.35e-47	151	100
P00017_08	9vq6_C	68.293	123	121	132	1	121	3	119	3.35e-47	151	100
P00017_08	9vq6_B	68.293	123	121	132	1	121	3	119	3.35e-47	151	100
P00017_08	9vq6_A	68.293	123	121	132	1	121	3	119	3.35e-47	151	100
P00017_08	9nh7_F	68.033	122	121	140	1	121	4	124	5.90e-47	151	100
P00017_08	9nh7_E	68.033	122	121	140	1	121	4	124	5.90e-47	151	100
P00017_08	6k7o_H	64.000	125	121	228	1	121	1	121	3.55e-46	152	100
P00017_08	6k7o_F	64.000	125	121	228	1	121	1	121	3.55e-46	152	100
P00017_08	6k7o_D	64.000	125	121	228	1	121	1	121	3.55e-46	152	100
P00017_08	6k7o_B	64.000	125	121	228	1	121	1	121	3.55e-46	152	100
P00017_08	8x0t_H	65.079	126	121	237	1	121	1	125	2.03e-45	150	100
P00017_08	7cbp_R	63.934	122	121	222	1	121	1	121	2.50e-45	149	100
P00017_08	7cbp_D	63.934	122	121	222	1	121	1	121	2.50e-45	149	100
P00017_08	7obf_B	66.393	122	121	125	1	121	1	119	2.84e-45	146	100
P00017_08	7obf_A	66.393	122	121	125	1	121	1	119	2.84e-45	146	100
P00017_08	1ohq_B	66.393	122	121	120	1	121	1	119	3.34e-45	146	100
P00017_08	1ohq_A	66.393	122	121	120	1	121	1	119	3.34e-45	146	100
P00017_08	3eak_B	66.929	127	121	137	1	121	1	127	5.05e-45	146	100
P00017_08	3eak_A	66.929	127	121	137	1	121	1	127	5.05e-45	146	100
P00017_08	4u3x_C	64.516	124	121	121	1	121	1	120	6.57e-45	145	100
P00018_00	9vq6_H	72.581	124	123	132	1	123	3	119	3.26e-51	161	100
P00018_00	9vq6_C	72.581	124	123	132	1	123	3	119	3.26e-51	161	100
P00018_00	9vq6_B	72.581	124	123	132	1	123	3	119	3.26e-51	161	100
P00018_00	9vq6_A	72.581	124	123	132	1	123	3	119	3.26e-51	161	100
P00018_00	9nh7_F	71.545	123	123	140	1	123	4	124	5.81e-51	161	100
P00018_00	9nh7_E	71.545	123	123	140	1	123	4	124	5.81e-51	161	100
P00018_00	3eak_B	68.504	127	123	137	1	123	1	127	1.22e-48	155	100
P00018_00	3eak_A	68.504	127	123	137	1	123	1	127	1.22e-48	155	100
P00018_00	8z8l_A	68.548	124	123	124	1	123	1	114	2.23e-48	154	100
P00018_00	8r1d_H	67.480	123	123	121	1	123	1	120	2.36e-47	151	100
P00018_00	8r1d_D	67.480	123	123	121	1	123	1	120	2.36e-47	151	100
P00018_00	8r1d_F	67.480	123	123	121	1	123	1	120	2.36e-47	151	100
P00018_00	6rqm_B	67.969	128	123	144	1	123	1	127	5.09e-47	151	100
P00018_00	8k4q_D	65.041	123	123	121	1	123	3	120	7.14e-47	150	100
P00018_00	8k4q_B	65.041	123	123	121	1	123	3	120	7.14e-47	150	100
P00018_00	4tsa_H	68.293	123	123	222	1	123	1	116	7.53e-47	154	100
P00018_00	4tsc_H	68.293	123	123	222	1	123	1	116	1.09e-46	153	100
P00018_00	4ttd_H	67.480	123	123	222	1	123	1	116	1.20e-46	153	100
P00018_00	4ttd_C	67.480	123	123	222	1	123	1	116	1.20e-46	153	100
P00018_00	4tsb_H	68.293	123	123	222	1	123	1	116	2.01e-46	152	100
P00018_01	9nh7_F	72.358	123	123	140	1	123	4	124	2.30e-53	167	100
P00018_01	9nh7_E	72.358	123	123	140	1	123	4	124	2.30e-53	167	100
P00018_01	9vq6_H	71.774	124	123	132	1	123	3	119	2.14e-49	157	100
P00018_01	9vq6_C	71.774	124	123	132	1	123	3	119	2.14e-49	157	100
P00018_01	9vq6_B	71.774	124	123	132	1	123	3	119	2.14e-49	157	100
P00018_01	9vq6_A	71.774	124	123	132	1	123	3	119	2.14e-49	157	100
P00018_01	3eak_B	66.412	131	123	137	1	123	1	127	2.11e-48	154	100
P00018_01	3eak_A	66.412	131	123	137	1	123	1	127	2.11e-48	154	100
P00018_01	9w7j_B	68.000	125	123	120	1	123	1	119	7.83e-48	152	100
P00018_01	8k4q_D	65.041	123	123	121	1	123	3	120	3.32e-47	151	100
P00018_01	8k4q_B	65.041	123	123	121	1	123	3	120	3.32e-47	151	100
P00018_01	6rqm_B	66.667	132	123	144	1	123	1	127	1.11e-46	150	100
P00018_01	8z8l_A	67.742	124	123	124	1	123	1	114	1.14e-46	150	100
P00018_01	8r1d_H	66.667	123	123	121	1	123	1	120	1.38e-46	149	100
P00018_01	8r1d_D	66.667	123	123	121	1	123	1	120	1.38e-46	149	100
P00018_01	8r1d_F	66.667	123	123	121	1	123	1	120	1.38e-46	149	100
P00018_01	1mhp_X	69.106	123	123	219	1	123	1	117	1.67e-46	152	100
P00018_01	1mhp_H	69.106	123	123	219	1	123	1	117	1.67e-46	152	100
P00018_01	3eot_H	69.106	123	123	226	1	123	1	117	1.75e-46	152	100
P00018_01	2vyr_L	65.079	126	123	153	1	123	1	123	3.91e-46	149	100
P00018_02	9nh7_F	71.545	123	123	140	1	123	4	124	1.17e-51	163	100
P00018_02	9nh7_E	71.545	123	123	140	1	123	4	124	1.17e-51	163	100
P00018_02	9vq6_H	72.581	124	123	132	1	123	3	119	1.09e-50	160	100
P00018_02	9vq6_C	72.581	124	123	132	1	123	3	119	1.09e-50	160	100
P00018_02	9vq6_B	72.581	124	123	132	1	123	3	119	1.09e-50	160	100
P00018_02	9vq6_A	72.581	124	123	132	1	123	3	119	1.09e-50	160	100
P00018_02	3eak_B	67.717	127	123	137	1	123	1	127	3.81e-48	154	100
P00018_02	3eak_A	67.717	127	123	137	1	123	1	127	3.81e-48	154	100
P00018_02	8z8l_A	68.548	124	123	124	1	123	1	114	7.78e-48	153	100
P00018_02	8r1d_H	67.480	123	123	121	1	123	1	120	1.37e-47	152	100
P00018_02	8r1d_D	67.480	123	123	121	1	123	1	120	1.37e-47	152	100
P00018_02	8r1d_F	67.480	123	123	121	1	123	1	120	1.37e-47	152	100
P00018_02	3eot_H	69.919	123	123	226	1	123	1	117	3.04e-47	154	100
P00018_02	1mhp_X	69.919	123	123	219	1	123	1	117	3.22e-47	154	100
P00018_02	1mhp_H	69.919	123	123	219	1	123	1	117	3.22e-47	154	100
P00018_02	6rqm_B	67.424	132	123	144	1	123	1	127	4.05e-47	152	100
P00018_02	9w7j_B	67.200	125	123	120	1	123	1	119	7.99e-47	150	100
P00018_02	8cwj_U	66.667	126	123	230	1	123	1	118	1.19e-46	153	100
P00018_02	8cwj_J	66.667	126	123	230	1	123	1	118	1.19e-46	153	100
P00018_02	8jkh_M	65.854	123	123	117	1	123	1	116	2.56e-46	149	100
P00018_03	9nh7_F	72.358	123	123	140	1	123	4	124	1.47e-53	168	100
P00018_03	9nh7_E	72.358	123	123	140	1	123	4	124	1.47e-53	168	100
P00018_03	9vq6_H	71.545	123	123	132	1	123	3	119	3.74e-50	159	100
P00018_03	9vq6_C	71.545	123	123	132	1	123	3	119	3.74e-50	159	100
P00018_03	9vq6_B	71.545	123	123	132	1	123	3	119	3.74e-50	159	100
P00018_03	9vq6_A	71.545	123	123	132	1	123	3	119	3.74e-50	159	100
P00018_03	3eak_B	66.412	131	123	137	1	123	1	127	2.79e-47	152	100
P00018_03	3eak_A	66.412	131	123	137	1	123	1	127	2.79e-47	152	100
P00018_03	6rqm_B	67.969	128	123	144	1	123	1	127	3.22e-47	152	100
P00018_03	8eqf_H	67.480	123	123	123	1	123	1	122	4.49e-47	150	100
P00018_03	8k4q_D	65.854	123	123	121	1	123	3	120	5.31e-47	150	100
P00018_03	8k4q_B	65.854	123	123	121	1	123	3	120	5.31e-47	150	100
P00018_03	3eot_H	69.919	123	123	226	1	123	1	117	5.77e-47	154	100
P00018_03	8xse_M	70.161	124	123	226	1	123	1	122	7.02e-47	154	100
P00018_03	1mhp_X	69.919	123	123	219	1	123	1	117	7.54e-47	153	100
P00018_03	1mhp_H	69.919	123	123	219	1	123	1	117	7.54e-47	153	100
P00018_03	9w7j_B	67.200	125	123	120	1	123	1	119	9.62e-47	150	100
P00018_03	7tzg_B	68.033	122	123	248	1	122	3	122	1.58e-46	154	99
P00018_03	7tzg_A	68.033	122	123	248	1	122	3	122	1.58e-46	154	99
P00018_03	7tzh_A	68.033	122	123	247	1	122	3	122	1.73e-46	153	99
P00018_04	9nh7_F	73.171	123	123	140	1	123	4	124	3.01e-55	172	100
P00018_04	9nh7_E	73.171	123	123	140	1	123	4	124	3.01e-55	172	100
P00018_04	9vq6_H	72.358	123	123	132	1	123	3	119	1.64e-49	157	100
P00018_04	9vq6_C	72.358	123	123	132	1	123	3	119	1.64e-49	157	100
P00018_04	9vq6_B	72.358	123	123	132	1	123	3	119	1.64e-49	157	100
P00018_04	9vq6_A	72.358	123	123	132	1	123	3	119	1.64e-49	157	100
P00018_04	3eak_B	68.992	129	123	137	1	123	1	127	1.76e-49	157	100
P00018_04	3eak_A	68.992	129	123	137	1	123	1	127	1.76e-49	157	100
P00018_04	8eqf_H	68.293	123	123	123	1	123	1	122	9.72e-49	155	100
P00018_04	8vyf_B	69.106	123	123	122	1	123	1	121	1.40e-48	154	100
P00018_04	8vye_P	69.106	123	123	122	1	123	1	121	1.40e-48	154	100
P00018_04	8vye_F	69.106	123	123	122	1	123	1	121	1.40e-48	154	100
P00018_04	8vye_B	69.106	123	123	122	1	123	1	121	1.40e-48	154	100
P00018_04	7tm0_I	69.106	123	123	122	1	123	1	121	1.40e-48	154	100
P00018_04	7tm0_G	69.106	123	123	122	1	123	1	121	1.40e-48	154	100
P00018_04	7tm0_E	69.106	123	123	122	1	123	1	121	1.40e-48	154	100
P00018_04	7tlz_B	69.106	123	123	122	1	123	1	121	1.40e-48	154	100
P00018_04	9c45_H	69.106	123	123	121	1	123	1	121	1.55e-48	154	100
P00018_04	9c44_F	69.106	123	123	121	1	123	1	121	1.55e-48	154	100
P00018_04	9c44_E	69.106	123	123	121	1	123	1	121	1.55e-48	154	100
P00018_05	9nh7_F	72.358	123	123	140	1	123	4	124	2.37e-52	165	100
P00018_05	9nh7_E	72.358	123	123	140	1	123	4	124	2.37e-52	165	100
P00018_05	9vq6_H	74.194	124	123	132	1	123	3	119	3.52e-52	164	100
P00018_05	9vq6_C	74.194	124	123	132	1	123	3	119	3.52e-52	164	100
P00018_05	9vq6_B	74.194	124	123	132	1	123	3	119	3.52e-52	164	100
P00018_05	9vq6_A	74.194	124	123	132	1	123	3	119	3.52e-52	164	100
P00018_05	8z8l_A	70.161	124	123	124	1	123	1	114	6.07e-50	158	100
P00018_05	6rqm_B	68.939	132	123	144	1	123	1	127	2.54e-48	155	100
P00018_05	8r1d_H	69.106	123	123	121	1	123	1	120	1.52e-47	152	100
P00018_05	8r1d_D	69.106	123	123	121	1	123	1	120	1.52e-47	152	100
P00018_05	8r1d_F	69.106	123	123	121	1	123	1	120	1.52e-47	152	100
P00018_05	3eak_B	68.504	127	123	137	1	123	1	127	1.55e-47	152	100
P00018_05	3eak_A	68.504	127	123	137	1	123	1	127	1.55e-47	152	100
P00018_05	8k4q_D	65.854	123	123	121	1	123	3	120	2.07e-47	152	100
P00018_05	8k4q_B	65.854	123	123	121	1	123	3	120	2.07e-47	152	100
P00018_05	4tsa_H	69.919	123	123	222	1	123	1	116	3.79e-47	154	100
P00018_05	4tsc_H	70.732	123	123	222	1	123	1	116	5.74e-47	154	100
P00018_05	9w7j_B	69.106	123	123	120	1	123	1	119	7.08e-47	150	100
P00018_05	5d71_H	69.106	123	123	236	1	123	1	114	8.36e-47	154	100
P00018_05	5d70_H	69.106	123	123	236	1	123	1	114	8.36e-47	154	100
P00018_06	9nh7_F	72.358	123	123	140	1	123	4	124	1.29e-54	171	100
P00018_06	9nh7_E	72.358	123	123	140	1	123	4	124	1.29e-54	171	100
P00018_06	9vq6_H	72.358	123	123	132	1	123	3	119	1.40e-50	160	100
P00018_06	9vq6_C	72.358	123	123	132	1	123	3	119	1.40e-50	160	100
P00018_06	9vq6_B	72.358	123	123	132	1	123	3	119	1.40e-50	160	100
P00018_06	9vq6_A	72.358	123	123	132	1	123	3	119	1.40e-50	160	100
P00018_06	8eqf_H	68.293	123	123	123	1	123	1	122	1.96e-49	157	100
P00018_06	3eak_B	66.917	133	123	137	1	123	1	127	2.31e-49	157	100
P00018_06	3eak_A	66.917	133	123	137	1	123	1	127	2.31e-49	157	100
P00018_06	8r1d_H	69.106	123	123	121	1	123	1	120	8.94e-49	155	100
P00018_06	8r1d_D	69.106	123	123	121	1	123	1	120	8.94e-49	155	100
P00018_06	8r1d_F	69.106	123	123	121	1	123	1	120	8.94e-49	155	100
P00018_06	6glw_H	67.480	123	123	230	1	123	1	122	4.45e-48	157	100
P00018_06	6glw_C	67.480	123	123	230	1	123	1	122	4.45e-48	157	100
P00018_06	9w7j_B	69.106	123	123	120	1	123	1	119	4.48e-48	153	100
P00018_06	7xl1_B	68.254	126	123	133	1	123	1	123	5.33e-48	153	100
P00018_06	7xl1_A	68.254	126	123	133	1	123	1	123	5.33e-48	153	100
P00018_06	6rqm_B	68.750	128	123	144	1	123	1	127	1.43e-47	153	100
P00018_06	8bcz_E	67.480	123	123	121	1	123	1	120	2.01e-47	152	100
P00018_06	8k4q_D	65.041	123	123	121	1	123	3	120	3.04e-47	151	100
P00018_07	9nh7_F	72.358	123	123	140	1	123	4	124	1.36e-53	168	100
P00018_07	9nh7_E	72.358	123	123	140	1	123	4	124	1.36e-53	168	100
P00018_07	9vq6_H	70.732	123	123	132	1	123	3	119	3.57e-49	156	100
P00018_07	9vq6_C	70.732	123	123	132	1	123	3	119	3.57e-49	156	100
P00018_07	9vq6_B	70.732	123	123	132	1	123	3	119	3.57e-49	156	100
P00018_07	9vq6_A	70.732	123	123	132	1	123	3	119	3.57e-49	156	100
P00018_07	3eak_B	66.165	133	123	137	1	123	1	127	2.30e-48	154	100
P00018_07	3eak_A	66.165	133	123	137	1	123	1	127	2.30e-48	154	100
P00018_07	8guz_C	69.106	123	123	227	1	123	1	121	7.84e-48	156	100
P00018_07	8guz_A	69.106	123	123	227	1	123	1	121	7.84e-48	156	100
P00018_07	8gv0_G	69.106	123	123	227	1	123	1	121	8.84e-48	156	100
P00018_07	8gv0_E	69.106	123	123	227	1	123	1	121	8.84e-48	156	100
P00018_07	8gv0_C	69.106	123	123	227	1	123	1	121	8.84e-48	156	100
P00018_07	8gv0_A	69.106	123	123	227	1	123	1	121	8.84e-48	156	100
P00018_07	4u3x_C	68.548	124	123	121	1	123	1	120	2.21e-47	151	100
P00018_07	4u3x_A	68.548	124	123	121	1	123	1	120	2.21e-47	151	100
P00018_07	4pgj_C	68.548	124	123	121	1	123	1	120	2.21e-47	151	100
P00018_07	4pgj_A	68.548	124	123	121	1	123	1	120	2.21e-47	151	100
P00018_07	8cwj_U	67.480	123	123	230	1	123	1	118	4.42e-47	154	100
P00018_07	8cwj_J	67.480	123	123	230	1	123	1	118	4.42e-47	154	100
P00018_08	9nh7_F	71.545	123	123	140	1	123	4	124	2.99e-52	164	100
P00018_08	9nh7_E	71.545	123	123	140	1	123	4	124	2.99e-52	164	100
P00018_08	9vq6_H	72.581	124	123	132	1	123	3	119	1.88e-50	159	100
P00018_08	9vq6_C	72.581	124	123	132	1	123	3	119	1.88e-50	159	100
P00018_08	9vq6_B	72.581	124	123	132	1	123	3	119	1.88e-50	159	100
P00018_08	9vq6_A	72.581	124	123	132	1	123	3	119	1.88e-50	159	100
P00018_08	3eak_B	69.291	127	123	137	1	123	1	127	3.32e-49	157	100
P00018_08	3eak_A	69.291	127	123	137	1	123	1	127	3.32e-49	157	100
P00018_08	8r1d_H	67.480	123	123	121	1	123	1	120	6.56e-48	153	100
P00018_08	8r1d_D	67.480	123	123	121	1	123	1	120	6.56e-48	153	100
P00018_08	8r1d_F	67.480	123	123	121	1	123	1	120	6.56e-48	153	100
P00018_08	3qyc_B	65.873	126	123	146	1	123	3	126	1.08e-47	153	100
P00018_08	3qyc_A	65.873	126	123	146	1	123	3	126	1.08e-47	153	100
P00018_08	8z8l_A	68.548	124	123	124	1	123	1	114	1.79e-47	152	100
P00018_08	8k4q_D	65.854	123	123	121	1	123	3	120	6.20e-47	150	100
P00018_08	8k4q_B	65.854	123	123	121	1	123	3	120	6.20e-47	150	100
P00018_08	4u3x_C	66.667	123	123	121	1	123	1	120	8.15e-47	150	100
P00018_08	4u3x_A	66.667	123	123	121	1	123	1	120	8.15e-47	150	100
P00018_08	4pgj_C	66.667	123	123	121	1	123	1	120	8.15e-47	150	100
P00018_08	4pgj_A	66.667	123	123	121	1	123	1	120	8.15e-47	150	100
P00019_00	9vq6_H	69.355	124	121	132	1	121	3	119	1.96e-47	152	100
P00019_00	9vq6_C	69.355	124	121	132	1	121	3	119	1.96e-47	152	100
P00019_00	9vq6_B	69.355	124	121	132	1	121	3	119	1.96e-47	152	100
P00019_00	9vq6_A	69.355	124	121	132	1	121	3	119	1.96e-47	152	100
P00019_00	4u3x_C	65.289	121	121	121	1	121	1	120	5.02e-47	150	100
P00019_00	4u3x_A	65.289	121	121	121	1	121	1	120	5.02e-47	150	100
P00019_00	4pgj_C	65.289	121	121	121	1	121	1	120	5.02e-47	150	100
P00019_00	4pgj_A	65.289	121	121	121	1	121	1	120	5.02e-47	150	100
P00019_00	8bcz_E	66.116	121	121	121	1	121	1	120	5.42e-47	150	100
P00019_00	6rqm_B	67.188	128	121	144	1	121	1	127	5.86e-47	151	100
P00019_00	9nh7_F	68.254	126	121	140	1	121	4	124	1.28e-46	150	100
P00019_00	9nh7_E	68.254	126	121	140	1	121	4	124	1.28e-46	150	100
P00019_00	7obf_B	66.116	121	121	125	1	121	1	119	3.50e-46	149	100
P00019_00	7obf_A	66.116	121	121	125	1	121	1	119	3.50e-46	149	100
P00019_00	1ohq_B	66.116	121	121	120	1	121	1	119	4.03e-46	148	100
P00019_00	1ohq_A	66.116	121	121	120	1	121	1	119	4.03e-46	148	100
P00019_00	9ls3_H	67.213	122	121	219	1	121	1	121	9.71e-46	150	100
P00019_00	9ls3_F	67.213	122	121	219	1	121	1	121	9.71e-46	150	100
P00019_00	9ls3_D	67.213	122	121	219	1	121	1	121	9.71e-46	150	100
P00019_00	9w7j_B	66.116	121	121	120	1	121	1	119	1.52e-45	147	100
P00019_01	9vq6_H	70.161	124	121	132	1	121	3	119	3.29e-48	154	100
P00019_01	9vq6_C	70.161	124	121	132	1	121	3	119	3.29e-48	154	100
P00019_01	9vq6_B	70.161	124	121	132	1	121	3	119	3.29e-48	154	100
P00019_01	9vq6_A	70.161	124	121	132	1	121	3	119	3.29e-48	154	100
P00019_01	9w7j_B	67.769	121	121	120	1	121	1	119	8.33e-47	150	100
P00019_01	9n4f_O	64.800	125	121	125	1	121	1	124	3.14e-46	149	100
P00019_01	9n4f_M	64.800	125	121	125	1	121	1	124	3.14e-46	149	100
P00019_01	9n4f_H	64.800	125	121	125	1	121	1	124	3.14e-46	149	100
P00019_01	4u3x_C	64.463	121	121	121	1	121	1	120	4.07e-46	148	100
P00019_01	4u3x_A	64.463	121	121	121	1	121	1	120	4.07e-46	148	100
P00019_01	4pgj_C	64.463	121	121	121	1	121	1	120	4.07e-46	148	100
P00019_01	4pgj_A	64.463	121	121	121	1	121	1	120	4.07e-46	148	100
P00019_01	9nh7_F	67.460	126	121	140	1	121	4	124	4.19e-46	149	100
P00019_01	9nh7_E	67.460	126	121	140	1	121	4	124	4.19e-46	149	100
P00019_01	8bcz_E	65.289	121	121	121	1	121	1	120	4.39e-46	148	100
P00019_01	9m5d_A	65.289	121	121	120	1	121	1	119	6.18e-46	148	100
P00019_01	9m5d_D	65.289	121	121	120	1	121	1	119	6.18e-46	148	100
P00019_01	8j9k_D	66.935	124	121	125	1	121	2	124	7.21e-46	148	100
P00019_01	6dsi_A	66.393	122	121	242	1	120	1	117	8.57e-46	151	99
P00019_01	7obf_B	66.116	121	121	125	1	121	1	119	8.98e-46	147	100
P00019_02	9vq6_H	69.355	124	121	132	1	121	3	119	4.33e-48	154	100
P00019_02	9vq6_C	69.355	124	121	132	1	121	3	119	4.33e-48	154	100
P00019_02	9vq6_B	69.355	124	121	132	1	121	3	119	4.33e-48	154	100
P00019_02	9vq6_A	69.355	124	121	132	1	121	3	119	4.33e-48	154	100
P00019_02	9nh7_F	67.460	126	121	140	1	121	4	124	5.23e-47	151	100
P00019_02	9nh7_E	67.460	126	121	140	1	121	4	124	5.23e-47	151	100
P00019_02	4u3x_C	64.463	121	121	121	1	121	1	120	1.21e-46	149	100
P00019_02	4u3x_A	64.463	121	121	121	1	121	1	120	1.21e-46	149	100
P00019_02	4pgj_C	64.463	121	121	121	1	121	1	120	1.21e-46	149	100
P00019_02	4pgj_A	64.463	121	121	121	1	121	1	120	1.21e-46	149	100
P00019_02	6dsi_A	66.393	122	121	242	1	120	1	117	5.73e-46	152	99
P00019_02	9w7j_B	66.116	121	121	120	1	121	1	119	7.61e-46	147	100
P00019_02	9m5d_A	64.463	121	121	120	1	121	1	119	8.97e-46	147	100
P00019_02	9m5d_D	64.463	121	121	120	1	121	1	119	8.97e-46	147	100
P00019_02	6rqm_B	64.844	128	121	144	1	121	1	127	9.13e-46	148	100
P00019_02	8j9k_D	65.323	124	121	125	1	121	2	124	1.22e-45	147	100
P00019_02	9n4f_O	64.000	125	121	125	1	121	1	124	1.25e-45	147	100
P00019_02	9n4f_M	64.000	125	121	125	1	121	1	124	1.25e-45	147	100
P00019_02	9n4f_H	64.000	125	121	125	1	121	1	124	1.25e-45	147	100
P00019_02	7obf_B	66.116	121	121	125	1	121	1	119	1.52e-45	147	100
P00019_03	9vq6_H	69.355	124	121	132	1	121	3	119	2.08e-48	154	100
P00019_03	9vq6_C	69.355	124	121	132	1	121	3	119	2.08e-48	154	100
P00019_03	9vq6_B	69.355	124	121	132	1	121	3	119	2.08e-48	154	100
P00019_03	9vq6_A	69.355	124	121	132	1	121	3	119	2.08e-48	154	100
P00019_03	9nh7_F	70.079	127	121	140	1	121	4	124	2.33e-47	152	100
P00019_03	9nh7_E	70.079	127	121	140	1	121	4	124	2.33e-47	152	100
P00019_03	4u3x_C	64.463	121	121	121	1	121	1	120	5.19e-47	150	100
P00019_03	4u3x_A	64.463	121	121	121	1	121	1	120	5.19e-47	150	100
P00019_03	4pgj_C	64.463	121	121	121	1	121	1	120	5.19e-47	150	100
P00019_03	4pgj_A	64.463	121	121	121	1	121	1	120	5.19e-47	150	100
P00019_03	7obf_B	66.116	121	121	125	1	121	1	119	6.85e-47	150	100
P00019_03	7obf_A	66.116	121	121	125	1	121	1	119	6.85e-47	150	100
P00019_03	1ohq_B	66.116	121	121	120	1	121	1	119	7.97e-47	150	100
P00019_03	1ohq_A	66.116	121	121	120	1	121	1	119	7.97e-47	150	100
P00019_03	8bcz_E	65.289	121	121	121	1	121	1	120	8.13e-47	150	100
P00019_03	6dsi_A	67.500	120	121	242	1	120	1	117	1.73e-46	153	99
P00019_03	9w7j_B	66.116	121	121	120	1	121	1	119	1.77e-46	149	100
P00019_03	9m5d_A	65.289	121	121	120	1	121	1	119	2.41e-46	149	100
P00019_03	9m5d_D	65.289	121	121	120	1	121	1	119	2.41e-46	149	100
P00019_03	3eak_B	67.188	128	121	137	1	121	1	127	2.87e-46	149	100
P00019_04	9vq6_H	69.355	124	121	132	1	121	3	119	3.70e-47	151	100
P00019_04	9vq6_C	69.355	124	121	132	1	121	3	119	3.70e-47	151	100
P00019_04	9vq6_B	69.355	124	121	132	1	121	3	119	3.70e-47	151	100
P00019_04	9vq6_A	69.355	124	121	132	1	121	3	119	3.70e-47	151	100
P00019_04	4u3x_C	65.289	121	121	121	1	121	1	120	1.81e-46	149	100
P00019_04	4u3x_A	65.289	121	121	121	1	121	1	120	1.81e-46	149	100
P00019_04	4pgj_C	65.289	121	121	121	1	121	1	120	1.81e-46	149	100
P00019_04	4pgj_A	65.289	121	121	121	1	121	1	120	1.81e-46	149	100
P00019_04	9nh7_F	68.254	126	121	140	1	121	4	124	4.99e-46	149	100
P00019_04	9nh7_E	68.254	126	121	140	1	121	4	124	4.99e-46	149	100
P00019_04	6rqm_B	66.406	128	121	144	1	121	1	127	8.09e-46	148	100
P00019_04	9w7j_B	66.942	121	121	120	1	121	1	119	9.27e-46	147	100
P00019_04	9n4f_O	64.000	125	121	125	1	121	1	124	9.69e-46	147	100
P00019_04	9n4f_M	64.000	125	121	125	1	121	1	124	9.69e-46	147	100
P00019_04	9n4f_H	64.000	125	121	125	1	121	1	124	9.69e-46	147	100
P00019_04	3eak_B	67.442	129	121	137	1	121	1	127	1.18e-45	147	100
P00019_04	3eak_A	67.442	129	121	137	1	121	1	127	1.18e-45	147	100
P00019_04	8cwk_A	66.116	121	121	232	1	121	1	120	2.75e-45	150	100
P00019_04	9m5d_A	65.289	121	121	120	1	121	1	119	3.06e-45	146	100
P00019_04	9m5d_D	65.289	121	121	120	1	121	1	119	3.06e-45	146	100
P00019_05	9vq6_H	69.355	124	121	132	1	121	3	119	5.45e-48	153	100
P00019_05	9vq6_C	69.355	124	121	132	1	121	3	119	5.45e-48	153	100
P00019_05	9vq6_B	69.355	124	121	132	1	121	3	119	5.45e-48	153	100
P00019_05	9vq6_A	69.355	124	121	132	1	121	3	119	5.45e-48	153	100
P00019_05	7obf_B	66.942	121	121	125	1	121	1	119	3.79e-47	151	100
P00019_05	7obf_A	66.942	121	121	125	1	121	1	119	3.79e-47	151	100
P00019_05	1ohq_B	66.942	121	121	120	1	121	1	119	4.71e-47	150	100
P00019_05	1ohq_A	66.942	121	121	120	1	121	1	119	4.71e-47	150	100
P00019_05	4u3x_C	66.393	122	121	121	1	121	1	120	5.25e-47	150	100
P00019_05	4u3x_A	66.393	122	121	121	1	121	1	120	5.25e-47	150	100
P00019_05	4pgj_C	66.393	122	121	121	1	121	1	120	5.25e-47	150	100
P00019_05	4pgj_A	66.393	122	121	121	1	121	1	120	5.25e-47	150	100
P00019_05	9nh7_F	68.852	122	121	140	1	121	4	124	8.20e-47	150	100
P00019_05	9nh7_E	68.852	122	121	140	1	121	4	124	8.20e-47	150	100
P00019_05	9w7j_B	66.942	121	121	120	1	121	1	119	1.08e-46	149	100
P00019_05	9c45_H	66.393	122	121	121	1	121	1	121	1.89e-46	149	100
P00019_05	9c44_F	66.393	122	121	121	1	121	1	121	1.89e-46	149	100
P00019_05	9c44_E	66.393	122	121	121	1	121	1	121	1.89e-46	149	100
P00019_05	9c44_H	66.393	122	121	121	1	121	1	121	1.89e-46	149	100
P00019_05	8gtq_J	66.393	122	121	121	1	121	1	121	1.89e-46	149	100
P00019_06	9vq6_H	69.355	124	121	132	1	121	3	119	7.24e-48	153	100
P00019_06	9vq6_C	69.355	124	121	132	1	121	3	119	7.24e-48	153	100
P00019_06	9vq6_B	69.355	124	121	132	1	121	3	119	7.24e-48	153	100
P00019_06	9vq6_A	69.355	124	121	132	1	121	3	119	7.24e-48	153	100
P00019_06	4u3x_C	65.289	121	121	121	1	121	1	120	4.70e-47	150	100
P00019_06	4u3x_A	65.289	121	121	121	1	121	1	120	4.70e-47	150	100
P00019_06	4pgj_C	65.289	121	121	121	1	121	1	120	4.70e-47	150	100
P00019_06	4pgj_A	65.289	121	121	121	1	121	1	120	4.70e-47	150	100
P00019_06	9nh7_F	70.079	127	121	140	1	121	4	124	1.14e-46	150	100
P00019_06	9nh7_E	70.079	127	121	140	1	121	4	124	1.14e-46	150	100
P00019_06	8bcz_E	65.289	121	121	121	1	121	1	120	2.20e-46	149	100
P00019_06	8cwk_A	66.116	121	121	232	1	121	1	120	5.10e-46	152	100
P00019_06	7obf_B	66.116	121	121	125	1	121	1	119	5.25e-46	148	100
P00019_06	7obf_A	66.116	121	121	125	1	121	1	119	5.25e-46	148	100
P00019_06	1ohq_B	66.116	121	121	120	1	121	1	119	6.05e-46	148	100
P00019_06	1ohq_A	66.116	121	121	120	1	121	1	119	6.05e-46	148	100
P00019_06	8vyf_B	66.393	122	121	122	1	121	1	121	8.65e-46	147	100
P00019_06	8vye_P	66.393	122	121	122	1	121	1	121	8.65e-46	147	100
P00019_06	8vye_F	66.393	122	121	122	1	121	1	121	8.65e-46	147	100
P00019_06	8vye_B	66.393	122	121	122	1	121	1	121	8.65e-46	147	100
P00019_07	9vq6_H	69.355	124	121	132	1	121	3	119	3.87e-47	151	100
P00019_07	9vq6_C	69.355	124	121	132	1	121	3	119	3.87e-47	151	100
P00019_07	9vq6_B	69.355	124	121	132	1	121	3	119	3.87e-47	151	100
P00019_07	9vq6_A	69.355	124	121	132	1	121	3	119	3.87e-47	151	100
P00019_07	4u3x_C	65.289	121	121	121	1	121	1	120	1.64e-46	149	100
P00019_07	4u3x_A	65.289	121	121	121	1	121	1	120	1.64e-46	149	100
P00019_07	4pgj_C	65.289	121	121	121	1	121	1	120	1.64e-46	149	100
P00019_07	4pgj_A	65.289	121	121	121	1	121	1	120	1.64e-46	149	100
P00019_07	3eak_B	66.406	128	121	137	1	121	1	127	5.19e-46	149	100
P00019_07	3eak_A	66.406	128	121	137	1	121	1	127	5.19e-46	149	100
P00019_07	7obf_B	66.116	121	121	125	1	121	1	119	5.25e-46	148	100
P00019_07	7obf_A	66.116	121	121	125	1	121	1	119	5.25e-46	148	100
P00019_07	1ohq_B	66.116	121	121	120	1	121	1	119	6.18e-46	148	100
P00019_07	1ohq_A	66.116	121	121	120	1	121	1	119	6.18e-46	148	100
P00019_07	9nh7_F	67.460	126	121	140	1	121	4	124	1.13e-45	148	100
P00019_07	9nh7_E	67.460	126	121	140	1	121	4	124	1.13e-45	148	100
P00019_07	6dsi_A	67.500	120	121	242	1	120	1	117	2.92e-45	150	99
P00019_07	7jkb_A	66.116	121	121	226	1	121	1	119	3.48e-45	149	100
P00019_07	8cwk_A	66.116	121	121	232	1	121	1	120	3.73e-45	149	100
P00019_07	8bcz_E	64.463	121	121	121	1	121	1	120	3.84e-45	145	100
P00019_08	9vq6_H	69.355	124	121	132	1	121	3	119	1.56e-48	155	100
P00019_08	9vq6_C	69.355	124	121	132	1	121	3	119	1.56e-48	155	100
P00019_08	9vq6_B	69.355	124	121	132	1	121	3	119	1.56e-48	155	100
P00019_08	9vq6_A	69.355	124	121	132	1	121	3	119	1.56e-48	155	100
P00019_08	8bcz_E	66.116	121	121	121	1	121	1	120	3.62e-48	153	100
P00019_08	9ls3_H	68.033	122	121	219	1	121	1	121	9.40e-48	155	100
P00019_08	9ls3_F	68.033	122	121	219	1	121	1	121	9.40e-48	155	100
P00019_08	9ls3_D	68.033	122	121	219	1	121	1	121	9.40e-48	155	100
P00019_08	9nh7_F	67.460	126	121	140	1	121	4	124	2.93e-47	152	100
P00019_08	9nh7_E	67.460	126	121	140	1	121	4	124	2.93e-47	152	100
P00019_08	4u3x_C	64.463	121	121	121	1	121	1	120	4.40e-47	150	100
P00019_08	4u3x_A	64.463	121	121	121	1	121	1	120	4.40e-47	150	100
P00019_08	4pgj_C	64.463	121	121	121	1	121	1	120	4.40e-47	150	100
P00019_08	4pgj_A	64.463	121	121	121	1	121	1	120	4.40e-47	150	100
P00019_08	6rqm_B	65.625	128	121	144	1	121	1	127	4.41e-47	151	100
P00019_08	7ssc_H	66.667	123	121	223	1	121	1	122	1.06e-46	153	100
P00019_08	7zf3_H	66.116	121	121	226	1	121	1	120	1.25e-46	153	100
P00019_08	8cbd_J	66.116	121	121	226	1	121	1	120	1.26e-46	153	100
P00019_08	8cbd_G	66.116	121	121	226	1	121	1	120	1.26e-46	153	100
P00019_08	8cbd_E	66.116	121	121	226	1	121	1	120	1.26e-46	153	100
P00020_00	3eak_B	69.231	130	125	137	1	125	1	127	8.34e-49	155	100
P00020_00	3eak_A	69.231	130	125	137	1	125	1	127	8.34e-49	155	100
P00020_00	7cbp_R	66.406	128	125	222	1	125	1	121	1.55e-48	158	100
P00020_00	7cbp_D	66.406	128	125	222	1	125	1	121	1.55e-48	158	100
P00020_00	9vq6_H	68.750	128	125	132	1	125	3	119	6.73e-48	153	100
P00020_00	9vq6_C	68.750	128	125	132	1	125	3	119	6.73e-48	153	100
P00020_00	9vq6_B	68.750	128	125	132	1	125	3	119	6.73e-48	153	100
P00020_00	9vq6_A	68.750	128	125	132	1	125	3	119	6.73e-48	153	100
P00020_00	5yoy_R	65.625	128	125	129	1	125	4	128	8.61e-48	153	100
P00020_00	5yoy_Q	65.625	128	125	129	1	125	4	128	8.61e-48	153	100
P00020_00	5yoy_P	65.625	128	125	129	1	125	4	128	8.61e-48	153	100
P00020_00	5yoy_I	65.625	128	125	129	1	125	4	128	8.61e-48	153	100
P00020_00	5yoy_H	65.625	128	125	129	1	125	4	128	8.61e-48	153	100
P00020_00	5yoy_G	65.625	128	125	129	1	125	4	128	8.61e-48	153	100
P00020_00	9udq_I	64.800	125	125	236	1	125	1	122	9.01e-48	156	100
P00020_00	9udq_F	64.800	125	125	236	1	125	1	122	9.01e-48	156	100
P00020_00	8cxg_1	65.600	125	125	122	1	125	1	121	2.14e-47	152	100
P00020_00	8cxg_h	65.600	125	125	122	1	125	1	121	2.14e-47	152	100
P00020_00	8cxg_H	65.600	125	125	122	1	125	1	121	2.14e-47	152	100
P00020_00	9z12_H	66.400	125	125	121	1	125	1	120	7.89e-47	150	100
P00020_01	3eak_B	69.231	130	125	137	1	125	1	127	6.37e-50	159	100
P00020_01	3eak_A	69.231	130	125	137	1	125	1	127	6.37e-50	159	100
P00020_01	9vq6_H	67.969	128	125	132	1	125	3	119	2.84e-48	154	100
P00020_01	9vq6_C	67.969	128	125	132	1	125	3	119	2.84e-48	154	100
P00020_01	9vq6_B	67.969	128	125	132	1	125	3	119	2.84e-48	154	100
P00020_01	9vq6_A	67.969	128	125	132	1	125	3	119	2.84e-48	154	100
P00020_01	7w7q_B	66.935	124	125	243	1	124	1	119	7.34e-48	157	99
P00020_01	7w7q_A	66.935	124	125	243	1	124	1	119	7.34e-48	157	99
P00020_01	9nh7_F	67.442	129	125	140	1	125	4	124	9.12e-48	153	100
P00020_01	9nh7_E	67.442	129	125	140	1	125	4	124	9.12e-48	153	100
P00020_01	7cbp_R	64.844	128	125	222	1	125	1	121	2.00e-47	155	100
P00020_01	7cbp_D	64.844	128	125	222	1	125	1	121	2.00e-47	155	100
P00020_01	7x8p_F	69.173	133	125	229	1	125	1	125	2.08e-47	155	100
P00020_01	7x8p_C	69.173	133	125	229	1	125	1	125	2.08e-47	155	100
P00020_01	8bcz_E	66.400	125	125	121	1	125	1	120	5.15e-47	150	100
P00020_01	8x0t_H	67.669	133	125	237	1	125	1	125	8.34e-47	154	100
P00020_01	9mew_O	64.062	128	125	226	1	125	1	125	9.86e-47	153	100
P00020_01	9mew_J	64.062	128	125	226	1	125	1	125	9.86e-47	153	100
P00020_01	9mew_E	64.062	128	125	226	1	125	1	125	9.86e-47	153	100
P00020_01	5w1k_T	64.062	128	125	226	1	125	1	125	9.86e-47	153	100
P00020_02	3eak_B	68.462	130	125	137	1	125	1	127	6.11e-48	154	100
P00020_02	3eak_A	68.462	130	125	137	1	125	1	127	6.11e-48	154	100
P00020_02	5yoy_R	65.625	128	125	129	1	125	4	128	1.92e-47	152	100
P00020_02	5yoy_Q	65.625	128	125	129	1	125	4	128	1.92e-47	152	100
P00020_02	5yoy_P	65.625	128	125	129	1	125	4	128	1.92e-47	152	100
P00020_02	5yoy_I	65.625	128	125	129	1	125	4	128	1.92e-47	152	100
P00020_02	5yoy_H	65.625	128	125	129	1	125	4	128	1.92e-47	152	100
P00020_02	5yoy_G	65.625	128	125	129	1	125	4	128	1.92e-47	152	100
P00020_02	7cbp_R	65.625	128	125	222	1	125	1	121	2.99e-47	154	100
P00020_02	7cbp_D	65.625	128	125	222	1	125	1	121	2.99e-47	154	100
P00020_02	9vq6_H	67.969	128	125	132	1	125	3	119	4.43e-47	151	100
P00020_02	9vq6_C	67.969	128	125	132	1	125	3	119	4.43e-47	151	100
P00020_02	9vq6_B	67.969	128	125	132	1	125	3	119	4.43e-47	151	100
P00020_02	9vq6_A	67.969	128	125	132	1	125	3	119	4.43e-47	151	100
P00020_02	7x8p_F	68.421	133	125	229	1	125	1	125	4.90e-47	154	100
P00020_02	7x8p_C	68.421	133	125	229	1	125	1	125	4.90e-47	154	100
P00020_02	7w7q_B	66.935	124	125	243	1	124	1	119	1.37e-46	154	99
P00020_02	7w7q_A	66.935	124	125	243	1	124	1	119	1.37e-46	154	99
P00020_02	9nh7_F	66.667	132	125	140	1	125	4	124	3.06e-46	149	100
P00020_02	9nh7_E	66.667	132	125	140	1	125	4	124	3.06e-46	149	100
P00020_03	3eak_B	67.424	132	125	137	1	125	1	127	1.85e-47	152	100
P00020_03	3eak_A	67.424	132	125	137	1	125	1	127	1.85e-47	152	100
P00020_03	5yoy_R	67.188	128	125	129	1	125	4	128	5.79e-47	151	100
P00020_03	5yoy_Q	67.188	128	125	129	1	125	4	128	5.79e-47	151	100
P00020_03	5yoy_P	67.188	128	125	129	1	125	4	128	5.79e-47	151	100
P00020_03	5yoy_I	67.188	128	125	129	1	125	4	128	5.79e-47	151	100
P00020_03	5yoy_H	67.188	128	125	129	1	125	4	128	5.79e-47	151	100
P00020_03	5yoy_G	67.188	128	125	129	1	125	4	128	5.79e-47	151	100
P00020_03	9z12_H	68.750	128	125	121	1	125	1	120	9.83e-47	150	100
P00020_03	7cbp_R	65.625	128	125	222	1	125	1	121	1.63e-46	153	100
P00020_03	7cbp_D	65.625	128	125	222	1	125	1	121	1.63e-46	153	100
P00020_03	7wwm_J	65.385	130	125	122	1	125	1	121	2.81e-46	149	100
P00020_03	7wwm_I	65.385	130	125	122	1	125	1	121	2.81e-46	149	100
P00020_03	7wwm_H	65.385	130	125	122	1	125	1	121	2.81e-46	149	100
P00020_03	7x8p_F	67.442	129	125	229	1	125	1	125	3.02e-46	152	100
P00020_03	7x8p_C	67.442	129	125	229	1	125	1	125	3.02e-46	152	100
P00020_03	8x0t_H	65.891	129	125	237	1	125	1	125	3.39e-46	152	100
P00020_03	5xj3_J	67.188	128	125	118	1	125	1	117	3.48e-46	148	100
P00020_03	5xj3_G	67.188	128	125	118	1	125	1	117	3.48e-46	148	100
P00020_03	5xj3_D	67.188	128	125	118	1	125	1	117	3.48e-46	148	100
P00020_04	3eak_B	70.229	131	125	137	1	125	1	127	6.03e-50	159	100
P00020_04	3eak_A	70.229	131	125	137	1	125	1	127	6.03e-50	159	100
P00020_04	7x8p_F	69.173	133	125	229	1	125	1	125	4.38e-48	157	100
P00020_04	7x8p_C	69.173	133	125	229	1	125	1	125	4.38e-48	157	100
P00020_04	9vq6_H	68.750	128	125	132	1	125	3	119	5.59e-48	153	100
P00020_04	9vq6_C	68.750	128	125	132	1	125	3	119	5.59e-48	153	100
P00020_04	9vq6_B	68.750	128	125	132	1	125	3	119	5.59e-48	153	100
P00020_04	9vq6_A	68.750	128	125	132	1	125	3	119	5.59e-48	153	100
P00020_04	7cbp_R	65.625	128	125	222	1	125	1	121	6.31e-48	156	100
P00020_04	7cbp_D	65.625	128	125	222	1	125	1	121	6.31e-48	156	100
P00020_04	5yoy_R	64.844	128	125	129	1	125	4	128	3.07e-47	151	100
P00020_04	5yoy_Q	64.844	128	125	129	1	125	4	128	3.07e-47	151	100
P00020_04	5yoy_P	64.844	128	125	129	1	125	4	128	3.07e-47	151	100
P00020_04	5yoy_I	64.844	128	125	129	1	125	4	128	3.07e-47	151	100
P00020_04	5yoy_H	64.844	128	125	129	1	125	4	128	3.07e-47	151	100
P00020_04	5yoy_G	64.844	128	125	129	1	125	4	128	3.07e-47	151	100
P00020_04	4y5v_G	64.800	125	125	130	1	125	8	124	5.18e-47	151	100
P00020_04	4y5v_D	64.800	125	125	130	1	125	8	124	5.18e-47	151	100
P00020_04	4y5v_A	64.800	125	125	130	1	125	8	124	5.18e-47	151	100
P00020_04	8cxg_1	64.800	125	125	122	1	125	1	121	6.06e-47	150	100
P00020_05	3eak_B	68.462	130	125	137	1	125	1	127	9.00e-49	155	100
P00020_05	3eak_A	68.462	130	125	137	1	125	1	127	9.00e-49	155	100
P00020_05	9vq6_H	68.750	128	125	132	1	125	3	119	1.00e-48	155	100
P00020_05	9vq6_C	68.750	128	125	132	1	125	3	119	1.00e-48	155	100
P00020_05	9vq6_B	68.750	128	125	132	1	125	3	119	1.00e-48	155	100
P00020_05	9vq6_A	68.750	128	125	132	1	125	3	119	1.00e-48	155	100
P00020_05	9nh7_F	67.424	132	125	140	1	125	4	124	7.49e-48	153	100
P00020_05	9nh7_E	67.424	132	125	140	1	125	4	124	7.49e-48	153	100
P00020_05	5tsj_2	64.062	128	125	149	1	125	3	119	1.91e-47	152	100
P00020_05	5tsj_1	64.062	128	125	149	1	125	3	119	1.91e-47	152	100
P00020_05	5xj3_J	65.625	128	125	118	1	125	1	117	2.13e-47	151	100
P00020_05	5xj3_G	65.625	128	125	118	1	125	1	117	2.13e-47	151	100
P00020_05	5xj3_D	65.625	128	125	118	1	125	1	117	2.13e-47	151	100
P00020_05	5xj3_A	65.625	128	125	118	1	125	1	117	2.13e-47	151	100
P00020_05	4tsc_H	66.406	128	125	222	1	125	1	116	1.62e-46	153	100
P00020_05	9w7j_B	66.406	128	125	120	1	125	1	119	1.68e-46	149	100
P00020_05	6rp8_H	65.625	128	125	225	1	125	1	117	2.26e-46	152	100
P00020_05	6rp8_h	65.625	128	125	225	1	125	1	117	2.26e-46	152	100
P00020_05	5tru_h	65.625	128	125	225	1	125	1	117	2.26e-46	152	100
P00020_05	5tru_H	65.625	128	125	225	1	125	1	117	2.26e-46	152	100
P00020_06	3eak_B	70.229	131	125	137	1	125	1	127	8.01e-50	158	100
P00020_06	3eak_A	70.229	131	125	137	1	125	1	127	8.01e-50	158	100
P00020_06	7cbp_R	65.625	128	125	222	1	125	1	121	8.94e-48	156	100
P00020_06	7cbp_D	65.625	128	125	222	1	125	1	121	8.94e-48	156	100
P00020_06	9vq6_H	68.750	128	125	132	1	125	3	119	1.16e-47	152	100
P00020_06	9vq6_C	68.750	128	125	132	1	125	3	119	1.16e-47	152	100
P00020_06	9vq6_B	68.750	128	125	132	1	125	3	119	1.16e-47	152	100
P00020_06	9vq6_A	68.750	128	125	132	1	125	3	119	1.16e-47	152	100
P00020_06	7x8p_F	67.188	128	125	229	1	125	1	125	1.25e-47	156	100
P00020_06	7x8p_C	67.188	128	125	229	1	125	1	125	1.25e-47	156	100
P00020_06	5yoy_R	64.844	128	125	129	1	125	4	128	2.55e-47	152	100
P00020_06	5yoy_Q	64.844	128	125	129	1	125	4	128	2.55e-47	152	100
P00020_06	5yoy_P	64.844	128	125	129	1	125	4	128	2.55e-47	152	100
P00020_06	5yoy_I	64.844	128	125	129	1	125	4	128	2.55e-47	152	100
P00020_06	5yoy_H	64.844	128	125	129	1	125	4	128	2.55e-47	152	100
P00020_06	5yoy_G	64.844	128	125	129	1	125	4	128	2.55e-47	152	100
P00020_06	4y5v_G	64.800	125	125	130	1	125	8	124	5.65e-47	151	100
P00020_06	4y5v_D	64.800	125	125	130	1	125	8	124	5.65e-47	151	100
P00020_06	4y5v_A	64.800	125	125	130	1	125	8	124	5.65e-47	151	100
P00020_06	8cxg_1	64.800	125	125	122	1	125	1	121	8.32e-47	150	100
P00020_07	3eak_B	69.466	131	125	137	1	125	1	127	4.05e-49	156	100
P00020_07	3eak_A	69.466	131	125	137	1	125	1	127	4.05e-49	156	100
P00020_07	7x8p_F	68.992	129	125	229	1	125	1	125	8.15e-48	156	100
P00020_07	7x8p_C	68.992	129	125	229	1	125	1	125	8.15e-48	156	100
P00020_07	9vq6_H	67.969	128	125	132	1	125	3	119	1.78e-47	152	100
P00020_07	9vq6_C	67.969	128	125	132	1	125	3	119	1.78e-47	152	100
P00020_07	9vq6_B	67.969	128	125	132	1	125	3	119	1.78e-47	152	100
P00020_07	9vq6_A	67.969	128	125	132	1	125	3	119	1.78e-47	152	100
P00020_07	7w7q_B	66.935	124	125	243	1	124	1	119	3.22e-47	155	99
P00020_07	7w7q_A	66.935	124	125	243	1	124	1	119	3.22e-47	155	99
P00020_07	9nh7_F	67.188	128	125	140	1	125	4	124	3.87e-47	152	100
P00020_07	9nh7_E	67.188	128	125	140	1	125	4	124	3.87e-47	152	100
P00020_07	8bcz_E	67.188	128	125	121	1	125	1	120	5.87e-47	150	100
P00020_07	7cbp_R	64.844	128	125	222	1	125	1	121	8.70e-47	153	100
P00020_07	7cbp_D	64.844	128	125	222	1	125	1	121	8.70e-47	153	100
P00020_07	7zf3_H	67.188	128	125	226	1	125	1	120	6.98e-46	151	100
P00020_07	9mew_O	64.844	128	125	226	1	125	1	125	7.54e-46	151	100
P00020_07	9mew_J	64.844	128	125	226	1	125	1	125	7.54e-46	151	100
P00020_07	9mew_E	64.844	128	125	226	1	125	1	125	7.54e-46	151	100
P00020_07	5w1k_T	64.844	128	125	226	1	125	1	125	7.54e-46	151	100
P00020_08	3eak_B	67.424	132	125	137	1	125	1	127	1.05e-48	155	100
P00020_08	3eak_A	67.424	132	125	137	1	125	1	127	1.05e-48	155	100
P00020_08	7x8p_F	67.442	129	125	229	1	125	1	125	2.94e-47	155	100
P00020_08	7x8p_C	67.442	129	125	229	1	125	1	125	2.94e-47	155	100
P00020_08	9vq6_H	68.702	131	125	132	1	125	3	119	7.01e-47	150	100
P00020_08	9vq6_C	68.702	131	125	132	1	125	3	119	7.01e-47	150	100
P00020_08	9vq6_B	68.702	131	125	132	1	125	3	119	7.01e-47	150	100
P00020_08	9vq6_A	68.702	131	125	132	1	125	3	119	7.01e-47	150	100
P00020_08	4y5v_G	64.000	125	125	130	1	125	8	124	1.43e-46	150	100
P00020_08	4y5v_D	64.000	125	125	130	1	125	8	124	1.43e-46	150	100
P00020_08	4y5v_A	64.000	125	125	130	1	125	8	124	1.43e-46	150	100
P00020_08	6ii4_H	65.625	128	125	225	1	125	1	122	2.03e-46	152	100
P00020_08	6ii4_E	65.625	128	125	225	1	125	1	122	2.03e-46	152	100
P00020_08	9nh7_F	66.667	132	125	140	1	125	4	124	3.76e-46	149	100
P00020_08	9nh7_E	66.667	132	125	140	1	125	4	124	3.76e-46	149	100
P00020_08	4p59_H	66.406	128	125	238	1	125	1	116	4.72e-46	152	100
P00020_08	5tsj_2	64.062	128	125	149	1	125	3	119	5.79e-46	149	100
P00020_08	5tsj_1	64.062	128	125	149	1	125	3	119	5.79e-46	149	100
P00020_08	5yoy_R	65.625	128	125	129	1	125	4	128	6.65e-46	148	100
P00020_08	5yoy_Q	65.625	128	125	129	1	125	4	128	6.65e-46	148	100
P00021_00	9vq6_H	70.079	127	119	132	1	119	3	119	8.13e-47	150	100
P00021_00	9vq6_C	70.079	127	119	132	1	119	3	119	8.13e-47	150	100
P00021_00	9vq6_B	70.079	127	119	132	1	119	3	119	8.13e-47	150	100
P00021_00	9vq6_A	70.079	127	119	132	1	119	3	119	8.13e-47	150	100
P00021_00	7s0e_H	68.254	126	119	228	1	119	1	120	9.12e-46	150	100
P00021_00	9nh7_F	65.625	128	119	140	1	119	4	124	1.13e-45	147	100
P00021_00	9nh7_E	65.625	128	119	140	1	119	4	124	1.13e-45	147	100
P00021_00	3eak_B	67.442	129	119	137	1	119	1	127	2.40e-45	147	100
P00021_00	3eak_A	67.442	129	119	137	1	119	1	127	2.40e-45	147	100
P00021_00	5y0a_D	65.414	133	119	129	1	119	1	129	4.40e-45	145	100
P00021_00	5y0a_F	65.414	133	119	129	1	119	1	129	4.40e-45	145	100
P00021_00	5y0a_H	65.414	133	119	129	1	119	1	129	4.40e-45	145	100
P00021_00	7r40_E	68.548	124	119	227	1	119	1	119	1.67e-44	147	100
P00021_00	7r40_D	68.548	124	119	227	1	119	1	119	1.67e-44	147	100
P00021_00	7r40_H	68.548	124	119	227	1	119	1	119	1.67e-44	147	100
P00021_00	7e7e_C	66.406	128	119	228	1	119	1	119	1.74e-44	147	100
P00021_00	7e7e_H	66.406	128	119	228	1	119	1	119	1.74e-44	147	100
P00021_00	5yoy_R	64.885	131	119	129	1	119	4	128	1.97e-44	144	100
P00021_00	5yoy_Q	64.885	131	119	129	1	119	4	128	1.97e-44	144	100
P00021_00	5yoy_P	64.885	131	119	129	1	119	4	128	1.97e-44	144	100
P00021_01	9nh7_F	70.161	124	119	140	1	119	4	124	5.70e-47	151	100
P00021_01	9nh7_E	70.161	124	119	140	1	119	4	124	5.70e-47	151	100
P00021_01	9vq6_H	69.421	121	119	132	1	119	3	119	8.43e-45	145	100
P00021_01	9vq6_C	69.421	121	119	132	1	119	3	119	8.43e-45	145	100
P00021_01	9vq6_B	69.421	121	119	132	1	119	3	119	8.43e-45	145	100
P00021_01	9vq6_A	69.421	121	119	132	1	119	3	119	8.43e-45	145	100
P00021_01	7f7e_C	65.625	128	119	227	1	119	1	126	5.84e-44	146	100
P00021_01	7f3q_C	65.625	128	119	227	1	119	1	126	5.84e-44	146	100
P00021_01	7r40_E	66.116	121	119	227	1	119	1	119	1.02e-43	145	100
P00021_01	7r40_D	66.116	121	119	227	1	119	1	119	1.02e-43	145	100
P00021_01	7r40_H	66.116	121	119	227	1	119	1	119	1.02e-43	145	100
P00021_01	8r9x_H	63.934	122	119	121	1	119	1	121	1.13e-43	142	100
P00021_01	8r9w_E	63.934	122	119	121	1	119	1	121	1.13e-43	142	100
P00021_01	8r9w_D	63.934	122	119	121	1	119	1	121	1.13e-43	142	100
P00021_01	8r9w_H	63.934	122	119	121	1	119	1	121	1.13e-43	142	100
P00021_01	9lqi_A	65.600	125	119	121	1	119	1	120	1.38e-43	142	100
P00021_01	9lqi_B	65.600	125	119	121	1	119	1	120	1.38e-43	142	100
P00021_01	5y0a_D	64.122	131	119	129	1	119	1	129	1.38e-43	142	100
P00021_01	5y0a_F	64.122	131	119	129	1	119	1	129	1.38e-43	142	100
P00021_01	5y0a_H	64.122	131	119	129	1	119	1	129	1.38e-43	142	100
P00021_02	9nh7_F	69.672	122	119	140	1	119	4	124	7.97e-46	148	100
P00021_02	9nh7_E	69.672	122	119	140	1	119	4	124	7.97e-46	148	100
P00021_02	9p3y_O	63.492	126	119	126	1	119	1	125	1.20e-45	147	100
P00021_02	9p3y_M	63.492	126	119	126	1	119	1	125	1.20e-45	147	100
P00021_02	9p3y_K	63.492	126	119	126	1	119	1	125	1.20e-45	147	100
P00021_02	9p3y_I	63.492	126	119	126	1	119	1	125	1.20e-45	147	100
P00021_02	3eak_B	66.929	127	119	137	1	119	1	127	6.34e-45	145	100
P00021_02	3eak_A	66.929	127	119	137	1	119	1	127	6.34e-45	145	100
P00021_02	9vq6_H	68.852	122	119	132	1	119	3	119	6.63e-45	145	100
P00021_02	9vq6_C	68.852	122	119	132	1	119	3	119	6.63e-45	145	100
P00021_02	9vq6_B	68.852	122	119	132	1	119	3	119	6.63e-45	145	100
P00021_02	9vq6_A	68.852	122	119	132	1	119	3	119	6.63e-45	145	100
P00021_02	5xj4_H	64.463	121	119	121	1	119	1	120	1.66e-44	144	100
P00021_02	7shz_E	63.333	120	119	123	1	119	2	121	7.43e-44	142	100
P00021_02	7shz_I	63.333	120	119	123	1	119	2	121	7.43e-44	142	100
P00021_02	7shz_C	63.333	120	119	123	1	119	2	121	7.43e-44	142	100
P00021_02	7shz_K	63.333	120	119	123	1	119	2	121	7.43e-44	142	100
P00021_02	8ppm_H	66.129	124	119	231	1	119	1	120	1.08e-43	145	100
P00021_02	8c7m_H	66.129	124	119	231	1	119	1	120	1.08e-43	145	100
P00021_02	8c7m_C	66.129	124	119	231	1	119	1	120	1.08e-43	145	100
P00021_03	9vq6_H	71.654	127	119	132	1	119	3	119	1.75e-47	152	100
P00021_03	9vq6_C	71.654	127	119	132	1	119	3	119	1.75e-47	152	100
P00021_03	9vq6_B	71.654	127	119	132	1	119	3	119	1.75e-47	152	100
P00021_03	9vq6_A	71.654	127	119	132	1	119	3	119	1.75e-47	152	100
P00021_03	9nh7_F	66.923	130	119	140	1	119	4	124	2.86e-47	152	100
P00021_03	9nh7_E	66.923	130	119	140	1	119	4	124	2.86e-47	152	100
P00021_03	7s0e_H	68.548	124	119	228	1	119	1	120	8.61e-47	153	100
P00021_03	3eak_B	66.929	127	119	137	1	119	1	127	2.15e-45	147	100
P00021_03	3eak_A	66.929	127	119	137	1	119	1	127	2.15e-45	147	100
P00021_03	6rqm_B	68.462	130	119	144	1	119	1	127	2.28e-45	147	100
P00021_03	7kn3_M	69.421	121	119	219	1	119	1	115	3.11e-45	149	100
P00021_03	7kn3_H	69.421	121	119	219	1	119	1	115	3.11e-45	149	100
P00021_03	2gcy_B	67.742	124	119	218	1	119	1	117	4.93e-45	149	100
P00021_03	4qci_H	68.548	124	119	223	1	119	1	119	8.40e-45	148	100
P00021_03	4qci_B	68.548	124	119	223	1	119	1	119	8.40e-45	148	100
P00021_03	9dzg_H	65.625	128	119	228	1	119	1	124	1.03e-44	148	100
P00021_03	9dzf_H	65.625	128	119	228	1	119	1	124	1.03e-44	148	100
P00021_03	5vyf_B	68.852	122	119	220	1	119	1	114	1.09e-44	148	100
P00021_03	5vyf_H	68.852	122	119	220	1	119	1	114	1.09e-44	148	100
P00021_03	5bk5_F	67.213	122	119	224	1	119	1	120	1.13e-44	148	100
P00021_04	9nh7_F	69.048	126	119	140	1	119	4	124	1.98e-48	154	100
P00021_04	9nh7_E	69.048	126	119	140	1	119	4	124	1.98e-48	154	100
P00021_04	9vq6_H	69.919	123	119	132	1	119	3	119	3.45e-46	149	100
P00021_04	9vq6_C	69.919	123	119	132	1	119	3	119	3.45e-46	149	100
P00021_04	9vq6_B	69.919	123	119	132	1	119	3	119	3.45e-46	149	100
P00021_04	9vq6_A	69.919	123	119	132	1	119	3	119	3.45e-46	149	100
P00021_04	3eak_B	65.649	131	119	137	1	119	1	127	8.02e-46	148	100
P00021_04	3eak_A	65.649	131	119	137	1	119	1	127	8.02e-46	148	100
P00021_04	8w84_A	66.393	122	119	228	1	119	1	122	2.45e-45	150	100
P00021_04	8w83_M	66.393	122	119	228	1	119	1	122	2.45e-45	150	100
P00021_04	8w83_I	66.393	122	119	228	1	119	1	122	2.45e-45	150	100
P00021_04	8w83_E	66.393	122	119	228	1	119	1	122	2.45e-45	150	100
P00021_04	8w83_A	66.393	122	119	228	1	119	1	122	2.45e-45	150	100
P00021_04	9lqi_A	65.600	125	119	121	1	119	1	120	4.42e-45	145	100
P00021_04	9lqi_B	65.600	125	119	121	1	119	1	120	4.42e-45	145	100
P00021_04	5xj4_H	65.289	121	119	121	1	119	1	120	5.10e-45	145	100
P00021_04	7rew_A	67.480	123	119	227	1	119	1	122	7.64e-45	148	100
P00021_04	7rew_H	67.480	123	119	227	1	119	1	122	7.64e-45	148	100
P00021_04	7wvm_C	66.116	121	119	117	1	119	1	116	8.60e-45	145	100
P00021_04	7wvm_A	66.116	121	119	117	1	119	1	116	8.60e-45	145	100
P00021_05	9vq6_H	70.400	125	119	132	1	119	3	119	1.10e-46	150	100
P00021_05	9vq6_C	70.400	125	119	132	1	119	3	119	1.10e-46	150	100
P00021_05	9vq6_B	70.400	125	119	132	1	119	3	119	1.10e-46	150	100
P00021_05	9vq6_A	70.400	125	119	132	1	119	3	119	1.10e-46	150	100
P00021_05	9nh7_F	66.406	128	119	140	1	119	4	124	6.26e-46	148	100
P00021_05	9nh7_E	66.406	128	119	140	1	119	4	124	6.26e-46	148	100
P00021_05	3eak_B	65.152	132	119	137	1	119	1	127	5.33e-45	146	100
P00021_05	3eak_A	65.152	132	119	137	1	119	1	127	5.33e-45	146	100
P00021_05	7yvp_K	66.935	124	119	118	1	119	1	117	5.54e-45	145	100
P00021_05	7yvp_P	66.935	124	119	118	1	119	1	117	5.54e-45	145	100
P00021_05	7yvn_O	66.935	124	119	118	1	119	1	117	5.54e-45	145	100
P00021_05	7yvn_L	66.935	124	119	118	1	119	1	117	5.54e-45	145	100
P00021_05	7yvn_I	66.935	124	119	118	1	119	1	117	5.54e-45	145	100
P00021_05	7yvm_C	66.935	124	119	118	1	119	1	117	5.54e-45	145	100
P00021_05	1dee_F	66.942	121	119	223	1	119	1	120	9.16e-45	148	100
P00021_05	1dee_D	66.942	121	119	223	1	119	1	120	9.16e-45	148	100
P00021_05	1dee_B	66.942	121	119	223	1	119	1	120	9.16e-45	148	100
P00021_05	1hez_D	66.942	121	119	224	1	119	1	120	1.54e-44	147	100
P00021_05	1hez_B	66.942	121	119	224	1	119	1	120	1.54e-44	147	100
P00021_05	7yvo_K	66.935	124	119	118	1	119	1	117	2.62e-44	143	100
P00021_06	9nh7_F	69.672	122	119	140	1	119	4	124	1.96e-46	149	100
P00021_06	9nh7_E	69.672	122	119	140	1	119	4	124	1.96e-46	149	100
P00021_06	9vq6_H	72.131	122	119	132	1	119	3	119	7.58e-46	148	100
P00021_06	9vq6_C	72.131	122	119	132	1	119	3	119	7.58e-46	148	100
P00021_06	9vq6_B	72.131	122	119	132	1	119	3	119	7.58e-46	148	100
P00021_06	9vq6_A	72.131	122	119	132	1	119	3	119	7.58e-46	148	100
P00021_06	3eak_B	64.885	131	119	137	1	119	1	127	1.96e-44	144	100
P00021_06	3eak_A	64.885	131	119	137	1	119	1	127	1.96e-44	144	100
P00021_06	9lqi_A	64.567	127	119	121	1	119	1	120	4.04e-44	143	100
P00021_06	9lqi_B	64.567	127	119	121	1	119	1	120	4.04e-44	143	100
P00021_06	9mmv_H	68.852	122	119	218	1	119	1	113	4.63e-44	146	100
P00021_06	5y0a_D	64.885	131	119	129	1	119	1	129	5.64e-44	143	100
P00021_06	5y0a_F	64.885	131	119	129	1	119	1	129	5.64e-44	143	100
P00021_06	5y0a_H	64.885	131	119	129	1	119	1	129	5.64e-44	143	100
P00021_06	1dee_F	66.942	121	119	223	1	119	1	120	7.47e-44	145	100
P00021_06	1dee_D	66.942	121	119	223	1	119	1	120	7.47e-44	145	100
P00021_06	1dee_B	66.942	121	119	223	1	119	1	120	7.47e-44	145	100
P00021_06	1hez_D	66.942	121	119	224	1	119	1	120	9.87e-44	145	100
P00021_06	1hez_B	66.942	121	119	224	1	119	1	120	9.87e-44	145	100
P00021_06	5vyf_B	67.213	122	119	220	1	119	1	114	1.10e-43	145	100
P00021_07	9nh7_F	68.750	128	119	140	1	119	4	124	4.70e-48	154	100
P00021_07	9nh7_E	68.750	128	119	140	1	119	4	124	4.70e-48	154	100
P00021_07	7s0e_H	67.742	124	119	228	1	119	1	120	9.33e-46	150	100
P00021_07	6w51_S	68.033	122	119	223	1	119	1	120	1.35e-45	150	100
P00021_07	6w51_Q	68.033	122	119	223	1	119	1	120	1.35e-45	150	100
P00021_07	6w51_O	68.033	122	119	223	1	119	1	120	1.35e-45	150	100
P00021_07	6w51_M	68.033	122	119	223	1	119	1	120	1.35e-45	150	100
P00021_07	9vq6_H	69.291	127	119	132	1	119	3	119	1.53e-45	147	100
P00021_07	9vq6_C	69.291	127	119	132	1	119	3	119	1.53e-45	147	100
P00021_07	9vq6_B	69.291	127	119	132	1	119	3	119	1.53e-45	147	100
P00021_07	9vq6_A	69.291	127	119	132	1	119	3	119	1.53e-45	147	100
P00021_07	7d0c_G	68.548	124	119	219	1	119	1	116	2.22e-45	149	100
P00021_07	7d0c_H	68.548	124	119	219	1	119	1	116	2.22e-45	149	100
P00021_07	5f3h_G	66.935	124	119	221	1	119	1	115	3.25e-45	149	100
P00021_07	5f3h_E	66.935	124	119	221	1	119	1	115	3.25e-45	149	100
P00021_07	5f3h_C	66.935	124	119	221	1	119	1	115	3.25e-45	149	100
P00021_07	5f3h_A	66.935	124	119	221	1	119	1	115	3.25e-45	149	100
P00021_07	8eqf_H	69.048	126	119	123	1	119	1	122	4.45e-45	145	100
P00021_07	7k8n_A	68.000	125	119	218	1	119	1	116	4.98e-45	149	100
P00021_07	7ujd_D	68.852	122	119	231	1	119	4	123	5.59e-45	149	100
P00021_08	9nh7_F	67.717	127	119	140	1	119	4	124	5.03e-46	149	100
P00021_08	9nh7_E	67.717	127	119	140	1	119	4	124	5.03e-46	149	100
P00021_08	3eak_B	66.929	127	119	137	1	119	1	127	1.18e-45	147	100
P00021_08	3eak_A	66.929	127	119	137	1	119	1	127	1.18e-45	147	100
P00021_08	9vq6_H	69.672	122	119	132	1	119	3	119	4.67e-45	146	100
P00021_08	9vq6_C	69.672	122	119	132	1	119	3	119	4.67e-45	146	100
P00021_08	9vq6_B	69.672	122	119	132	1	119	3	119	4.67e-45	146	100
P00021_08	9vq6_A	69.672	122	119	132	1	119	3	119	4.67e-45	146	100
P00021_08	5xj4_H	64.463	121	119	121	1	119	1	120	9.52e-45	145	100
P00021_08	9p3y_O	62.500	128	119	126	1	119	1	125	1.02e-44	145	100
P00021_08	9p3y_M	62.500	128	119	126	1	119	1	125	1.02e-44	145	100
P00021_08	9p3y_K	62.500	128	119	126	1	119	1	125	1.02e-44	145	100
P00021_08	9p3y_I	62.500	128	119	126	1	119	1	125	1.02e-44	145	100
P00021_08	9n4f_O	65.873	126	119	125	1	119	1	124	1.09e-44	145	100
P00021_08	9n4f_M	65.873	126	119	125	1	119	1	124	1.09e-44	145	100
P00021_08	9n4f_H	65.873	126	119	125	1	119	1	124	1.09e-44	145	100
P00021_08	8xse_M	66.935	124	119	226	1	119	1	122	2.40e-44	147	100
P00021_08	3nh7_K	66.129	124	119	234	1	119	1	119	4.03e-44	147	100
P00021_08	3nh7_J	66.129	124	119	234	1	119	1	119	4.03e-44	147	100
P00021_08	3nh7_I	66.129	124	119	234	1	119	1	119	4.03e-44	147	100
P00022_00	9nh7_F	66.923	130	125	140	1	125	4	124	8.48e-49	156	100
P00022_00	9nh7_E	66.923	130	125	140	1	125	4	124	8.48e-49	156	100
P00022_00	9vq6_H	69.600	125	125	132	1	125	3	119	1.63e-47	152	100
P00022_00	9vq6_C	69.600	125	125	132	1	125	3	119	1.63e-47	152	100
P00022_00	9vq6_B	69.600	125	125	132	1	125	3	119	1.63e-47	152	100
P00022_00	9vq6_A	69.600	125	125	132	1	125	3	119	1.63e-47	152	100
P00022_00	9w7j_B	66.400	125	125	120	1	125	1	119	2.79e-47	151	100
P00022_00	6cyf_U	65.354	127	125	227	1	125	1	123	4.73e-47	154	100
P00022_00	6cyf_F	65.354	127	125	227	1	125	1	123	4.73e-47	154	100
P00022_00	6cyf_M	65.354	127	125	227	1	125	1	123	4.73e-47	154	100
P00022_00	6cyf_D	65.354	127	125	227	1	125	1	123	4.73e-47	154	100
P00022_00	3eak_B	66.142	127	125	137	1	125	1	127	4.95e-47	151	100
P00022_00	3eak_A	66.142	127	125	137	1	125	1	127	4.95e-47	151	100
P00022_00	6amm_H	66.400	125	125	227	1	125	1	122	8.61e-47	154	100
P00022_00	6amj_B	66.400	125	125	227	1	125	1	122	8.61e-47	154	100
P00022_00	6amj_H	66.400	125	125	227	1	125	1	122	8.61e-47	154	100
P00022_00	9n4f_O	64.800	125	125	125	1	125	1	124	1.28e-46	150	100
P00022_00	9n4f_M	64.800	125	125	125	1	125	1	124	1.28e-46	150	100
P00022_00	9n4f_H	64.800	125	125	125	1	125	1	124	1.28e-46	150	100
P00022_00	6ao0_H	66.400	125	125	229	1	125	1	122	1.32e-46	153	100
P00022_01	9nh7_F	66.923	130	125	140	1	125	4	124	3.03e-49	157	100
P00022_01	9nh7_E	66.923	130	125	140	1	125	4	124	3.03e-49	157	100
P00022_01	9mmv_H	67.200	125	125	218	1	125	1	113	1.28e-48	158	100
P00022_01	3eak_B	67.717	127	125	137	1	125	1	127	2.41e-48	154	100
P00022_01	3eak_A	67.717	127	125	137	1	125	1	127	2.41e-48	154	100
P00022_01	2vyr_L	65.354	127	125	153	1	125	1	123	7.15e-48	154	100
P00022_01	2vyr_K	65.354	127	125	153	1	125	1	123	7.15e-48	154	100
P00022_01	2vyr_J	65.354	127	125	153	1	125	1	123	7.15e-48	154	100
P00022_01	2vyr_I	65.354	127	125	153	1	125	1	123	7.15e-48	154	100
P00022_01	2vyr_H	65.354	127	125	153	1	125	1	123	7.15e-48	154	100
P00022_01	2vyr_G	65.354	127	125	153	1	125	1	123	7.15e-48	154	100
P00022_01	2vyr_F	65.354	127	125	153	1	125	1	123	7.15e-48	154	100
P00022_01	2vyr_E	65.354	127	125	153	1	125	1	123	7.15e-48	154	100
P00022_01	8xse_M	68.504	127	125	226	1	125	1	122	1.08e-47	156	100
P00022_01	9vq6_H	68.800	125	125	132	1	125	3	119	2.98e-47	152	100
P00022_01	9vq6_C	68.800	125	125	132	1	125	3	119	2.98e-47	152	100
P00022_01	9vq6_B	68.800	125	125	132	1	125	3	119	2.98e-47	152	100
P00022_01	9vq6_A	68.800	125	125	132	1	125	3	119	2.98e-47	152	100
P00022_01	8cwk_A	66.400	125	125	232	1	125	1	120	3.03e-47	155	100
P00022_01	9cin_M	67.460	126	125	122	1	125	1	121	4.51e-47	151	100
P00022_02	9nh7_F	66.923	130	125	140	1	125	4	124	1.59e-47	152	100
P00022_02	9nh7_E	66.923	130	125	140	1	125	4	124	1.59e-47	152	100
P00022_02	9vq6_H	71.200	125	125	132	1	125	3	119	1.93e-47	152	100
P00022_02	9vq6_C	71.200	125	125	132	1	125	3	119	1.93e-47	152	100
P00022_02	9vq6_B	71.200	125	125	132	1	125	3	119	1.93e-47	152	100
P00022_02	9vq6_A	71.200	125	125	132	1	125	3	119	1.93e-47	152	100
P00022_02	3eak_B	67.969	128	125	137	1	125	1	127	2.92e-47	152	100
P00022_02	3eak_A	67.969	128	125	137	1	125	1	127	2.92e-47	152	100
P00022_02	9mmv_H	67.200	125	125	218	1	125	1	113	7.11e-47	154	100
P00022_02	2vyr_L	65.600	125	125	153	1	125	1	123	7.93e-47	151	100
P00022_02	2vyr_K	65.600	125	125	153	1	125	1	123	7.93e-47	151	100
P00022_02	2vyr_J	65.600	125	125	153	1	125	1	123	7.93e-47	151	100
P00022_02	2vyr_I	65.600	125	125	153	1	125	1	123	7.93e-47	151	100
P00022_02	2vyr_H	65.600	125	125	153	1	125	1	123	7.93e-47	151	100
P00022_02	2vyr_G	65.600	125	125	153	1	125	1	123	7.93e-47	151	100
P00022_02	2vyr_F	65.600	125	125	153	1	125	1	123	7.93e-47	151	100
P00022_02	2vyr_E	65.600	125	125	153	1	125	1	123	7.93e-47	151	100
P00022_02	1dee_F	68.254	126	125	223	1	125	1	120	1.08e-46	153	100
P00022_02	1dee_D	68.254	126	125	223	1	125	1	120	1.08e-46	153	100
P00022_02	1dee_B	68.254	126	125	223	1	125	1	120	1.08e-46	153	100
P00022_03	9nh7_F	66.154	130	125	140	1	125	4	124	2.58e-47	152	100
P00022_03	9nh7_E	66.154	130	125	140	1	125	4	124	2.58e-47	152	100
P00022_03	3eak_B	66.142	127	125	137	1	125	1	127	2.88e-46	149	100
P00022_03	3eak_A	66.142	127	125	137	1	125	1	127	2.88e-46	149	100
P00022_03	9vq6_H	68.800	125	125	132	1	125	3	119	3.11e-46	149	100
P00022_03	9vq6_C	68.800	125	125	132	1	125	3	119	3.11e-46	149	100
P00022_03	9vq6_B	68.800	125	125	132	1	125	3	119	3.11e-46	149	100
P00022_03	9vq6_A	68.800	125	125	132	1	125	3	119	3.11e-46	149	100
P00022_03	9w7j_B	65.600	125	125	120	1	125	1	119	3.91e-46	148	100
P00022_03	6cyf_U	64.567	127	125	227	1	125	1	123	1.11e-45	150	100
P00022_03	6cyf_F	64.567	127	125	227	1	125	1	123	1.11e-45	150	100
P00022_03	6cyf_M	64.567	127	125	227	1	125	1	123	1.11e-45	150	100
P00022_03	6cyf_D	64.567	127	125	227	1	125	1	123	1.11e-45	150	100
P00022_03	9dlf_B	65.079	126	125	126	1	125	1	124	1.25e-45	147	100
P00022_03	8eqf_H	65.079	126	125	123	1	125	1	122	1.33e-45	147	100
P00022_03	6amm_H	65.600	125	125	227	1	125	1	122	2.30e-45	150	100
P00022_03	6amj_B	65.600	125	125	227	1	125	1	122	2.30e-45	150	100
P00022_03	6amj_H	65.600	125	125	227	1	125	1	122	2.30e-45	150	100
P00022_03	6ao0_H	65.600	125	125	229	1	125	1	122	3.23e-45	150	100
P00022_03	6rqm_B	65.625	128	125	144	1	125	1	127	3.52e-45	147	100
P00022_04	2vyr_L	65.600	125	125	153	1	125	1	123	1.59e-49	158	100
P00022_04	2vyr_K	65.600	125	125	153	1	125	1	123	1.59e-49	158	100
P00022_04	2vyr_J	65.600	125	125	153	1	125	1	123	1.59e-49	158	100
P00022_04	2vyr_I	65.600	125	125	153	1	125	1	123	1.59e-49	158	100
P00022_04	2vyr_H	65.600	125	125	153	1	125	1	123	1.59e-49	158	100
P00022_04	2vyr_G	65.600	125	125	153	1	125	1	123	1.59e-49	158	100
P00022_04	2vyr_F	65.600	125	125	153	1	125	1	123	1.59e-49	158	100
P00022_04	2vyr_E	65.600	125	125	153	1	125	1	123	1.59e-49	158	100
P00022_04	9nh7_F	68.000	125	125	140	1	125	4	124	1.69e-48	155	100
P00022_04	9nh7_E	68.000	125	125	140	1	125	4	124	1.69e-48	155	100
P00022_04	3eak_B	67.969	128	125	137	1	125	1	127	2.58e-48	154	100
P00022_04	3eak_A	67.969	128	125	137	1	125	1	127	2.58e-48	154	100
P00022_04	6amm_H	66.400	125	125	227	1	125	1	122	2.95e-48	157	100
P00022_04	6amj_B	66.400	125	125	227	1	125	1	122	2.95e-48	157	100
P00022_04	6amj_H	66.400	125	125	227	1	125	1	122	2.95e-48	157	100
P00022_04	9cin_M	67.460	126	125	122	1	125	1	121	3.71e-48	154	100
P00022_04	9cin_J	67.460	126	125	122	1	125	1	121	3.71e-48	154	100
P00022_04	9cin_H	67.460	126	125	122	1	125	1	121	3.71e-48	154	100
P00022_04	6ao0_H	66.400	125	125	229	1	125	1	122	4.19e-48	157	100
P00022_04	8eqf_H	66.667	126	125	123	1	125	1	122	6.20e-48	153	100
P00022_05	9vq6_H	70.400	125	125	132	1	125	3	119	8.85e-48	153	100
P00022_05	9vq6_C	70.400	125	125	132	1	125	3	119	8.85e-48	153	100
P00022_05	9vq6_B	70.400	125	125	132	1	125	3	119	8.85e-48	153	100
P00022_05	9vq6_A	70.400	125	125	132	1	125	3	119	8.85e-48	153	100
P00022_05	3eak_B	67.969	128	125	137	1	125	1	127	2.04e-47	152	100
P00022_05	3eak_A	67.969	128	125	137	1	125	1	127	2.04e-47	152	100
P00022_05	2vyr_L	64.567	127	125	153	1	125	1	123	2.49e-47	152	100
P00022_05	2vyr_K	64.567	127	125	153	1	125	1	123	2.49e-47	152	100
P00022_05	2vyr_J	64.567	127	125	153	1	125	1	123	2.49e-47	152	100
P00022_05	2vyr_I	64.567	127	125	153	1	125	1	123	2.49e-47	152	100
P00022_05	2vyr_H	64.567	127	125	153	1	125	1	123	2.49e-47	152	100
P00022_05	2vyr_G	64.567	127	125	153	1	125	1	123	2.49e-47	152	100
P00022_05	2vyr_F	64.567	127	125	153	1	125	1	123	2.49e-47	152	100
P00022_05	2vyr_E	64.567	127	125	153	1	125	1	123	2.49e-47	152	100
P00022_05	9mmv_H	66.400	125	125	218	1	125	1	113	7.34e-47	154	100
P00022_05	9nh7_F	66.154	130	125	140	1	125	4	124	2.20e-46	150	100
P00022_05	9nh7_E	66.154	130	125	140	1	125	4	124	2.20e-46	150	100
P00022_05	8k4q_D	66.142	127	125	121	1	125	3	120	5.37e-46	148	100
P00022_05	8k4q_B	66.142	127	125	121	1	125	3	120	5.37e-46	148	100
P00022_05	9w7j_B	66.400	125	125	120	1	125	1	119	7.80e-46	147	100
P00022_06	9nh7_F	66.154	130	125	140	1	125	4	124	6.71e-48	154	100
P00022_06	9nh7_E	66.154	130	125	140	1	125	4	124	6.71e-48	154	100
P00022_06	9vq6_H	70.400	125	125	132	1	125	3	119	6.73e-48	153	100
P00022_06	9vq6_C	70.400	125	125	132	1	125	3	119	6.73e-48	153	100
P00022_06	9vq6_B	70.400	125	125	132	1	125	3	119	6.73e-48	153	100
P00022_06	9vq6_A	70.400	125	125	132	1	125	3	119	6.73e-48	153	100
P00022_06	2vyr_L	64.800	125	125	153	1	125	1	123	1.17e-47	153	100
P00022_06	2vyr_K	64.800	125	125	153	1	125	1	123	1.17e-47	153	100
P00022_06	2vyr_J	64.800	125	125	153	1	125	1	123	1.17e-47	153	100
P00022_06	2vyr_I	64.800	125	125	153	1	125	1	123	1.17e-47	153	100
P00022_06	2vyr_H	64.800	125	125	153	1	125	1	123	1.17e-47	153	100
P00022_06	2vyr_G	64.800	125	125	153	1	125	1	123	1.17e-47	153	100
P00022_06	2vyr_F	64.800	125	125	153	1	125	1	123	1.17e-47	153	100
P00022_06	2vyr_E	64.800	125	125	153	1	125	1	123	1.17e-47	153	100
P00022_06	3eak_B	67.188	128	125	137	1	125	1	127	1.22e-47	153	100
P00022_06	3eak_A	67.188	128	125	137	1	125	1	127	1.22e-47	153	100
P00022_06	6amm_H	66.400	125	125	227	1	125	1	122	2.10e-46	152	100
P00022_06	6amj_B	66.400	125	125	227	1	125	1	122	2.10e-46	152	100
P00022_06	6amj_H	66.400	125	125	227	1	125	1	122	2.10e-46	152	100
P00022_06	9w7j_B	67.200	125	125	120	1	125	1	119	2.31e-46	149	100
P00022_07	9nh7_F	68.462	130	125	140	1	125	4	124	2.26e-50	160	100
P00022_07	9nh7_E	68.462	130	125	140	1	125	4	124	2.26e-50	160	100
P00022_07	9vq6_H	71.429	126	125	132	1	125	3	119	9.28e-49	155	100
P00022_07	9vq6_C	71.429	126	125	132	1	125	3	119	9.28e-49	155	100
P00022_07	9vq6_B	71.429	126	125	132	1	125	3	119	9.28e-49	155	100
P00022_07	9vq6_A	71.429	126	125	132	1	125	3	119	9.28e-49	155	100
P00022_07	8xse_M	69.841	126	125	226	1	125	1	122	3.68e-48	157	100
P00022_07	5dr5_H	70.312	128	125	248	1	125	1	114	6.72e-48	157	100
P00022_07	8eqf_H	66.929	127	125	123	1	125	1	122	7.63e-48	153	100
P00022_07	8vyf_B	66.667	126	125	122	1	125	1	121	1.04e-47	152	100
P00022_07	8vye_P	66.667	126	125	122	1	125	1	121	1.04e-47	152	100
P00022_07	8vye_F	66.667	126	125	122	1	125	1	121	1.04e-47	152	100
P00022_07	8vye_B	66.667	126	125	122	1	125	1	121	1.04e-47	152	100
P00022_07	7tm0_I	66.667	126	125	122	1	125	1	121	1.04e-47	152	100
P00022_07	7tm0_G	66.667	126	125	122	1	125	1	121	1.04e-47	152	100
P00022_07	7tm0_E	66.667	126	125	122	1	125	1	121	1.04e-47	152	100
P00022_07	7tlz_B	66.667	126	125	122	1	125	1	121	1.04e-47	152	100
P00022_07	9c45_H	66.667	126	125	121	1	125	1	121	1.17e-47	152	100
P00022_07	9c44_F	66.667	126	125	121	1	125	1	121	1.17e-47	152	100
P00022_07	9c44_E	66.667	126	125	121	1	125	1	121	1.17e-47	152	100
P00022_08	9vq6_H	70.400	125	125	132	1	125	3	119	4.97e-49	156	100
P00022_08	9vq6_C	70.400	125	125	132	1	125	3	119	4.97e-49	156	100
P00022_08	9vq6_B	70.400	125	125	132	1	125	3	119	4.97e-49	156	100
P00022_08	9vq6_A	70.400	125	125	132	1	125	3	119	4.97e-49	156	100
P00022_08	9c45_H	67.200	125	125	121	1	125	1	121	5.35e-49	155	100
P00022_08	9c44_F	67.200	125	125	121	1	125	1	121	5.35e-49	155	100
P00022_08	9c44_E	67.200	125	125	121	1	125	1	121	5.35e-49	155	100
P00022_08	9c44_H	67.200	125	125	121	1	125	1	121	5.35e-49	155	100
P00022_08	8gtq_J	67.200	125	125	121	1	125	1	121	5.35e-49	155	100
P00022_08	8gtq_I	67.200	125	125	121	1	125	1	121	5.35e-49	155	100
P00022_08	8gtq_H	67.200	125	125	121	1	125	1	121	5.35e-49	155	100
P00022_08	7sod_H	67.200	125	125	121	1	125	1	121	5.35e-49	155	100
P00022_08	7sob_M	67.200	125	125	121	1	125	1	121	5.35e-49	155	100
P00022_08	7sob_F	67.200	125	125	121	1	125	1	121	5.35e-49	155	100
P00022_08	7sob_C	67.200	125	125	121	1	125	1	121	5.35e-49	155	100
P00022_08	7soa_H	67.200	125	125	121	1	125	1	121	5.35e-49	155	100
P00022_08	7so9_O	67.200	125	125	121	1	125	1	121	5.35e-49	155	100
P00022_08	7so9_J	67.200	125	125	121	1	125	1	121	5.35e-49	155	100
P00022_08	7so9_C	67.200	125	125	121	1	125	1	121	5.35e-49	155	100
P00022_08	7n8i_H	67.200	125	125	121	1	125	1	121	5.35e-49	155	100
P00023_00	3eak_B	68.992	129	125	137	1	125	1	127	3.25e-49	157	100
P00023_00	3eak_A	68.992	129	125	137	1	125	1	127	3.25e-49	157	100
P00023_00	6rqm_B	67.969	128	125	144	1	125	1	127	1.71e-47	152	100
P00023_00	9nh7_F	66.929	127	125	140	1	125	4	124	5.31e-47	151	100
P00023_00	9nh7_E	66.929	127	125	140	1	125	4	124	5.31e-47	151	100
P00023_00	9vq6_H	66.929	127	125	132	1	125	3	119	1.41e-46	150	100
P00023_00	9vq6_C	66.929	127	125	132	1	125	3	119	1.41e-46	150	100
P00023_00	9vq6_B	66.929	127	125	132	1	125	3	119	1.41e-46	150	100
P00023_00	9vq6_A	66.929	127	125	132	1	125	3	119	1.41e-46	150	100
P00023_00	4u3x_C	64.567	127	125	121	1	125	1	120	1.21e-45	147	100
P00023_00	4u3x_A	64.567	127	125	121	1	125	1	120	1.21e-45	147	100
P00023_00	4pgj_C	64.567	127	125	121	1	125	1	120	1.21e-45	147	100
P00023_00	4pgj_A	64.567	127	125	121	1	125	1	120	1.21e-45	147	100
P00023_00	7xl0_B	63.566	129	125	130	1	125	1	120	1.24e-45	147	100
P00023_00	7xl0_A	63.566	129	125	130	1	125	1	120	1.24e-45	147	100
P00023_00	3qyc_B	62.205	127	125	146	1	125	3	126	3.14e-45	147	100
P00023_00	3qyc_A	62.205	127	125	146	1	125	3	126	3.14e-45	147	100
P00023_00	7yvp_K	65.079	126	125	118	1	125	1	117	3.18e-45	146	100
P00023_00	7yvp_P	65.079	126	125	118	1	125	1	117	3.18e-45	146	100
P00023_00	7yvn_O	65.079	126	125	118	1	125	1	117	3.18e-45	146	100
P00023_01	3eak_B	68.992	129	125	137	1	125	1	127	7.42e-50	158	100
P00023_01	3eak_A	68.992	129	125	137	1	125	1	127	7.42e-50	158	100
P00023_01	9nh7_F	67.717	127	125	140	1	125	4	124	8.76e-49	155	100
P00023_01	9nh7_E	67.717	127	125	140	1	125	4	124	8.76e-49	155	100
P00023_01	6rqm_B	66.406	128	125	144	1	125	1	127	3.73e-46	149	100
P00023_01	9vq6_H	66.142	127	125	132	1	125	3	119	1.55e-45	147	100
P00023_01	9vq6_C	66.142	127	125	132	1	125	3	119	1.55e-45	147	100
P00023_01	9vq6_B	66.142	127	125	132	1	125	3	119	1.55e-45	147	100
P00023_01	9vq6_A	66.142	127	125	132	1	125	3	119	1.55e-45	147	100
P00023_01	7xl0_B	64.286	126	125	130	1	125	1	120	3.46e-45	146	100
P00023_01	7xl0_A	64.286	126	125	130	1	125	1	120	3.46e-45	146	100
P00023_01	9xgx_A	61.905	126	125	117	1	125	1	116	3.93e-45	145	100
P00023_01	4u3x_C	65.354	127	125	121	1	125	1	120	6.30e-45	145	100
P00023_01	4u3x_A	65.354	127	125	121	1	125	1	120	6.30e-45	145	100
P00023_01	4pgj_C	65.354	127	125	121	1	125	1	120	6.30e-45	145	100
P00023_01	4pgj_A	65.354	127	125	121	1	125	1	120	6.30e-45	145	100
P00023_01	29on_D	61.417	127	125	148	1	125	3	121	7.74e-45	146	100
P00023_01	29on_C	61.417	127	125	148	1	125	3	121	7.74e-45	146	100
P00023_01	8yz6_D	61.905	126	125	119	1	125	1	117	1.38e-44	144	100
P00023_01	8k4q_D	64.844	128	125	121	1	125	3	120	1.62e-44	144	100
P00023_02	3eak_B	68.217	129	125	137	1	125	1	127	2.87e-48	154	100
P00023_02	3eak_A	68.217	129	125	137	1	125	1	127	2.87e-48	154	100
P00023_02	9nh7_F	66.929	127	125	140	1	125	4	124	6.71e-48	154	100
P00023_02	9nh7_E	66.929	127	125	140	1	125	4	124	6.71e-48	154	100
P00023_02	4u3x_C	66.142	127	125	121	1	125	1	120	6.20e-47	150	100
P00023_02	4u3x_A	66.142	127	125	121	1	125	1	120	6.20e-47	150	100
P00023_02	4pgj_C	66.142	127	125	121	1	125	1	120	6.20e-47	150	100
P00023_02	4pgj_A	66.142	127	125	121	1	125	1	120	6.20e-47	150	100
P00023_02	9vq6_H	67.717	127	125	132	1	125	3	119	1.33e-45	147	100
P00023_02	9vq6_C	67.717	127	125	132	1	125	3	119	1.33e-45	147	100
P00023_02	9vq6_B	67.717	127	125	132	1	125	3	119	1.33e-45	147	100
P00023_02	9vq6_A	67.717	127	125	132	1	125	3	119	1.33e-45	147	100
P00023_02	6rqm_B	65.891	129	125	144	1	125	1	127	7.64e-45	146	100
P00023_02	9lqi_A	66.142	127	125	121	1	125	1	120	8.11e-45	145	100
P00023_02	9lqi_B	66.142	127	125	121	1	125	1	120	8.11e-45	145	100
P00023_02	7xl0_B	63.492	126	125	130	1	125	1	120	1.60e-44	145	100
P00023_02	7xl0_A	63.492	126	125	130	1	125	1	120	1.60e-44	145	100
P00023_02	8k4q_D	63.359	131	125	121	1	125	3	120	3.40e-44	144	100
P00023_02	8k4q_B	63.359	131	125	121	1	125	3	120	3.40e-44	144	100
P00023_02	1mhp_X	66.667	126	125	219	1	125	1	117	4.25e-44	146	100
P00023_03	9nh7_F	69.291	127	125	140	1	125	4	124	1.10e-50	160	100
P00023_03	9nh7_E	69.291	127	125	140	1	125	4	124	1.10e-50	160	100
P00023_03	3eak_B	68.992	129	125	137	1	125	1	127	2.37e-49	157	100
P00023_03	3eak_A	68.992	129	125	137	1	125	1	127	2.37e-49	157	100
P00023_03	9vq6_H	66.929	127	125	132	1	125	3	119	1.82e-46	150	100
P00023_03	9vq6_C	66.929	127	125	132	1	125	3	119	1.82e-46	150	100
P00023_03	9vq6_B	66.929	127	125	132	1	125	3	119	1.82e-46	150	100
P00023_03	9vq6_A	66.929	127	125	132	1	125	3	119	1.82e-46	150	100
P00023_03	6rqm_B	66.154	130	125	144	1	125	1	127	5.24e-46	149	100
P00023_03	8cwk_A	66.929	127	125	232	1	125	1	120	1.18e-45	151	100
P00023_03	4u3x_C	64.341	129	125	121	1	125	1	120	2.51e-45	146	100
P00023_03	4u3x_A	64.341	129	125	121	1	125	1	120	2.51e-45	146	100
P00023_03	4pgj_C	64.341	129	125	121	1	125	1	120	2.51e-45	146	100
P00023_03	4pgj_A	64.341	129	125	121	1	125	1	120	2.51e-45	146	100
P00023_03	8eqf_H	63.077	130	125	123	1	125	1	122	2.76e-45	146	100
P00023_03	7xl0_B	64.286	126	125	130	1	125	1	120	3.78e-45	146	100
P00023_03	7xl0_A	64.286	126	125	130	1	125	1	120	3.78e-45	146	100
P00023_03	8z8l_A	65.354	127	125	124	1	125	1	114	4.71e-45	146	100
P00023_03	8k4q_D	64.062	128	125	121	1	125	3	120	5.41e-45	145	100
P00023_03	8k4q_B	64.062	128	125	121	1	125	3	120	5.41e-45	145	100
P00023_04	3eak_B	70.543	129	125	137	1	125	1	127	5.81e-49	156	100
P00023_04	3eak_A	70.543	129	125	137	1	125	1	127	5.81e-49	156	100
P00023_04	9nh7_F	68.504	127	125	140	1	125	4	124	4.36e-47	151	100
P00023_04	9nh7_E	68.504	127	125	140	1	125	4	124	4.36e-47	151	100
P00023_04	6rqm_B	67.188	128	125	144	1	125	1	127	2.69e-46	149	100
P00023_04	9vq6_H	68.504	127	125	132	1	125	3	119	9.38e-46	148	100
P00023_04	9vq6_C	68.504	127	125	132	1	125	3	119	9.38e-46	148	100
P00023_04	9vq6_B	68.504	127	125	132	1	125	3	119	9.38e-46	148	100
P00023_04	9vq6_A	68.504	127	125	132	1	125	3	119	9.38e-46	148	100
P00023_04	9lqi_A	66.142	127	125	121	1	125	1	120	1.22e-45	147	100
P00023_04	9lqi_B	66.142	127	125	121	1	125	1	120	1.22e-45	147	100
P00023_04	8z8l_A	65.354	127	125	124	1	125	1	114	2.01e-45	147	100
P00023_04	8cwj_U	67.717	127	125	230	1	125	1	118	2.01e-45	150	100
P00023_04	8cwj_J	67.717	127	125	230	1	125	1	118	2.01e-45	150	100
P00023_04	7xl0_B	65.079	126	125	130	1	125	1	120	2.97e-45	146	100
P00023_04	7xl0_A	65.079	126	125	130	1	125	1	120	2.97e-45	146	100
P00023_04	4u3x_C	66.142	127	125	121	1	125	1	120	5.06e-45	145	100
P00023_04	4u3x_A	66.142	127	125	121	1	125	1	120	5.06e-45	145	100
P00023_04	4pgj_C	66.142	127	125	121	1	125	1	120	5.06e-45	145	100
P00023_04	4pgj_A	66.142	127	125	121	1	125	1	120	5.06e-45	145	100
P00023_05	3eak_B	68.217	129	125	137	1	125	1	127	7.81e-49	156	100
P00023_05	3eak_A	68.217	129	125	137	1	125	1	127	7.81e-49	156	100
P00023_05	9nh7_F	67.717	127	125	140	1	125	4	124	2.47e-47	152	100
P00023_05	9nh7_E	67.717	127	125	140	1	125	4	124	2.47e-47	152	100
P00023_05	8k4q_D	65.354	127	125	121	1	125	3	120	4.31e-46	148	100
P00023_05	8k4q_B	65.354	127	125	121	1	125	3	120	4.31e-46	148	100
P00023_05	9vq6_H	67.969	128	125	132	1	125	3	119	2.57e-45	147	100
P00023_05	9vq6_C	67.969	128	125	132	1	125	3	119	2.57e-45	147	100
P00023_05	9vq6_B	67.969	128	125	132	1	125	3	119	2.57e-45	147	100
P00023_05	9vq6_A	67.969	128	125	132	1	125	3	119	2.57e-45	147	100
P00023_05	3hr5_J	68.217	129	125	226	1	125	1	116	1.04e-44	148	100
P00023_05	3hr5_I	68.217	129	125	226	1	125	1	116	1.04e-44	148	100
P00023_05	3hr5_B	68.217	129	125	226	1	125	1	116	1.04e-44	148	100
P00023_05	3hr5_H	68.217	129	125	226	1	125	1	116	1.04e-44	148	100
P00023_05	6rqm_B	67.188	128	125	144	1	125	1	127	1.18e-44	145	100
P00023_05	27uh_G	62.698	126	125	131	1	124	1	118	2.42e-44	144	99
P00023_05	27uh_E	62.698	126	125	131	1	124	1	118	2.42e-44	144	99
P00023_05	27uh_C	62.698	126	125	131	1	124	1	118	2.42e-44	144	99
P00023_05	27uh_A	62.698	126	125	131	1	124	1	118	2.42e-44	144	99
P00023_05	9lqi_A	65.354	127	125	121	1	125	1	120	4.72e-44	143	100
P00023_06	3eak_B	68.217	129	125	137	1	125	1	127	7.31e-49	156	100
P00023_06	3eak_A	68.217	129	125	137	1	125	1	127	7.31e-49	156	100
P00023_06	9nh7_F	67.717	127	125	140	1	125	4	124	5.25e-47	151	100
P00023_06	9nh7_E	67.717	127	125	140	1	125	4	124	5.25e-47	151	100
P00023_06	6rqm_B	67.969	128	125	144	1	125	1	127	3.36e-45	147	100
P00023_06	3qyc_B	62.992	127	125	146	1	125	3	126	3.90e-45	147	100
P00023_06	3qyc_A	62.992	127	125	146	1	125	3	126	3.90e-45	147	100
P00023_06	9vq6_H	67.717	127	125	132	1	125	3	119	4.59e-45	146	100
P00023_06	9vq6_C	67.717	127	125	132	1	125	3	119	4.59e-45	146	100
P00023_06	9vq6_B	67.717	127	125	132	1	125	3	119	4.59e-45	146	100
P00023_06	9vq6_A	67.717	127	125	132	1	125	3	119	4.59e-45	146	100
P00023_06	8z8l_A	65.625	128	125	124	1	125	1	114	2.38e-44	144	100
P00023_06	7xl1_B	64.122	131	125	133	1	125	1	123	2.66e-44	144	100
P00023_06	7xl1_A	64.122	131	125	133	1	125	1	123	2.66e-44	144	100
P00023_06	9lqi_A	64.567	127	125	121	1	125	1	120	5.05e-44	143	100
P00023_06	9lqi_B	64.567	127	125	121	1	125	1	120	5.05e-44	143	100
P00023_06	7obf_B	65.354	127	125	125	1	125	1	119	5.52e-44	143	100
P00023_06	7obf_A	65.354	127	125	125	1	125	1	119	5.52e-44	143	100
P00023_06	1ohq_B	65.354	127	125	120	1	125	1	119	9.23e-44	142	100
P00023_06	1ohq_A	65.354	127	125	120	1	125	1	119	9.23e-44	142	100
P00023_07	3eak_B	68.217	129	125	137	1	125	1	127	5.04e-49	156	100
P00023_07	3eak_A	68.217	129	125	137	1	125	1	127	5.04e-49	156	100
P00023_07	9nh7_F	66.142	127	125	140	1	125	4	124	2.94e-47	152	100
P00023_07	9nh7_E	66.142	127	125	140	1	125	4	124	2.94e-47	152	100
P00023_07	4u3x_C	66.142	127	125	121	1	125	1	120	1.69e-45	147	100
P00023_07	4u3x_A	66.142	127	125	121	1	125	1	120	1.69e-45	147	100
P00023_07	4pgj_C	66.142	127	125	121	1	125	1	120	1.69e-45	147	100
P00023_07	4pgj_A	66.142	127	125	121	1	125	1	120	1.69e-45	147	100
P00023_07	6rqm_B	66.406	128	125	144	1	125	1	127	1.86e-45	147	100
P00023_07	27uh_G	62.308	130	125	131	1	124	1	118	1.48e-44	145	99
P00023_07	27uh_E	62.308	130	125	131	1	124	1	118	1.48e-44	145	99
P00023_07	27uh_C	62.308	130	125	131	1	124	1	118	1.48e-44	145	99
P00023_07	27uh_A	62.308	130	125	131	1	124	1	118	1.48e-44	145	99
P00023_07	7xl0_B	64.286	126	125	130	1	125	1	120	2.68e-44	144	100
P00023_07	7xl0_A	64.286	126	125	130	1	125	1	120	2.68e-44	144	100
P00023_07	9lqi_A	65.354	127	125	121	1	125	1	120	3.75e-44	143	100
P00023_07	9lqi_B	65.354	127	125	121	1	125	1	120	3.75e-44	143	100
P00023_07	7obf_B	63.780	127	125	125	1	125	1	119	4.24e-44	143	100
P00023_07	7obf_A	63.780	127	125	125	1	125	1	119	4.24e-44	143	100
P00023_07	1ohq_B	63.780	127	125	120	1	125	1	119	5.52e-44	143	100
P00023_08	3eak_B	68.992	129	125	137	1	125	1	127	2.10e-49	157	100
P00023_08	3eak_A	68.992	129	125	137	1	125	1	127	2.10e-49	157	100
P00023_08	9nh7_F	67.717	127	125	140	1	125	4	124	5.30e-49	156	100
P00023_08	9nh7_E	67.717	127	125	140	1	125	4	124	5.30e-49	156	100
P00023_08	6rqm_B	66.406	128	125	144	1	125	1	127	1.10e-46	150	100
P00023_08	9vq6_H	67.717	127	125	132	1	125	3	119	1.48e-46	150	100
P00023_08	9vq6_C	67.717	127	125	132	1	125	3	119	1.48e-46	150	100
P00023_08	9vq6_B	67.717	127	125	132	1	125	3	119	1.48e-46	150	100
P00023_08	9vq6_A	67.717	127	125	132	1	125	3	119	1.48e-46	150	100
P00023_08	7xl0_B	64.286	126	125	130	1	125	1	120	3.12e-46	149	100
P00023_08	7xl0_A	64.286	126	125	130	1	125	1	120	3.12e-46	149	100
P00023_08	8z8l_A	64.567	127	125	124	1	125	1	114	2.19e-45	147	100
P00023_08	9w7j_B	65.354	127	125	120	1	125	1	119	3.46e-45	146	100
P00023_08	5ihl_I	64.844	128	125	121	1	125	3	117	6.37e-45	145	100
P00023_08	5ihl_G	64.844	128	125	121	1	125	3	117	6.37e-45	145	100
P00023_08	5ihl_E	64.844	128	125	121	1	125	3	117	6.37e-45	145	100
P00023_08	5ihl_B	64.844	128	125	121	1	125	3	117	6.37e-45	145	100
P00023_08	5dmj_G	64.844	128	125	121	1	125	3	117	6.37e-45	145	100
P00023_08	5dmj_E	64.844	128	125	121	1	125	3	117	6.37e-45	145	100
P00023_08	5dmj_B	64.844	128	125	121	1	125	3	117	6.37e-45	145	100
P00024_00	9nh7_F	69.919	123	121	140	1	121	4	124	3.03e-50	159	100
P00024_00	9nh7_E	69.919	123	121	140	1	121	4	124	3.03e-50	159	100
P00024_00	8xse_M	69.106	123	121	226	1	121	1	122	6.38e-50	161	100
P00024_00	7ssc_H	67.480	123	121	223	1	121	1	122	2.86e-48	157	100
P00024_00	9vq6_H	70.161	124	121	132	1	121	3	119	3.19e-48	154	100
P00024_00	9vq6_C	70.161	124	121	132	1	121	3	119	3.19e-48	154	100
P00024_00	9vq6_B	70.161	124	121	132	1	121	3	119	3.19e-48	154	100
P00024_00	9vq6_A	70.161	124	121	132	1	121	3	119	3.19e-48	154	100
P00024_00	9l6c_A	66.667	123	121	123	1	121	1	122	3.52e-47	151	100
P00024_00	9cr9_H	67.480	123	121	235	1	121	1	122	5.36e-47	154	100
P00024_00	9cr9_A	67.480	123	121	235	1	121	1	122	5.36e-47	154	100
P00024_00	3eak_B	66.929	127	121	137	1	121	1	127	1.16e-46	150	100
P00024_00	3eak_A	66.929	127	121	137	1	121	1	127	1.16e-46	150	100
P00024_00	7wi0_B	64.516	124	121	124	1	121	1	123	1.82e-46	149	100
P00024_00	7whz_B	64.516	124	121	124	1	121	1	123	1.82e-46	149	100
P00024_00	6rqm_B	65.649	131	121	144	1	121	1	127	2.08e-46	150	100
P00024_00	4y5x_J	63.710	124	121	136	1	121	8	130	3.32e-46	149	100
P00024_00	4y5x_G	63.710	124	121	136	1	121	8	130	3.32e-46	149	100
P00024_00	4y5x_D	63.710	124	121	136	1	121	8	130	3.32e-46	149	100
P00024_00	4y5x_A	63.710	124	121	136	1	121	8	130	3.32e-46	149	100
P00024_01	9nh7_F	69.106	123	121	140	1	121	4	124	2.53e-49	157	100
P00024_01	9nh7_E	69.106	123	121	140	1	121	4	124	2.53e-49	157	100
P00024_01	9vq6_H	68.293	123	121	132	1	121	3	119	1.01e-47	152	100
P00024_01	9vq6_C	68.293	123	121	132	1	121	3	119	1.01e-47	152	100
P00024_01	9vq6_B	68.293	123	121	132	1	121	3	119	1.01e-47	152	100
P00024_01	9vq6_A	68.293	123	121	132	1	121	3	119	1.01e-47	152	100
P00024_01	3eak_B	68.504	127	121	137	1	121	1	127	1.67e-47	152	100
P00024_01	3eak_A	68.504	127	121	137	1	121	1	127	1.67e-47	152	100
P00024_01	8k4q_D	66.935	124	121	121	1	121	3	120	2.28e-47	151	100
P00024_01	8k4q_B	66.935	124	121	121	1	121	3	120	2.28e-47	151	100
P00024_01	6o26_A	68.548	124	121	223	1	121	1	119	2.41e-47	155	100
P00024_01	9mmv_H	65.854	123	121	218	1	121	1	113	3.26e-47	154	100
P00024_01	9w7j_B	66.667	123	121	120	1	121	1	119	4.87e-47	150	100
P00024_01	6j7w_B	68.293	123	121	118	1	121	1	118	7.83e-47	150	100
P00024_01	6j7w_A	68.293	123	121	118	1	121	1	118	7.83e-47	150	100
P00024_01	7szu_H	66.667	123	121	224	1	121	1	121	8.49e-47	153	100
P00024_01	3ivk_A	66.667	123	121	224	1	121	2	122	8.49e-47	153	100
P00024_01	3ivk_H	66.667	123	121	224	1	121	2	122	8.49e-47	153	100
P00024_01	4q9r_H	66.667	123	121	223	1	121	1	121	9.20e-47	153	100
P00024_01	7u0y_H	66.667	123	121	223	1	121	1	121	1.00e-46	153	100
P00024_02	9nh7_F	69.919	123	121	140	1	121	4	124	8.03e-50	158	100
P00024_02	9nh7_E	69.919	123	121	140	1	121	4	124	8.03e-50	158	100
P00024_02	3eak_B	67.717	127	121	137	1	121	1	127	2.39e-47	152	100
P00024_02	3eak_A	67.717	127	121	137	1	121	1	127	2.39e-47	152	100
P00024_02	8k4q_D	65.854	123	121	121	1	121	3	120	5.92e-47	150	100
P00024_02	8k4q_B	65.854	123	121	121	1	121	3	120	5.92e-47	150	100
P00024_02	9vq6_H	69.048	126	121	132	1	121	3	119	6.06e-47	150	100
P00024_02	9vq6_C	69.048	126	121	132	1	121	3	119	6.06e-47	150	100
P00024_02	9vq6_B	69.048	126	121	132	1	121	3	119	6.06e-47	150	100
P00024_02	9vq6_A	69.048	126	121	132	1	121	3	119	6.06e-47	150	100
P00024_02	9cr9_H	67.480	123	121	235	1	121	1	122	6.24e-47	154	100
P00024_02	9cr9_A	67.480	123	121	235	1	121	1	122	6.24e-47	154	100
P00024_02	7ssc_H	67.480	123	121	223	1	121	1	122	6.36e-47	154	100
P00024_02	9l6c_A	67.480	123	121	123	1	121	1	122	1.50e-46	149	100
P00024_02	7wi0_B	64.516	124	121	124	1	121	1	123	1.59e-46	149	100
P00024_02	7whz_B	64.516	124	121	124	1	121	1	123	1.59e-46	149	100
P00024_02	9n7q_D	64.228	123	121	123	1	121	1	122	1.84e-46	149	100
P00024_02	9n7q_E	64.228	123	121	123	1	121	1	122	1.84e-46	149	100
P00024_02	9n7q_H	64.228	123	121	123	1	121	1	122	1.84e-46	149	100
P00024_02	9w7j_B	66.667	123	121	120	1	121	1	119	2.41e-46	149	100
P00024_03	9nh7_F	69.919	123	121	140	1	121	4	124	8.23e-51	160	100
P00024_03	9nh7_E	69.919	123	121	140	1	121	4	124	8.23e-51	160	100
P00024_03	9vq6_H	69.106	123	121	132	1	121	3	119	2.54e-49	157	100
P00024_03	9vq6_C	69.106	123	121	132	1	121	3	119	2.54e-49	157	100
P00024_03	9vq6_B	69.106	123	121	132	1	121	3	119	2.54e-49	157	100
P00024_03	9vq6_A	69.106	123	121	132	1	121	3	119	2.54e-49	157	100
P00024_03	7ssc_H	67.480	123	121	223	1	121	1	122	5.45e-49	159	100
P00024_03	1dee_F	67.480	123	121	223	1	121	1	120	6.08e-49	159	100
P00024_03	1dee_D	67.480	123	121	223	1	121	1	120	6.08e-49	159	100
P00024_03	1dee_B	67.480	123	121	223	1	121	1	120	6.08e-49	159	100
P00024_03	1hez_D	67.480	123	121	224	1	121	1	120	9.16e-49	158	100
P00024_03	1hez_B	67.480	123	121	224	1	121	1	120	9.16e-49	158	100
P00024_03	8xse_M	68.293	123	121	226	1	121	1	122	9.20e-49	158	100
P00024_03	9w7j_B	67.480	123	121	120	1	121	1	119	1.27e-48	154	100
P00024_03	8eqf_H	65.854	123	121	123	1	121	1	122	1.29e-48	154	100
P00024_03	6d0x_A	66.935	124	121	227	1	121	1	123	1.39e-48	158	100
P00024_03	9l6c_A	66.667	123	121	123	1	121	1	122	1.98e-48	154	100
P00024_03	6d01_G	66.667	123	121	226	1	121	1	122	3.51e-48	157	100
P00024_03	6d01_E	66.667	123	121	226	1	121	1	122	3.51e-48	157	100
P00024_03	6d01_C	66.667	123	121	226	1	121	1	122	3.51e-48	157	100
P00024_04	8xse_M	69.919	123	121	226	1	121	1	122	2.54e-49	160	100
P00024_04	9vq6_H	69.919	123	121	132	1	121	3	119	4.39e-49	156	100
P00024_04	9vq6_C	69.919	123	121	132	1	121	3	119	4.39e-49	156	100
P00024_04	9vq6_B	69.919	123	121	132	1	121	3	119	4.39e-49	156	100
P00024_04	9vq6_A	69.919	123	121	132	1	121	3	119	4.39e-49	156	100
P00024_04	9nh7_F	68.293	123	121	140	1	121	4	124	1.23e-48	155	100
P00024_04	9nh7_E	68.293	123	121	140	1	121	4	124	1.23e-48	155	100
P00024_04	5y0a_D	65.649	131	121	129	1	121	1	129	2.90e-48	154	100
P00024_04	5y0a_F	65.649	131	121	129	1	121	1	129	2.90e-48	154	100
P00024_04	5y0a_H	65.649	131	121	129	1	121	1	129	2.90e-48	154	100
P00024_04	3eak_B	68.504	127	121	137	1	121	1	127	4.79e-48	154	100
P00024_04	3eak_A	68.504	127	121	137	1	121	1	127	4.79e-48	154	100
P00024_04	9mmv_H	68.548	124	121	218	1	121	1	113	8.46e-48	155	100
P00024_04	9l6c_A	67.480	123	121	123	1	121	1	122	9.47e-48	152	100
P00024_04	9cr9_H	68.293	123	121	235	1	121	1	122	2.30e-47	155	100
P00024_04	9cr9_A	68.293	123	121	235	1	121	1	122	2.30e-47	155	100
P00024_04	7ssc_H	67.480	123	121	223	1	121	1	122	2.55e-47	155	100
P00024_04	8k4q_D	65.854	123	121	121	1	121	3	120	3.82e-47	151	100
P00024_04	8k4q_B	65.854	123	121	121	1	121	3	120	3.82e-47	151	100
P00024_04	1dee_F	67.480	123	121	223	1	121	1	120	5.23e-47	154	100
P00024_05	9nh7_F	69.919	123	121	140	1	121	4	124	1.52e-50	160	100
P00024_05	9nh7_E	69.919	123	121	140	1	121	4	124	1.52e-50	160	100
P00024_05	9vq6_H	69.106	123	121	132	1	121	3	119	3.59e-48	154	100
P00024_05	9vq6_C	69.106	123	121	132	1	121	3	119	3.59e-48	154	100
P00024_05	9vq6_B	69.106	123	121	132	1	121	3	119	3.59e-48	154	100
P00024_05	9vq6_A	69.106	123	121	132	1	121	3	119	3.59e-48	154	100
P00024_05	3eak_B	66.929	127	121	137	1	121	1	127	1.12e-47	152	100
P00024_05	3eak_A	66.929	127	121	137	1	121	1	127	1.12e-47	152	100
P00024_05	1mhp_X	69.672	122	121	219	1	121	1	117	1.21e-47	155	100
P00024_05	1mhp_H	69.672	122	121	219	1	121	1	117	1.21e-47	155	100
P00024_05	9w7j_B	66.667	123	121	120	1	121	1	119	1.37e-47	152	100
P00024_05	3eot_H	69.672	122	121	226	1	121	1	117	1.37e-47	155	100
P00024_05	6t2j_B	65.854	123	121	120	1	121	1	119	1.96e-47	151	100
P00024_05	6t2j_A	65.854	123	121	120	1	121	1	119	1.96e-47	151	100
P00024_05	6sc9_C	65.854	123	121	120	1	121	1	119	1.96e-47	151	100
P00024_05	6sc9_B	65.854	123	121	120	1	121	1	119	1.96e-47	151	100
P00024_05	6sc8_C	65.854	123	121	120	1	121	1	119	1.96e-47	151	100
P00024_05	6sc8_B	65.854	123	121	120	1	121	1	119	1.96e-47	151	100
P00024_05	6sc7_C	65.854	123	121	120	1	121	1	119	1.96e-47	151	100
P00024_05	6sc7_B	65.854	123	121	120	1	121	1	119	1.96e-47	151	100
P00024_06	8xse_M	69.106	123	121	226	1	121	1	122	4.04e-50	162	100
P00024_06	9nh7_F	69.106	123	121	140	1	121	4	124	9.46e-50	158	100
P00024_06	9nh7_E	69.106	123	121	140	1	121	4	124	9.46e-50	158	100
P00024_06	9cr9_H	68.293	123	121	235	1	121	1	122	2.89e-49	160	100
P00024_06	9cr9_A	68.293	123	121	235	1	121	1	122	2.89e-49	160	100
P00024_06	9vq6_H	69.106	123	121	132	1	121	3	119	5.53e-49	156	100
P00024_06	9vq6_C	69.106	123	121	132	1	121	3	119	5.53e-49	156	100
P00024_06	9vq6_B	69.106	123	121	132	1	121	3	119	5.53e-49	156	100
P00024_06	9vq6_A	69.106	123	121	132	1	121	3	119	5.53e-49	156	100
P00024_06	5y0a_D	64.615	130	121	129	1	121	1	129	8.15e-49	155	100
P00024_06	5y0a_F	64.615	130	121	129	1	121	1	129	8.15e-49	155	100
P00024_06	5y0a_H	64.615	130	121	129	1	121	1	129	8.15e-49	155	100
P00024_06	9l6c_A	66.667	123	121	123	1	121	1	122	8.41e-49	155	100
P00024_06	8k4q_D	66.667	123	121	121	1	121	3	120	1.35e-48	154	100
P00024_06	8k4q_B	66.667	123	121	121	1	121	3	120	1.35e-48	154	100
P00024_06	7ssc_H	66.667	123	121	223	1	121	1	122	2.15e-48	157	100
P00024_06	6o26_A	66.667	123	121	223	1	121	1	119	4.27e-48	157	100
P00024_06	6d01_G	67.200	125	121	226	1	121	1	122	5.67e-48	156	100
P00024_06	6d01_E	67.200	125	121	226	1	121	1	122	5.67e-48	156	100
P00024_06	6d01_C	67.200	125	121	226	1	121	1	122	5.67e-48	156	100
P00024_07	9nh7_F	69.106	123	121	140	1	121	4	124	1.93e-49	157	100
P00024_07	9nh7_E	69.106	123	121	140	1	121	4	124	1.93e-49	157	100
P00024_07	9mmv_H	65.854	123	121	218	1	121	1	113	2.85e-48	157	100
P00024_07	9vq6_H	68.293	123	121	132	1	121	3	119	3.44e-48	154	100
P00024_07	9vq6_C	68.293	123	121	132	1	121	3	119	3.44e-48	154	100
P00024_07	9vq6_B	68.293	123	121	132	1	121	3	119	3.44e-48	154	100
P00024_07	9vq6_A	68.293	123	121	132	1	121	3	119	3.44e-48	154	100
P00024_07	6o26_A	66.667	123	121	223	1	121	1	119	7.53e-48	156	100
P00024_07	9cr9_H	67.480	123	121	235	1	121	1	122	1.04e-47	156	100
P00024_07	9cr9_A	67.480	123	121	235	1	121	1	122	1.04e-47	156	100
P00024_07	7wi0_B	65.600	125	121	124	1	121	1	123	1.11e-47	152	100
P00024_07	7whz_B	65.600	125	121	124	1	121	1	123	1.11e-47	152	100
P00024_07	9l6c_A	66.667	123	121	123	1	121	1	122	1.71e-47	152	100
P00024_07	3eak_B	68.504	127	121	137	1	121	1	127	2.58e-47	152	100
P00024_07	3eak_A	68.504	127	121	137	1	121	1	127	2.58e-47	152	100
P00024_07	8z8l_A	67.480	123	121	124	1	121	1	114	3.97e-47	151	100
P00024_07	7ssc_H	66.667	123	121	223	1	121	1	122	5.46e-47	154	100
P00024_07	7szu_H	66.667	123	121	224	1	121	1	121	7.06e-47	154	100
P00024_07	3ivk_A	66.667	123	121	224	1	121	2	122	7.06e-47	154	100
P00024_07	3ivk_H	66.667	123	121	224	1	121	2	122	7.06e-47	154	100
P00024_08	9nh7_F	69.919	123	121	140	1	121	4	124	4.31e-51	161	100
P00024_08	9nh7_E	69.919	123	121	140	1	121	4	124	4.31e-51	161	100
P00024_08	7ssc_H	67.480	123	121	223	1	121	1	122	2.81e-49	159	100
P00024_08	9vq6_H	69.106	123	121	132	1	121	3	119	3.03e-49	156	100
P00024_08	9vq6_C	69.106	123	121	132	1	121	3	119	3.03e-49	156	100
P00024_08	9vq6_B	69.106	123	121	132	1	121	3	119	3.03e-49	156	100
P00024_08	9vq6_A	69.106	123	121	132	1	121	3	119	3.03e-49	156	100
P00024_08	7wi0_B	65.323	124	121	124	1	121	1	123	7.95e-49	155	100
P00024_08	7whz_B	65.323	124	121	124	1	121	1	123	7.95e-49	155	100
P00024_08	8xse_M	68.293	123	121	226	1	121	1	122	2.88e-48	157	100
P00024_08	7xdk_N	65.041	123	121	121	1	121	1	120	3.62e-48	153	100
P00024_08	7xdk_H	65.041	123	121	121	1	121	1	120	3.62e-48	153	100
P00024_08	7xdk_D	65.041	123	121	121	1	121	1	120	3.62e-48	153	100
P00024_08	7pnm_I	65.854	123	121	121	1	121	1	120	3.83e-48	153	100
P00024_08	7pnm_G	65.854	123	121	121	1	121	1	120	3.83e-48	153	100
P00024_08	7pnm_H	65.854	123	121	121	1	121	1	120	3.83e-48	153	100
P00024_08	9w7j_B	66.667	123	121	120	1	121	1	119	4.14e-48	153	100
P00024_08	5y0a_D	64.615	130	121	129	1	121	1	129	5.85e-48	153	100
P00024_08	5y0a_F	64.615	130	121	129	1	121	1	129	5.85e-48	153	100
P00024_08	5y0a_H	64.615	130	121	129	1	121	1	129	5.85e-48	153	100
P00025_00	9vq6_H	72.222	126	119	132	1	119	3	119	2.26e-47	152	100
P00025_00	9vq6_C	72.222	126	119	132	1	119	3	119	2.26e-47	152	100
P00025_00	9vq6_B	72.222	126	119	132	1	119	3	119	2.26e-47	152	100
P00025_00	9vq6_A	72.222	126	119	132	1	119	3	119	2.26e-47	152	100
P00025_00	9nh7_F	69.531	128	119	140	1	119	4	124	4.43e-47	151	100
P00025_00	9nh7_E	69.531	128	119	140	1	119	4	124	4.43e-47	151	100
P00025_00	7xdk_N	67.200	125	119	121	1	119	1	120	1.23e-46	149	100
P00025_00	7xdk_H	67.200	125	119	121	1	119	1	120	1.23e-46	149	100
P00025_00	7xdk_D	67.200	125	119	121	1	119	1	120	1.23e-46	149	100
P00025_00	7tzg_B	68.800	125	119	248	1	118	3	122	5.61e-46	152	99
P00025_00	7tzg_A	68.800	125	119	248	1	118	3	122	5.61e-46	152	99
P00025_00	7tzh_A	68.800	125	119	247	1	118	3	122	5.76e-46	152	99
P00025_00	7tzh_C	68.800	125	119	247	1	118	3	122	5.76e-46	152	99
P00025_00	4tsc_H	70.161	124	119	222	1	119	1	116	7.21e-46	151	100
P00025_00	4tsa_H	70.161	124	119	222	1	119	1	116	8.77e-46	150	100
P00025_00	7xcz_D	67.200	125	119	224	1	119	1	120	1.07e-45	150	100
P00025_00	7e7e_C	67.460	126	119	228	1	119	1	119	1.29e-45	150	100
P00025_00	7e7e_H	67.460	126	119	228	1	119	1	119	1.29e-45	150	100
P00025_00	1ol0_B	66.400	125	119	121	1	119	1	120	1.88e-45	146	100
P00025_00	1ol0_A	66.400	125	119	121	1	119	1	120	1.88e-45	146	100
P00025_01	9vq6_H	68.750	128	119	132	1	119	3	119	1.12e-47	152	100
P00025_01	9vq6_C	68.750	128	119	132	1	119	3	119	1.12e-47	152	100
P00025_01	9vq6_B	68.750	128	119	132	1	119	3	119	1.12e-47	152	100
P00025_01	9vq6_A	68.750	128	119	132	1	119	3	119	1.12e-47	152	100
P00025_01	9nh7_F	69.672	122	119	140	1	119	4	124	1.34e-47	152	100
P00025_01	9nh7_E	69.672	122	119	140	1	119	4	124	1.34e-47	152	100
P00025_01	4p59_H	69.421	121	119	238	1	119	1	116	3.86e-46	152	100
P00025_01	6k7o_H	64.286	126	119	228	1	119	1	121	3.95e-46	152	100
P00025_01	6k7o_F	64.286	126	119	228	1	119	1	121	3.95e-46	152	100
P00025_01	6k7o_D	64.286	126	119	228	1	119	1	121	3.95e-46	152	100
P00025_01	6k7o_B	64.286	126	119	228	1	119	1	121	3.95e-46	152	100
P00025_01	9m5d_A	67.769	121	119	120	1	119	1	119	6.81e-46	147	100
P00025_01	9m5d_D	67.769	121	119	120	1	119	1	119	6.81e-46	147	100
P00025_01	8ppm_H	68.595	121	119	231	1	119	1	120	9.30e-46	151	100
P00025_01	8c7m_H	68.595	121	119	231	1	119	1	120	9.30e-46	151	100
P00025_01	8c7m_C	68.595	121	119	231	1	119	1	120	9.30e-46	151	100
P00025_01	8k4q_D	65.873	126	119	121	1	119	3	120	9.44e-46	147	100
P00025_01	8k4q_B	65.873	126	119	121	1	119	3	120	9.44e-46	147	100
P00025_01	3kdm_B	68.254	126	119	225	1	119	1	121	1.21e-45	150	100
P00025_01	3kdm_H	68.254	126	119	225	1	119	1	121	1.21e-45	150	100
P00025_02	9vq6_H	69.841	126	119	132	1	119	3	119	3.38e-47	151	100
P00025_02	9vq6_C	69.841	126	119	132	1	119	3	119	3.38e-47	151	100
P00025_02	9vq6_B	69.841	126	119	132	1	119	3	119	3.38e-47	151	100
P00025_02	9vq6_A	69.841	126	119	132	1	119	3	119	3.38e-47	151	100
P00025_02	9nh7_F	68.000	125	119	140	1	119	4	124	2.91e-46	149	100
P00025_02	9nh7_E	68.000	125	119	140	1	119	4	124	2.91e-46	149	100
P00025_02	4u3x_C	65.600	125	119	121	1	119	1	120	7.34e-46	147	100
P00025_02	4u3x_A	65.600	125	119	121	1	119	1	120	7.34e-46	147	100
P00025_02	4pgj_C	65.600	125	119	121	1	119	1	120	7.34e-46	147	100
P00025_02	4pgj_A	65.600	125	119	121	1	119	1	120	7.34e-46	147	100
P00025_02	9w7j_B	67.200	125	119	120	1	119	1	119	2.51e-45	146	100
P00025_02	4tsc_H	67.742	124	119	222	1	119	1	116	2.66e-45	149	100
P00025_02	6azm_D	64.341	129	119	225	1	119	1	124	3.45e-45	149	100
P00025_02	6azm_B	64.341	129	119	225	1	119	1	124	3.45e-45	149	100
P00025_02	3kdm_B	68.254	126	119	225	1	119	1	121	3.49e-45	149	100
P00025_02	3kdm_H	68.254	126	119	225	1	119	1	121	3.49e-45	149	100
P00025_02	4tsa_H	67.742	124	119	222	1	119	1	116	3.98e-45	149	100
P00025_02	9ls3_H	68.033	122	119	219	1	119	1	121	4.80e-45	149	100
P00025_02	9ls3_F	68.033	122	119	219	1	119	1	121	4.80e-45	149	100
P00025_02	9ls3_D	68.033	122	119	219	1	119	1	121	4.80e-45	149	100
P00025_03	9vq6_H	68.750	128	119	132	1	119	3	119	9.58e-47	150	100
P00025_03	9vq6_C	68.750	128	119	132	1	119	3	119	9.58e-47	150	100
P00025_03	9vq6_B	68.750	128	119	132	1	119	3	119	9.58e-47	150	100
P00025_03	9vq6_A	68.750	128	119	132	1	119	3	119	9.58e-47	150	100
P00025_03	4u3x_C	65.600	125	119	121	1	119	1	120	5.06e-46	148	100
P00025_03	4u3x_A	65.600	125	119	121	1	119	1	120	5.06e-46	148	100
P00025_03	4pgj_C	65.600	125	119	121	1	119	1	120	5.06e-46	148	100
P00025_03	4pgj_A	65.600	125	119	121	1	119	1	120	5.06e-46	148	100
P00025_03	9nh7_F	68.254	126	119	140	1	119	4	124	6.20e-46	148	100
P00025_03	9nh7_E	68.254	126	119	140	1	119	4	124	6.20e-46	148	100
P00025_03	8k4q_D	66.667	126	119	121	1	119	3	120	2.22e-45	146	100
P00025_03	8k4q_B	66.667	126	119	121	1	119	3	120	2.22e-45	146	100
P00025_03	3zhk_B	64.800	125	119	127	1	119	1	118	3.67e-45	146	100
P00025_03	3zhk_A	64.800	125	119	127	1	119	1	118	3.67e-45	146	100
P00025_03	5d71_H	68.595	121	119	236	1	119	1	114	6.79e-45	149	100
P00025_03	5d70_H	68.595	121	119	236	1	119	1	114	6.79e-45	149	100
P00025_03	1dee_F	66.942	121	119	223	1	119	1	120	7.37e-45	148	100
P00025_03	1dee_D	66.942	121	119	223	1	119	1	120	7.37e-45	148	100
P00025_03	1dee_B	66.942	121	119	223	1	119	1	120	7.37e-45	148	100
P00025_03	1ol0_B	63.200	125	119	121	1	119	1	120	1.01e-44	144	100
P00025_04	9nh7_F	68.852	122	119	140	1	119	4	124	1.09e-46	150	100
P00025_04	9nh7_E	68.852	122	119	140	1	119	4	124	1.09e-46	150	100
P00025_04	9vq6_H	68.750	128	119	132	1	119	3	119	2.48e-46	149	100
P00025_04	9vq6_C	68.750	128	119	132	1	119	3	119	2.48e-46	149	100
P00025_04	9vq6_B	68.750	128	119	132	1	119	3	119	2.48e-46	149	100
P00025_04	9vq6_A	68.750	128	119	132	1	119	3	119	2.48e-46	149	100
P00025_04	8ppm_H	68.595	121	119	231	1	119	1	120	1.13e-45	150	100
P00025_04	8c7m_H	68.595	121	119	231	1	119	1	120	1.13e-45	150	100
P00025_04	8c7m_C	68.595	121	119	231	1	119	1	120	1.13e-45	150	100
P00025_04	8k4q_D	66.667	126	119	121	1	119	3	120	2.19e-45	146	100
P00025_04	8k4q_B	66.667	126	119	121	1	119	3	120	2.19e-45	146	100
P00025_04	8odx_H	68.595	121	119	250	1	119	20	139	2.30e-45	150	100
P00025_04	8xse_M	68.254	126	119	226	1	119	1	122	2.67e-45	149	100
P00025_04	1mhp_X	70.400	125	119	219	1	119	1	117	3.35e-45	149	100
P00025_04	1mhp_H	70.400	125	119	219	1	119	1	117	3.35e-45	149	100
P00025_04	3zhk_B	65.600	125	119	127	1	119	1	118	3.96e-45	146	100
P00025_04	3zhk_A	65.600	125	119	127	1	119	1	118	3.96e-45	146	100
P00025_04	3eot_H	70.400	125	119	226	1	119	1	117	4.55e-45	149	100
P00025_04	1ol0_B	64.000	125	119	121	1	119	1	120	6.56e-45	145	100
P00025_04	1ol0_A	64.000	125	119	121	1	119	1	120	6.56e-45	145	100
P00025_05	9nh7_F	69.600	125	119	140	1	119	4	124	1.30e-46	150	100
P00025_05	9nh7_E	69.600	125	119	140	1	119	4	124	1.30e-46	150	100
P00025_05	9vq6_H	70.312	128	119	132	1	119	3	119	4.53e-46	148	100
P00025_05	9vq6_C	70.312	128	119	132	1	119	3	119	4.53e-46	148	100
P00025_05	9vq6_B	70.312	128	119	132	1	119	3	119	4.53e-46	148	100
P00025_05	9vq6_A	70.312	128	119	132	1	119	3	119	4.53e-46	148	100
P00025_05	8k4q_D	66.116	121	119	121	1	119	3	120	6.08e-45	145	100
P00025_05	8k4q_B	66.116	121	119	121	1	119	3	120	6.08e-45	145	100
P00025_05	9ls3_H	69.048	126	119	219	1	119	1	121	8.93e-45	148	100
P00025_05	9ls3_F	69.048	126	119	219	1	119	1	121	8.93e-45	148	100
P00025_05	9ls3_D	69.048	126	119	219	1	119	1	121	8.93e-45	148	100
P00025_05	1mhp_X	69.531	128	119	219	1	119	1	117	9.42e-45	148	100
P00025_05	1mhp_H	69.531	128	119	219	1	119	1	117	9.42e-45	148	100
P00025_05	3eot_H	69.531	128	119	226	1	119	1	117	1.11e-44	148	100
P00025_05	4p59_H	69.600	125	119	238	1	119	1	116	1.41e-44	148	100
P00025_05	5tsj_2	67.200	125	119	149	1	119	3	119	2.40e-44	144	100
P00025_05	5tsj_1	67.200	125	119	149	1	119	3	119	2.40e-44	144	100
P00025_05	5d71_H	67.717	127	119	236	1	119	1	114	3.11e-44	147	100
P00025_05	5d70_H	67.717	127	119	236	1	119	1	114	3.11e-44	147	100
P00025_05	7xdk_N	64.800	125	119	121	1	119	1	120	3.11e-44	143	100
P00025_06	9nh7_F	69.672	122	119	140	1	119	4	124	2.08e-47	152	100
P00025_06	9nh7_E	69.672	122	119	140	1	119	4	124	2.08e-47	152	100
P00025_06	8z8l_A	66.116	121	119	124	1	119	1	114	6.31e-45	145	100
P00025_06	9vq6_H	67.742	124	119	132	1	119	3	119	7.00e-45	145	100
P00025_06	9vq6_C	67.742	124	119	132	1	119	3	119	7.00e-45	145	100
P00025_06	9vq6_B	67.742	124	119	132	1	119	3	119	7.00e-45	145	100
P00025_06	9vq6_A	67.742	124	119	132	1	119	3	119	7.00e-45	145	100
P00025_06	8ppm_H	66.942	121	119	231	1	119	1	120	1.25e-44	148	100
P00025_06	8c7m_H	66.942	121	119	231	1	119	1	120	1.25e-44	148	100
P00025_06	8c7m_C	66.942	121	119	231	1	119	1	120	1.25e-44	148	100
P00025_06	1dee_F	66.116	121	119	223	1	119	1	120	1.48e-44	147	100
P00025_06	1dee_D	66.116	121	119	223	1	119	1	120	1.48e-44	147	100
P00025_06	1dee_B	66.116	121	119	223	1	119	1	120	1.48e-44	147	100
P00025_06	8k4q_D	64.463	121	119	121	1	119	3	120	2.03e-44	144	100
P00025_06	8k4q_B	64.463	121	119	121	1	119	3	120	2.03e-44	144	100
P00025_06	1hez_D	66.116	121	119	224	1	119	1	120	2.06e-44	147	100
P00025_06	1hez_B	66.116	121	119	224	1	119	1	120	2.06e-44	147	100
P00025_06	8odx_H	66.942	121	119	250	1	119	20	139	2.22e-44	148	100
P00025_06	9ls3_H	67.213	122	119	219	1	119	1	121	2.30e-44	147	100
P00025_06	9ls3_F	67.213	122	119	219	1	119	1	121	2.30e-44	147	100
P00025_07	9vq6_H	68.750	128	119	132	1	119	3	119	4.86e-47	151	100
P00025_07	9vq6_C	68.750	128	119	132	1	119	3	119	4.86e-47	151	100
P00025_07	9vq6_B	68.750	128	119	132	1	119	3	119	4.86e-47	151	100
P00025_07	9vq6_A	68.750	128	119	132	1	119	3	119	4.86e-47	151	100
P00025_07	9nh7_F	68.852	122	119	140	1	119	4	124	6.57e-47	150	100
P00025_07	9nh7_E	68.852	122	119	140	1	119	4	124	6.57e-47	150	100
P00025_07	8k4q_D	66.667	126	119	121	1	119	3	120	1.36e-45	147	100
P00025_07	8k4q_B	66.667	126	119	121	1	119	3	120	1.36e-45	147	100
P00025_07	4p59_H	68.000	125	119	238	1	119	1	116	1.86e-45	150	100
P00025_07	3zhk_B	65.600	125	119	127	1	119	1	118	5.87e-45	145	100
P00025_07	3zhk_A	65.600	125	119	127	1	119	1	118	5.87e-45	145	100
P00025_07	3kdm_B	68.254	126	119	225	1	119	1	121	6.41e-45	149	100
P00025_07	3kdm_H	68.254	126	119	225	1	119	1	121	6.41e-45	149	100
P00025_07	4u3x_C	64.800	125	119	121	1	119	1	120	6.78e-45	145	100
P00025_07	4u3x_A	64.800	125	119	121	1	119	1	120	6.78e-45	145	100
P00025_07	4pgj_C	64.800	125	119	121	1	119	1	120	6.78e-45	145	100
P00025_07	4pgj_A	64.800	125	119	121	1	119	1	120	6.78e-45	145	100
P00025_07	3eak_B	66.412	131	119	137	1	119	1	127	8.25e-45	145	100
P00025_07	3eak_A	66.412	131	119	137	1	119	1	127	8.25e-45	145	100
P00025_07	1ol0_B	64.000	125	119	121	1	119	1	120	8.44e-45	145	100
P00025_08	9nh7_F	69.600	125	119	140	1	119	4	124	8.21e-48	153	100
P00025_08	9nh7_E	69.600	125	119	140	1	119	4	124	8.21e-48	153	100
P00025_08	8ppm_H	68.595	121	119	231	1	119	1	120	4.03e-46	152	100
P00025_08	8c7m_H	68.595	121	119	231	1	119	1	120	4.03e-46	152	100
P00025_08	8c7m_C	68.595	121	119	231	1	119	1	120	4.03e-46	152	100
P00025_08	8odx_H	68.595	121	119	250	1	119	20	139	6.32e-46	152	100
P00025_08	9ls3_H	68.852	122	119	219	1	119	1	121	8.32e-46	150	100
P00025_08	9ls3_F	68.852	122	119	219	1	119	1	121	8.32e-46	150	100
P00025_08	9ls3_D	68.852	122	119	219	1	119	1	121	8.32e-46	150	100
P00025_08	9vq6_H	68.548	124	119	132	1	119	3	119	1.23e-45	147	100
P00025_08	9vq6_C	68.548	124	119	132	1	119	3	119	1.23e-45	147	100
P00025_08	9vq6_B	68.548	124	119	132	1	119	3	119	1.23e-45	147	100
P00025_08	9vq6_A	68.548	124	119	132	1	119	3	119	1.23e-45	147	100
P00025_08	9m5d_A	67.769	121	119	120	1	119	1	119	1.58e-45	147	100
P00025_08	9m5d_D	67.769	121	119	120	1	119	1	119	1.58e-45	147	100
P00025_08	8xse_M	69.106	123	119	226	1	119	1	122	1.60e-45	150	100
P00025_08	6k7o_H	65.574	122	119	228	1	119	1	121	3.12e-45	149	100
P00025_08	6k7o_F	65.574	122	119	228	1	119	1	121	3.12e-45	149	100
P00025_08	6k7o_D	65.574	122	119	228	1	119	1	121	3.12e-45	149	100
P00025_08	6k7o_B	65.574	122	119	228	1	119	1	121	3.12e-45	149	100
P00026_00	9nh7_F	70.732	123	119	140	1	119	4	124	1.79e-48	155	100
P00026_00	9nh7_E	70.732	123	119	140	1	119	4	124	1.79e-48	155	100
P00026_00	9vq6_H	71.545	123	119	132	1	119	3	119	2.05e-47	152	100
P00026_00	9vq6_C	71.545	123	119	132	1	119	3	119	2.05e-47	152	100
P00026_00	9vq6_B	71.545	123	119	132	1	119	3	119	2.05e-47	152	100
P00026_00	9vq6_A	71.545	123	119	132	1	119	3	119	2.05e-47	152	100
P00026_00	7kkh_B	70.492	122	119	221	1	119	1	117	2.09e-46	152	100
P00026_00	5dr5_H	70.161	124	119	248	1	119	1	114	2.74e-46	152	100
P00026_00	7s0e_H	68.254	126	119	228	1	119	1	120	4.75e-46	151	100
P00026_00	6yax_III	69.919	123	119	218	1	119	1	116	5.83e-46	151	100
P00026_00	6yax_HHH	69.919	123	119	218	1	119	1	116	5.83e-46	151	100
P00026_00	7xdk_N	67.213	122	119	121	1	119	1	120	6.80e-46	147	100
P00026_00	7xdk_H	67.213	122	119	121	1	119	1	120	6.80e-46	147	100
P00026_00	7xdk_D	67.213	122	119	121	1	119	1	120	6.80e-46	147	100
P00026_00	7wk0_D	68.217	129	119	226	1	119	1	125	1.47e-45	150	100
P00026_00	7wk0_A	68.217	129	119	226	1	119	1	125	1.47e-45	150	100
P00026_00	7wjz_H	68.217	129	119	227	1	119	1	125	1.48e-45	150	100
P00026_00	7wjz_G	68.217	129	119	227	1	119	1	125	1.48e-45	150	100
P00026_00	7wjz_F	68.217	129	119	227	1	119	1	125	1.48e-45	150	100
P00026_00	7wjz_E	68.217	129	119	227	1	119	1	125	1.48e-45	150	100
P00026_01	9nh7_F	70.732	123	119	140	1	119	4	124	2.55e-48	154	100
P00026_01	9nh7_E	70.732	123	119	140	1	119	4	124	2.55e-48	154	100
P00026_01	9vq6_H	71.545	123	119	132	1	119	3	119	6.99e-48	153	100
P00026_01	9vq6_C	71.545	123	119	132	1	119	3	119	6.99e-48	153	100
P00026_01	9vq6_B	71.545	123	119	132	1	119	3	119	6.99e-48	153	100
P00026_01	9vq6_A	71.545	123	119	132	1	119	3	119	6.99e-48	153	100
P00026_01	7s0e_H	69.048	126	119	228	1	119	1	120	3.16e-47	154	100
P00026_01	5dr5_H	70.161	124	119	248	1	119	1	114	2.59e-46	153	100
P00026_01	6yax_III	70.492	122	119	218	1	119	1	116	2.94e-46	152	100
P00026_01	6yax_HHH	70.492	122	119	218	1	119	1	116	2.94e-46	152	100
P00026_01	7xdk_N	67.213	122	119	121	1	119	1	120	5.58e-46	148	100
P00026_01	7xdk_H	67.213	122	119	121	1	119	1	120	5.58e-46	148	100
P00026_01	7xdk_D	67.213	122	119	121	1	119	1	120	5.58e-46	148	100
P00026_01	9z18_H	68.293	123	119	121	1	119	1	120	8.94e-46	147	100
P00026_01	7kkh_B	69.672	122	119	221	1	119	1	117	1.08e-45	150	100
P00026_01	9w7j_B	68.548	124	119	120	1	119	1	119	1.16e-45	147	100
P00026_01	7wjz_H	68.217	129	119	227	1	119	1	125	1.31e-45	150	100
P00026_01	7wjz_G	68.217	129	119	227	1	119	1	125	1.31e-45	150	100
P00026_01	7wjz_F	68.217	129	119	227	1	119	1	125	1.31e-45	150	100
P00026_01	7wjz_E	68.217	129	119	227	1	119	1	125	1.31e-45	150	100
P00026_02	9nh7_F	70.732	123	119	140	1	119	4	124	3.04e-49	157	100
P00026_02	9nh7_E	70.732	123	119	140	1	119	4	124	3.04e-49	157	100
P00026_02	7s0e_H	68.254	126	119	228	1	119	1	120	4.22e-48	157	100
P00026_02	9vq6_H	71.774	124	119	132	1	119	3	119	4.97e-47	151	100
P00026_02	9vq6_C	71.774	124	119	132	1	119	3	119	4.97e-47	151	100
P00026_02	9vq6_B	71.774	124	119	132	1	119	3	119	4.97e-47	151	100
P00026_02	9vq6_A	71.774	124	119	132	1	119	3	119	4.97e-47	151	100
P00026_02	9c45_H	69.106	123	119	121	1	119	1	121	6.11e-47	150	100
P00026_02	9c44_F	69.106	123	119	121	1	119	1	121	6.11e-47	150	100
P00026_02	9c44_E	69.106	123	119	121	1	119	1	121	6.11e-47	150	100
P00026_02	9c44_H	69.106	123	119	121	1	119	1	121	6.11e-47	150	100
P00026_02	8gtq_J	69.106	123	119	121	1	119	1	121	6.11e-47	150	100
P00026_02	8gtq_I	69.106	123	119	121	1	119	1	121	6.11e-47	150	100
P00026_02	8gtq_H	69.106	123	119	121	1	119	1	121	6.11e-47	150	100
P00026_02	7sod_H	69.106	123	119	121	1	119	1	121	6.11e-47	150	100
P00026_02	7sob_M	69.106	123	119	121	1	119	1	121	6.11e-47	150	100
P00026_02	7sob_F	69.106	123	119	121	1	119	1	121	6.11e-47	150	100
P00026_02	7sob_C	69.106	123	119	121	1	119	1	121	6.11e-47	150	100
P00026_02	7soa_H	69.106	123	119	121	1	119	1	121	6.11e-47	150	100
P00026_02	7so9_O	69.106	123	119	121	1	119	1	121	6.11e-47	150	100
P00026_03	9nh7_F	71.545	123	119	140	1	119	4	124	4.98e-49	156	100
P00026_03	9nh7_E	71.545	123	119	140	1	119	4	124	4.98e-49	156	100
P00026_03	5dr5_H	70.161	124	119	248	1	119	1	114	5.37e-47	154	100
P00026_03	6yax_III	69.672	122	119	218	1	119	1	116	8.04e-47	153	100
P00026_03	6yax_HHH	69.672	122	119	218	1	119	1	116	8.04e-47	153	100
P00026_03	7s0e_H	68.254	126	119	228	1	119	1	120	1.48e-46	153	100
P00026_03	9vq6_H	71.545	123	119	132	1	119	3	119	1.57e-46	149	100
P00026_03	9vq6_C	71.545	123	119	132	1	119	3	119	1.57e-46	149	100
P00026_03	9vq6_B	71.545	123	119	132	1	119	3	119	1.57e-46	149	100
P00026_03	9vq6_A	71.545	123	119	132	1	119	3	119	1.57e-46	149	100
P00026_03	7wk0_D	66.154	130	119	226	1	119	1	125	4.69e-46	151	100
P00026_03	7wk0_A	66.154	130	119	226	1	119	1	125	4.69e-46	151	100
P00026_03	7w7q_B	69.355	124	119	243	1	118	1	119	5.16e-46	152	99
P00026_03	7w7q_A	69.355	124	119	243	1	118	1	119	5.16e-46	152	99
P00026_03	7wjz_H	66.154	130	119	227	1	119	1	125	5.26e-46	151	100
P00026_03	7wjz_G	66.154	130	119	227	1	119	1	125	5.26e-46	151	100
P00026_03	7wjz_F	66.154	130	119	227	1	119	1	125	5.26e-46	151	100
P00026_03	7wjz_E	66.154	130	119	227	1	119	1	125	5.26e-46	151	100
P00026_03	7wjz_D	66.154	130	119	227	1	119	1	125	5.26e-46	151	100
P00026_03	7wjz_A	66.154	130	119	227	1	119	1	125	5.26e-46	151	100
P00026_04	9nh7_F	69.919	123	119	140	1	119	4	124	1.13e-48	155	100
P00026_04	9nh7_E	69.919	123	119	140	1	119	4	124	1.13e-48	155	100
P00026_04	8vyf_B	68.033	122	119	122	1	119	1	121	9.06e-48	152	100
P00026_04	8vye_P	68.033	122	119	122	1	119	1	121	9.06e-48	152	100
P00026_04	8vye_F	68.033	122	119	122	1	119	1	121	9.06e-48	152	100
P00026_04	8vye_B	68.033	122	119	122	1	119	1	121	9.06e-48	152	100
P00026_04	7tm0_I	68.033	122	119	122	1	119	1	121	9.06e-48	152	100
P00026_04	7tm0_G	68.033	122	119	122	1	119	1	121	9.06e-48	152	100
P00026_04	7tm0_E	68.033	122	119	122	1	119	1	121	9.06e-48	152	100
P00026_04	7tlz_B	68.033	122	119	122	1	119	1	121	9.06e-48	152	100
P00026_04	9c45_H	68.033	122	119	121	1	119	1	121	9.69e-48	152	100
P00026_04	9c44_F	68.033	122	119	121	1	119	1	121	9.69e-48	152	100
P00026_04	9c44_E	68.033	122	119	121	1	119	1	121	9.69e-48	152	100
P00026_04	9c44_H	68.033	122	119	121	1	119	1	121	9.69e-48	152	100
P00026_04	8gtq_J	68.033	122	119	121	1	119	1	121	9.69e-48	152	100
P00026_04	8gtq_I	68.033	122	119	121	1	119	1	121	9.69e-48	152	100
P00026_04	8gtq_H	68.033	122	119	121	1	119	1	121	9.69e-48	152	100
P00026_04	7sod_H	68.033	122	119	121	1	119	1	121	9.69e-48	152	100
P00026_04	7sob_M	68.033	122	119	121	1	119	1	121	9.69e-48	152	100
P00026_04	7sob_F	68.033	122	119	121	1	119	1	121	9.69e-48	152	100
P00026_05	9nh7_F	70.732	123	119	140	1	119	4	124	8.61e-49	155	100
P00026_05	9nh7_E	70.732	123	119	140	1	119	4	124	8.61e-49	155	100
P00026_05	9vq6_H	70.492	122	119	132	1	119	3	119	1.30e-46	150	100
P00026_05	9vq6_C	70.492	122	119	132	1	119	3	119	1.30e-46	150	100
P00026_05	9vq6_B	70.492	122	119	132	1	119	3	119	1.30e-46	150	100
P00026_05	9vq6_A	70.492	122	119	132	1	119	3	119	1.30e-46	150	100
P00026_05	7wjz_H	66.667	129	119	227	1	119	1	125	2.54e-46	152	100
P00026_05	7wjz_G	66.667	129	119	227	1	119	1	125	2.54e-46	152	100
P00026_05	7wjz_F	66.667	129	119	227	1	119	1	125	2.54e-46	152	100
P00026_05	7wjz_E	66.667	129	119	227	1	119	1	125	2.54e-46	152	100
P00026_05	7wjz_D	66.667	129	119	227	1	119	1	125	2.54e-46	152	100
P00026_05	7wjz_A	66.667	129	119	227	1	119	1	125	2.54e-46	152	100
P00026_05	7wjy_E	66.667	129	119	227	1	119	1	125	2.54e-46	152	100
P00026_05	7wjy_B	66.667	129	119	227	1	119	1	125	2.54e-46	152	100
P00026_05	7wk0_D	66.667	129	119	226	1	119	1	125	2.58e-46	152	100
P00026_05	7wk0_A	66.667	129	119	226	1	119	1	125	2.58e-46	152	100
P00026_05	4qf1_A	67.213	122	119	225	1	119	1	119	2.82e-46	152	100
P00026_05	4qf1_H	67.213	122	119	225	1	119	1	119	2.82e-46	152	100
P00026_05	7s0e_H	67.480	123	119	228	1	119	1	120	3.43e-46	152	100
P00026_05	6yax_III	68.033	122	119	218	1	119	1	116	5.77e-46	151	100
P00026_06	9nh7_F	70.732	123	119	140	1	119	4	124	1.81e-48	155	100
P00026_06	9nh7_E	70.732	123	119	140	1	119	4	124	1.81e-48	155	100
P00026_06	9vq6_H	70.492	122	119	132	1	119	3	119	5.54e-47	150	100
P00026_06	9vq6_C	70.492	122	119	132	1	119	3	119	5.54e-47	150	100
P00026_06	9vq6_B	70.492	122	119	132	1	119	3	119	5.54e-47	150	100
P00026_06	9vq6_A	70.492	122	119	132	1	119	3	119	5.54e-47	150	100
P00026_06	7wjz_H	67.969	128	119	227	1	119	1	125	1.46e-46	153	100
P00026_06	7wjz_G	67.969	128	119	227	1	119	1	125	1.46e-46	153	100
P00026_06	7wjz_F	67.969	128	119	227	1	119	1	125	1.46e-46	153	100
P00026_06	7wjz_E	67.969	128	119	227	1	119	1	125	1.46e-46	153	100
P00026_06	7wjz_D	67.969	128	119	227	1	119	1	125	1.46e-46	153	100
P00026_06	7wjz_A	67.969	128	119	227	1	119	1	125	1.46e-46	153	100
P00026_06	7wjy_E	67.969	128	119	227	1	119	1	125	1.46e-46	153	100
P00026_06	7wjy_B	67.969	128	119	227	1	119	1	125	1.46e-46	153	100
P00026_06	7wk0_D	67.969	128	119	226	1	119	1	125	1.63e-46	152	100
P00026_06	7wk0_A	67.969	128	119	226	1	119	1	125	1.63e-46	152	100
P00026_06	7xdk_N	66.942	121	119	121	1	119	1	120	3.60e-46	148	100
P00026_06	7xdk_H	66.942	121	119	121	1	119	1	120	3.60e-46	148	100
P00026_06	7xdk_D	66.942	121	119	121	1	119	1	120	3.60e-46	148	100
P00026_06	7e5s_J	68.067	119	119	120	3	119	2	117	9.67e-46	147	98
P00026_07	9nh7_F	70.732	123	119	140	1	119	4	124	5.42e-48	154	100
P00026_07	9nh7_E	70.732	123	119	140	1	119	4	124	5.42e-48	154	100
P00026_07	9vq6_H	70.492	122	119	132	1	119	3	119	8.49e-47	150	100
P00026_07	9vq6_C	70.492	122	119	132	1	119	3	119	8.49e-47	150	100
P00026_07	9vq6_B	70.492	122	119	132	1	119	3	119	8.49e-47	150	100
P00026_07	9vq6_A	70.492	122	119	132	1	119	3	119	8.49e-47	150	100
P00026_07	7s0e_H	66.667	123	119	228	1	119	1	120	1.13e-46	153	100
P00026_07	9w7j_B	67.742	124	119	120	1	119	1	119	3.73e-46	148	100
P00026_07	4qf1_A	66.393	122	119	225	1	119	1	119	5.60e-46	151	100
P00026_07	4qf1_H	66.393	122	119	225	1	119	1	119	5.60e-46	151	100
P00026_07	3zhk_B	68.293	123	119	127	1	119	1	118	8.45e-46	147	100
P00026_07	3zhk_A	68.293	123	119	127	1	119	1	118	8.45e-46	147	100
P00026_07	3eak_B	67.692	130	119	137	1	119	1	127	1.20e-45	147	100
P00026_07	3eak_A	67.692	130	119	137	1	119	1	127	1.20e-45	147	100
P00026_07	7wk0_D	65.625	128	119	226	1	119	1	125	1.95e-45	150	100
P00026_07	7wk0_A	65.625	128	119	226	1	119	1	125	1.95e-45	150	100
P00026_07	7wjz_H	65.625	128	119	227	1	119	1	125	1.98e-45	150	100
P00026_07	7wjz_G	65.625	128	119	227	1	119	1	125	1.98e-45	150	100
P00026_07	7wjz_F	65.625	128	119	227	1	119	1	125	1.98e-45	150	100
P00026_07	7wjz_E	65.625	128	119	227	1	119	1	125	1.98e-45	150	100
P00026_08	9nh7_F	70.732	123	119	140	1	119	4	124	2.91e-49	157	100
P00026_08	9nh7_E	70.732	123	119	140	1	119	4	124	2.91e-49	157	100
P00026_08	7s0e_H	67.480	123	119	228	1	119	1	120	1.93e-46	152	100
P00026_08	6yax_III	67.769	121	119	218	1	119	1	116	3.73e-46	151	100
P00026_08	6yax_HHH	67.769	121	119	218	1	119	1	116	3.73e-46	151	100
P00026_08	7wk0_D	65.354	127	119	226	1	119	1	125	3.90e-46	152	100
P00026_08	7wk0_A	65.354	127	119	226	1	119	1	125	3.90e-46	152	100
P00026_08	7wjz_H	65.354	127	119	227	1	119	1	125	3.97e-46	152	100
P00026_08	7wjz_G	65.354	127	119	227	1	119	1	125	3.97e-46	152	100
P00026_08	7wjz_F	65.354	127	119	227	1	119	1	125	3.97e-46	152	100
P00026_08	7wjz_E	65.354	127	119	227	1	119	1	125	3.97e-46	152	100
P00026_08	7wjz_D	65.354	127	119	227	1	119	1	125	3.97e-46	152	100
P00026_08	7wjz_A	65.354	127	119	227	1	119	1	125	3.97e-46	152	100
P00026_08	7wjy_E	65.354	127	119	227	1	119	1	125	3.97e-46	152	100
P00026_08	7wjy_B	65.354	127	119	227	1	119	1	125	3.97e-46	152	100
P00026_08	9w7j_B	68.548	124	119	120	1	119	1	119	5.97e-46	147	100
P00026_08	9vq6_H	69.672	122	119	132	1	119	3	119	6.37e-46	148	100
P00026_08	9vq6_C	69.672	122	119	132	1	119	3	119	6.37e-46	148	100
P00026_08	9vq6_B	69.672	122	119	132	1	119	3	119	6.37e-46	148	100
P00026_08	9vq6_A	69.672	122	119	132	1	119	3	119	6.37e-46	148	100
P00027_00	3eak_B	67.669	133	125	137	1	125	1	127	3.88e-49	157	100
P00027_00	3eak_A	67.669	133	125	137	1	125	1	127	3.88e-49	157	100
P00027_00	9vq6_H	68.000	125	125	132	1	125	3	119	4.80e-48	154	100
P00027_00	9vq6_C	68.000	125	125	132	1	125	3	119	4.80e-48	154	100
P00027_00	9vq6_B	68.000	125	125	132	1	125	3	119	4.80e-48	154	100
P00027_00	9vq6_A	68.000	125	125	132	1	125	3	119	4.80e-48	154	100
P00027_00	9nh7_F	68.462	130	125	140	1	125	4	124	7.13e-47	151	100
P00027_00	9nh7_E	68.462	130	125	140	1	125	4	124	7.13e-47	151	100
P00027_00	8cwj_U	67.460	126	125	230	1	125	1	118	1.33e-46	153	100
P00027_00	8cwj_J	67.460	126	125	230	1	125	1	118	1.33e-46	153	100
P00027_00	7laa_H	64.000	125	125	226	1	125	1	124	3.97e-46	152	100
P00027_00	6mid_H	66.667	129	125	128	1	125	1	127	8.66e-46	148	100
P00027_00	4u3x_C	65.354	127	125	121	1	125	1	120	1.26e-45	147	100
P00027_00	4u3x_A	65.354	127	125	121	1	125	1	120	1.26e-45	147	100
P00027_00	4pgj_C	65.354	127	125	121	1	125	1	120	1.26e-45	147	100
P00027_00	4pgj_A	65.354	127	125	121	1	125	1	120	1.26e-45	147	100
P00027_00	9n4f_O	64.800	125	125	125	1	125	1	124	1.76e-45	147	100
P00027_00	9n4f_M	64.800	125	125	125	1	125	1	124	1.76e-45	147	100
P00027_00	9n4f_H	64.800	125	125	125	1	125	1	124	1.76e-45	147	100
P00027_00	7uaq_H	62.205	127	125	233	1	125	1	126	4.95e-45	149	100
P00027_01	3eak_B	68.750	128	125	137	1	125	1	127	4.23e-49	156	100
P00027_01	3eak_A	68.750	128	125	137	1	125	1	127	4.23e-49	156	100
P00027_01	9vq6_H	69.600	125	125	132	1	125	3	119	2.68e-48	154	100
P00027_01	9vq6_C	69.600	125	125	132	1	125	3	119	2.68e-48	154	100
P00027_01	9vq6_B	69.600	125	125	132	1	125	3	119	2.68e-48	154	100
P00027_01	9vq6_A	69.600	125	125	132	1	125	3	119	2.68e-48	154	100
P00027_01	9n4f_O	66.400	125	125	125	1	125	1	124	3.72e-47	151	100
P00027_01	9n4f_M	66.400	125	125	125	1	125	1	124	3.72e-47	151	100
P00027_01	9n4f_H	66.400	125	125	125	1	125	1	124	3.72e-47	151	100
P00027_01	9nh7_F	67.939	131	125	140	1	125	4	124	1.38e-46	150	100
P00027_01	9nh7_E	67.939	131	125	140	1	125	4	124	1.38e-46	150	100
P00027_01	9nrc_H	66.400	125	125	240	1	125	1	123	7.71e-46	152	100
P00027_01	5xj4_H	64.800	125	125	121	1	125	1	120	1.08e-45	147	100
P00027_01	6o1f_H	66.929	127	125	227	1	125	1	118	1.17e-45	150	100
P00027_01	5csz_A	68.504	127	125	228	1	125	1	125	1.60e-45	150	100
P00027_01	5csz_H	68.504	127	125	228	1	125	1	125	1.60e-45	150	100
P00027_01	9n7q_D	66.406	128	125	123	1	125	1	122	2.22e-45	147	100
P00027_01	9n7q_E	66.406	128	125	123	1	125	1	122	2.22e-45	147	100
P00027_01	9n7q_H	66.406	128	125	123	1	125	1	122	2.22e-45	147	100
P00027_01	7cbp_R	68.254	126	125	222	1	125	1	121	4.23e-45	149	100
P00027_02	3eak_B	67.669	133	125	137	1	125	1	127	2.80e-50	159	100
P00027_02	3eak_A	67.669	133	125	137	1	125	1	127	2.80e-50	159	100
P00027_02	9nh7_F	69.841	126	125	140	1	125	4	124	1.74e-47	152	100
P00027_02	9nh7_E	69.841	126	125	140	1	125	4	124	1.74e-47	152	100
P00027_02	8cwj_U	68.254	126	125	230	1	125	1	118	1.94e-47	155	100
P00027_02	8cwj_J	68.254	126	125	230	1	125	1	118	1.94e-47	155	100
P00027_02	8j9k_D	67.442	129	125	125	1	125	2	124	2.54e-47	152	100
P00027_02	9vq6_H	68.800	125	125	132	1	125	3	119	3.40e-47	151	100
P00027_02	9vq6_C	68.800	125	125	132	1	125	3	119	3.40e-47	151	100
P00027_02	9vq6_B	68.800	125	125	132	1	125	3	119	3.40e-47	151	100
P00027_02	9vq6_A	68.800	125	125	132	1	125	3	119	3.40e-47	151	100
P00027_02	9n4f_O	64.800	125	125	125	1	125	1	124	8.55e-47	150	100
P00027_02	9n4f_M	64.800	125	125	125	1	125	1	124	8.55e-47	150	100
P00027_02	9n4f_H	64.800	125	125	125	1	125	1	124	8.55e-47	150	100
P00027_02	4u3x_C	66.142	127	125	121	1	125	1	120	7.62e-46	147	100
P00027_02	4u3x_A	66.142	127	125	121	1	125	1	120	7.62e-46	147	100
P00027_02	4pgj_C	66.142	127	125	121	1	125	1	120	7.62e-46	147	100
P00027_02	4pgj_A	66.142	127	125	121	1	125	1	120	7.62e-46	147	100
P00027_02	6o1f_H	66.667	126	125	227	1	125	1	118	9.96e-46	151	100
P00027_02	8cwk_A	67.460	126	125	232	1	125	1	120	1.46e-45	150	100
P00027_03	3eak_B	66.667	129	125	137	1	125	1	127	4.47e-49	156	100
P00027_03	3eak_A	66.667	129	125	137	1	125	1	127	4.47e-49	156	100
P00027_03	9nh7_F	67.176	131	125	140	1	125	4	124	5.61e-45	146	100
P00027_03	9nh7_E	67.176	131	125	140	1	125	4	124	5.61e-45	146	100
P00027_03	9lqi_A	65.079	126	125	121	1	125	1	120	4.10e-44	143	100
P00027_03	9lqi_B	65.079	126	125	121	1	125	1	120	4.10e-44	143	100
P00027_03	9vq6_H	66.667	129	125	132	1	125	3	119	8.24e-44	143	100
P00027_03	9vq6_C	66.667	129	125	132	1	125	3	119	8.24e-44	143	100
P00027_03	9vq6_B	66.667	129	125	132	1	125	3	119	8.24e-44	143	100
P00027_03	9vq6_A	66.667	129	125	132	1	125	3	119	8.24e-44	143	100
P00027_03	8cwj_U	67.188	128	125	230	1	125	1	118	1.43e-43	145	100
P00027_03	8cwj_J	67.188	128	125	230	1	125	1	118	1.43e-43	145	100
P00027_03	8cwk_A	67.188	128	125	232	1	125	1	120	3.26e-43	145	100
P00027_03	5veb_H	65.625	128	125	225	1	125	1	117	4.99e-43	144	100
P00027_03	7tdn_H	63.077	130	125	237	1	125	4	128	6.71e-43	144	100
P00027_03	6t2j_B	65.873	126	125	120	1	125	1	119	1.32e-42	139	100
P00027_03	6t2j_A	65.873	126	125	120	1	125	1	119	1.32e-42	139	100
P00027_03	6sc9_C	65.873	126	125	120	1	125	1	119	1.32e-42	139	100
P00027_03	6sc9_B	65.873	126	125	120	1	125	1	119	1.32e-42	139	100
P00027_03	6sc8_C	65.873	126	125	120	1	125	1	119	1.32e-42	139	100
P00027_04	3eak_B	66.667	132	125	137	1	125	1	127	1.67e-50	160	100
P00027_04	3eak_A	66.667	132	125	137	1	125	1	127	1.67e-50	160	100
P00027_04	9vq6_H	68.000	125	125	132	1	125	3	119	3.98e-48	154	100
P00027_04	9vq6_C	68.000	125	125	132	1	125	3	119	3.98e-48	154	100
P00027_04	9vq6_B	68.000	125	125	132	1	125	3	119	3.98e-48	154	100
P00027_04	9vq6_A	68.000	125	125	132	1	125	3	119	3.98e-48	154	100
P00027_04	5csz_A	65.873	126	125	228	1	125	1	125	7.37e-47	154	100
P00027_04	5csz_H	65.873	126	125	228	1	125	1	125	7.37e-47	154	100
P00027_04	7l2e_I	67.460	126	125	229	1	125	1	121	7.58e-47	154	100
P00027_04	7l2e_G	67.460	126	125	229	1	125	1	121	7.58e-47	154	100
P00027_04	7l2e_H	67.460	126	125	229	1	125	1	121	7.58e-47	154	100
P00027_04	6o1f_H	67.717	127	125	227	1	125	1	118	9.50e-47	154	100
P00027_04	6t2j_B	65.600	125	125	120	1	125	1	119	1.06e-46	150	100
P00027_04	6t2j_A	65.600	125	125	120	1	125	1	119	1.06e-46	150	100
P00027_04	6sc9_C	65.600	125	125	120	1	125	1	119	1.06e-46	150	100
P00027_04	6sc9_B	65.600	125	125	120	1	125	1	119	1.06e-46	150	100
P00027_04	6sc8_C	65.600	125	125	120	1	125	1	119	1.06e-46	150	100
P00027_04	6sc8_B	65.600	125	125	120	1	125	1	119	1.06e-46	150	100
P00027_04	6sc7_C	65.600	125	125	120	1	125	1	119	1.06e-46	150	100
P00027_04	6sc7_B	65.600	125	125	120	1	125	1	119	1.06e-46	150	100
P00027_05	3eak_B	68.421	133	125	137	1	125	1	127	2.44e-51	162	100
P00027_05	3eak_A	68.421	133	125	137	1	125	1	127	2.44e-51	162	100
P00027_05	9vq6_H	68.000	125	125	132	1	125	3	119	2.79e-47	152	100
P00027_05	9vq6_C	68.000	125	125	132	1	125	3	119	2.79e-47	152	100
P00027_05	9vq6_B	68.000	125	125	132	1	125	3	119	2.79e-47	152	100
P00027_05	9vq6_A	68.000	125	125	132	1	125	3	119	2.79e-47	152	100
P00027_05	9nh7_F	68.182	132	125	140	1	125	4	124	1.25e-46	150	100
P00027_05	9nh7_E	68.182	132	125	140	1	125	4	124	1.25e-46	150	100
P00027_05	6t2j_B	66.667	126	125	120	1	125	1	119	6.67e-45	145	100
P00027_05	6t2j_A	66.667	126	125	120	1	125	1	119	6.67e-45	145	100
P00027_05	6sc9_C	66.667	126	125	120	1	125	1	119	6.67e-45	145	100
P00027_05	6sc9_B	66.667	126	125	120	1	125	1	119	6.67e-45	145	100
P00027_05	6sc8_C	66.667	126	125	120	1	125	1	119	6.67e-45	145	100
P00027_05	6sc8_B	66.667	126	125	120	1	125	1	119	6.67e-45	145	100
P00027_05	6sc7_C	66.667	126	125	120	1	125	1	119	6.67e-45	145	100
P00027_05	6sc7_B	66.667	126	125	120	1	125	1	119	6.67e-45	145	100
P00027_05	6sc6_C	66.667	126	125	120	1	125	1	119	6.67e-45	145	100
P00027_05	6sc6_B	66.667	126	125	120	1	125	1	119	6.67e-45	145	100
P00027_05	6sc5_C	66.667	126	125	120	1	125	1	119	6.67e-45	145	100
P00027_05	6sc5_B	66.667	126	125	120	1	125	1	119	6.67e-45	145	100
P00027_06	3eak_B	66.917	133	125	137	1	125	1	127	1.28e-48	155	100
P00027_06	3eak_A	66.917	133	125	137	1	125	1	127	1.28e-48	155	100
P00027_06	9vq6_H	68.800	125	125	132	1	125	3	119	6.71e-47	150	100
P00027_06	9vq6_C	68.800	125	125	132	1	125	3	119	6.71e-47	150	100
P00027_06	9vq6_B	68.800	125	125	132	1	125	3	119	6.71e-47	150	100
P00027_06	9vq6_A	68.800	125	125	132	1	125	3	119	6.71e-47	150	100
P00027_06	9nh7_F	67.176	131	125	140	1	125	4	124	4.44e-46	149	100
P00027_06	9nh7_E	67.176	131	125	140	1	125	4	124	4.44e-46	149	100
P00027_06	8cwj_U	68.254	126	125	230	1	125	1	118	4.49e-46	152	100
P00027_06	8cwj_J	68.254	126	125	230	1	125	1	118	4.49e-46	152	100
P00027_06	9n4f_O	64.000	125	125	125	1	125	1	124	2.47e-45	146	100
P00027_06	9n4f_M	64.000	125	125	125	1	125	1	124	2.47e-45	146	100
P00027_06	9n4f_H	64.000	125	125	125	1	125	1	124	2.47e-45	146	100
P00027_06	5csz_A	65.079	126	125	228	1	125	1	125	4.85e-45	149	100
P00027_06	5csz_H	65.079	126	125	228	1	125	1	125	4.85e-45	149	100
P00027_06	4u3x_C	66.667	129	125	121	1	125	1	120	5.97e-45	145	100
P00027_06	4u3x_A	66.667	129	125	121	1	125	1	120	5.97e-45	145	100
P00027_06	4pgj_C	66.667	129	125	121	1	125	1	120	5.97e-45	145	100
P00027_06	4pgj_A	66.667	129	125	121	1	125	1	120	5.97e-45	145	100
P00027_06	8cwk_A	68.254	126	125	232	1	125	1	120	7.43e-45	149	100
P00027_07	3eak_B	68.750	128	125	137	1	125	1	127	2.18e-50	160	100
P00027_07	3eak_A	68.750	128	125	137	1	125	1	127	2.18e-50	160	100
P00027_07	9nh7_F	68.702	131	125	140	1	125	4	124	1.86e-47	152	100
P00027_07	9nh7_E	68.702	131	125	140	1	125	4	124	1.86e-47	152	100
P00027_07	8cwj_U	69.841	126	125	230	1	125	1	118	8.23e-47	154	100
P00027_07	8cwj_J	69.841	126	125	230	1	125	1	118	8.23e-47	154	100
P00027_07	9vq6_H	69.600	125	125	132	1	125	3	119	1.84e-46	149	100
P00027_07	9vq6_C	69.600	125	125	132	1	125	3	119	1.84e-46	149	100
P00027_07	9vq6_B	69.600	125	125	132	1	125	3	119	1.84e-46	149	100
P00027_07	9vq6_A	69.600	125	125	132	1	125	3	119	1.84e-46	149	100
P00027_07	8cwk_A	68.750	128	125	232	1	125	1	120	4.70e-46	152	100
P00027_07	9lp1_A	64.800	125	125	117	1	125	1	116	1.60e-45	147	100
P00027_07	9lp0_D	64.800	125	125	117	1	125	1	116	1.60e-45	147	100
P00027_07	9loz_B	64.800	125	125	117	1	125	1	116	1.60e-45	147	100
P00027_07	9loy_H	64.800	125	125	117	1	125	1	116	1.60e-45	147	100
P00027_07	9loy_E	64.800	125	125	117	1	125	1	116	1.60e-45	147	100
P00027_07	7xst_D	64.800	125	125	117	1	125	1	116	1.60e-45	147	100
P00027_07	7xst_H	64.800	125	125	117	1	125	1	116	1.60e-45	147	100
P00027_07	7xst_L	64.800	125	125	117	1	125	1	116	1.60e-45	147	100
P00027_07	7xmx_K	64.800	125	125	117	1	125	1	116	1.60e-45	147	100
P00027_08	3eak_B	67.669	133	125	137	1	125	1	127	1.38e-49	157	100
P00027_08	3eak_A	67.669	133	125	137	1	125	1	127	1.38e-49	157	100
P00027_08	9nh7_F	66.667	132	125	140	1	125	4	124	2.91e-45	147	100
P00027_08	9nh7_E	66.667	132	125	140	1	125	4	124	2.91e-45	147	100
P00027_08	9vq6_H	67.200	125	125	132	1	125	3	119	3.23e-45	146	100
P00027_08	9vq6_C	67.200	125	125	132	1	125	3	119	3.23e-45	146	100
P00027_08	9vq6_B	67.200	125	125	132	1	125	3	119	3.23e-45	146	100
P00027_08	9vq6_A	67.200	125	125	132	1	125	3	119	3.23e-45	146	100
P00027_08	4u3x_C	64.567	127	125	121	1	125	1	120	2.92e-44	144	100
P00027_08	4u3x_A	64.567	127	125	121	1	125	1	120	2.92e-44	144	100
P00027_08	4pgj_C	64.567	127	125	121	1	125	1	120	2.92e-44	144	100
P00027_08	4pgj_A	64.567	127	125	121	1	125	1	120	2.92e-44	144	100
P00027_08	3qyc_B	62.698	126	125	146	1	125	3	126	6.01e-44	144	100
P00027_08	3qyc_A	62.698	126	125	146	1	125	3	126	6.01e-44	144	100
P00027_08	7nc0_H	64.800	125	125	217	1	125	1	116	6.93e-44	146	100
P00027_08	7nfa_D	64.800	125	125	228	1	125	1	116	7.50e-44	146	100
P00027_08	7nfa_C	64.800	125	125	228	1	125	1	116	7.50e-44	146	100
P00027_08	8cwk_A	66.667	129	125	232	1	125	1	120	1.05e-43	146	100
P00027_08	8cwj_U	64.885	131	125	230	1	125	1	118	1.37e-43	145	100
P00027_08	8cwj_J	64.885	131	125	230	1	125	1	118	1.37e-43	145	100
P00028_00	7tzg_B	66.667	126	127	248	1	126	3	122	3.04e-50	163	99
P00028_00	7tzg_A	66.667	126	127	248	1	126	3	122	3.04e-50	163	99
P00028_00	7tzh_A	66.667	126	127	247	1	126	3	122	3.36e-50	163	99
P00028_00	7tzh_C	66.667	126	127	247	1	126	3	122	3.36e-50	163	99
P00028_00	9vq6_H	67.717	127	127	132	1	127	3	119	3.44e-50	159	100
P00028_00	9vq6_C	67.717	127	127	132	1	127	3	119	3.44e-50	159	100
P00028_00	9vq6_B	67.717	127	127	132	1	127	3	119	3.44e-50	159	100
P00028_00	9vq6_A	67.717	127	127	132	1	127	3	119	3.44e-50	159	100
P00028_00	9w7j_B	66.142	127	127	120	1	127	1	119	9.30e-50	157	100
P00028_00	7s0e_H	66.142	127	127	228	1	127	1	120	1.16e-49	161	100
P00028_00	4uu9_H	64.341	129	127	123	1	127	1	123	1.18e-49	157	100
P00028_00	4uu9_A	64.341	129	127	123	1	127	1	123	1.18e-49	157	100
P00028_00	6rqm_B	67.969	128	127	144	1	127	1	127	1.22e-49	158	100
P00028_00	9nh7_F	66.929	127	127	140	1	127	4	124	7.87e-49	156	100
P00028_00	9nh7_E	66.929	127	127	140	1	127	4	124	7.87e-49	156	100
P00028_00	3kdm_B	66.142	127	127	225	1	127	1	121	1.00e-48	159	100
P00028_00	3kdm_H	66.142	127	127	225	1	127	1	121	1.00e-48	159	100
P00028_00	9yrq_F	64.567	127	127	239	1	127	1	122	1.15e-48	159	100
P00028_00	9yrq_H	64.567	127	127	239	1	127	1	122	1.15e-48	159	100
P00028_00	6azm_D	64.567	127	127	225	1	127	1	124	1.23e-48	158	100
P00028_01	3kdm_B	69.291	127	127	225	1	127	1	121	8.85e-50	161	100
P00028_01	3kdm_H	69.291	127	127	225	1	127	1	121	8.85e-50	161	100
P00028_01	9vq6_H	69.291	127	127	132	1	127	3	119	1.16e-49	158	100
P00028_01	9vq6_C	69.291	127	127	132	1	127	3	119	1.16e-49	158	100
P00028_01	9vq6_B	69.291	127	127	132	1	127	3	119	1.16e-49	158	100
P00028_01	9vq6_A	69.291	127	127	132	1	127	3	119	1.16e-49	158	100
P00028_01	9w7j_B	67.717	127	127	120	1	127	1	119	1.41e-49	157	100
P00028_01	7tzh_A	67.460	126	127	247	1	126	3	122	4.77e-49	160	99
P00028_01	7tzh_C	67.460	126	127	247	1	126	3	122	4.77e-49	160	99
P00028_01	7tzg_B	67.460	126	127	248	1	126	3	122	5.02e-49	160	99
P00028_01	7tzg_A	67.460	126	127	248	1	126	3	122	5.02e-49	160	99
P00028_01	9n4f_O	66.142	127	127	125	1	127	1	124	5.68e-49	156	100
P00028_01	9n4f_M	66.142	127	127	125	1	127	1	124	5.68e-49	156	100
P00028_01	9n4f_H	66.142	127	127	125	1	127	1	124	5.68e-49	156	100
P00028_01	9nw6_G	66.929	127	127	234	1	127	1	121	8.50e-49	159	100
P00028_01	9nw6_E	66.929	127	127	234	1	127	1	121	8.50e-49	159	100
P00028_01	8xse_M	68.504	127	127	226	1	127	1	122	1.92e-48	158	100
P00028_01	9udq_I	66.142	127	127	236	1	127	1	122	5.02e-48	157	100
P00028_01	9udq_F	66.142	127	127	236	1	127	1	122	5.02e-48	157	100
P00028_01	6d01_G	66.929	127	127	226	1	127	1	122	5.35e-48	157	100
P00028_02	7tzg_B	66.667	126	127	248	1	126	3	122	8.51e-51	164	99
P00028_02	7tzg_A	66.667	126	127	248	1	126	3	122	8.51e-51	164	99
P00028_02	7tzh_A	66.667	126	127	247	1	126	3	122	9.42e-51	164	99
P00028_02	7tzh_C	66.667	126	127	247	1	126	3	122	9.42e-51	164	99
P00028_02	9vq6_H	67.969	128	127	132	1	127	3	119	1.23e-50	160	100
P00028_02	9vq6_C	67.969	128	127	132	1	127	3	119	1.23e-50	160	100
P00028_02	9vq6_B	67.969	128	127	132	1	127	3	119	1.23e-50	160	100
P00028_02	9vq6_A	67.969	128	127	132	1	127	3	119	1.23e-50	160	100
P00028_02	6rqm_B	67.969	128	127	144	1	127	1	127	1.83e-50	160	100
P00028_02	3kdm_B	66.929	127	127	225	1	127	1	121	4.00e-50	162	100
P00028_02	3kdm_H	66.929	127	127	225	1	127	1	121	4.00e-50	162	100
P00028_02	9w7j_B	66.142	127	127	120	1	127	1	119	4.51e-50	158	100
P00028_02	4uu9_H	64.567	127	127	123	1	127	1	123	5.65e-50	158	100
P00028_02	4uu9_A	64.567	127	127	123	1	127	1	123	5.65e-50	158	100
P00028_02	7s0e_H	65.354	127	127	228	1	127	1	120	2.18e-49	160	100
P00028_02	6azm_D	64.567	127	127	225	1	127	1	124	5.00e-49	159	100
P00028_02	6azm_B	64.567	127	127	225	1	127	1	124	5.00e-49	159	100
P00028_02	9nh7_F	66.929	127	127	140	1	127	4	124	6.25e-49	156	100
P00028_02	9nh7_E	66.929	127	127	140	1	127	4	124	6.25e-49	156	100
P00028_02	8cyj_C	61.719	128	127	128	1	127	1	127	1.06e-48	155	100
P00028_03	8eqf_H	68.504	127	127	123	1	127	1	122	3.18e-52	164	100
P00028_03	7tzg_B	68.254	126	127	248	1	126	3	122	6.75e-52	167	99
P00028_03	7tzg_A	68.254	126	127	248	1	126	3	122	6.75e-52	167	99
P00028_03	7tzh_A	68.254	126	127	247	1	126	3	122	7.89e-52	167	99
P00028_03	7tzh_C	68.254	126	127	247	1	126	3	122	7.89e-52	167	99
P00028_03	9w7j_B	67.717	127	127	120	1	127	1	119	8.55e-52	163	100
P00028_03	4uu9_H	65.354	127	127	123	1	127	1	123	1.06e-51	162	100
P00028_03	4uu9_A	65.354	127	127	123	1	127	1	123	1.06e-51	162	100
P00028_03	3kdm_B	68.504	127	127	225	1	127	1	121	1.17e-51	166	100
P00028_03	3kdm_H	68.504	127	127	225	1	127	1	121	1.17e-51	166	100
P00028_03	9sfx_B	66.142	127	127	133	1	127	1	126	1.62e-51	162	100
P00028_03	9n4f_O	66.142	127	127	125	1	127	1	124	3.93e-51	161	100
P00028_03	9n4f_M	66.142	127	127	125	1	127	1	124	3.93e-51	161	100
P00028_03	9n4f_H	66.142	127	127	125	1	127	1	124	3.93e-51	161	100
P00028_03	8xse_M	68.504	127	127	226	1	127	1	122	4.09e-51	165	100
P00028_03	6rqm_B	68.217	129	127	144	1	127	1	127	8.51e-51	161	100
P00028_03	9vq6_H	68.504	127	127	132	1	127	3	119	8.76e-51	160	100
P00028_03	9vq6_C	68.504	127	127	132	1	127	3	119	8.76e-51	160	100
P00028_03	9vq6_B	68.504	127	127	132	1	127	3	119	8.76e-51	160	100
P00028_03	9vq6_A	68.504	127	127	132	1	127	3	119	8.76e-51	160	100
P00028_04	9vq6_H	67.442	129	127	132	1	127	3	119	2.91e-49	157	100
P00028_04	9vq6_C	67.442	129	127	132	1	127	3	119	2.91e-49	157	100
P00028_04	9vq6_B	67.442	129	127	132	1	127	3	119	2.91e-49	157	100
P00028_04	9vq6_A	67.442	129	127	132	1	127	3	119	2.91e-49	157	100
P00028_04	3kdm_B	67.717	127	127	225	1	127	1	121	4.02e-49	159	100
P00028_04	3kdm_H	67.717	127	127	225	1	127	1	121	4.02e-49	159	100
P00028_04	7tzg_B	66.667	126	127	248	1	126	3	122	1.13e-48	159	99
P00028_04	7tzg_A	66.667	126	127	248	1	126	3	122	1.13e-48	159	99
P00028_04	7tzh_A	66.667	126	127	247	1	126	3	122	1.24e-48	159	99
P00028_04	7tzh_C	66.667	126	127	247	1	126	3	122	1.24e-48	159	99
P00028_04	4uu9_H	63.566	129	127	123	1	127	1	123	2.45e-48	154	100
P00028_04	4uu9_A	63.566	129	127	123	1	127	1	123	2.45e-48	154	100
P00028_04	9w7j_B	65.649	131	127	120	1	127	1	119	3.10e-48	154	100
P00028_04	3eak_B	65.116	129	127	137	1	127	1	127	8.14e-48	153	100
P00028_04	3eak_A	65.116	129	127	137	1	127	1	127	8.14e-48	153	100
P00028_04	6d01_G	66.142	127	127	226	1	127	1	122	1.02e-47	156	100
P00028_04	6d01_E	66.142	127	127	226	1	127	1	122	1.02e-47	156	100
P00028_04	6d01_C	66.142	127	127	226	1	127	1	122	1.02e-47	156	100
P00028_04	6d01_A	66.142	127	127	226	1	127	1	122	1.02e-47	156	100
P00028_04	9n4f_O	63.780	127	127	125	1	127	1	124	1.19e-47	152	100
P00028_05	7tzg_B	65.873	126	127	248	1	126	3	122	1.03e-50	164	99
P00028_05	7tzg_A	65.873	126	127	248	1	126	3	122	1.03e-50	164	99
P00028_05	7tzh_A	65.873	126	127	247	1	126	3	122	1.15e-50	164	99
P00028_05	7tzh_C	65.873	126	127	247	1	126	3	122	1.15e-50	164	99
P00028_05	4uu9_H	65.354	127	127	123	1	127	1	123	1.19e-50	160	100
P00028_05	4uu9_A	65.354	127	127	123	1	127	1	123	1.19e-50	160	100
P00028_05	9vq6_H	65.909	132	127	132	1	127	3	119	2.83e-50	159	100
P00028_05	9vq6_C	65.909	132	127	132	1	127	3	119	2.83e-50	159	100
P00028_05	9vq6_B	65.909	132	127	132	1	127	3	119	2.83e-50	159	100
P00028_05	9vq6_A	65.909	132	127	132	1	127	3	119	2.83e-50	159	100
P00028_05	6rqm_B	67.969	128	127	144	1	127	1	127	3.85e-50	159	100
P00028_05	9w7j_B	65.354	127	127	120	1	127	1	119	2.00e-49	157	100
P00028_05	3kdm_B	65.354	127	127	225	1	127	1	121	5.45e-49	159	100
P00028_05	3kdm_H	65.354	127	127	225	1	127	1	121	5.45e-49	159	100
P00028_05	9nh7_F	67.717	127	127	140	1	127	4	124	6.90e-49	156	100
P00028_05	9nh7_E	67.717	127	127	140	1	127	4	124	6.90e-49	156	100
P00028_05	3eak_B	66.667	129	127	137	1	127	1	127	8.08e-49	156	100
P00028_05	3eak_A	66.667	129	127	137	1	127	1	127	8.08e-49	156	100
P00028_05	9yrq_F	63.780	127	127	239	1	127	1	122	1.00e-48	159	100
P00028_05	9yrq_H	63.780	127	127	239	1	127	1	122	1.00e-48	159	100
P00028_06	9w7j_B	66.929	127	127	120	1	127	1	119	2.19e-51	162	100
P00028_06	9vq6_H	67.188	128	127	132	1	127	3	119	3.44e-50	159	100
P00028_06	9vq6_C	67.188	128	127	132	1	127	3	119	3.44e-50	159	100
P00028_06	9vq6_B	67.188	128	127	132	1	127	3	119	3.44e-50	159	100
P00028_06	9vq6_A	67.188	128	127	132	1	127	3	119	3.44e-50	159	100
P00028_06	7tzg_B	65.873	126	127	248	1	126	3	122	5.29e-50	162	99
P00028_06	7tzg_A	65.873	126	127	248	1	126	3	122	5.29e-50	162	99
P00028_06	7tzh_A	65.873	126	127	247	1	126	3	122	5.92e-50	162	99
P00028_06	7tzh_C	65.873	126	127	247	1	126	3	122	5.92e-50	162	99
P00028_06	8xse_M	67.717	127	127	226	1	127	1	122	3.96e-49	159	100
P00028_06	7s0c_M	64.567	127	127	230	1	127	1	122	5.90e-49	159	100
P00028_06	7s0c_H	64.567	127	127	230	1	127	1	122	5.90e-49	159	100
P00028_06	9n4f_O	64.567	127	127	125	1	127	1	124	8.25e-49	155	100
P00028_06	9n4f_M	64.567	127	127	125	1	127	1	124	8.25e-49	155	100
P00028_06	9n4f_H	64.567	127	127	125	1	127	1	124	8.25e-49	155	100
P00028_06	9nh7_F	66.929	127	127	140	1	127	4	124	1.12e-48	155	100
P00028_06	9nh7_E	66.929	127	127	140	1	127	4	124	1.12e-48	155	100
P00028_06	7s0e_H	65.354	127	127	228	1	127	1	120	1.27e-48	158	100
P00028_06	9ls3_H	67.717	127	127	219	1	127	1	121	1.81e-48	157	100
P00028_06	9ls3_F	67.717	127	127	219	1	127	1	121	1.81e-48	157	100
P00028_07	9vq6_H	67.717	127	127	132	1	127	3	119	3.15e-50	159	100
P00028_07	9vq6_C	67.717	127	127	132	1	127	3	119	3.15e-50	159	100
P00028_07	9vq6_B	67.717	127	127	132	1	127	3	119	3.15e-50	159	100
P00028_07	9vq6_A	67.717	127	127	132	1	127	3	119	3.15e-50	159	100
P00028_07	9w7j_B	66.929	127	127	120	1	127	1	119	4.27e-50	159	100
P00028_07	7tzg_B	66.667	126	127	248	1	126	3	122	2.85e-49	160	99
P00028_07	7tzg_A	66.667	126	127	248	1	126	3	122	2.85e-49	160	99
P00028_07	7tzh_A	66.667	126	127	247	1	126	3	122	2.96e-49	160	99
P00028_07	7tzh_C	66.667	126	127	247	1	126	3	122	2.96e-49	160	99
P00028_07	8xse_M	67.717	127	127	226	1	127	1	122	9.89e-49	159	100
P00028_07	6rqm_B	67.969	128	127	144	1	127	1	127	1.06e-48	155	100
P00028_07	3zhk_B	64.567	127	127	127	1	127	1	118	2.43e-48	154	100
P00028_07	3zhk_A	64.567	127	127	127	1	127	1	118	2.43e-48	154	100
P00028_07	8jen_G	66.142	127	127	222	1	127	1	118	2.48e-48	157	100
P00028_07	8jen_E	66.142	127	127	222	1	127	1	118	2.48e-48	157	100
P00028_07	8jen_C	66.142	127	127	222	1	127	1	118	2.48e-48	157	100
P00028_07	8jen_A	66.142	127	127	222	1	127	1	118	2.48e-48	157	100
P00028_07	8jel_I	66.142	127	127	222	1	127	1	118	2.48e-48	157	100
P00028_07	8jel_F	66.142	127	127	222	1	127	1	118	2.48e-48	157	100
P00028_07	8jel_A	66.142	127	127	222	1	127	1	118	2.48e-48	157	100
P00028_08	8xse_M	69.291	127	127	226	1	127	1	122	2.20e-52	168	100
P00028_08	7s0c_M	66.142	127	127	230	1	127	1	122	5.26e-52	167	100
P00028_08	7s0c_H	66.142	127	127	230	1	127	1	122	5.26e-52	167	100
P00028_08	7s0e_H	66.929	127	127	228	1	127	1	120	7.02e-52	167	100
P00028_08	9w7j_B	66.929	127	127	120	1	127	1	119	8.65e-52	163	100
P00028_08	6rqm_B	68.992	129	127	144	1	127	1	127	1.31e-51	163	100
P00028_08	7tzg_B	66.667	126	127	248	1	126	3	122	1.80e-51	166	99
P00028_08	7tzg_A	66.667	126	127	248	1	126	3	122	1.80e-51	166	99
P00028_08	7tzh_A	66.667	126	127	247	1	126	3	122	2.03e-51	166	99
P00028_08	7tzh_C	66.667	126	127	247	1	126	3	122	2.03e-51	166	99
P00028_08	9vq6_H	66.929	127	127	132	1	127	3	119	3.45e-51	162	100
P00028_08	9vq6_C	66.929	127	127	132	1	127	3	119	3.45e-51	162	100
P00028_08	9vq6_B	66.929	127	127	132	1	127	3	119	3.45e-51	162	100
P00028_08	9vq6_A	66.929	127	127	132	1	127	3	119	3.45e-51	162	100
P00028_08	4uu9_H	65.354	127	127	123	1	127	1	123	1.33e-50	160	100
P00028_08	4uu9_A	65.354	127	127	123	1	127	1	123	1.33e-50	160	100
P00028_08	9nh7_F	67.717	127	127	140	1	127	4	124	1.42e-50	160	100
P00028_08	9nh7_E	67.717	127	127	140	1	127	4	124	1.42e-50	160	100
P00028_08	6d01_G	66.142	127	127	226	1	127	1	122	4.07e-50	162	100
P00028_08	6d01_E	66.142	127	127	226	1	127	1	122	4.07e-50	162	100
P00029_00	9nh7_F	66.929	127	127	140	1	127	4	124	1.66e-49	157	100
P00029_00	9nh7_E	66.929	127	127	140	1	127	4	124	1.66e-49	157	100
P00029_00	9vq6_H	66.929	127	127	132	1	127	3	119	5.48e-48	154	100
P00029_00	9vq6_C	66.929	127	127	132	1	127	3	119	5.48e-48	154	100
P00029_00	9vq6_B	66.929	127	127	132	1	127	3	119	5.48e-48	154	100
P00029_00	9vq6_A	66.929	127	127	132	1	127	3	119	5.48e-48	154	100
P00029_00	6rqm_B	65.385	130	127	144	1	127	1	127	1.33e-47	153	100
P00029_00	8vyf_B	64.567	127	127	122	1	127	1	121	2.34e-47	152	100
P00029_00	8vye_P	64.567	127	127	122	1	127	1	121	2.34e-47	152	100
P00029_00	8vye_F	64.567	127	127	122	1	127	1	121	2.34e-47	152	100
P00029_00	8vye_B	64.567	127	127	122	1	127	1	121	2.34e-47	152	100
P00029_00	7tm0_I	64.567	127	127	122	1	127	1	121	2.34e-47	152	100
P00029_00	7tm0_G	64.567	127	127	122	1	127	1	121	2.34e-47	152	100
P00029_00	7tm0_E	64.567	127	127	122	1	127	1	121	2.34e-47	152	100
P00029_00	7tlz_B	64.567	127	127	122	1	127	1	121	2.34e-47	152	100
P00029_00	9c45_H	64.567	127	127	121	1	127	1	121	2.64e-47	151	100
P00029_00	9c44_F	64.567	127	127	121	1	127	1	121	2.64e-47	151	100
P00029_00	9c44_E	64.567	127	127	121	1	127	1	121	2.64e-47	151	100
P00029_00	9c44_H	64.567	127	127	121	1	127	1	121	2.64e-47	151	100
P00029_00	8gtq_J	64.567	127	127	121	1	127	1	121	2.64e-47	151	100
P00029_01	9nh7_F	66.929	127	127	140	1	127	4	124	8.66e-51	161	100
P00029_01	9nh7_E	66.929	127	127	140	1	127	4	124	8.66e-51	161	100
P00029_01	9sfx_B	63.780	127	127	133	1	127	1	126	7.70e-49	155	100
P00029_01	9mmv_H	65.354	127	127	218	1	127	1	113	2.02e-48	157	100
P00029_01	3eak_B	65.116	129	127	137	1	127	1	127	3.14e-48	154	100
P00029_01	3eak_A	65.116	129	127	137	1	127	1	127	3.14e-48	154	100
P00029_01	6t2j_B	62.992	127	127	120	1	127	1	119	4.03e-48	154	100
P00029_01	6t2j_A	62.992	127	127	120	1	127	1	119	4.03e-48	154	100
P00029_01	6sc9_C	62.992	127	127	120	1	127	1	119	4.03e-48	154	100
P00029_01	6sc9_B	62.992	127	127	120	1	127	1	119	4.03e-48	154	100
P00029_01	6sc8_C	62.992	127	127	120	1	127	1	119	4.03e-48	154	100
P00029_01	6sc8_B	62.992	127	127	120	1	127	1	119	4.03e-48	154	100
P00029_01	6sc7_C	62.992	127	127	120	1	127	1	119	4.03e-48	154	100
P00029_01	6sc7_B	62.992	127	127	120	1	127	1	119	4.03e-48	154	100
P00029_01	6sc6_C	62.992	127	127	120	1	127	1	119	4.03e-48	154	100
P00029_01	6sc6_B	62.992	127	127	120	1	127	1	119	4.03e-48	154	100
P00029_01	6sc5_C	62.992	127	127	120	1	127	1	119	4.03e-48	154	100
P00029_01	6sc5_B	62.992	127	127	120	1	127	1	119	4.03e-48	154	100
P00029_01	1dee_F	65.116	129	127	223	1	127	1	120	1.02e-47	156	100
P00029_01	1dee_D	65.116	129	127	223	1	127	1	120	1.02e-47	156	100
P00029_02	9nh7_F	67.717	127	127	140	1	127	4	124	6.63e-53	166	100
P00029_02	9nh7_E	67.717	127	127	140	1	127	4	124	6.63e-53	166	100
P00029_02	8cyj_C	63.077	130	127	128	1	127	1	127	4.66e-50	159	100
P00029_02	3eak_B	64.341	129	127	137	1	127	1	127	2.30e-49	157	100
P00029_02	3eak_A	64.341	129	127	137	1	127	1	127	2.30e-49	157	100
P00029_02	9lh2_D	63.077	130	127	134	1	127	1	127	2.36e-49	157	100
P00029_02	9lh2_B	63.077	130	127	134	1	127	1	127	2.36e-49	157	100
P00029_02	8k4q_D	63.780	127	127	121	1	127	3	120	6.38e-49	155	100
P00029_02	8k4q_B	63.780	127	127	121	1	127	3	120	6.38e-49	155	100
P00029_02	9sfx_B	63.780	127	127	133	1	127	1	126	1.00e-48	155	100
P00029_02	6rqm_B	64.615	130	127	144	1	127	1	127	1.16e-48	155	100
P00029_02	9vq6_H	66.142	127	127	132	1	127	3	119	1.31e-48	155	100
P00029_02	9vq6_C	66.142	127	127	132	1	127	3	119	1.31e-48	155	100
P00029_02	9vq6_B	66.142	127	127	132	1	127	3	119	1.31e-48	155	100
P00029_02	9vq6_A	66.142	127	127	132	1	127	3	119	1.31e-48	155	100
P00029_02	8vyf_B	63.780	127	127	122	1	127	1	121	2.40e-48	154	100
P00029_02	8vye_P	63.780	127	127	122	1	127	1	121	2.40e-48	154	100
P00029_02	8vye_F	63.780	127	127	122	1	127	1	121	2.40e-48	154	100
P00029_02	8vye_B	63.780	127	127	122	1	127	1	121	2.40e-48	154	100
P00029_02	7tm0_I	63.780	127	127	122	1	127	1	121	2.40e-48	154	100
P00029_03	9nh7_F	66.142	127	127	140	1	127	4	124	6.70e-50	159	100
P00029_03	9nh7_E	66.142	127	127	140	1	127	4	124	6.70e-50	159	100
P00029_03	9sfx_B	63.780	127	127	133	1	127	1	126	1.89e-48	155	100
P00029_03	8k4q_D	62.308	130	127	121	1	127	3	120	5.23e-48	153	100
P00029_03	8k4q_B	62.308	130	127	121	1	127	3	120	5.23e-48	153	100
P00029_03	9vq6_H	66.406	128	127	132	1	127	3	119	1.62e-47	152	100
P00029_03	9vq6_C	66.406	128	127	132	1	127	3	119	1.62e-47	152	100
P00029_03	9vq6_B	66.406	128	127	132	1	127	3	119	1.62e-47	152	100
P00029_03	9vq6_A	66.406	128	127	132	1	127	3	119	1.62e-47	152	100
P00029_03	8eqf_H	63.780	127	127	123	1	127	1	122	3.04e-47	151	100
P00029_03	3qyc_B	62.205	127	127	146	1	127	3	126	3.70e-47	152	100
P00029_03	3qyc_A	62.205	127	127	146	1	127	3	126	3.70e-47	152	100
P00029_03	6wio_A	63.780	127	127	230	1	127	1	126	3.77e-47	155	100
P00029_03	8xse_M	66.929	127	127	226	1	127	1	122	4.51e-47	154	100
P00029_03	6wir_A	63.780	127	127	236	1	127	1	126	5.32e-47	154	100
P00029_03	8vyf_B	62.992	127	127	122	1	127	1	121	5.50e-47	150	100
P00029_03	8vye_P	62.992	127	127	122	1	127	1	121	5.50e-47	150	100
P00029_03	8vye_F	62.992	127	127	122	1	127	1	121	5.50e-47	150	100
P00029_03	8vye_B	62.992	127	127	122	1	127	1	121	5.50e-47	150	100
P00029_03	7tm0_I	62.992	127	127	122	1	127	1	121	5.50e-47	150	100
P00029_04	9nh7_F	66.142	127	127	140	1	127	4	124	3.44e-50	159	100
P00029_04	9nh7_E	66.142	127	127	140	1	127	4	124	3.44e-50	159	100
P00029_04	4uu9_H	65.354	127	127	123	1	127	1	123	1.03e-48	155	100
P00029_04	4uu9_A	65.354	127	127	123	1	127	1	123	1.03e-48	155	100
P00029_04	8k4q_D	64.567	127	127	121	1	127	3	120	1.57e-48	154	100
P00029_04	8k4q_B	64.567	127	127	121	1	127	3	120	1.57e-48	154	100
P00029_04	6t2j_B	63.780	127	127	120	1	127	1	119	2.33e-48	154	100
P00029_04	6t2j_A	63.780	127	127	120	1	127	1	119	2.33e-48	154	100
P00029_04	6sc9_C	63.780	127	127	120	1	127	1	119	2.33e-48	154	100
P00029_04	6sc9_B	63.780	127	127	120	1	127	1	119	2.33e-48	154	100
P00029_04	6sc8_C	63.780	127	127	120	1	127	1	119	2.33e-48	154	100
P00029_04	6sc8_B	63.780	127	127	120	1	127	1	119	2.33e-48	154	100
P00029_04	6sc7_C	63.780	127	127	120	1	127	1	119	2.33e-48	154	100
P00029_04	6sc7_B	63.780	127	127	120	1	127	1	119	2.33e-48	154	100
P00029_04	6sc6_C	63.780	127	127	120	1	127	1	119	2.33e-48	154	100
P00029_04	6sc6_B	63.780	127	127	120	1	127	1	119	2.33e-48	154	100
P00029_04	6sc5_C	63.780	127	127	120	1	127	1	119	2.33e-48	154	100
P00029_04	6sc5_B	63.780	127	127	120	1	127	1	119	2.33e-48	154	100
P00029_04	3eak_B	64.341	129	127	137	1	127	1	127	4.00e-48	154	100
P00029_04	3eak_A	64.341	129	127	137	1	127	1	127	4.00e-48	154	100
P00029_05	9nh7_F	67.969	128	127	140	1	127	4	124	9.34e-51	161	100
P00029_05	9nh7_E	67.969	128	127	140	1	127	4	124	9.34e-51	161	100
P00029_05	8xse_M	66.929	127	127	226	1	127	1	122	4.77e-49	159	100
P00029_05	8eqf_H	63.780	127	127	123	1	127	1	122	1.15e-48	155	100
P00029_05	6d01_G	63.780	127	127	226	1	127	1	122	1.40e-48	158	100
P00029_05	6d01_E	63.780	127	127	226	1	127	1	122	1.40e-48	158	100
P00029_05	6d01_C	63.780	127	127	226	1	127	1	122	1.40e-48	158	100
P00029_05	6d01_A	63.780	127	127	226	1	127	1	122	1.40e-48	158	100
P00029_05	8k4q_D	63.780	127	127	121	1	127	3	120	1.47e-48	155	100
P00029_05	8k4q_B	63.780	127	127	121	1	127	3	120	1.47e-48	155	100
P00029_05	8vyf_B	64.567	127	127	122	1	127	1	121	1.53e-48	154	100
P00029_05	8vye_P	64.567	127	127	122	1	127	1	121	1.53e-48	154	100
P00029_05	8vye_F	64.567	127	127	122	1	127	1	121	1.53e-48	154	100
P00029_05	8vye_B	64.567	127	127	122	1	127	1	121	1.53e-48	154	100
P00029_05	7tm0_I	64.567	127	127	122	1	127	1	121	1.53e-48	154	100
P00029_05	7tm0_G	64.567	127	127	122	1	127	1	121	1.53e-48	154	100
P00029_05	7tm0_E	64.567	127	127	122	1	127	1	121	1.53e-48	154	100
P00029_05	7tlz_B	64.567	127	127	122	1	127	1	121	1.53e-48	154	100
P00029_05	9c45_H	64.567	127	127	121	1	127	1	121	2.18e-48	154	100
P00029_05	9c44_F	64.567	127	127	121	1	127	1	121	2.18e-48	154	100
P00029_06	9nh7_F	66.142	127	127	140	1	127	4	124	3.35e-49	157	100
P00029_06	9nh7_E	66.142	127	127	140	1	127	4	124	3.35e-49	157	100
P00029_06	9vq6_H	67.188	128	127	132	1	127	3	119	4.60e-48	154	100
P00029_06	9vq6_C	67.188	128	127	132	1	127	3	119	4.60e-48	154	100
P00029_06	9vq6_B	67.188	128	127	132	1	127	3	119	4.60e-48	154	100
P00029_06	9vq6_A	67.188	128	127	132	1	127	3	119	4.60e-48	154	100
P00029_06	8cyj_C	62.595	131	127	128	1	127	1	127	6.79e-48	153	100
P00029_06	9sfx_B	64.062	128	127	133	1	127	1	126	1.80e-47	152	100
P00029_06	3eak_B	64.341	129	127	137	1	127	1	127	2.43e-47	152	100
P00029_06	3eak_A	64.341	129	127	137	1	127	1	127	2.43e-47	152	100
P00029_06	9lh2_D	62.595	131	127	134	1	127	1	127	3.08e-47	152	100
P00029_06	9lh2_B	62.595	131	127	134	1	127	1	127	3.08e-47	152	100
P00029_06	8k4q_D	62.205	127	127	121	1	127	3	120	1.51e-46	149	100
P00029_06	8k4q_B	62.205	127	127	121	1	127	3	120	1.51e-46	149	100
P00029_06	9mmv_H	64.062	128	127	218	1	127	1	113	2.14e-46	152	100
P00029_06	6wio_A	64.062	128	127	230	1	127	1	126	2.45e-46	152	100
P00029_06	6wir_A	64.062	128	127	236	1	127	1	126	3.06e-46	152	100
P00029_06	8vyf_B	65.116	129	127	122	1	127	1	121	3.50e-46	149	100
P00029_06	8vye_P	65.116	129	127	122	1	127	1	121	3.50e-46	149	100
P00029_06	8vye_F	65.116	129	127	122	1	127	1	121	3.50e-46	149	100
P00029_07	9nh7_F	66.929	127	127	140	1	127	4	124	2.56e-50	160	100
P00029_07	9nh7_E	66.929	127	127	140	1	127	4	124	2.56e-50	160	100
P00029_07	6rqm_B	65.385	130	127	144	1	127	1	127	3.42e-48	154	100
P00029_07	9vq6_H	66.929	127	127	132	1	127	3	119	5.02e-48	154	100
P00029_07	9vq6_C	66.929	127	127	132	1	127	3	119	5.02e-48	154	100
P00029_07	9vq6_B	66.929	127	127	132	1	127	3	119	5.02e-48	154	100
P00029_07	9vq6_A	66.929	127	127	132	1	127	3	119	5.02e-48	154	100
P00029_07	9sfx_B	63.780	127	127	133	1	127	1	126	5.90e-48	154	100
P00029_07	8vyf_B	63.780	127	127	122	1	127	1	121	1.45e-47	152	100
P00029_07	8vye_P	63.780	127	127	122	1	127	1	121	1.45e-47	152	100
P00029_07	8vye_F	63.780	127	127	122	1	127	1	121	1.45e-47	152	100
P00029_07	8vye_B	63.780	127	127	122	1	127	1	121	1.45e-47	152	100
P00029_07	7tm0_I	63.780	127	127	122	1	127	1	121	1.45e-47	152	100
P00029_07	7tm0_G	63.780	127	127	122	1	127	1	121	1.45e-47	152	100
P00029_07	7tm0_E	63.780	127	127	122	1	127	1	121	1.45e-47	152	100
P00029_07	7tlz_B	63.780	127	127	122	1	127	1	121	1.45e-47	152	100
P00029_07	9c45_H	63.780	127	127	121	1	127	1	121	1.46e-47	152	100
P00029_07	9c44_F	63.780	127	127	121	1	127	1	121	1.46e-47	152	100
P00029_07	9c44_E	63.780	127	127	121	1	127	1	121	1.46e-47	152	100
P00029_07	9c44_H	63.780	127	127	121	1	127	1	121	1.46e-47	152	100
P00029_08	9nh7_F	66.142	127	127	140	1	127	4	124	6.42e-50	159	100
P00029_08	9nh7_E	66.142	127	127	140	1	127	4	124	6.42e-50	159	100
P00029_08	9sfx_B	62.992	127	127	133	1	127	1	126	1.74e-47	152	100
P00029_08	9vq6_H	65.354	127	127	132	1	127	3	119	2.99e-47	152	100
P00029_08	9vq6_C	65.354	127	127	132	1	127	3	119	2.99e-47	152	100
P00029_08	9vq6_B	65.354	127	127	132	1	127	3	119	2.99e-47	152	100
P00029_08	9vq6_A	65.354	127	127	132	1	127	3	119	2.99e-47	152	100
P00029_08	3eak_B	63.566	129	127	137	1	127	1	127	1.20e-46	150	100
P00029_08	3eak_A	63.566	129	127	137	1	127	1	127	1.20e-46	150	100
P00029_08	7kn3_M	66.142	127	127	219	1	127	1	115	2.35e-46	152	100
P00029_08	7kn3_H	66.142	127	127	219	1	127	1	115	2.35e-46	152	100
P00029_08	8cyj_C	62.016	129	127	128	1	127	1	127	2.46e-46	149	100
P00029_08	8k4q_D	62.205	127	127	121	1	127	3	120	4.18e-46	148	100
P00029_08	8k4q_B	62.205	127	127	121	1	127	3	120	4.18e-46	148	100
P00029_08	6wio_A	62.992	127	127	230	1	127	1	126	4.60e-46	152	100
P00029_08	8x0t_H	65.625	128	127	237	1	127	1	125	5.78e-46	152	100
P00029_08	4qci_H	64.567	127	127	223	1	127	1	119	6.43e-46	151	100
P00029_08	4qci_B	64.567	127	127	223	1	127	1	119	6.43e-46	151	100
P00029_08	6wir_A	62.992	127	127	236	1	127	1	126	6.48e-46	152	100
P00029_08	6rqm_B	63.846	130	127	144	1	127	1	127	1.25e-45	148	100
P00030_00	9vq6_H	69.106	123	123	132	1	123	3	119	7.71e-50	158	100
P00030_00	9vq6_C	69.106	123	123	132	1	123	3	119	7.71e-50	158	100
P00030_00	9vq6_B	69.106	123	123	132	1	123	3	119	7.71e-50	158	100
P00030_00	9vq6_A	69.106	123	123	132	1	123	3	119	7.71e-50	158	100
P00030_00	9nh7_F	68.293	123	123	140	1	123	4	124	1.23e-49	158	100
P00030_00	9nh7_E	68.293	123	123	140	1	123	4	124	1.23e-49	158	100
P00030_00	3eak_B	66.142	127	123	137	1	123	1	127	3.95e-49	156	100
P00030_00	3eak_A	66.142	127	123	137	1	123	1	127	3.95e-49	156	100
P00030_00	9lqi_A	66.129	124	123	121	1	123	1	120	1.82e-48	154	100
P00030_00	9lqi_B	66.129	124	123	121	1	123	1	120	1.82e-48	154	100
P00030_00	8eqf_H	66.667	126	123	123	1	123	1	122	6.12e-48	153	100
P00030_00	6rqm_B	64.844	128	123	144	1	123	1	127	1.35e-47	153	100
P00030_00	9w7j_B	67.480	123	123	120	1	123	1	119	1.49e-47	152	100
P00030_00	5f3h_G	65.854	123	123	221	1	123	1	115	2.39e-47	155	100
P00030_00	5f3h_E	65.854	123	123	221	1	123	1	115	2.39e-47	155	100
P00030_00	5f3h_C	65.854	123	123	221	1	123	1	115	2.39e-47	155	100
P00030_00	5f3h_A	65.854	123	123	221	1	123	1	115	2.39e-47	155	100
P00030_00	8w86_E	65.854	123	123	223	1	123	1	117	2.42e-47	155	100
P00030_00	8w86_A	65.854	123	123	223	1	123	1	117	2.42e-47	155	100
P00030_00	8z8l_A	66.129	124	123	124	1	123	1	114	5.71e-47	150	100
P00030_01	9nh7_F	68.800	125	123	140	1	123	4	124	6.03e-49	156	100
P00030_01	9nh7_E	68.800	125	123	140	1	123	4	124	6.03e-49	156	100
P00030_01	9vq6_H	69.919	123	123	132	1	123	3	119	1.38e-47	152	100
P00030_01	9vq6_C	69.919	123	123	132	1	123	3	119	1.38e-47	152	100
P00030_01	9vq6_B	69.919	123	123	132	1	123	3	119	1.38e-47	152	100
P00030_01	9vq6_A	69.919	123	123	132	1	123	3	119	1.38e-47	152	100
P00030_01	3eak_B	69.291	127	123	137	1	123	1	127	2.22e-47	152	100
P00030_01	3eak_A	69.291	127	123	137	1	123	1	127	2.22e-47	152	100
P00030_01	8cwj_U	66.129	124	123	230	1	123	1	118	4.06e-46	152	100
P00030_01	8cwj_J	66.129	124	123	230	1	123	1	118	4.06e-46	152	100
P00030_01	9m5d_A	66.935	124	123	120	1	123	1	119	4.17e-46	148	100
P00030_01	9m5d_D	66.935	124	123	120	1	123	1	119	4.17e-46	148	100
P00030_01	9w7j_B	68.293	123	123	120	1	123	1	119	6.26e-46	148	100
P00030_01	6rqm_B	65.625	128	123	144	1	123	1	127	7.93e-46	148	100
P00030_01	5f3h_G	66.667	123	123	221	1	123	1	115	8.47e-46	151	100
P00030_01	5f3h_E	66.667	123	123	221	1	123	1	115	8.47e-46	151	100
P00030_01	5f3h_C	66.667	123	123	221	1	123	1	115	8.47e-46	151	100
P00030_01	5f3h_A	66.667	123	123	221	1	123	1	115	8.47e-46	151	100
P00030_01	9lqi_A	66.667	123	123	121	1	123	1	120	1.00e-45	147	100
P00030_01	9lqi_B	66.667	123	123	121	1	123	1	120	1.00e-45	147	100
P00030_02	9nh7_F	68.254	126	123	140	1	123	4	124	1.04e-47	153	100
P00030_02	9nh7_E	68.254	126	123	140	1	123	4	124	1.04e-47	153	100
P00030_02	9vq6_H	69.841	126	123	132	1	123	3	119	3.92e-47	151	100
P00030_02	9vq6_C	69.841	126	123	132	1	123	3	119	3.92e-47	151	100
P00030_02	9vq6_B	69.841	126	123	132	1	123	3	119	3.92e-47	151	100
P00030_02	9vq6_A	69.841	126	123	132	1	123	3	119	3.92e-47	151	100
P00030_02	3eak_B	65.385	130	123	137	1	123	1	127	7.16e-47	150	100
P00030_02	3eak_A	65.385	130	123	137	1	123	1	127	7.16e-47	150	100
P00030_02	8k4q_D	65.873	126	123	121	1	123	3	120	8.04e-46	147	100
P00030_02	8k4q_B	65.873	126	123	121	1	123	3	120	8.04e-46	147	100
P00030_02	9lqi_A	65.323	124	123	121	1	123	1	120	1.01e-45	147	100
P00030_02	9lqi_B	65.323	124	123	121	1	123	1	120	1.01e-45	147	100
P00030_02	8bcz_E	66.667	126	123	121	1	123	1	120	1.27e-45	147	100
P00030_02	7yvp_K	66.400	125	123	118	1	123	1	117	2.67e-45	146	100
P00030_02	7yvp_P	66.400	125	123	118	1	123	1	117	2.67e-45	146	100
P00030_02	7yvn_O	66.400	125	123	118	1	123	1	117	2.67e-45	146	100
P00030_02	7yvn_L	66.400	125	123	118	1	123	1	117	2.67e-45	146	100
P00030_02	7yvn_I	66.400	125	123	118	1	123	1	117	2.67e-45	146	100
P00030_02	7yvm_C	66.400	125	123	118	1	123	1	117	2.67e-45	146	100
P00030_02	6xcn_H	68.000	125	123	230	1	123	1	117	2.72e-45	150	100
P00030_03	9nh7_F	69.106	123	123	140	1	123	4	124	4.20e-49	156	100
P00030_03	9nh7_E	69.106	123	123	140	1	123	4	124	4.20e-49	156	100
P00030_03	9m5d_A	67.742	124	123	120	1	123	1	119	5.06e-49	155	100
P00030_03	9m5d_D	67.742	124	123	120	1	123	1	119	5.06e-49	155	100
P00030_03	3eak_B	66.142	127	123	137	1	123	1	127	1.09e-48	155	100
P00030_03	3eak_A	66.142	127	123	137	1	123	1	127	1.09e-48	155	100
P00030_03	8k4q_D	65.854	123	123	121	1	123	3	120	2.29e-48	154	100
P00030_03	8k4q_B	65.854	123	123	121	1	123	3	120	2.29e-48	154	100
P00030_03	9vq6_H	69.106	123	123	132	1	123	3	119	6.95e-48	153	100
P00030_03	9vq6_C	69.106	123	123	132	1	123	3	119	6.95e-48	153	100
P00030_03	9vq6_B	69.106	123	123	132	1	123	3	119	6.95e-48	153	100
P00030_03	9vq6_A	69.106	123	123	132	1	123	3	119	6.95e-48	153	100
P00030_03	7nc0_H	66.667	123	123	217	1	123	1	116	3.43e-47	154	100
P00030_03	7nfa_D	66.667	123	123	228	1	123	1	116	4.50e-47	154	100
P00030_03	7nfa_C	66.667	123	123	228	1	123	1	116	4.50e-47	154	100
P00030_03	6rqm_B	64.844	128	123	144	1	123	1	127	4.66e-47	151	100
P00030_03	2gcy_B	69.106	123	123	218	1	123	1	117	4.69e-47	154	100
P00030_03	6jjp_D	65.854	123	123	220	1	123	1	116	5.60e-47	154	100
P00030_03	6jjp_A	65.854	123	123	220	1	123	1	116	5.60e-47	154	100
P00030_03	5f3h_G	67.480	123	123	221	1	123	1	115	6.78e-47	154	100
P00030_04	3eak_B	67.692	130	123	137	1	123	1	127	1.52e-48	155	100
P00030_04	3eak_A	67.692	130	123	137	1	123	1	127	1.52e-48	155	100
P00030_04	9nh7_F	68.254	126	123	140	1	123	4	124	1.76e-48	155	100
P00030_04	9nh7_E	68.254	126	123	140	1	123	4	124	1.76e-48	155	100
P00030_04	9vq6_H	69.600	125	123	132	1	123	3	119	1.20e-47	152	100
P00030_04	9vq6_C	69.600	125	123	132	1	123	3	119	1.20e-47	152	100
P00030_04	9vq6_B	69.600	125	123	132	1	123	3	119	1.20e-47	152	100
P00030_04	9vq6_A	69.600	125	123	132	1	123	3	119	1.20e-47	152	100
P00030_04	9m5d_A	66.935	124	123	120	1	123	1	119	5.44e-47	150	100
P00030_04	9m5d_D	66.935	124	123	120	1	123	1	119	5.44e-47	150	100
P00030_04	9w7j_B	67.460	126	123	120	1	123	1	119	5.56e-47	150	100
P00030_04	1mhp_X	68.000	125	123	219	1	123	1	117	1.05e-46	153	100
P00030_04	1mhp_H	68.000	125	123	219	1	123	1	117	1.05e-46	153	100
P00030_04	3eot_H	68.000	125	123	226	1	123	1	117	1.35e-46	153	100
P00030_04	3kdm_B	66.667	126	123	225	1	123	1	121	2.84e-46	152	100
P00030_04	3kdm_H	66.667	126	123	225	1	123	1	121	2.84e-46	152	100
P00030_04	7dk2_J	68.254	126	123	223	1	123	1	119	3.33e-46	152	100
P00030_04	7dk2_G	68.254	126	123	223	1	123	1	119	3.33e-46	152	100
P00030_04	7dk2_D	68.254	126	123	223	1	123	1	119	3.33e-46	152	100
P00030_04	7dk2_A	68.254	126	123	223	1	123	1	119	3.33e-46	152	100
P00030_05	3eak_B	67.717	127	123	137	1	123	1	127	1.71e-48	155	100
P00030_05	3eak_A	67.717	127	123	137	1	123	1	127	1.71e-48	155	100
P00030_05	9vq6_H	69.106	123	123	132	1	123	3	119	3.85e-48	154	100
P00030_05	9vq6_C	69.106	123	123	132	1	123	3	119	3.85e-48	154	100
P00030_05	9vq6_B	69.106	123	123	132	1	123	3	119	3.85e-48	154	100
P00030_05	9vq6_A	69.106	123	123	132	1	123	3	119	3.85e-48	154	100
P00030_05	9nh7_F	68.293	123	123	140	1	123	4	124	1.18e-47	153	100
P00030_05	9nh7_E	68.293	123	123	140	1	123	4	124	1.18e-47	153	100
P00030_05	9w7j_B	67.480	123	123	120	1	123	1	119	6.70e-47	150	100
P00030_05	9m5d_A	66.129	124	123	120	1	123	1	119	9.94e-47	150	100
P00030_05	9m5d_D	66.129	124	123	120	1	123	1	119	9.94e-47	150	100
P00030_05	6jjp_D	65.041	123	123	220	1	123	1	116	2.18e-46	152	100
P00030_05	6jjp_A	65.041	123	123	220	1	123	1	116	2.18e-46	152	100
P00030_05	8z8l_A	68.293	123	123	124	1	123	1	114	2.73e-46	149	100
P00030_05	7nc0_H	65.854	123	123	217	1	123	1	116	4.48e-46	151	100
P00030_05	5f3h_G	66.667	123	123	221	1	123	1	115	6.39e-46	151	100
P00030_05	5f3h_E	66.667	123	123	221	1	123	1	115	6.39e-46	151	100
P00030_05	5f3h_C	66.667	123	123	221	1	123	1	115	6.39e-46	151	100
P00030_05	5f3h_A	66.667	123	123	221	1	123	1	115	6.39e-46	151	100
P00030_05	6rqm_B	64.844	128	123	144	1	123	1	127	8.56e-46	148	100
P00030_06	9lqi_A	65.854	123	123	121	1	123	1	120	1.11e-47	152	100
P00030_06	9lqi_B	65.854	123	123	121	1	123	1	120	1.11e-47	152	100
P00030_06	3eak_B	66.929	127	123	137	1	123	1	127	1.88e-47	152	100
P00030_06	3eak_A	66.929	127	123	137	1	123	1	127	1.88e-47	152	100
P00030_06	9vq6_H	68.548	124	123	132	1	123	3	119	1.92e-47	152	100
P00030_06	9vq6_C	68.548	124	123	132	1	123	3	119	1.92e-47	152	100
P00030_06	9vq6_B	68.548	124	123	132	1	123	3	119	1.92e-47	152	100
P00030_06	9vq6_A	68.548	124	123	132	1	123	3	119	1.92e-47	152	100
P00030_06	9nh7_F	69.355	124	123	140	1	123	4	124	4.40e-47	151	100
P00030_06	9nh7_E	69.355	124	123	140	1	123	4	124	4.40e-47	151	100
P00030_06	9n4f_O	64.286	126	123	125	1	123	1	124	1.98e-46	149	100
P00030_06	9n4f_M	64.286	126	123	125	1	123	1	124	1.98e-46	149	100
P00030_06	9n4f_H	64.286	126	123	125	1	123	1	124	1.98e-46	149	100
P00030_06	6rqm_B	64.062	128	123	144	1	123	1	127	2.46e-46	149	100
P00030_06	9w7j_B	67.200	125	123	120	1	123	1	119	2.61e-46	149	100
P00030_06	8k4q_D	65.041	123	123	121	1	123	3	120	3.00e-46	149	100
P00030_06	8k4q_B	65.041	123	123	121	1	123	3	120	3.00e-46	149	100
P00030_06	8eqf_H	64.567	127	123	123	1	123	1	122	3.30e-46	149	100
P00030_06	9m5d_A	66.400	125	123	120	1	123	1	119	3.46e-46	148	100
P00030_06	9m5d_D	66.400	125	123	120	1	123	1	119	3.46e-46	148	100
P00030_07	9vq6_H	70.079	127	123	132	1	123	3	119	2.27e-48	154	100
P00030_07	9vq6_C	70.079	127	123	132	1	123	3	119	2.27e-48	154	100
P00030_07	9vq6_B	70.079	127	123	132	1	123	3	119	2.27e-48	154	100
P00030_07	9vq6_A	70.079	127	123	132	1	123	3	119	2.27e-48	154	100
P00030_07	4uu9_H	64.885	131	123	123	1	123	1	123	9.70e-48	152	100
P00030_07	4uu9_A	64.885	131	123	123	1	123	1	123	9.70e-48	152	100
P00030_07	9nh7_F	69.841	126	123	140	1	123	4	124	1.56e-47	152	100
P00030_07	9nh7_E	69.841	126	123	140	1	123	4	124	1.56e-47	152	100
P00030_07	3eak_B	67.424	132	123	137	1	123	1	127	2.01e-47	152	100
P00030_07	3eak_A	67.424	132	123	137	1	123	1	127	2.01e-47	152	100
P00030_07	8k4q_D	65.873	126	123	121	1	123	3	120	7.30e-47	150	100
P00030_07	8k4q_B	65.873	126	123	121	1	123	3	120	7.30e-47	150	100
P00030_07	5f3h_G	67.742	124	123	221	1	123	1	115	7.32e-47	154	100
P00030_07	5f3h_E	67.742	124	123	221	1	123	1	115	7.32e-47	154	100
P00030_07	5f3h_C	67.742	124	123	221	1	123	1	115	7.32e-47	154	100
P00030_07	5f3h_A	67.742	124	123	221	1	123	1	115	7.32e-47	154	100
P00030_07	8eqf_H	69.531	128	123	123	1	123	1	122	1.75e-46	149	100
P00030_07	9w7j_B	67.717	127	123	120	1	123	1	119	2.00e-46	149	100
P00030_07	4kfz_D	63.710	124	123	129	1	123	6	128	2.45e-46	149	100
P00030_07	4kfz_C	63.710	124	123	129	1	123	6	128	2.45e-46	149	100
P00030_08	9nh7_F	69.048	126	123	140	1	123	4	124	1.27e-48	155	100
P00030_08	9nh7_E	69.048	126	123	140	1	123	4	124	1.27e-48	155	100
P00030_08	9vq6_H	69.048	126	123	132	1	123	3	119	6.72e-48	153	100
P00030_08	9vq6_C	69.048	126	123	132	1	123	3	119	6.72e-48	153	100
P00030_08	9vq6_B	69.048	126	123	132	1	123	3	119	6.72e-48	153	100
P00030_08	9vq6_A	69.048	126	123	132	1	123	3	119	6.72e-48	153	100
P00030_08	9w7j_B	66.142	127	123	120	1	123	1	119	3.43e-46	148	100
P00030_08	4uu9_H	65.354	127	123	123	1	123	1	123	5.05e-46	148	100
P00030_08	4uu9_A	65.354	127	123	123	1	123	1	123	5.05e-46	148	100
P00030_08	9m5d_A	66.929	127	123	120	1	123	1	119	5.31e-46	148	100
P00030_08	9m5d_D	66.929	127	123	120	1	123	1	119	5.31e-46	148	100
P00030_08	7yvp_K	66.400	125	123	118	1	123	1	117	1.61e-45	147	100
P00030_08	7yvp_P	66.400	125	123	118	1	123	1	117	1.61e-45	147	100
P00030_08	7yvn_O	66.400	125	123	118	1	123	1	117	1.61e-45	147	100
P00030_08	7yvn_L	66.400	125	123	118	1	123	1	117	1.61e-45	147	100
P00030_08	7yvn_I	66.400	125	123	118	1	123	1	117	1.61e-45	147	100
P00030_08	7yvm_C	66.400	125	123	118	1	123	1	117	1.61e-45	147	100
P00030_08	6azm_D	64.062	128	123	225	1	123	1	124	1.64e-45	150	100
P00030_08	6azm_B	64.062	128	123	225	1	123	1	124	1.64e-45	150	100
P00030_08	7yvo_K	66.400	125	123	118	1	123	1	117	1.65e-45	147	100
P00031_00	9nh7_F	69.767	129	127	140	1	127	4	124	4.74e-51	162	100
P00031_00	9nh7_E	69.767	129	127	140	1	127	4	124	4.74e-51	162	100
P00031_00	3eak_B	67.669	133	127	137	1	127	1	127	7.38e-51	161	100
P00031_00	3eak_A	67.669	133	127	137	1	127	1	127	7.38e-51	161	100
P00031_00	9vq6_H	68.217	129	127	132	1	127	3	119	4.48e-50	159	100
P00031_00	9vq6_C	68.217	129	127	132	1	127	3	119	4.48e-50	159	100
P00031_00	9vq6_B	68.217	129	127	132	1	127	3	119	4.48e-50	159	100
P00031_00	9vq6_A	68.217	129	127	132	1	127	3	119	4.48e-50	159	100
P00031_00	8eqf_H	65.891	129	127	123	1	127	1	122	3.26e-49	156	100
P00031_00	1dee_F	65.891	129	127	223	1	127	1	120	5.68e-49	159	100
P00031_00	1dee_D	65.891	129	127	223	1	127	1	120	5.68e-49	159	100
P00031_00	1dee_B	65.891	129	127	223	1	127	1	120	5.68e-49	159	100
P00031_00	1hez_D	65.891	129	127	224	1	127	1	120	7.51e-49	159	100
P00031_00	1hez_B	65.891	129	127	224	1	127	1	120	7.51e-49	159	100
P00031_00	6uoe_H	66.667	129	127	229	1	127	1	124	1.34e-48	158	100
P00031_00	5xj4_H	65.116	129	127	121	1	127	1	120	1.10e-47	152	100
P00031_00	3eyq_D	67.442	129	127	242	1	127	1	124	1.50e-47	156	100
P00031_00	8a1e_D	64.341	129	127	119	1	127	1	118	2.68e-47	151	100
P00031_00	6rqm_B	67.692	130	127	144	1	127	1	127	5.00e-47	151	100
P00031_00	3f12_D	66.667	129	127	242	1	127	1	124	5.34e-47	155	100
P00031_01	9nh7_F	69.767	129	127	140	1	127	4	124	1.66e-52	165	100
P00031_01	9nh7_E	69.767	129	127	140	1	127	4	124	1.66e-52	165	100
P00031_01	3eak_B	68.702	131	127	137	1	127	1	127	1.83e-50	160	100
P00031_01	3eak_A	68.702	131	127	137	1	127	1	127	1.83e-50	160	100
P00031_01	9vq6_H	67.442	129	127	132	1	127	3	119	6.48e-49	156	100
P00031_01	9vq6_C	67.442	129	127	132	1	127	3	119	6.48e-49	156	100
P00031_01	9vq6_B	67.442	129	127	132	1	127	3	119	6.48e-49	156	100
P00031_01	9vq6_A	67.442	129	127	132	1	127	3	119	6.48e-49	156	100
P00031_01	1dee_F	67.692	130	127	223	1	127	1	120	2.72e-48	157	100
P00031_01	1dee_D	67.692	130	127	223	1	127	1	120	2.72e-48	157	100
P00031_01	1dee_B	67.692	130	127	223	1	127	1	120	2.72e-48	157	100
P00031_01	1hez_D	67.692	130	127	224	1	127	1	120	4.10e-48	157	100
P00031_01	1hez_B	67.692	130	127	224	1	127	1	120	4.10e-48	157	100
P00031_01	9nrc_H	65.116	129	127	240	1	127	1	123	5.57e-47	154	100
P00031_01	7ukl_M	63.433	134	127	132	1	127	1	131	5.64e-47	151	100
P00031_01	7ukl_H	63.433	134	127	132	1	127	1	131	5.64e-47	151	100
P00031_01	7ukl_X	63.433	134	127	132	1	127	1	131	5.64e-47	151	100
P00031_01	6rqm_B	67.692	130	127	144	1	127	1	127	6.08e-47	151	100
P00031_01	6v7y_F	62.791	129	127	127	1	127	1	126	6.42e-47	150	100
P00031_01	9jqu_H	67.442	129	127	223	1	127	1	120	1.26e-46	153	100
P00031_02	3eak_B	68.702	131	127	137	1	127	1	127	3.31e-50	159	100
P00031_02	3eak_A	68.702	131	127	137	1	127	1	127	3.31e-50	159	100
P00031_02	9nh7_F	68.992	129	127	140	1	127	4	124	1.74e-49	157	100
P00031_02	9nh7_E	68.992	129	127	140	1	127	4	124	1.74e-49	157	100
P00031_02	6rqm_B	67.692	130	127	144	1	127	1	127	2.19e-48	155	100
P00031_02	9vq6_H	66.667	129	127	132	1	127	3	119	2.30e-47	152	100
P00031_02	9vq6_C	66.667	129	127	132	1	127	3	119	2.30e-47	152	100
P00031_02	9vq6_B	66.667	129	127	132	1	127	3	119	2.30e-47	152	100
P00031_02	9vq6_A	66.667	129	127	132	1	127	3	119	2.30e-47	152	100
P00031_02	8eqf_H	63.566	129	127	123	1	127	1	122	2.91e-47	151	100
P00031_02	3eyq_D	66.667	129	127	242	1	127	1	124	5.77e-47	154	100
P00031_02	1dee_F	66.923	130	127	223	1	127	1	120	5.99e-47	154	100
P00031_02	1dee_D	66.923	130	127	223	1	127	1	120	5.99e-47	154	100
P00031_02	1dee_B	66.923	130	127	223	1	127	1	120	5.99e-47	154	100
P00031_02	6uoe_H	64.341	129	127	229	1	127	1	124	7.11e-47	154	100
P00031_02	1hez_D	66.923	130	127	224	1	127	1	120	8.46e-47	154	100
P00031_02	1hez_B	66.923	130	127	224	1	127	1	120	8.46e-47	154	100
P00031_02	8xse_M	67.176	131	127	226	1	127	1	122	1.68e-46	153	100
P00031_02	8k4q_D	65.116	129	127	121	1	127	3	120	2.58e-46	149	100
P00031_02	8k4q_B	65.116	129	127	121	1	127	3	120	2.58e-46	149	100
P00031_03	3eak_B	67.669	133	127	137	1	127	1	127	6.91e-51	161	100
P00031_03	3eak_A	67.669	133	127	137	1	127	1	127	6.91e-51	161	100
P00031_03	9nh7_F	68.992	129	127	140	1	127	4	124	1.30e-50	160	100
P00031_03	9nh7_E	68.992	129	127	140	1	127	4	124	1.30e-50	160	100
P00031_03	9vq6_H	68.217	129	127	132	1	127	3	119	7.57e-50	158	100
P00031_03	9vq6_C	68.217	129	127	132	1	127	3	119	7.57e-50	158	100
P00031_03	9vq6_B	68.217	129	127	132	1	127	3	119	7.57e-50	158	100
P00031_03	9vq6_A	68.217	129	127	132	1	127	3	119	7.57e-50	158	100
P00031_03	8eqf_H	65.116	129	127	123	1	127	1	122	2.73e-48	154	100
P00031_03	1dee_F	65.116	129	127	223	1	127	1	120	3.65e-48	157	100
P00031_03	1dee_D	65.116	129	127	223	1	127	1	120	3.65e-48	157	100
P00031_03	1dee_B	65.116	129	127	223	1	127	1	120	3.65e-48	157	100
P00031_03	1hez_D	65.116	129	127	224	1	127	1	120	4.83e-48	157	100
P00031_03	1hez_B	65.116	129	127	224	1	127	1	120	4.83e-48	157	100
P00031_03	6rqm_B	68.462	130	127	144	1	127	1	127	1.37e-47	153	100
P00031_03	3eyq_D	67.442	129	127	242	1	127	1	124	1.50e-47	156	100
P00031_03	6uoe_H	65.116	129	127	229	1	127	1	124	2.32e-47	155	100
P00031_03	8k4q_D	65.116	129	127	121	1	127	3	120	4.01e-47	151	100
P00031_03	8k4q_B	65.116	129	127	121	1	127	3	120	4.01e-47	151	100
P00031_03	3f12_D	66.667	129	127	242	1	127	1	124	5.34e-47	155	100
P00031_04	9nh7_F	67.442	129	127	140	1	127	4	124	1.02e-48	155	100
P00031_04	9nh7_E	67.442	129	127	140	1	127	4	124	1.02e-48	155	100
P00031_04	3eak_B	67.176	131	127	137	1	127	1	127	3.91e-48	154	100
P00031_04	3eak_A	67.176	131	127	137	1	127	1	127	3.91e-48	154	100
P00031_04	9n4f_O	64.122	131	127	125	1	127	1	124	3.94e-47	151	100
P00031_04	9n4f_M	64.122	131	127	125	1	127	1	124	3.94e-47	151	100
P00031_04	9n4f_H	64.122	131	127	125	1	127	1	124	3.94e-47	151	100
P00031_04	9vq6_H	67.442	129	127	132	1	127	3	119	4.24e-47	151	100
P00031_04	9vq6_C	67.442	129	127	132	1	127	3	119	4.24e-47	151	100
P00031_04	9vq6_B	67.442	129	127	132	1	127	3	119	4.24e-47	151	100
P00031_04	9vq6_A	67.442	129	127	132	1	127	3	119	4.24e-47	151	100
P00031_04	8eqf_H	63.566	129	127	123	1	127	1	122	2.04e-46	149	100
P00031_04	1dee_F	66.923	130	127	223	1	127	1	120	2.19e-46	152	100
P00031_04	1dee_D	66.923	130	127	223	1	127	1	120	2.19e-46	152	100
P00031_04	1dee_B	66.923	130	127	223	1	127	1	120	2.19e-46	152	100
P00031_04	1hez_D	66.923	130	127	224	1	127	1	120	3.48e-46	152	100
P00031_04	1hez_B	66.923	130	127	224	1	127	1	120	3.48e-46	152	100
P00031_04	8k4q_D	65.116	129	127	121	1	127	3	120	4.13e-46	148	100
P00031_04	8k4q_B	65.116	129	127	121	1	127	3	120	4.13e-46	148	100
P00031_04	9nrc_H	64.341	129	127	240	1	127	1	123	7.73e-46	152	100
P00031_05	3eak_B	69.466	131	127	137	1	127	1	127	6.76e-51	161	100
P00031_05	3eak_A	69.466	131	127	137	1	127	1	127	6.76e-51	161	100
P00031_05	9nh7_F	69.767	129	127	140	1	127	4	124	3.96e-50	159	100
P00031_05	9nh7_E	69.767	129	127	140	1	127	4	124	3.96e-50	159	100
P00031_05	8eqf_H	64.341	129	127	123	1	127	1	122	2.37e-48	154	100
P00031_05	1dee_F	66.667	129	127	223	1	127	1	120	4.64e-48	157	100
P00031_05	1dee_D	66.667	129	127	223	1	127	1	120	4.64e-48	157	100
P00031_05	1dee_B	66.667	129	127	223	1	127	1	120	4.64e-48	157	100
P00031_05	1hez_D	66.667	129	127	224	1	127	1	120	6.77e-48	156	100
P00031_05	1hez_B	66.667	129	127	224	1	127	1	120	6.77e-48	156	100
P00031_05	9vq6_H	66.667	129	127	132	1	127	3	119	8.87e-48	153	100
P00031_05	9vq6_C	66.667	129	127	132	1	127	3	119	8.87e-48	153	100
P00031_05	9vq6_B	66.667	129	127	132	1	127	3	119	8.87e-48	153	100
P00031_05	9vq6_A	66.667	129	127	132	1	127	3	119	8.87e-48	153	100
P00031_05	6uoe_H	65.891	129	127	229	1	127	1	124	1.06e-47	156	100
P00031_05	6rqm_B	66.923	130	127	144	1	127	1	127	1.26e-47	153	100
P00031_05	9b6o_H	65.116	129	127	120	1	127	1	118	1.29e-47	152	100
P00031_05	5xj4_H	65.116	129	127	121	1	127	1	120	6.63e-47	150	100
P00031_05	8k4q_D	65.116	129	127	121	1	127	3	120	1.25e-46	150	100
P00031_05	8k4q_B	65.116	129	127	121	1	127	3	120	1.25e-46	150	100
P00031_06	3eak_B	67.669	133	127	137	1	127	1	127	1.77e-50	160	100
P00031_06	3eak_A	67.669	133	127	137	1	127	1	127	1.77e-50	160	100
P00031_06	9nh7_F	69.767	129	127	140	1	127	4	124	2.73e-50	160	100
P00031_06	9nh7_E	69.767	129	127	140	1	127	4	124	2.73e-50	160	100
P00031_06	9vq6_H	67.442	129	127	132	1	127	3	119	1.27e-47	152	100
P00031_06	9vq6_C	67.442	129	127	132	1	127	3	119	1.27e-47	152	100
P00031_06	9vq6_B	67.442	129	127	132	1	127	3	119	1.27e-47	152	100
P00031_06	9vq6_A	67.442	129	127	132	1	127	3	119	1.27e-47	152	100
P00031_06	8eqf_H	64.341	129	127	123	1	127	1	122	2.55e-47	152	100
P00031_06	1dee_F	64.885	131	127	223	1	127	1	120	1.14e-46	153	100
P00031_06	1dee_D	64.885	131	127	223	1	127	1	120	1.14e-46	153	100
P00031_06	1dee_B	64.885	131	127	223	1	127	1	120	1.14e-46	153	100
P00031_06	1hez_D	65.649	131	127	224	1	127	1	120	1.87e-46	153	100
P00031_06	1hez_B	65.649	131	127	224	1	127	1	120	1.87e-46	153	100
P00031_06	6uoe_H	65.891	129	127	229	1	127	1	124	3.09e-46	152	100
P00031_06	9jd1_B	64.885	131	127	240	1	127	1	128	9.39e-46	151	100
P00031_06	8xse_M	66.917	133	127	226	1	127	1	122	9.49e-46	151	100
P00031_06	6w51_S	64.341	129	127	223	1	127	1	120	1.13e-45	150	100
P00031_06	6w51_Q	64.341	129	127	223	1	127	1	120	1.13e-45	150	100
P00031_06	6w51_O	64.341	129	127	223	1	127	1	120	1.13e-45	150	100
P00031_07	3eak_B	68.421	133	127	137	1	127	1	127	3.87e-51	162	100
P00031_07	3eak_A	68.421	133	127	137	1	127	1	127	3.87e-51	162	100
P00031_07	9nh7_F	69.767	129	127	140	1	127	4	124	9.04e-51	161	100
P00031_07	9nh7_E	69.767	129	127	140	1	127	4	124	9.04e-51	161	100
P00031_07	9vq6_H	68.217	129	127	132	1	127	3	119	2.83e-50	159	100
P00031_07	9vq6_C	68.217	129	127	132	1	127	3	119	2.83e-50	159	100
P00031_07	9vq6_B	68.217	129	127	132	1	127	3	119	2.83e-50	159	100
P00031_07	9vq6_A	68.217	129	127	132	1	127	3	119	2.83e-50	159	100
P00031_07	8eqf_H	65.891	129	127	123	1	127	1	122	8.27e-49	155	100
P00031_07	1dee_F	65.891	129	127	223	1	127	1	120	3.73e-48	157	100
P00031_07	1dee_D	65.891	129	127	223	1	127	1	120	3.73e-48	157	100
P00031_07	1dee_B	65.891	129	127	223	1	127	1	120	3.73e-48	157	100
P00031_07	1hez_D	65.891	129	127	224	1	127	1	120	5.69e-48	157	100
P00031_07	1hez_B	65.891	129	127	224	1	127	1	120	5.69e-48	157	100
P00031_07	6uoe_H	65.891	129	127	229	1	127	1	124	7.40e-48	156	100
P00031_07	8a1e_D	65.116	129	127	119	1	127	1	118	8.31e-48	152	100
P00031_07	5xj4_H	65.116	129	127	121	1	127	1	120	2.17e-47	152	100
P00031_07	8cyb_D	63.359	131	127	127	1	127	3	126	3.08e-47	151	100
P00031_07	3eyq_D	67.442	129	127	242	1	127	1	124	4.59e-47	155	100
P00031_07	9xar_E	64.341	129	127	236	1	127	2	123	6.83e-47	154	100
P00031_08	9nh7_F	68.992	129	127	140	1	127	4	124	1.23e-50	160	100
P00031_08	9nh7_E	68.992	129	127	140	1	127	4	124	1.23e-50	160	100
P00031_08	3eak_B	68.702	131	127	137	1	127	1	127	7.04e-50	159	100
P00031_08	3eak_A	68.702	131	127	137	1	127	1	127	7.04e-50	159	100
P00031_08	8eqf_H	65.116	129	127	123	1	127	1	122	1.16e-48	155	100
P00031_08	1dee_F	66.667	129	127	223	1	127	1	120	1.11e-47	156	100
P00031_08	1dee_D	66.667	129	127	223	1	127	1	120	1.11e-47	156	100
P00031_08	1dee_B	66.667	129	127	223	1	127	1	120	1.11e-47	156	100
P00031_08	9vq6_H	66.667	129	127	132	1	127	3	119	1.13e-47	153	100
P00031_08	9vq6_C	66.667	129	127	132	1	127	3	119	1.13e-47	153	100
P00031_08	9vq6_B	66.667	129	127	132	1	127	3	119	1.13e-47	153	100
P00031_08	9vq6_A	66.667	129	127	132	1	127	3	119	1.13e-47	153	100
P00031_08	1hez_D	66.667	129	127	224	1	127	1	120	1.60e-47	155	100
P00031_08	1hez_B	66.667	129	127	224	1	127	1	120	1.60e-47	155	100
P00031_08	6uoe_H	65.891	129	127	229	1	127	1	124	2.61e-47	155	100
P00031_08	5xj4_H	65.116	129	127	121	1	127	1	120	4.72e-47	151	100
P00031_08	7laa_H	65.891	129	127	226	1	127	1	124	6.97e-47	154	100
P00031_08	6rqm_B	66.923	130	127	144	1	127	1	127	1.25e-46	150	100
P00031_08	8k4q_D	65.116	129	127	121	1	127	3	120	2.36e-46	149	100
P00031_08	8k4q_B	65.116	129	127	121	1	127	3	120	2.36e-46	149	100
P00032_00	3eak_B	69.291	127	127	137	1	127	1	127	4.80e-54	169	100
P00032_00	3eak_A	69.291	127	127	137	1	127	1	127	4.80e-54	169	100
P00032_00	9vq6_H	70.866	127	127	132	1	127	3	119	4.61e-53	166	100
P00032_00	9vq6_C	70.866	127	127	132	1	127	3	119	4.61e-53	166	100
P00032_00	9vq6_B	70.866	127	127	132	1	127	3	119	4.61e-53	166	100
P00032_00	9vq6_A	70.866	127	127	132	1	127	3	119	4.61e-53	166	100
P00032_00	6azm_D	66.929	127	127	225	1	127	1	124	5.50e-51	164	100
P00032_00	6azm_B	66.929	127	127	225	1	127	1	124	5.50e-51	164	100
P00032_00	9dzg_H	66.142	127	127	228	1	127	1	124	1.04e-50	164	100
P00032_00	9dzf_H	66.142	127	127	228	1	127	1	124	1.04e-50	164	100
P00032_00	8k4q_D	66.929	127	127	121	1	127	3	120	3.17e-50	159	100
P00032_00	8k4q_B	66.929	127	127	121	1	127	3	120	3.17e-50	159	100
P00032_00	9nh7_F	69.291	127	127	140	1	127	4	124	4.67e-50	159	100
P00032_00	9nh7_E	69.291	127	127	140	1	127	4	124	4.67e-50	159	100
P00032_00	3kdm_B	66.929	127	127	225	1	127	1	121	2.26e-49	160	100
P00032_00	3kdm_H	66.929	127	127	225	1	127	1	121	2.26e-49	160	100
P00032_00	1dql_H	66.142	127	127	123	1	127	1	122	4.95e-49	156	100
P00032_00	9w7j_B	65.354	127	127	120	1	127	1	119	5.43e-49	155	100
P00032_00	8tnt_E	64.567	127	127	232	1	127	1	119	5.79e-49	159	100
P00032_00	8cxc_H	65.354	127	127	218	1	127	2	119	6.17e-49	159	100
P00032_01	3eak_B	69.291	127	127	137	1	127	1	127	1.27e-53	168	100
P00032_01	3eak_A	69.291	127	127	137	1	127	1	127	1.27e-53	168	100
P00032_01	9vq6_H	70.866	127	127	132	1	127	3	119	1.54e-52	165	100
P00032_01	9vq6_C	70.866	127	127	132	1	127	3	119	1.54e-52	165	100
P00032_01	9vq6_B	70.866	127	127	132	1	127	3	119	1.54e-52	165	100
P00032_01	9vq6_A	70.866	127	127	132	1	127	3	119	1.54e-52	165	100
P00032_01	6azm_D	66.929	127	127	225	1	127	1	124	6.09e-52	167	100
P00032_01	6azm_B	66.929	127	127	225	1	127	1	124	6.09e-52	167	100
P00032_01	6rqm_B	67.407	135	127	144	1	127	1	127	1.83e-50	160	100
P00032_01	9cr9_H	68.504	127	127	235	1	127	1	122	4.89e-50	162	100
P00032_01	9cr9_A	68.504	127	127	235	1	127	1	122	4.89e-50	162	100
P00032_01	8tnt_E	65.354	127	127	232	1	127	1	119	5.64e-50	162	100
P00032_01	9l6c_A	67.717	127	127	123	1	127	1	122	6.52e-50	158	100
P00032_01	3kdm_B	66.929	127	127	225	1	127	1	121	9.24e-50	161	100
P00032_01	3kdm_H	66.929	127	127	225	1	127	1	121	9.24e-50	161	100
P00032_01	8rtx_F	66.142	127	127	227	1	127	1	117	1.39e-49	160	100
P00032_01	8rtx_D	66.142	127	127	227	1	127	1	117	1.39e-49	160	100
P00032_01	8rtx_B	66.142	127	127	227	1	127	1	117	1.39e-49	160	100
P00032_01	9n4f_O	64.567	127	127	125	1	127	1	124	1.90e-49	157	100
P00032_01	9n4f_M	64.567	127	127	125	1	127	1	124	1.90e-49	157	100
P00032_02	3eak_B	68.504	127	127	137	1	127	1	127	4.95e-53	166	100
P00032_02	3eak_A	68.504	127	127	137	1	127	1	127	4.95e-53	166	100
P00032_02	9vq6_H	69.291	127	127	132	1	127	3	119	7.87e-52	163	100
P00032_02	9vq6_C	69.291	127	127	132	1	127	3	119	7.87e-52	163	100
P00032_02	9vq6_B	69.291	127	127	132	1	127	3	119	7.87e-52	163	100
P00032_02	9vq6_A	69.291	127	127	132	1	127	3	119	7.87e-52	163	100
P00032_02	6azm_D	65.354	127	127	225	1	127	1	124	6.14e-51	164	100
P00032_02	6azm_B	65.354	127	127	225	1	127	1	124	6.14e-51	164	100
P00032_02	9nh7_F	69.291	127	127	140	1	127	4	124	3.55e-50	159	100
P00032_02	9nh7_E	69.291	127	127	140	1	127	4	124	3.55e-50	159	100
P00032_02	8k4q_D	66.142	127	127	121	1	127	3	120	5.93e-50	158	100
P00032_02	8k4q_B	66.142	127	127	121	1	127	3	120	5.93e-50	158	100
P00032_02	7obf_B	66.142	127	127	125	1	127	1	119	1.49e-49	157	100
P00032_02	7obf_A	66.142	127	127	125	1	127	1	119	1.49e-49	157	100
P00032_02	6rqm_B	67.692	130	127	144	1	127	1	127	1.73e-49	158	100
P00032_02	1ohq_B	66.142	127	127	120	1	127	1	119	2.05e-49	157	100
P00032_02	1ohq_A	66.142	127	127	120	1	127	1	119	2.05e-49	157	100
P00032_02	5csz_A	65.625	128	127	228	1	127	1	125	2.54e-49	160	100
P00032_02	5csz_H	65.625	128	127	228	1	127	1	125	2.54e-49	160	100
P00032_02	9cr9_H	65.354	127	127	235	1	127	1	122	2.62e-49	160	100
P00032_03	3eak_B	70.079	127	127	137	1	127	1	127	1.30e-53	168	100
P00032_03	3eak_A	70.079	127	127	137	1	127	1	127	1.30e-53	168	100
P00032_03	9vq6_H	71.654	127	127	132	1	127	3	119	2.97e-52	164	100
P00032_03	9vq6_C	71.654	127	127	132	1	127	3	119	2.97e-52	164	100
P00032_03	9vq6_B	71.654	127	127	132	1	127	3	119	2.97e-52	164	100
P00032_03	9vq6_A	71.654	127	127	132	1	127	3	119	2.97e-52	164	100
P00032_03	6azm_D	66.929	127	127	225	1	127	1	124	4.78e-51	164	100
P00032_03	6azm_B	66.929	127	127	225	1	127	1	124	4.78e-51	164	100
P00032_03	9cr9_H	68.504	127	127	235	1	127	1	122	6.78e-50	162	100
P00032_03	9cr9_A	68.504	127	127	235	1	127	1	122	6.78e-50	162	100
P00032_03	9nh7_F	69.291	127	127	140	1	127	4	124	6.85e-50	159	100
P00032_03	9nh7_E	69.291	127	127	140	1	127	4	124	6.85e-50	159	100
P00032_03	8p2e_G	66.142	127	127	223	1	127	2	118	9.21e-50	161	100
P00032_03	8p2e_E	66.142	127	127	223	1	127	2	118	9.21e-50	161	100
P00032_03	8p2e_C	66.142	127	127	223	1	127	2	118	9.21e-50	161	100
P00032_03	8p2e_A	66.142	127	127	223	1	127	2	118	9.21e-50	161	100
P00032_03	7l2e_I	66.142	127	127	229	1	127	1	121	4.37e-49	159	100
P00032_03	7l2e_G	66.142	127	127	229	1	127	1	121	4.37e-49	159	100
P00032_03	7l2e_H	66.142	127	127	229	1	127	1	121	4.37e-49	159	100
P00032_03	9dzg_H	65.354	127	127	228	1	127	1	124	4.73e-49	159	100
P00032_04	3eak_B	68.504	127	127	137	1	127	1	127	1.71e-52	165	100
P00032_04	3eak_A	68.504	127	127	137	1	127	1	127	1.71e-52	165	100
P00032_04	9vq6_H	70.079	127	127	132	1	127	3	119	8.29e-51	160	100
P00032_04	9vq6_C	70.079	127	127	132	1	127	3	119	8.29e-51	160	100
P00032_04	9vq6_B	70.079	127	127	132	1	127	3	119	8.29e-51	160	100
P00032_04	9vq6_A	70.079	127	127	132	1	127	3	119	8.29e-51	160	100
P00032_04	9nh7_F	69.291	127	127	140	1	127	4	124	1.55e-50	160	100
P00032_04	9nh7_E	69.291	127	127	140	1	127	4	124	1.55e-50	160	100
P00032_04	6azm_D	66.142	127	127	225	1	127	1	124	3.20e-49	160	100
P00032_04	6azm_B	66.142	127	127	225	1	127	1	124	3.20e-49	160	100
P00032_04	8cwk_A	66.142	127	127	232	1	127	1	120	7.28e-49	159	100
P00032_04	9cr9_H	67.717	127	127	235	1	127	1	122	2.23e-48	158	100
P00032_04	9cr9_A	67.717	127	127	235	1	127	1	122	2.23e-48	158	100
P00032_04	8jkh_M	64.567	127	127	117	1	127	1	116	2.67e-48	154	100
P00032_04	8jkh_m	64.567	127	127	117	1	127	1	116	2.67e-48	154	100
P00032_04	8jkh_H	64.567	127	127	117	1	127	1	116	2.67e-48	154	100
P00032_04	8jkh_h	64.567	127	127	117	1	127	1	116	2.67e-48	154	100
P00032_04	8p2e_G	64.567	127	127	223	1	127	2	118	2.72e-48	157	100
P00032_04	8p2e_E	64.567	127	127	223	1	127	2	118	2.72e-48	157	100
P00032_04	8p2e_C	64.567	127	127	223	1	127	2	118	2.72e-48	157	100
P00032_05	3eak_B	68.504	127	127	137	1	127	1	127	1.84e-52	165	100
P00032_05	3eak_A	68.504	127	127	137	1	127	1	127	1.84e-52	165	100
P00032_05	9vq6_H	69.291	127	127	132	1	127	3	119	2.65e-51	162	100
P00032_05	9vq6_C	69.291	127	127	132	1	127	3	119	2.65e-51	162	100
P00032_05	9vq6_B	69.291	127	127	132	1	127	3	119	2.65e-51	162	100
P00032_05	9vq6_A	69.291	127	127	132	1	127	3	119	2.65e-51	162	100
P00032_05	6azm_D	65.354	127	127	225	1	127	1	124	1.45e-50	163	100
P00032_05	6azm_B	65.354	127	127	225	1	127	1	124	1.45e-50	163	100
P00032_05	9nh7_F	69.291	127	127	140	1	127	4	124	1.62e-50	160	100
P00032_05	9nh7_E	69.291	127	127	140	1	127	4	124	1.62e-50	160	100
P00032_05	9cr9_H	66.929	127	127	235	1	127	1	122	2.87e-50	163	100
P00032_05	9cr9_A	66.929	127	127	235	1	127	1	122	2.87e-50	163	100
P00032_05	3g6d_H	66.929	127	127	229	1	127	1	121	3.57e-50	162	100
P00032_05	3g6a_B	66.929	127	127	229	1	127	1	121	3.57e-50	162	100
P00032_05	3g6a_H	66.929	127	127	229	1	127	1	121	3.57e-50	162	100
P00032_05	5y0a_D	65.909	132	127	129	1	127	1	129	3.90e-50	159	100
P00032_05	5y0a_F	65.909	132	127	129	1	127	1	129	3.90e-50	159	100
P00032_05	5y0a_H	65.909	132	127	129	1	127	1	129	3.90e-50	159	100
P00032_05	5njd_X	66.929	127	127	289	1	127	29	142	5.28e-50	164	100
P00032_05	5njd_V	66.929	127	127	289	1	127	29	142	5.28e-50	164	100
P00032_06	3eak_B	69.291	127	127	137	1	127	1	127	2.74e-53	167	100
P00032_06	3eak_A	69.291	127	127	137	1	127	1	127	2.74e-53	167	100
P00032_06	9vq6_H	70.079	127	127	132	1	127	3	119	4.60e-52	164	100
P00032_06	9vq6_C	70.079	127	127	132	1	127	3	119	4.60e-52	164	100
P00032_06	9vq6_B	70.079	127	127	132	1	127	3	119	4.60e-52	164	100
P00032_06	9vq6_A	70.079	127	127	132	1	127	3	119	4.60e-52	164	100
P00032_06	9nh7_F	69.291	127	127	140	1	127	4	124	6.49e-50	159	100
P00032_06	9nh7_E	69.291	127	127	140	1	127	4	124	6.49e-50	159	100
P00032_06	4u3x_C	66.929	127	127	121	1	127	1	120	6.74e-49	155	100
P00032_06	4u3x_A	66.929	127	127	121	1	127	1	120	6.74e-49	155	100
P00032_06	4pgj_C	66.929	127	127	121	1	127	1	120	6.74e-49	155	100
P00032_06	4pgj_A	66.929	127	127	121	1	127	1	120	6.74e-49	155	100
P00032_06	6dsi_A	66.667	126	127	242	1	126	1	117	8.40e-49	159	99
P00032_06	8tnt_E	65.354	127	127	232	1	127	1	119	1.32e-48	158	100
P00032_06	6rqm_B	66.923	130	127	144	1	127	1	127	1.80e-48	155	100
P00032_06	6azm_D	64.567	127	127	225	1	127	1	124	2.08e-48	158	100
P00032_06	6azm_B	64.567	127	127	225	1	127	1	124	2.08e-48	158	100
P00032_06	9w7j_B	64.567	127	127	120	1	127	1	119	3.16e-48	154	100
P00032_06	9l6c_A	66.142	127	127	123	1	127	1	122	3.29e-48	154	100
P00032_06	9dzg_H	64.567	127	127	228	1	127	1	124	3.70e-48	157	100
P00032_07	3eak_B	69.291	127	127	137	1	127	1	127	1.66e-53	167	100
P00032_07	3eak_A	69.291	127	127	137	1	127	1	127	1.66e-53	167	100
P00032_07	9vq6_H	70.866	127	127	132	1	127	3	119	1.94e-53	167	100
P00032_07	9vq6_C	70.866	127	127	132	1	127	3	119	1.94e-53	167	100
P00032_07	9vq6_B	70.866	127	127	132	1	127	3	119	1.94e-53	167	100
P00032_07	9vq6_A	70.866	127	127	132	1	127	3	119	1.94e-53	167	100
P00032_07	9n4f_O	66.142	127	127	125	1	127	1	124	1.50e-51	162	100
P00032_07	9n4f_M	66.142	127	127	125	1	127	1	124	1.50e-51	162	100
P00032_07	9n4f_H	66.142	127	127	125	1	127	1	124	1.50e-51	162	100
P00032_07	6rqm_B	69.231	130	127	144	1	127	1	127	1.18e-50	160	100
P00032_07	9l6c_A	67.717	127	127	123	1	127	1	122	1.81e-50	159	100
P00032_07	9nh7_F	70.079	127	127	140	1	127	4	124	9.31e-50	158	100
P00032_07	9nh7_E	70.079	127	127	140	1	127	4	124	9.31e-50	158	100
P00032_07	3kdm_B	66.667	129	127	225	1	127	1	121	1.53e-49	160	100
P00032_07	3kdm_H	66.667	129	127	225	1	127	1	121	1.53e-49	160	100
P00032_07	8k4q_D	65.354	127	127	121	1	127	3	120	2.04e-49	157	100
P00032_07	8k4q_B	65.354	127	127	121	1	127	3	120	2.04e-49	157	100
P00032_07	6azm_D	65.354	127	127	225	1	127	1	124	2.96e-49	160	100
P00032_07	6azm_B	65.354	127	127	225	1	127	1	124	2.96e-49	160	100
P00032_07	9dzg_H	65.354	127	127	228	1	127	1	124	4.11e-49	159	100
P00032_08	3eak_B	69.291	127	127	137	1	127	1	127	1.17e-53	168	100
P00032_08	3eak_A	69.291	127	127	137	1	127	1	127	1.17e-53	168	100
P00032_08	9vq6_H	69.291	127	127	132	1	127	3	119	6.53e-52	164	100
P00032_08	9vq6_C	69.291	127	127	132	1	127	3	119	6.53e-52	164	100
P00032_08	9vq6_B	69.291	127	127	132	1	127	3	119	6.53e-52	164	100
P00032_08	9vq6_A	69.291	127	127	132	1	127	3	119	6.53e-52	164	100
P00032_08	9nh7_F	70.079	127	127	140	1	127	4	124	5.71e-51	161	100
P00032_08	9nh7_E	70.079	127	127	140	1	127	4	124	5.71e-51	161	100
P00032_08	5ihl_I	64.567	127	127	121	1	127	3	117	3.42e-49	156	100
P00032_08	5ihl_G	64.567	127	127	121	1	127	3	117	3.42e-49	156	100
P00032_08	5ihl_E	64.567	127	127	121	1	127	3	117	3.42e-49	156	100
P00032_08	5ihl_B	64.567	127	127	121	1	127	3	117	3.42e-49	156	100
P00032_08	5dmj_G	64.567	127	127	121	1	127	3	117	3.42e-49	156	100
P00032_08	5dmj_E	64.567	127	127	121	1	127	3	117	3.42e-49	156	100
P00032_08	5dmj_B	64.567	127	127	121	1	127	3	117	3.42e-49	156	100
P00032_08	9n4f_O	65.354	127	127	125	1	127	1	124	4.27e-49	156	100
P00032_08	9n4f_M	65.354	127	127	125	1	127	1	124	4.27e-49	156	100
P00032_08	9n4f_H	65.354	127	127	125	1	127	1	124	4.27e-49	156	100
P00032_08	5csz_A	65.625	128	127	228	1	127	1	125	5.39e-49	159	100
P00032_08	5csz_H	65.625	128	127	228	1	127	1	125	5.39e-49	159	100
P00033_00	3eak_B	66.667	135	125	137	1	125	1	127	3.56e-47	152	100
P00033_00	3eak_A	66.667	135	125	137	1	125	1	127	3.56e-47	152	100
P00033_00	9nh7_F	65.414	133	125	140	1	125	4	124	1.61e-45	147	100
P00033_00	9nh7_E	65.414	133	125	140	1	125	4	124	1.61e-45	147	100
P00033_00	4u3x_C	65.891	129	125	121	1	125	1	120	1.71e-45	147	100
P00033_00	4u3x_A	65.891	129	125	121	1	125	1	120	1.71e-45	147	100
P00033_00	4pgj_C	65.891	129	125	121	1	125	1	120	1.71e-45	147	100
P00033_00	4pgj_A	65.891	129	125	121	1	125	1	120	1.71e-45	147	100
P00033_00	9lp1_A	64.062	128	125	117	1	125	1	116	1.84e-45	147	100
P00033_00	9lp0_D	64.062	128	125	117	1	125	1	116	1.84e-45	147	100
P00033_00	9loz_B	64.062	128	125	117	1	125	1	116	1.84e-45	147	100
P00033_00	9loy_H	64.062	128	125	117	1	125	1	116	1.84e-45	147	100
P00033_00	9loy_E	64.062	128	125	117	1	125	1	116	1.84e-45	147	100
P00033_00	7xst_D	64.062	128	125	117	1	125	1	116	1.84e-45	147	100
P00033_00	7xst_H	64.062	128	125	117	1	125	1	116	1.84e-45	147	100
P00033_00	7xst_L	64.062	128	125	117	1	125	1	116	1.84e-45	147	100
P00033_00	7xmx_K	64.062	128	125	117	1	125	1	116	1.84e-45	147	100
P00033_00	7xmx_H	64.062	128	125	117	1	125	1	116	1.84e-45	147	100
P00033_00	7xmx_E	64.062	128	125	117	1	125	1	116	1.84e-45	147	100
P00033_00	6k7o_H	62.500	128	125	228	1	125	1	121	2.88e-45	150	100
P00033_01	3eak_B	66.923	130	125	137	1	125	1	127	2.48e-47	152	100
P00033_01	3eak_A	66.923	130	125	137	1	125	1	127	2.48e-47	152	100
P00033_01	9nh7_F	65.625	128	125	140	1	125	4	124	3.35e-47	152	100
P00033_01	9nh7_E	65.625	128	125	140	1	125	4	124	3.35e-47	152	100
P00033_01	8eqf_H	64.662	133	125	123	1	125	1	122	2.65e-46	149	100
P00033_01	9c45_H	64.394	132	125	121	1	125	1	121	3.70e-46	149	100
P00033_01	9c44_F	64.394	132	125	121	1	125	1	121	3.70e-46	149	100
P00033_01	9c44_E	64.394	132	125	121	1	125	1	121	3.70e-46	149	100
P00033_01	9c44_H	64.394	132	125	121	1	125	1	121	3.70e-46	149	100
P00033_01	8gtq_J	64.394	132	125	121	1	125	1	121	3.70e-46	149	100
P00033_01	8gtq_I	64.394	132	125	121	1	125	1	121	3.70e-46	149	100
P00033_01	8gtq_H	64.394	132	125	121	1	125	1	121	3.70e-46	149	100
P00033_01	7sod_H	64.394	132	125	121	1	125	1	121	3.70e-46	149	100
P00033_01	7sob_M	64.394	132	125	121	1	125	1	121	3.70e-46	149	100
P00033_01	7sob_F	64.394	132	125	121	1	125	1	121	3.70e-46	149	100
P00033_01	7sob_C	64.394	132	125	121	1	125	1	121	3.70e-46	149	100
P00033_01	7soa_H	64.394	132	125	121	1	125	1	121	3.70e-46	149	100
P00033_01	7so9_O	64.394	132	125	121	1	125	1	121	3.70e-46	149	100
P00033_01	7so9_J	64.394	132	125	121	1	125	1	121	3.70e-46	149	100
P00033_01	7so9_C	64.394	132	125	121	1	125	1	121	3.70e-46	149	100
P00033_02	3eak_B	67.692	130	125	137	1	125	1	127	2.84e-48	154	100
P00033_02	3eak_A	67.692	130	125	137	1	125	1	127	2.84e-48	154	100
P00033_02	7d0c_G	65.625	128	125	219	1	125	1	116	7.39e-47	154	100
P00033_02	7d0c_H	65.625	128	125	219	1	125	1	116	7.39e-47	154	100
P00033_02	6xcn_H	66.406	128	125	230	1	125	1	117	1.39e-46	153	100
P00033_02	6xcn_F	66.406	128	125	230	1	125	1	117	1.39e-46	153	100
P00033_02	6xcn_B	66.406	128	125	230	1	125	1	117	1.39e-46	153	100
P00033_02	6xcm_N	66.406	128	125	230	1	125	1	117	1.39e-46	153	100
P00033_02	6xcm_H	66.406	128	125	230	1	125	1	117	1.39e-46	153	100
P00033_02	6xca_H	66.406	128	125	230	1	125	1	117	1.51e-46	153	100
P00033_02	9nh7_F	64.662	133	125	140	1	125	4	124	1.83e-46	150	100
P00033_02	9nh7_E	64.662	133	125	140	1	125	4	124	1.83e-46	150	100
P00033_02	8hq7_M	64.844	128	125	225	1	125	1	121	1.94e-46	152	100
P00033_02	8hpv_R	64.844	128	125	225	1	125	1	121	1.94e-46	152	100
P00033_02	8hpv_E	64.844	128	125	225	1	125	1	121	1.94e-46	152	100
P00033_02	8hpv_M	64.844	128	125	225	1	125	1	121	1.94e-46	152	100
P00033_02	8vyf_B	65.625	128	125	122	1	125	1	121	2.25e-46	149	100
P00033_02	8vye_P	65.625	128	125	122	1	125	1	121	2.25e-46	149	100
P00033_02	8vye_F	65.625	128	125	122	1	125	1	121	2.25e-46	149	100
P00033_02	8vye_B	65.625	128	125	122	1	125	1	121	2.25e-46	149	100
P00033_03	3eak_B	66.412	131	125	137	1	125	1	127	6.94e-47	151	100
P00033_03	3eak_A	66.412	131	125	137	1	125	1	127	6.94e-47	151	100
P00033_03	9nh7_F	66.406	128	125	140	1	125	4	124	1.01e-46	150	100
P00033_03	9nh7_E	66.406	128	125	140	1	125	4	124	1.01e-46	150	100
P00033_03	9vq6_H	67.442	129	125	132	1	125	3	119	2.72e-46	149	100
P00033_03	9vq6_C	67.442	129	125	132	1	125	3	119	2.72e-46	149	100
P00033_03	9vq6_B	67.442	129	125	132	1	125	3	119	2.72e-46	149	100
P00033_03	9vq6_A	67.442	129	125	132	1	125	3	119	2.72e-46	149	100
P00033_03	6rqm_B	66.667	129	125	144	1	125	1	127	9.26e-46	148	100
P00033_03	9dzg_H	65.116	129	125	228	1	125	1	124	6.50e-45	149	100
P00033_03	9dzf_H	65.116	129	125	228	1	125	1	124	6.50e-45	149	100
P00033_03	9dlf_B	64.844	128	125	126	1	125	1	124	1.20e-44	145	100
P00033_03	7nd3_H	63.281	128	125	237	1	125	14	131	1.26e-44	148	100
P00033_03	1fgv_H	63.780	127	125	124	1	125	1	123	1.66e-44	144	100
P00033_03	8xsl_M	65.625	128	125	226	1	125	1	122	2.10e-44	147	100
P00033_03	8xsl_H	65.625	128	125	226	1	125	1	122	2.10e-44	147	100
P00033_03	8xse_H	65.625	128	125	226	1	125	1	122	2.10e-44	147	100
P00033_03	8eqf_H	63.910	133	125	123	1	125	1	122	2.31e-44	144	100
P00033_03	9b6o_H	61.417	127	125	120	1	125	1	118	2.80e-44	144	100
P00033_03	8y31_D	64.062	128	125	230	1	125	1	118	3.83e-44	147	100
P00033_04	9vq6_H	66.667	132	125	132	1	125	3	119	8.98e-46	148	100
P00033_04	9vq6_C	66.667	132	125	132	1	125	3	119	8.98e-46	148	100
P00033_04	9vq6_B	66.667	132	125	132	1	125	3	119	8.98e-46	148	100
P00033_04	9vq6_A	66.667	132	125	132	1	125	3	119	8.98e-46	148	100
P00033_04	3eak_B	66.412	131	125	137	1	125	1	127	9.60e-46	148	100
P00033_04	3eak_A	66.412	131	125	137	1	125	1	127	9.60e-46	148	100
P00033_04	6k7o_H	64.062	128	125	228	1	125	1	121	3.54e-45	149	100
P00033_04	6k7o_F	64.062	128	125	228	1	125	1	121	3.54e-45	149	100
P00033_04	6k7o_D	64.062	128	125	228	1	125	1	121	3.54e-45	149	100
P00033_04	6k7o_B	64.062	128	125	228	1	125	1	121	3.54e-45	149	100
P00033_04	9nh7_F	65.891	129	125	140	1	125	4	124	3.79e-45	147	100
P00033_04	9nh7_E	65.891	129	125	140	1	125	4	124	3.79e-45	147	100
P00033_04	6rqm_B	64.444	135	125	144	1	125	1	127	2.75e-44	144	100
P00033_04	8k4q_D	65.625	128	125	121	1	125	3	120	2.82e-44	144	100
P00033_04	8k4q_B	65.625	128	125	121	1	125	3	120	2.82e-44	144	100
P00033_04	8xsl_M	65.909	132	125	226	1	125	1	122	3.78e-44	147	100
P00033_04	8xsl_H	65.909	132	125	226	1	125	1	122	3.78e-44	147	100
P00033_04	8xse_H	65.909	132	125	226	1	125	1	122	3.78e-44	147	100
P00033_04	3qyc_B	62.791	129	125	146	1	125	3	126	8.91e-44	143	100
P00033_04	3qyc_A	62.791	129	125	146	1	125	3	126	8.91e-44	143	100
P00033_05	3eak_B	65.926	135	125	137	1	125	1	127	3.48e-47	152	100
P00033_05	3eak_A	65.926	135	125	137	1	125	1	127	3.48e-47	152	100
P00033_05	9nh7_F	64.662	133	125	140	1	125	4	124	7.42e-46	148	100
P00033_05	9nh7_E	64.662	133	125	140	1	125	4	124	7.42e-46	148	100
P00033_05	4u3x_C	65.116	129	125	121	1	125	1	120	5.41e-45	145	100
P00033_05	4u3x_A	65.116	129	125	121	1	125	1	120	5.41e-45	145	100
P00033_05	4pgj_C	65.116	129	125	121	1	125	1	120	5.41e-45	145	100
P00033_05	4pgj_A	65.116	129	125	121	1	125	1	120	5.41e-45	145	100
P00033_05	8eqf_H	63.910	133	125	123	1	125	1	122	6.85e-45	145	100
P00033_05	9vq6_H	65.909	132	125	132	1	125	3	119	7.42e-45	145	100
P00033_05	9vq6_C	65.909	132	125	132	1	125	3	119	7.42e-45	145	100
P00033_05	9vq6_B	65.909	132	125	132	1	125	3	119	7.42e-45	145	100
P00033_05	9vq6_A	65.909	132	125	132	1	125	3	119	7.42e-45	145	100
P00033_05	6k7o_H	61.719	128	125	228	1	125	1	121	9.21e-45	148	100
P00033_05	6k7o_F	61.719	128	125	228	1	125	1	121	9.21e-45	148	100
P00033_05	6k7o_D	61.719	128	125	228	1	125	1	121	9.21e-45	148	100
P00033_05	6k7o_B	61.719	128	125	228	1	125	1	121	9.21e-45	148	100
P00033_05	8hq7_M	63.281	128	125	225	1	125	1	121	1.40e-44	148	100
P00033_05	8hpv_R	63.281	128	125	225	1	125	1	121	1.40e-44	148	100
P00033_05	8hpv_E	63.281	128	125	225	1	125	1	121	1.40e-44	148	100
P00033_06	9nh7_F	65.625	128	125	140	1	125	4	124	2.97e-47	152	100
P00033_06	9nh7_E	65.625	128	125	140	1	125	4	124	2.97e-47	152	100
P00033_06	7nd3_H	64.844	128	125	237	1	125	14	131	2.34e-46	153	100
P00033_06	8eqf_H	65.414	133	125	123	1	125	1	122	2.48e-46	149	100
P00033_06	9vq6_H	68.217	129	125	132	1	125	3	119	2.97e-46	149	100
P00033_06	9vq6_C	68.217	129	125	132	1	125	3	119	2.97e-46	149	100
P00033_06	9vq6_B	68.217	129	125	132	1	125	3	119	2.97e-46	149	100
P00033_06	9vq6_A	68.217	129	125	132	1	125	3	119	2.97e-46	149	100
P00033_06	9lp1_A	64.062	128	125	117	1	125	1	116	3.27e-46	149	100
P00033_06	9lp0_D	64.062	128	125	117	1	125	1	116	3.27e-46	149	100
P00033_06	9loz_B	64.062	128	125	117	1	125	1	116	3.27e-46	149	100
P00033_06	9loy_H	64.062	128	125	117	1	125	1	116	3.27e-46	149	100
P00033_06	9loy_E	64.062	128	125	117	1	125	1	116	3.27e-46	149	100
P00033_06	7xst_D	64.062	128	125	117	1	125	1	116	3.27e-46	149	100
P00033_06	7xst_H	64.062	128	125	117	1	125	1	116	3.27e-46	149	100
P00033_06	7xst_L	64.062	128	125	117	1	125	1	116	3.27e-46	149	100
P00033_06	7xmx_K	64.062	128	125	117	1	125	1	116	3.27e-46	149	100
P00033_06	7xmx_H	64.062	128	125	117	1	125	1	116	3.27e-46	149	100
P00033_06	7xmx_E	64.062	128	125	117	1	125	1	116	3.27e-46	149	100
P00033_06	3eak_B	65.926	135	125	137	1	125	1	127	3.28e-46	149	100
P00033_07	3eak_B	66.923	130	125	137	1	125	1	127	7.83e-47	150	100
P00033_07	3eak_A	66.923	130	125	137	1	125	1	127	7.83e-47	150	100
P00033_07	9nh7_F	64.662	133	125	140	1	125	4	124	2.57e-46	149	100
P00033_07	9nh7_E	64.662	133	125	140	1	125	4	124	2.57e-46	149	100
P00033_07	8vyf_B	64.394	132	125	122	1	125	1	121	5.91e-46	148	100
P00033_07	8vye_P	64.394	132	125	122	1	125	1	121	5.91e-46	148	100
P00033_07	8vye_F	64.394	132	125	122	1	125	1	121	5.91e-46	148	100
P00033_07	8vye_B	64.394	132	125	122	1	125	1	121	5.91e-46	148	100
P00033_07	7tm0_I	64.394	132	125	122	1	125	1	121	5.91e-46	148	100
P00033_07	7tm0_G	64.394	132	125	122	1	125	1	121	5.91e-46	148	100
P00033_07	7tm0_E	64.394	132	125	122	1	125	1	121	5.91e-46	148	100
P00033_07	7tlz_B	64.394	132	125	122	1	125	1	121	5.91e-46	148	100
P00033_07	9c45_H	64.394	132	125	121	1	125	1	121	6.25e-46	148	100
P00033_07	9c44_F	64.394	132	125	121	1	125	1	121	6.25e-46	148	100
P00033_07	9c44_E	64.394	132	125	121	1	125	1	121	6.25e-46	148	100
P00033_07	9c44_H	64.394	132	125	121	1	125	1	121	6.25e-46	148	100
P00033_07	8gtq_J	64.394	132	125	121	1	125	1	121	6.25e-46	148	100
P00033_07	8gtq_I	64.394	132	125	121	1	125	1	121	6.25e-46	148	100
P00033_07	8gtq_H	64.394	132	125	121	1	125	1	121	6.25e-46	148	100
P00033_07	7sod_H	64.394	132	125	121	1	125	1	121	6.25e-46	148	100
P00033_08	6rqm_B	65.891	129	125	144	1	125	1	127	3.00e-46	149	100
P00033_08	8xsl_M	65.909	132	125	226	1	125	1	122	3.33e-46	152	100
P00033_08	8xsl_H	65.909	132	125	226	1	125	1	122	3.33e-46	152	100
P00033_08	8xse_H	65.909	132	125	226	1	125	1	122	3.33e-46	152	100
P00033_08	3eak_B	66.154	130	125	137	1	125	1	127	3.79e-46	149	100
P00033_08	3eak_A	66.154	130	125	137	1	125	1	127	3.79e-46	149	100
P00033_08	8eqf_H	64.662	133	125	123	1	125	1	122	1.53e-45	147	100
P00033_08	9nh7_F	63.910	133	125	140	1	125	4	124	4.22e-45	146	100
P00033_08	9nh7_E	63.910	133	125	140	1	125	4	124	4.22e-45	146	100
P00033_08	8y31_D	64.844	128	125	230	1	125	1	118	5.36e-45	149	100
P00033_08	8y31_B	64.844	128	125	230	1	125	1	118	5.36e-45	149	100
P00033_08	8y2k_D	64.844	128	125	230	1	125	1	118	5.36e-45	149	100
P00033_08	8y2k_B	64.844	128	125	230	1	125	1	118	5.36e-45	149	100
P00033_08	8vyf_B	64.394	132	125	122	1	125	1	121	5.46e-45	145	100
P00033_08	8vye_P	64.394	132	125	122	1	125	1	121	5.46e-45	145	100
P00033_08	8vye_F	64.394	132	125	122	1	125	1	121	5.46e-45	145	100
P00033_08	8vye_B	64.394	132	125	122	1	125	1	121	5.46e-45	145	100
P00033_08	7tm0_I	64.394	132	125	122	1	125	1	121	5.46e-45	145	100
P00033_08	7tm0_G	64.394	132	125	122	1	125	1	121	5.46e-45	145	100
P00033_08	7tm0_E	64.394	132	125	122	1	125	1	121	5.46e-45	145	100
P00034_00	3eak_B	68.992	129	125	137	1	125	1	127	1.99e-49	157	100
P00034_00	3eak_A	68.992	129	125	137	1	125	1	127	1.99e-49	157	100
P00034_00	9nh7_F	68.504	127	125	140	1	125	4	124	4.54e-49	156	100
P00034_00	9nh7_E	68.504	127	125	140	1	125	4	124	4.54e-49	156	100
P00034_00	7laa_H	66.142	127	125	226	1	125	1	124	1.96e-48	158	100
P00034_00	5xj4_H	66.406	128	125	121	1	125	1	120	8.27e-48	152	100
P00034_00	6rqm_B	68.462	130	125	144	1	125	1	127	1.80e-47	152	100
P00034_00	9w7j_B	67.188	128	125	120	1	125	1	119	1.93e-47	152	100
P00034_00	8xse_M	68.504	127	125	226	1	125	1	122	4.75e-47	154	100
P00034_00	12es_D	64.567	127	125	227	1	125	1	124	6.63e-47	154	100
P00034_00	8eqf_H	66.142	127	125	123	1	125	1	122	7.45e-47	150	100
P00034_00	8w84_A	64.567	127	125	228	1	125	1	122	8.67e-47	154	100
P00034_00	8w83_M	64.567	127	125	228	1	125	1	122	8.67e-47	154	100
P00034_00	8w83_I	64.567	127	125	228	1	125	1	122	8.67e-47	154	100
P00034_00	8w83_E	64.567	127	125	228	1	125	1	122	8.67e-47	154	100
P00034_00	8w83_A	64.567	127	125	228	1	125	1	122	8.67e-47	154	100
P00034_00	5x8m_B	66.406	128	125	235	1	125	1	120	1.10e-46	154	100
P00034_00	7q3r_F	62.500	128	125	142	1	125	4	130	1.11e-46	150	100
P00034_00	9vq6_H	67.442	129	125	132	1	125	3	119	1.21e-46	150	100
P00034_00	9vq6_C	67.442	129	125	132	1	125	3	119	1.21e-46	150	100
P00034_01	7laa_H	66.923	130	125	226	1	125	1	124	1.53e-49	160	100
P00034_01	9nh7_F	68.504	127	125	140	1	125	4	124	1.97e-48	155	100
P00034_01	9nh7_E	68.504	127	125	140	1	125	4	124	1.97e-48	155	100
P00034_01	3eak_B	66.418	134	125	137	1	125	1	127	7.78e-48	153	100
P00034_01	3eak_A	66.418	134	125	137	1	125	1	127	7.78e-48	153	100
P00034_01	5xj4_H	66.667	129	125	121	1	125	1	120	2.82e-47	151	100
P00034_01	9n4f_O	64.885	131	125	125	1	125	1	124	7.50e-47	150	100
P00034_01	9n4f_M	64.885	131	125	125	1	125	1	124	7.50e-47	150	100
P00034_01	9n4f_H	64.885	131	125	125	1	125	1	124	7.50e-47	150	100
P00034_01	5csz_A	66.406	128	125	228	1	125	1	125	8.21e-47	154	100
P00034_01	5csz_H	66.406	128	125	228	1	125	1	125	8.21e-47	154	100
P00034_01	7dv4_H	64.567	127	125	120	1	125	2	119	9.96e-47	150	100
P00034_01	7dv4_F	64.567	127	125	120	1	125	2	119	9.96e-47	150	100
P00034_01	7dv4_D	64.567	127	125	120	1	125	2	119	9.96e-47	150	100
P00034_01	7dv4_B	64.567	127	125	120	1	125	2	119	9.96e-47	150	100
P00034_01	9w7j_B	66.406	128	125	120	1	125	1	119	2.50e-46	149	100
P00034_01	7dzx_H	64.844	128	125	227	1	125	1	125	3.39e-46	152	100
P00034_01	7s0e_H	67.188	128	125	228	1	125	1	120	3.81e-46	152	100
P00034_01	5x8m_B	66.667	129	125	235	1	125	1	120	4.30e-46	152	100
P00034_01	9pwn_H	64.062	128	125	221	1	125	1	121	7.53e-46	151	100
P00034_02	9nh7_F	68.504	127	125	140	1	125	4	124	2.04e-49	157	100
P00034_02	9nh7_E	68.504	127	125	140	1	125	4	124	2.04e-49	157	100
P00034_02	8w84_A	67.188	128	125	228	1	125	1	122	8.98e-49	159	100
P00034_02	8w83_M	67.188	128	125	228	1	125	1	122	8.98e-49	159	100
P00034_02	8w83_I	67.188	128	125	228	1	125	1	122	8.98e-49	159	100
P00034_02	8w83_E	67.188	128	125	228	1	125	1	122	8.98e-49	159	100
P00034_02	8w83_A	67.188	128	125	228	1	125	1	122	8.98e-49	159	100
P00034_02	7laa_H	66.142	127	125	226	1	125	1	124	1.08e-48	158	100
P00034_02	3eak_B	67.442	129	125	137	1	125	1	127	4.12e-48	154	100
P00034_02	3eak_A	67.442	129	125	137	1	125	1	127	4.12e-48	154	100
P00034_02	9nrc_H	64.567	127	125	240	1	125	1	123	8.57e-48	156	100
P00034_02	7s0e_H	66.929	127	125	228	1	125	1	120	1.35e-47	155	100
P00034_02	9w7j_B	65.354	127	125	120	1	125	1	119	3.02e-47	151	100
P00034_02	4uu9_H	63.780	127	125	123	1	125	1	123	3.07e-47	151	100
P00034_02	4uu9_A	63.780	127	125	123	1	125	1	123	3.07e-47	151	100
P00034_02	5xj4_H	65.625	128	125	121	1	125	1	120	3.59e-47	151	100
P00034_02	9dzg_H	65.354	127	125	228	1	125	1	124	5.43e-47	154	100
P00034_02	9dzf_H	65.354	127	125	228	1	125	1	124	5.43e-47	154	100
P00034_02	8xse_M	67.969	128	125	226	1	125	1	122	8.46e-47	154	100
P00034_02	1fgv_H	65.354	127	125	124	1	125	1	123	1.23e-46	150	100
P00034_03	9nh7_F	68.504	127	125	140	1	125	4	124	8.99e-50	158	100
P00034_03	9nh7_E	68.504	127	125	140	1	125	4	124	8.99e-50	158	100
P00034_03	7laa_H	66.142	127	125	226	1	125	1	124	4.76e-49	159	100
P00034_03	3eak_B	67.442	129	125	137	1	125	1	127	3.54e-48	154	100
P00034_03	3eak_A	67.442	129	125	137	1	125	1	127	3.54e-48	154	100
P00034_03	8w84_A	67.188	128	125	228	1	125	1	122	1.02e-47	156	100
P00034_03	8w83_M	67.188	128	125	228	1	125	1	122	1.02e-47	156	100
P00034_03	8w83_I	67.188	128	125	228	1	125	1	122	1.02e-47	156	100
P00034_03	8w83_E	67.188	128	125	228	1	125	1	122	1.02e-47	156	100
P00034_03	8w83_A	67.188	128	125	228	1	125	1	122	1.02e-47	156	100
P00034_03	2vyr_L	64.885	131	125	153	1	125	1	123	3.69e-47	152	100
P00034_03	2vyr_K	64.885	131	125	153	1	125	1	123	3.69e-47	152	100
P00034_03	2vyr_J	64.885	131	125	153	1	125	1	123	3.69e-47	152	100
P00034_03	2vyr_I	64.885	131	125	153	1	125	1	123	3.69e-47	152	100
P00034_03	2vyr_H	64.885	131	125	153	1	125	1	123	3.69e-47	152	100
P00034_03	2vyr_G	64.885	131	125	153	1	125	1	123	3.69e-47	152	100
P00034_03	2vyr_F	64.885	131	125	153	1	125	1	123	3.69e-47	152	100
P00034_03	2vyr_E	64.885	131	125	153	1	125	1	123	3.69e-47	152	100
P00034_03	6rqm_B	67.442	129	125	144	1	125	1	127	3.88e-47	152	100
P00034_03	5xj4_H	64.844	128	125	121	1	125	1	120	4.88e-47	150	100
P00034_04	9nh7_F	69.291	127	125	140	1	125	4	124	3.10e-49	157	100
P00034_04	9nh7_E	69.291	127	125	140	1	125	4	124	3.10e-49	157	100
P00034_04	3eak_B	68.217	129	125	137	1	125	1	127	3.15e-49	157	100
P00034_04	3eak_A	68.217	129	125	137	1	125	1	127	3.15e-49	157	100
P00034_04	7laa_H	66.929	127	125	226	1	125	1	124	3.18e-49	160	100
P00034_04	7dzy_O	67.717	127	125	225	1	125	1	123	8.88e-49	159	100
P00034_04	7dzy_M	67.717	127	125	225	1	125	1	123	8.88e-49	159	100
P00034_04	7dzy_H	67.717	127	125	225	1	125	1	123	8.88e-49	159	100
P00034_04	8xse_M	68.750	128	125	226	1	125	1	122	1.40e-48	158	100
P00034_04	5xj4_H	67.188	128	125	121	1	125	1	120	1.58e-48	154	100
P00034_04	9sfx_B	64.567	127	125	133	1	125	1	126	9.03e-48	153	100
P00034_04	9w7j_B	66.142	127	125	120	1	125	1	119	1.18e-47	152	100
P00034_04	7dzx_H	65.354	127	125	227	1	125	1	125	1.94e-47	155	100
P00034_04	7tzh_A	66.667	126	125	247	1	124	3	122	1.98e-47	156	99
P00034_04	7tzh_C	66.667	126	125	247	1	124	3	122	1.98e-47	156	99
P00034_04	7tzg_B	66.667	126	125	248	1	124	3	122	2.04e-47	156	99
P00034_04	7tzg_A	66.667	126	125	248	1	124	3	122	2.04e-47	156	99
P00034_04	5x8m_B	67.188	128	125	235	1	125	1	120	2.14e-47	155	100
P00034_04	6rqm_B	67.188	128	125	144	1	125	1	127	2.53e-47	152	100
P00034_04	2vyr_L	65.625	128	125	153	1	125	1	123	4.74e-47	152	100
P00034_05	3eak_B	66.667	129	125	137	1	125	1	127	8.25e-49	155	100
P00034_05	3eak_A	66.667	129	125	137	1	125	1	127	8.25e-49	155	100
P00034_05	9nh7_F	68.504	127	125	140	1	125	4	124	1.29e-48	155	100
P00034_05	9nh7_E	68.504	127	125	140	1	125	4	124	1.29e-48	155	100
P00034_05	2vyr_L	64.062	128	125	153	1	125	1	123	6.13e-46	149	100
P00034_05	2vyr_K	64.062	128	125	153	1	125	1	123	6.13e-46	149	100
P00034_05	2vyr_J	64.062	128	125	153	1	125	1	123	6.13e-46	149	100
P00034_05	2vyr_I	64.062	128	125	153	1	125	1	123	6.13e-46	149	100
P00034_05	2vyr_H	64.062	128	125	153	1	125	1	123	6.13e-46	149	100
P00034_05	2vyr_G	64.062	128	125	153	1	125	1	123	6.13e-46	149	100
P00034_05	2vyr_F	64.062	128	125	153	1	125	1	123	6.13e-46	149	100
P00034_05	2vyr_E	64.062	128	125	153	1	125	1	123	6.13e-46	149	100
P00034_05	6rqm_B	66.406	128	125	144	1	125	1	127	9.16e-46	148	100
P00034_05	7laa_H	62.992	127	125	226	1	125	1	124	1.16e-45	150	100
P00034_05	9vq6_H	66.142	127	125	132	1	125	3	119	1.50e-45	147	100
P00034_05	9vq6_C	66.142	127	125	132	1	125	3	119	1.50e-45	147	100
P00034_05	9vq6_B	66.142	127	125	132	1	125	3	119	1.50e-45	147	100
P00034_05	9vq6_A	66.142	127	125	132	1	125	3	119	1.50e-45	147	100
P00034_05	9w7j_B	63.780	127	125	120	1	125	1	119	1.77e-45	147	100
P00034_05	9nrc_H	62.205	127	125	240	1	125	1	123	1.88e-45	150	100
P00034_06	7laa_H	65.354	127	125	226	1	125	1	124	1.01e-47	156	100
P00034_06	9w7j_B	66.406	128	125	120	1	125	1	119	3.72e-47	151	100
P00034_06	9n4f_O	64.122	131	125	125	1	125	1	124	4.20e-47	151	100
P00034_06	9n4f_M	64.122	131	125	125	1	125	1	124	4.20e-47	151	100
P00034_06	9n4f_H	64.122	131	125	125	1	125	1	124	4.20e-47	151	100
P00034_06	9nh7_F	67.717	127	125	140	1	125	4	124	4.22e-47	151	100
P00034_06	9nh7_E	67.717	127	125	140	1	125	4	124	4.22e-47	151	100
P00034_06	5csz_A	66.406	128	125	228	1	125	1	125	1.58e-46	153	100
P00034_06	5csz_H	66.406	128	125	228	1	125	1	125	1.58e-46	153	100
P00034_06	3eak_B	64.925	134	125	137	1	125	1	127	2.55e-46	149	100
P00034_06	3eak_A	64.925	134	125	137	1	125	1	127	2.55e-46	149	100
P00034_06	9nrc_H	64.844	128	125	240	1	125	1	123	2.57e-46	153	100
P00034_06	4uu9_H	64.844	128	125	123	1	125	1	123	6.16e-46	148	100
P00034_06	4uu9_A	64.844	128	125	123	1	125	1	123	6.16e-46	148	100
P00034_06	8xse_M	67.939	131	125	226	1	125	1	122	6.76e-46	151	100
P00034_06	6r8x_C	67.969	128	125	236	1	125	1	121	7.95e-46	151	100
P00034_06	9vq6_H	69.531	128	125	132	1	125	3	119	1.33e-45	147	100
P00034_06	9vq6_C	69.531	128	125	132	1	125	3	119	1.33e-45	147	100
P00034_06	9vq6_B	69.531	128	125	132	1	125	3	119	1.33e-45	147	100
P00034_06	9vq6_A	69.531	128	125	132	1	125	3	119	1.33e-45	147	100
P00034_07	9nh7_F	68.504	127	125	140	1	125	4	124	5.28e-48	154	100
P00034_07	9nh7_E	68.504	127	125	140	1	125	4	124	5.28e-48	154	100
P00034_07	9n4f_O	64.122	131	125	125	1	125	1	124	5.54e-48	153	100
P00034_07	9n4f_M	64.122	131	125	125	1	125	1	124	5.54e-48	153	100
P00034_07	9n4f_H	64.122	131	125	125	1	125	1	124	5.54e-48	153	100
P00034_07	7laa_H	64.615	130	125	226	1	125	1	124	2.20e-47	155	100
P00034_07	9w7j_B	67.188	128	125	120	1	125	1	119	1.04e-46	150	100
P00034_07	3eak_B	67.442	129	125	137	1	125	1	127	2.14e-46	149	100
P00034_07	3eak_A	67.442	129	125	137	1	125	1	127	2.14e-46	149	100
P00034_07	7tzg_B	66.142	127	125	248	1	124	3	122	5.65e-46	152	99
P00034_07	7tzg_A	66.142	127	125	248	1	124	3	122	5.65e-46	152	99
P00034_07	5csz_A	65.625	128	125	228	1	125	1	125	5.69e-46	151	100
P00034_07	5csz_H	65.625	128	125	228	1	125	1	125	5.69e-46	151	100
P00034_07	7tzh_A	66.142	127	125	247	1	124	3	122	6.54e-46	152	99
P00034_07	7tzh_C	66.142	127	125	247	1	124	3	122	6.54e-46	152	99
P00034_07	6azm_D	64.844	128	125	225	1	125	1	124	9.72e-46	151	100
P00034_07	6azm_B	64.844	128	125	225	1	125	1	124	9.72e-46	151	100
P00034_07	4uu9_H	64.844	128	125	123	1	125	1	123	1.33e-45	147	100
P00034_07	4uu9_A	64.844	128	125	123	1	125	1	123	1.33e-45	147	100
P00034_07	5xj4_H	65.116	129	125	121	1	125	1	120	1.36e-45	147	100
P00034_08	7laa_H	66.929	127	125	226	1	125	1	124	9.04e-49	159	100
P00034_08	9nh7_F	69.291	127	125	140	1	125	4	124	1.51e-48	155	100
P00034_08	9nh7_E	69.291	127	125	140	1	125	4	124	1.51e-48	155	100
P00034_08	3eak_B	68.217	129	125	137	1	125	1	127	3.78e-48	154	100
P00034_08	3eak_A	68.217	129	125	137	1	125	1	127	3.78e-48	154	100
P00034_08	5xj4_H	67.188	128	125	121	1	125	1	120	1.01e-47	152	100
P00034_08	7q3r_F	62.500	128	125	142	1	125	4	130	6.30e-47	151	100
P00034_08	4uu9_H	65.354	127	125	123	1	125	1	123	8.49e-47	150	100
P00034_08	4uu9_A	65.354	127	125	123	1	125	1	123	8.49e-47	150	100
P00034_08	7dzx_H	65.354	127	125	227	1	125	1	125	1.08e-46	153	100
P00034_08	9vq6_H	67.717	127	125	132	1	125	3	119	1.29e-46	150	100
P00034_08	9vq6_C	67.717	127	125	132	1	125	3	119	1.29e-46	150	100
P00034_08	9vq6_B	67.717	127	125	132	1	125	3	119	1.29e-46	150	100
P00034_08	9vq6_A	67.717	127	125	132	1	125	3	119	1.29e-46	150	100
P00034_08	5x8m_B	67.188	128	125	235	1	125	1	120	1.34e-46	153	100
P00034_08	9w7j_B	66.929	127	125	120	1	125	1	119	2.01e-46	149	100
P00034_08	8eqf_H	66.929	127	125	123	1	125	1	122	2.08e-46	149	100
P00034_08	12es_D	64.567	127	125	227	1	125	1	124	2.45e-46	152	100
P00034_08	8tn7_H	63.780	127	125	220	1	125	1	117	2.93e-46	152	100
P00034_08	7dzy_O	67.717	127	125	225	1	125	1	123	3.21e-46	152	100
P00035_00	9nh7_F	70.866	127	125	140	1	125	4	124	1.48e-48	155	100
P00035_00	9nh7_E	70.866	127	125	140	1	125	4	124	1.48e-48	155	100
P00035_00	6azm_D	66.142	127	125	225	1	125	1	124	2.73e-48	157	100
P00035_00	6azm_B	66.142	127	125	225	1	125	1	124	2.73e-48	157	100
P00035_00	3eak_B	66.929	127	125	137	1	125	1	127	3.70e-48	154	100
P00035_00	3eak_A	66.929	127	125	137	1	125	1	127	3.70e-48	154	100
P00035_00	8x0t_H	66.406	128	125	237	1	125	1	125	7.38e-48	157	100
P00035_00	9vq6_H	68.504	127	125	132	1	125	3	119	2.40e-47	152	100
P00035_00	9vq6_C	68.504	127	125	132	1	125	3	119	2.40e-47	152	100
P00035_00	9vq6_B	68.504	127	125	132	1	125	3	119	2.40e-47	152	100
P00035_00	9vq6_A	68.504	127	125	132	1	125	3	119	2.40e-47	152	100
P00035_00	5d7s_H	68.992	129	125	238	1	125	1	116	3.92e-47	155	100
P00035_00	5d72_M	68.992	129	125	238	1	125	1	116	3.92e-47	155	100
P00035_00	5d72_H	68.992	129	125	238	1	125	1	116	3.92e-47	155	100
P00035_00	5c7x_M	68.992	129	125	238	1	125	1	116	3.92e-47	155	100
P00035_00	5c7x_H	68.992	129	125	238	1	125	1	116	3.92e-47	155	100
P00035_00	9dzg_H	66.929	127	125	228	1	125	1	124	8.67e-47	154	100
P00035_00	9dzf_H	66.929	127	125	228	1	125	1	124	8.67e-47	154	100
P00035_00	6qx4_H	65.079	126	125	134	1	125	1	123	1.04e-46	150	100
P00035_00	6qx4_D	65.079	126	125	134	1	125	1	123	1.04e-46	150	100
P00035_01	3eak_B	67.692	130	125	137	1	125	1	127	1.12e-49	158	100
P00035_01	3eak_A	67.692	130	125	137	1	125	1	127	1.12e-49	158	100
P00035_01	9vq6_H	69.231	130	125	132	1	125	3	119	1.71e-48	155	100
P00035_01	9vq6_C	69.231	130	125	132	1	125	3	119	1.71e-48	155	100
P00035_01	9vq6_B	69.231	130	125	132	1	125	3	119	1.71e-48	155	100
P00035_01	9vq6_A	69.231	130	125	132	1	125	3	119	1.71e-48	155	100
P00035_01	9nh7_F	69.291	127	125	140	1	125	4	124	3.33e-48	154	100
P00035_01	9nh7_E	69.291	127	125	140	1	125	4	124	3.33e-48	154	100
P00035_01	9dzg_H	65.385	130	125	228	1	125	1	124	2.52e-46	152	100
P00035_01	9dzf_H	65.385	130	125	228	1	125	1	124	2.52e-46	152	100
P00035_01	8eqf_H	65.385	130	125	123	1	125	1	122	6.37e-46	148	100
P00035_01	6qx4_H	63.846	130	125	134	1	125	1	123	6.51e-46	148	100
P00035_01	6qx4_D	63.846	130	125	134	1	125	1	123	6.51e-46	148	100
P00035_01	6hhu_H	63.846	130	125	134	1	125	1	123	6.51e-46	148	100
P00035_01	8rw9_D	63.846	130	125	130	1	125	1	123	7.40e-46	148	100
P00035_01	8rw9_C	63.846	130	125	130	1	125	1	123	7.40e-46	148	100
P00035_01	8rw9_B	63.846	130	125	130	1	125	1	123	7.40e-46	148	100
P00035_01	8rw9_A	63.846	130	125	130	1	125	1	123	7.40e-46	148	100
P00035_01	6uoe_H	65.909	132	125	229	1	125	1	124	8.11e-46	151	100
P00035_01	9l6c_A	66.142	127	125	123	1	125	1	122	9.04e-46	147	100
P00035_02	3eak_B	67.176	131	125	137	1	125	1	127	2.58e-49	157	100
P00035_02	3eak_A	67.176	131	125	137	1	125	1	127	2.58e-49	157	100
P00035_02	9vq6_H	68.702	131	125	132	1	125	3	119	3.50e-49	156	100
P00035_02	9vq6_C	68.702	131	125	132	1	125	3	119	3.50e-49	156	100
P00035_02	9vq6_B	68.702	131	125	132	1	125	3	119	3.50e-49	156	100
P00035_02	9vq6_A	68.702	131	125	132	1	125	3	119	3.50e-49	156	100
P00035_02	9nh7_F	67.692	130	125	140	1	125	4	124	1.73e-48	155	100
P00035_02	9nh7_E	67.692	130	125	140	1	125	4	124	1.73e-48	155	100
P00035_02	6azm_D	64.122	131	125	225	1	125	1	124	1.98e-47	155	100
P00035_02	6azm_B	64.122	131	125	225	1	125	1	124	1.98e-47	155	100
P00035_02	9w7j_B	64.122	131	125	120	1	125	1	119	6.22e-47	150	100
P00035_02	6qx4_H	63.846	130	125	134	1	125	1	123	8.05e-47	150	100
P00035_02	6qx4_D	63.846	130	125	134	1	125	1	123	8.05e-47	150	100
P00035_02	6hhu_H	63.846	130	125	134	1	125	1	123	8.05e-47	150	100
P00035_02	8rw9_D	63.846	130	125	130	1	125	1	123	8.85e-47	150	100
P00035_02	8rw9_C	63.846	130	125	130	1	125	1	123	8.85e-47	150	100
P00035_02	8rw9_B	63.846	130	125	130	1	125	1	123	8.85e-47	150	100
P00035_02	8rw9_A	63.846	130	125	130	1	125	1	123	8.85e-47	150	100
P00035_02	5n88_A	63.636	132	125	126	1	125	1	126	1.59e-46	149	100
P00035_02	5n88_H	63.636	132	125	126	1	125	1	126	1.59e-46	149	100
P00035_03	9nh7_F	69.291	127	125	140	1	125	4	124	2.37e-48	155	100
P00035_03	9nh7_E	69.291	127	125	140	1	125	4	124	2.37e-48	155	100
P00035_03	3eak_B	66.412	131	125	137	1	125	1	127	3.17e-48	154	100
P00035_03	3eak_A	66.412	131	125	137	1	125	1	127	3.17e-48	154	100
P00035_03	9vq6_H	69.291	127	125	132	1	125	3	119	2.27e-47	152	100
P00035_03	9vq6_C	69.291	127	125	132	1	125	3	119	2.27e-47	152	100
P00035_03	9vq6_B	69.291	127	125	132	1	125	3	119	2.27e-47	152	100
P00035_03	9vq6_A	69.291	127	125	132	1	125	3	119	2.27e-47	152	100
P00035_03	7shy_E	65.873	126	125	122	1	125	2	121	1.18e-46	150	100
P00035_03	7shy_C	65.873	126	125	122	1	125	2	121	1.18e-46	150	100
P00035_03	7shy_K	65.873	126	125	122	1	125	2	121	1.18e-46	150	100
P00035_03	7shy_I	65.873	126	125	122	1	125	2	121	1.18e-46	150	100
P00035_03	3eyq_D	68.217	129	125	242	1	125	1	124	1.80e-46	153	100
P00035_03	9jqu_H	67.717	127	125	223	1	125	1	120	2.60e-46	152	100
P00035_03	3g6d_H	68.750	128	125	229	1	125	1	121	2.80e-46	152	100
P00035_03	3g6a_B	68.750	128	125	229	1	125	1	121	2.80e-46	152	100
P00035_03	3g6a_H	68.750	128	125	229	1	125	1	121	2.80e-46	152	100
P00035_03	6azm_D	64.885	131	125	225	1	125	1	124	3.00e-46	152	100
P00035_03	6azm_B	64.885	131	125	225	1	125	1	124	3.00e-46	152	100
P00035_03	9l6c_A	66.929	127	125	123	1	125	1	122	3.13e-46	149	100
P00035_04	3eak_B	67.692	130	125	137	1	125	1	127	2.74e-50	159	100
P00035_04	3eak_A	67.692	130	125	137	1	125	1	127	2.74e-50	159	100
P00035_04	9vq6_H	68.462	130	125	132	1	125	3	119	7.64e-50	158	100
P00035_04	9vq6_C	68.462	130	125	132	1	125	3	119	7.64e-50	158	100
P00035_04	9vq6_B	68.462	130	125	132	1	125	3	119	7.64e-50	158	100
P00035_04	9vq6_A	68.462	130	125	132	1	125	3	119	7.64e-50	158	100
P00035_04	6azm_D	66.154	130	125	225	1	125	1	124	1.07e-48	158	100
P00035_04	6azm_B	66.154	130	125	225	1	125	1	124	1.07e-48	158	100
P00035_04	9nh7_F	68.462	130	125	140	1	125	4	124	1.08e-48	155	100
P00035_04	9nh7_E	68.462	130	125	140	1	125	4	124	1.08e-48	155	100
P00035_04	9n7q_D	66.154	130	125	123	1	125	1	122	1.42e-47	152	100
P00035_04	9n7q_E	66.154	130	125	123	1	125	1	122	1.42e-47	152	100
P00035_04	9n7q_H	66.154	130	125	123	1	125	1	122	1.42e-47	152	100
P00035_04	5n88_A	64.394	132	125	126	1	125	1	126	4.43e-47	151	100
P00035_04	5n88_H	64.394	132	125	126	1	125	1	126	4.43e-47	151	100
P00035_04	5xj4_H	65.385	130	125	121	1	125	1	120	4.67e-47	150	100
P00035_04	9w7j_B	65.385	130	125	120	1	125	1	119	5.05e-47	150	100
P00035_04	5csz_A	64.885	131	125	228	1	125	1	125	8.30e-47	154	100
P00035_04	5csz_H	64.885	131	125	228	1	125	1	125	8.30e-47	154	100
P00035_04	6cyf_U	64.615	130	125	227	1	125	1	123	8.61e-47	154	100
P00035_05	9nh7_F	69.291	127	125	140	1	125	4	124	1.08e-48	155	100
P00035_05	9nh7_E	69.291	127	125	140	1	125	4	124	1.08e-48	155	100
P00035_05	3eak_B	66.923	130	125	137	1	125	1	127	3.82e-48	154	100
P00035_05	3eak_A	66.923	130	125	137	1	125	1	127	3.82e-48	154	100
P00035_05	9vq6_H	67.692	130	125	132	1	125	3	119	1.01e-47	153	100
P00035_05	9vq6_C	67.692	130	125	132	1	125	3	119	1.01e-47	153	100
P00035_05	9vq6_B	67.692	130	125	132	1	125	3	119	1.01e-47	153	100
P00035_05	9vq6_A	67.692	130	125	132	1	125	3	119	1.01e-47	153	100
P00035_05	6azm_D	65.649	131	125	225	1	125	1	124	3.30e-47	154	100
P00035_05	6azm_B	65.649	131	125	225	1	125	1	124	3.30e-47	154	100
P00035_05	6dkj_A	67.717	127	125	223	1	125	1	119	3.71e-47	154	100
P00035_05	6dkj_H	67.717	127	125	223	1	125	1	119	3.71e-47	154	100
P00035_05	8xse_M	68.504	127	125	226	1	125	1	122	6.52e-47	154	100
P00035_05	5y0a_D	65.152	132	125	129	1	125	1	129	7.61e-47	150	100
P00035_05	5y0a_F	65.152	132	125	129	1	125	1	129	7.61e-47	150	100
P00035_05	5y0a_H	65.152	132	125	129	1	125	1	129	7.61e-47	150	100
P00035_05	5wi9_F	67.717	127	125	225	1	125	1	123	1.00e-46	153	100
P00035_05	5wi9_H	67.717	127	125	225	1	125	1	123	1.00e-46	153	100
P00035_05	3f12_D	66.929	127	125	242	1	125	1	124	1.37e-46	154	100
P00035_05	3f12_B	66.929	127	125	242	1	125	1	124	1.37e-46	154	100
P00035_06	9vq6_H	69.231	130	125	132	1	125	3	119	3.23e-48	154	100
P00035_06	9vq6_C	69.231	130	125	132	1	125	3	119	3.23e-48	154	100
P00035_06	9vq6_B	69.231	130	125	132	1	125	3	119	3.23e-48	154	100
P00035_06	9vq6_A	69.231	130	125	132	1	125	3	119	3.23e-48	154	100
P00035_06	9nh7_F	68.504	127	125	140	1	125	4	124	6.35e-48	154	100
P00035_06	9nh7_E	68.504	127	125	140	1	125	4	124	6.35e-48	154	100
P00035_06	3eak_B	66.923	130	125	137	1	125	1	127	2.30e-47	152	100
P00035_06	3eak_A	66.923	130	125	137	1	125	1	127	2.30e-47	152	100
P00035_06	8xse_M	70.079	127	125	226	1	125	1	122	7.59e-47	154	100
P00035_06	7shz_E	65.625	128	125	123	1	125	2	121	1.79e-46	149	100
P00035_06	7shz_I	65.625	128	125	123	1	125	2	121	1.79e-46	149	100
P00035_06	7shz_C	65.625	128	125	123	1	125	2	121	1.79e-46	149	100
P00035_06	7shz_K	65.625	128	125	123	1	125	2	121	1.79e-46	149	100
P00035_06	6azm_D	66.412	131	125	225	1	125	1	124	2.10e-46	152	100
P00035_06	6azm_B	66.412	131	125	225	1	125	1	124	2.10e-46	152	100
P00035_06	9l6c_A	67.717	127	125	123	1	125	1	122	5.46e-46	148	100
P00035_06	9cr9_H	67.969	128	125	235	1	125	1	122	5.76e-46	152	100
P00035_06	9cr9_A	67.969	128	125	235	1	125	1	122	5.76e-46	152	100
P00035_06	7l2e_I	66.929	127	125	229	1	125	1	121	6.18e-46	151	100
P00035_06	7l2e_G	66.929	127	125	229	1	125	1	121	6.18e-46	151	100
P00035_07	9nh7_F	71.654	127	125	140	1	125	4	124	5.68e-50	159	100
P00035_07	9nh7_E	71.654	127	125	140	1	125	4	124	5.68e-50	159	100
P00035_07	3eak_B	67.939	131	125	137	1	125	1	127	1.04e-49	158	100
P00035_07	3eak_A	67.939	131	125	137	1	125	1	127	1.04e-49	158	100
P00035_07	9vq6_H	68.702	131	125	132	1	125	3	119	2.80e-48	154	100
P00035_07	9vq6_C	68.702	131	125	132	1	125	3	119	2.80e-48	154	100
P00035_07	9vq6_B	68.702	131	125	132	1	125	3	119	2.80e-48	154	100
P00035_07	9vq6_A	68.702	131	125	132	1	125	3	119	2.80e-48	154	100
P00035_07	9l6c_A	68.504	127	125	123	1	125	1	122	5.50e-48	153	100
P00035_07	3f12_D	68.504	127	125	242	1	125	1	124	1.86e-47	155	100
P00035_07	3f12_B	68.504	127	125	242	1	125	1	124	1.86e-47	155	100
P00035_07	8xse_M	70.079	127	125	226	1	125	1	122	2.32e-47	155	100
P00035_07	3eyq_D	68.504	127	125	242	1	125	1	124	2.66e-47	155	100
P00035_07	8bcz_E	66.142	127	125	121	1	125	1	120	5.87e-47	150	100
P00035_07	8eqf_H	66.929	127	125	123	1	125	1	122	6.25e-47	150	100
P00035_07	8p2e_G	66.929	127	125	223	1	125	2	118	1.09e-46	153	100
P00035_07	8p2e_E	66.929	127	125	223	1	125	2	118	1.09e-46	153	100
P00035_07	8p2e_C	66.929	127	125	223	1	125	2	118	1.09e-46	153	100
P00035_07	8p2e_A	66.929	127	125	223	1	125	2	118	1.09e-46	153	100
P00035_07	1dee_F	66.142	127	125	223	1	125	1	120	1.15e-46	153	100
P00035_08	9nh7_F	70.079	127	125	140	1	125	4	124	9.60e-50	158	100
P00035_08	9nh7_E	70.079	127	125	140	1	125	4	124	9.60e-50	158	100
P00035_08	3eak_B	66.929	127	125	137	1	125	1	127	2.61e-49	157	100
P00035_08	3eak_A	66.929	127	125	137	1	125	1	127	2.61e-49	157	100
P00035_08	9vq6_H	67.717	127	125	132	1	125	3	119	8.32e-49	155	100
P00035_08	9vq6_C	67.717	127	125	132	1	125	3	119	8.32e-49	155	100
P00035_08	9vq6_B	67.717	127	125	132	1	125	3	119	8.32e-49	155	100
P00035_08	9vq6_A	67.717	127	125	132	1	125	3	119	8.32e-49	155	100
P00035_08	5xj4_H	66.142	127	125	121	1	125	1	120	7.02e-48	153	100
P00035_08	6azm_D	65.354	127	125	225	1	125	1	124	2.43e-47	155	100
P00035_08	6azm_B	65.354	127	125	225	1	125	1	124	2.43e-47	155	100
P00035_08	9sg0_H	65.354	127	125	122	1	125	1	115	3.07e-47	151	100
P00035_08	9sfx_H	65.354	127	125	122	1	125	1	115	3.07e-47	151	100
P00035_08	5x8m_B	66.142	127	125	235	1	125	1	120	7.46e-47	154	100
P00035_08	8cyb_D	62.992	127	125	127	1	125	3	126	1.64e-46	149	100
P00035_08	8k4q_D	65.354	127	125	121	1	125	3	120	1.64e-46	149	100
P00035_08	8k4q_B	65.354	127	125	121	1	125	3	120	1.64e-46	149	100
P00035_08	3f12_D	66.142	127	125	242	1	125	1	124	2.17e-46	153	100
P00035_08	3f12_B	66.142	127	125	242	1	125	1	124	2.17e-46	153	100
P00035_08	3g6d_H	64.662	133	125	229	1	125	1	121	2.80e-46	152	100
P00036_00	8xse_M	69.841	126	123	226	1	123	1	122	4.23e-48	157	100
P00036_00	9nh7_F	70.543	129	123	140	1	123	4	124	4.67e-48	154	100
P00036_00	9nh7_E	70.543	129	123	140	1	123	4	124	4.67e-48	154	100
P00036_00	9vq6_H	68.254	126	123	132	1	123	3	119	6.02e-48	153	100
P00036_00	9vq6_C	68.254	126	123	132	1	123	3	119	6.02e-48	153	100
P00036_00	9vq6_B	68.254	126	123	132	1	123	3	119	6.02e-48	153	100
P00036_00	9vq6_A	68.254	126	123	132	1	123	3	119	6.02e-48	153	100
P00036_00	2v7n_H	67.717	127	123	229	1	123	1	118	2.22e-46	152	100
P00036_00	2v7n_F	67.717	127	123	229	1	123	1	118	2.22e-46	152	100
P00036_00	2v7n_D	67.717	127	123	229	1	123	1	118	2.22e-46	152	100
P00036_00	2v7n_B	67.717	127	123	229	1	123	1	118	2.22e-46	152	100
P00036_00	3ztn_H	66.667	132	123	226	1	123	1	128	2.89e-46	152	100
P00036_00	3ztj_K	66.667	132	123	226	1	123	1	128	2.89e-46	152	100
P00036_00	3ztj_I	66.667	132	123	226	1	123	1	128	2.89e-46	152	100
P00036_00	3ztj_G	66.667	132	123	226	1	123	1	128	2.89e-46	152	100
P00036_00	9hi4_K	66.667	132	123	234	1	123	1	128	3.47e-46	152	100
P00036_00	9hi4_A	66.667	132	123	234	1	123	1	128	3.47e-46	152	100
P00036_00	9l6c_A	66.667	126	123	123	1	123	1	122	3.56e-46	149	100
P00036_00	9hi6_H	66.667	132	123	235	1	123	1	128	4.02e-46	152	100
P00036_00	6rqm_B	65.649	131	123	144	1	123	1	127	5.01e-46	149	100
P00036_01	9nh7_F	68.254	126	123	140	1	123	4	124	1.23e-48	155	100
P00036_01	9nh7_E	68.254	126	123	140	1	123	4	124	1.23e-48	155	100
P00036_01	6rqm_B	67.176	131	123	144	1	123	1	127	1.97e-48	155	100
P00036_01	9vq6_H	69.841	126	123	132	1	123	3	119	5.28e-48	153	100
P00036_01	9vq6_C	69.841	126	123	132	1	123	3	119	5.28e-48	153	100
P00036_01	9vq6_B	69.841	126	123	132	1	123	3	119	5.28e-48	153	100
P00036_01	9vq6_A	69.841	126	123	132	1	123	3	119	5.28e-48	153	100
P00036_01	8xse_M	67.460	126	123	226	1	123	1	122	7.70e-48	156	100
P00036_01	9lqi_A	65.041	123	123	121	1	123	1	120	1.08e-46	150	100
P00036_01	9lqi_B	65.041	123	123	121	1	123	1	120	1.08e-46	150	100
P00036_01	7ssc_H	66.667	123	123	223	1	123	1	122	1.70e-46	152	100
P00036_01	7eng_H	65.873	126	123	230	1	123	1	122	3.73e-46	152	100
P00036_01	7enf_P	65.873	126	123	230	1	123	1	122	3.73e-46	152	100
P00036_01	3eak_B	65.909	132	123	137	1	123	1	127	1.19e-45	147	100
P00036_01	3eak_A	65.909	132	123	137	1	123	1	127	1.19e-45	147	100
P00036_01	7obf_B	67.460	126	123	125	1	123	1	119	1.30e-45	147	100
P00036_01	7obf_A	67.460	126	123	125	1	123	1	119	1.30e-45	147	100
P00036_01	8bcz_E	65.079	126	123	121	1	123	1	120	1.47e-45	147	100
P00036_01	1ohq_B	67.460	126	123	120	1	123	1	119	1.55e-45	147	100
P00036_01	1ohq_A	67.460	126	123	120	1	123	1	119	1.55e-45	147	100
P00036_02	9nh7_F	68.254	126	123	140	1	123	4	124	3.92e-48	154	100
P00036_02	9nh7_E	68.254	126	123	140	1	123	4	124	3.92e-48	154	100
P00036_02	6rqm_B	65.649	131	123	144	1	123	1	127	9.14e-48	153	100
P00036_02	9vq6_H	69.048	126	123	132	1	123	3	119	9.44e-48	153	100
P00036_02	9vq6_C	69.048	126	123	132	1	123	3	119	9.44e-48	153	100
P00036_02	9vq6_B	69.048	126	123	132	1	123	3	119	9.44e-48	153	100
P00036_02	9vq6_A	69.048	126	123	132	1	123	3	119	9.44e-48	153	100
P00036_02	8xse_M	66.667	126	123	226	1	123	1	122	8.44e-47	154	100
P00036_02	2v7n_H	67.460	126	123	229	1	123	1	118	1.99e-46	152	100
P00036_02	2v7n_F	67.460	126	123	229	1	123	1	118	1.99e-46	152	100
P00036_02	2v7n_D	67.460	126	123	229	1	123	1	118	1.99e-46	152	100
P00036_02	2v7n_B	67.460	126	123	229	1	123	1	118	1.99e-46	152	100
P00036_02	7ssc_H	66.929	127	123	223	1	123	1	122	3.68e-46	152	100
P00036_02	9l6c_A	65.079	126	123	123	1	123	1	122	4.29e-46	148	100
P00036_02	5gs1_R	65.873	126	123	124	1	123	1	118	4.52e-46	148	100
P00036_02	5gs1_P	65.873	126	123	124	1	123	1	118	4.52e-46	148	100
P00036_02	5gs1_N	65.873	126	123	124	1	123	1	118	4.52e-46	148	100
P00036_02	5gs1_B	65.873	126	123	124	1	123	1	118	4.52e-46	148	100
P00036_02	5grv_L	65.873	126	123	124	1	123	1	118	6.28e-46	148	100
P00036_02	8hq7_M	64.286	126	123	225	1	123	1	121	7.15e-46	151	100
P00036_03	9nh7_F	69.919	123	123	140	1	123	4	124	5.90e-49	156	100
P00036_03	9nh7_E	69.919	123	123	140	1	123	4	124	5.90e-49	156	100
P00036_03	9vq6_H	69.106	123	123	132	1	123	3	119	1.60e-48	155	100
P00036_03	9vq6_C	69.106	123	123	132	1	123	3	119	1.60e-48	155	100
P00036_03	9vq6_B	69.106	123	123	132	1	123	3	119	1.60e-48	155	100
P00036_03	9vq6_A	69.106	123	123	132	1	123	3	119	1.60e-48	155	100
P00036_03	6rqm_B	66.406	128	123	144	1	123	1	127	6.84e-47	151	100
P00036_03	6t2j_B	65.041	123	123	120	1	123	1	119	9.41e-47	150	100
P00036_03	6t2j_A	65.041	123	123	120	1	123	1	119	9.41e-47	150	100
P00036_03	6sc9_C	65.041	123	123	120	1	123	1	119	9.41e-47	150	100
P00036_03	6sc9_B	65.041	123	123	120	1	123	1	119	9.41e-47	150	100
P00036_03	6sc8_C	65.041	123	123	120	1	123	1	119	9.41e-47	150	100
P00036_03	6sc8_B	65.041	123	123	120	1	123	1	119	9.41e-47	150	100
P00036_03	6sc7_C	65.041	123	123	120	1	123	1	119	9.41e-47	150	100
P00036_03	6sc7_B	65.041	123	123	120	1	123	1	119	9.41e-47	150	100
P00036_03	6sc6_C	65.041	123	123	120	1	123	1	119	9.41e-47	150	100
P00036_03	6sc6_B	65.041	123	123	120	1	123	1	119	9.41e-47	150	100
P00036_03	6sc5_C	65.041	123	123	120	1	123	1	119	9.41e-47	150	100
P00036_03	6sc5_B	65.041	123	123	120	1	123	1	119	9.41e-47	150	100
P00036_03	8xse_M	67.460	126	123	226	1	123	1	122	9.52e-47	153	100
P00036_04	9vq6_H	69.600	125	123	132	1	123	3	119	2.43e-48	154	100
P00036_04	9vq6_C	69.600	125	123	132	1	123	3	119	2.43e-48	154	100
P00036_04	9vq6_B	69.600	125	123	132	1	123	3	119	2.43e-48	154	100
P00036_04	9vq6_A	69.600	125	123	132	1	123	3	119	2.43e-48	154	100
P00036_04	9nh7_F	69.841	126	123	140	1	123	4	124	3.38e-47	152	100
P00036_04	9nh7_E	69.841	126	123	140	1	123	4	124	3.38e-47	152	100
P00036_04	6cnw_A	67.200	125	123	116	1	123	1	115	1.03e-45	147	100
P00036_04	6cnv_C	67.200	125	123	116	1	123	1	115	1.03e-45	147	100
P00036_04	9lqi_A	65.854	123	123	121	1	123	1	120	2.54e-45	146	100
P00036_04	9lqi_B	65.854	123	123	121	1	123	1	120	2.54e-45	146	100
P00036_04	8xse_M	66.923	130	123	226	1	123	1	122	2.63e-45	150	100
P00036_04	6azm_D	64.844	128	123	225	1	123	1	124	4.31e-45	149	100
P00036_04	6azm_B	64.844	128	123	225	1	123	1	124	4.31e-45	149	100
P00036_04	4tsc_H	66.400	125	123	222	1	123	1	116	4.71e-45	149	100
P00036_04	4tsa_H	66.400	125	123	222	1	123	1	116	4.71e-45	149	100
P00036_04	8z8l_A	66.400	125	123	124	1	123	1	114	5.14e-45	145	100
P00036_04	9dm0_C	65.116	129	123	122	1	123	1	121	7.49e-45	145	100
P00036_04	4tsb_H	66.400	125	123	222	1	123	1	116	8.02e-45	148	100
P00036_04	6rqm_B	66.923	130	123	144	1	123	1	127	8.33e-45	145	100
P00036_04	6k7o_H	63.780	127	123	228	1	123	1	121	9.39e-45	148	100
P00036_05	9vq6_H	70.400	125	123	132	1	123	3	119	3.97e-48	154	100
P00036_05	9vq6_C	70.400	125	123	132	1	123	3	119	3.97e-48	154	100
P00036_05	9vq6_B	70.400	125	123	132	1	123	3	119	3.97e-48	154	100
P00036_05	9vq6_A	70.400	125	123	132	1	123	3	119	3.97e-48	154	100
P00036_05	9nh7_F	68.800	125	123	140	1	123	4	124	1.00e-47	153	100
P00036_05	9nh7_E	68.800	125	123	140	1	123	4	124	1.00e-47	153	100
P00036_05	2v7n_H	70.400	125	123	229	1	123	1	118	2.24e-47	155	100
P00036_05	2v7n_F	70.400	125	123	229	1	123	1	118	2.24e-47	155	100
P00036_05	2v7n_D	70.400	125	123	229	1	123	1	118	2.24e-47	155	100
P00036_05	2v7n_B	70.400	125	123	229	1	123	1	118	2.24e-47	155	100
P00036_05	5gs1_R	68.800	125	123	124	1	123	1	118	7.67e-47	150	100
P00036_05	5gs1_P	68.800	125	123	124	1	123	1	118	7.67e-47	150	100
P00036_05	5gs1_N	68.800	125	123	124	1	123	1	118	7.67e-47	150	100
P00036_05	5gs1_B	68.800	125	123	124	1	123	1	118	7.67e-47	150	100
P00036_05	7ssc_H	67.717	127	123	223	1	123	1	122	9.33e-47	153	100
P00036_05	5grv_L	68.800	125	123	124	1	123	1	118	1.15e-46	150	100
P00036_05	8tbb_H	62.016	129	123	226	1	123	1	122	2.76e-46	152	100
P00036_05	6cnw_A	66.400	125	123	116	1	123	1	115	3.03e-46	148	100
P00036_05	6cnv_C	66.400	125	123	116	1	123	1	115	3.03e-46	148	100
P00036_05	9udq_I	66.142	127	123	236	1	123	1	122	3.22e-46	152	100
P00036_06	6rqm_B	67.188	128	123	144	1	123	1	127	6.80e-48	154	100
P00036_06	9vq6_H	69.919	123	123	132	1	123	3	119	8.46e-48	153	100
P00036_06	9vq6_C	69.919	123	123	132	1	123	3	119	8.46e-48	153	100
P00036_06	9vq6_B	69.919	123	123	132	1	123	3	119	8.46e-48	153	100
P00036_06	9vq6_A	69.919	123	123	132	1	123	3	119	8.46e-48	153	100
P00036_06	9nh7_F	68.800	125	123	140	1	123	4	124	4.17e-47	151	100
P00036_06	9nh7_E	68.800	125	123	140	1	123	4	124	4.17e-47	151	100
P00036_06	9mvu_F	64.000	125	123	131	1	123	1	124	6.93e-47	150	100
P00036_06	9mvu_E	64.000	125	123	131	1	123	1	124	6.93e-47	150	100
P00036_06	9mvu_D	64.000	125	123	131	1	123	1	124	6.93e-47	150	100
P00036_06	9lqi_A	65.854	123	123	121	1	123	1	120	3.27e-46	149	100
P00036_06	9lqi_B	65.854	123	123	121	1	123	1	120	3.27e-46	149	100
P00036_06	8xse_M	68.217	129	123	226	1	123	1	122	6.75e-46	151	100
P00036_06	8di5_H	65.600	125	123	118	1	123	1	117	1.23e-45	147	100
P00036_06	5y0a_D	65.152	132	123	129	1	123	1	129	1.48e-45	147	100
P00036_06	5y0a_F	65.152	132	123	129	1	123	1	129	1.48e-45	147	100
P00036_06	5y0a_H	65.152	132	123	129	1	123	1	129	1.48e-45	147	100
P00036_06	7ssc_H	68.000	125	123	223	1	123	1	122	1.84e-45	150	100
P00036_06	7eng_H	67.200	125	123	230	1	123	1	122	2.58e-45	150	100
P00036_06	7enf_P	67.200	125	123	230	1	123	1	122	2.58e-45	150	100
P00036_07	9vq6_H	68.293	123	123	132	1	123	3	119	2.97e-49	157	100
P00036_07	9vq6_C	68.293	123	123	132	1	123	3	119	2.97e-49	157	100
P00036_07	9vq6_B	68.293	123	123	132	1	123	3	119	2.97e-49	157	100
P00036_07	9vq6_A	68.293	123	123	132	1	123	3	119	2.97e-49	157	100
P00036_07	9nh7_F	68.293	123	123	140	1	123	4	124	3.46e-47	152	100
P00036_07	9nh7_E	68.293	123	123	140	1	123	4	124	3.46e-47	152	100
P00036_07	9m5d_A	65.854	123	123	120	1	123	1	119	1.74e-46	149	100
P00036_07	9m5d_D	65.854	123	123	120	1	123	1	119	1.74e-46	149	100
P00036_07	9udq_I	64.228	123	123	236	1	123	1	122	6.38e-46	152	100
P00036_07	9udq_F	64.228	123	123	236	1	123	1	122	6.38e-46	152	100
P00036_07	8z8l_A	65.854	123	123	124	1	123	1	114	9.21e-46	147	100
P00036_07	9w7j_B	65.041	123	123	120	1	123	1	119	1.16e-45	147	100
P00036_07	6t2j_B	64.228	123	123	120	1	123	1	119	1.36e-45	147	100
P00036_07	6t2j_A	64.228	123	123	120	1	123	1	119	1.36e-45	147	100
P00036_07	6sc9_C	64.228	123	123	120	1	123	1	119	1.36e-45	147	100
P00036_07	6sc9_B	64.228	123	123	120	1	123	1	119	1.36e-45	147	100
P00036_07	6sc8_C	64.228	123	123	120	1	123	1	119	1.36e-45	147	100
P00036_07	6sc8_B	64.228	123	123	120	1	123	1	119	1.36e-45	147	100
P00036_07	6sc7_C	64.228	123	123	120	1	123	1	119	1.36e-45	147	100
P00036_07	6sc7_B	64.228	123	123	120	1	123	1	119	1.36e-45	147	100
P00036_08	9vq6_H	69.841	126	123	132	1	123	3	119	5.06e-48	154	100
P00036_08	9vq6_C	69.841	126	123	132	1	123	3	119	5.06e-48	154	100
P00036_08	9vq6_B	69.841	126	123	132	1	123	3	119	5.06e-48	154	100
P00036_08	9vq6_A	69.841	126	123	132	1	123	3	119	5.06e-48	154	100
P00036_08	9nh7_F	68.750	128	123	140	1	123	4	124	6.60e-47	151	100
P00036_08	9nh7_E	68.750	128	123	140	1	123	4	124	6.60e-47	151	100
P00036_08	6rqm_B	66.412	131	123	144	1	123	1	127	1.01e-45	148	100
P00036_08	8hq7_M	64.000	125	123	225	1	123	1	121	1.71e-45	150	100
P00036_08	8hpv_R	64.000	125	123	225	1	123	1	121	1.71e-45	150	100
P00036_08	8hpv_E	64.000	125	123	225	1	123	1	121	1.71e-45	150	100
P00036_08	8hpv_M	64.000	125	123	225	1	123	1	121	1.71e-45	150	100
P00036_08	6azm_D	64.844	128	123	225	1	123	1	124	1.78e-45	150	100
P00036_08	6azm_B	64.844	128	123	225	1	123	1	124	1.78e-45	150	100
P00036_08	9lqi_A	66.667	123	123	121	1	123	1	120	1.81e-45	147	100
P00036_08	9lqi_B	66.667	123	123	121	1	123	1	120	1.81e-45	147	100
P00036_08	7kmh_A	66.400	125	123	219	1	123	1	114	2.80e-45	149	100
P00036_08	8hpu_M	64.516	124	123	224	2	123	1	120	2.92e-45	149	99
P00036_08	8hpq_R	64.516	124	123	224	2	123	1	120	2.92e-45	149	99
P00036_08	8hpq_E	64.516	124	123	224	2	123	1	120	2.92e-45	149	99
P00036_08	8hpq_M	64.516	124	123	224	2	123	1	120	2.92e-45	149	99
P00037_00	9nh7_F	68.548	124	121	140	1	121	4	124	3.16e-47	152	100
P00037_00	9nh7_E	68.548	124	121	140	1	121	4	124	3.16e-47	152	100
P00037_00	8xse_M	67.480	123	121	226	1	121	1	122	4.63e-47	154	100
P00037_00	9vq6_H	69.355	124	121	132	1	121	3	119	6.33e-47	150	100
P00037_00	9vq6_C	69.355	124	121	132	1	121	3	119	6.33e-47	150	100
P00037_00	9vq6_B	69.355	124	121	132	1	121	3	119	6.33e-47	150	100
P00037_00	9vq6_A	69.355	124	121	132	1	121	3	119	6.33e-47	150	100
P00037_00	8udz_E	68.000	125	121	233	1	121	1	120	5.85e-46	151	100
P00037_00	8udz_C	68.000	125	121	233	1	121	1	120	5.85e-46	151	100
P00037_00	6rqm_B	66.667	129	121	144	1	121	1	127	7.83e-46	148	100
P00037_00	7ssc_H	65.041	123	121	223	1	121	1	122	3.60e-45	149	100
P00037_00	1dee_F	65.041	123	121	223	1	121	1	120	6.01e-45	149	100
P00037_00	1dee_D	65.041	123	121	223	1	121	1	120	6.01e-45	149	100
P00037_00	1dee_B	65.041	123	121	223	1	121	1	120	6.01e-45	149	100
P00037_00	6k7o_H	62.097	124	121	228	1	121	1	121	9.69e-45	148	100
P00037_00	6k7o_F	62.097	124	121	228	1	121	1	121	9.69e-45	148	100
P00037_00	6k7o_D	62.097	124	121	228	1	121	1	121	9.69e-45	148	100
P00037_00	6k7o_B	62.097	124	121	228	1	121	1	121	9.69e-45	148	100
P00037_00	1hez_D	65.041	123	121	224	1	121	1	120	9.97e-45	148	100
P00037_00	1hez_B	65.041	123	121	224	1	121	1	120	9.97e-45	148	100
P00037_01	9vq6_H	71.774	124	121	132	1	121	3	119	2.53e-48	154	100
P00037_01	9vq6_C	71.774	124	121	132	1	121	3	119	2.53e-48	154	100
P00037_01	9vq6_B	71.774	124	121	132	1	121	3	119	2.53e-48	154	100
P00037_01	9vq6_A	71.774	124	121	132	1	121	3	119	2.53e-48	154	100
P00037_01	9nh7_F	69.106	123	121	140	1	121	4	124	3.32e-48	154	100
P00037_01	9nh7_E	69.106	123	121	140	1	121	4	124	3.32e-48	154	100
P00037_01	8xse_M	66.667	123	121	226	1	121	1	122	3.60e-47	154	100
P00037_01	8hq7_M	64.754	122	121	225	1	121	1	121	2.06e-46	152	100
P00037_01	8hpv_R	64.754	122	121	225	1	121	1	121	2.06e-46	152	100
P00037_01	8hpv_E	64.754	122	121	225	1	121	1	121	2.06e-46	152	100
P00037_01	8hpv_M	64.754	122	121	225	1	121	1	121	2.06e-46	152	100
P00037_01	8hpu_M	65.289	121	121	224	2	121	1	120	3.46e-46	152	99
P00037_01	8hpq_R	65.289	121	121	224	2	121	1	120	3.46e-46	152	99
P00037_01	8hpq_E	65.289	121	121	224	2	121	1	120	3.46e-46	152	99
P00037_01	8hpq_M	65.289	121	121	224	2	121	1	120	3.46e-46	152	99
P00037_01	8hpf_M	65.289	121	121	224	2	121	1	120	3.46e-46	152	99
P00037_01	8hp9_K	65.289	121	121	224	2	121	1	120	3.46e-46	152	99
P00037_01	8hp9_E	65.289	121	121	224	2	121	1	120	3.46e-46	152	99
P00037_01	8hp9_M	65.289	121	121	224	2	121	1	120	3.46e-46	152	99
P00037_01	2v7n_H	67.480	123	121	229	1	121	1	118	3.50e-46	152	100
P00037_02	9vq6_H	70.968	124	121	132	1	121	3	119	7.24e-48	153	100
P00037_02	9vq6_C	70.968	124	121	132	1	121	3	119	7.24e-48	153	100
P00037_02	9vq6_B	70.968	124	121	132	1	121	3	119	7.24e-48	153	100
P00037_02	9vq6_A	70.968	124	121	132	1	121	3	119	7.24e-48	153	100
P00037_02	8xse_M	67.480	123	121	226	1	121	1	122	4.63e-47	154	100
P00037_02	9nh7_F	66.923	130	121	140	1	121	4	124	1.14e-46	150	100
P00037_02	9nh7_E	66.923	130	121	140	1	121	4	124	1.14e-46	150	100
P00037_02	7ssc_H	66.129	124	121	223	1	121	1	122	1.74e-45	150	100
P00037_02	6k7o_H	63.710	124	121	228	1	121	1	121	1.81e-45	150	100
P00037_02	6k7o_F	63.710	124	121	228	1	121	1	121	1.81e-45	150	100
P00037_02	6k7o_D	63.710	124	121	228	1	121	1	121	1.81e-45	150	100
P00037_02	6k7o_B	63.710	124	121	228	1	121	1	121	1.81e-45	150	100
P00037_02	1dee_F	66.667	123	121	223	1	121	1	120	2.09e-45	150	100
P00037_02	1dee_D	66.667	123	121	223	1	121	1	120	2.09e-45	150	100
P00037_02	1dee_B	66.667	123	121	223	1	121	1	120	2.09e-45	150	100
P00037_02	2v7n_H	66.935	124	121	229	1	121	1	118	2.82e-45	149	100
P00037_02	2v7n_F	66.935	124	121	229	1	121	1	118	2.82e-45	149	100
P00037_02	2v7n_D	66.935	124	121	229	1	121	1	118	2.82e-45	149	100
P00037_02	2v7n_B	66.935	124	121	229	1	121	1	118	2.82e-45	149	100
P00037_02	3eak_B	68.992	129	121	137	1	121	1	127	3.41e-45	146	100
P00037_03	9vq6_H	71.774	124	121	132	1	121	3	119	2.37e-48	154	100
P00037_03	9vq6_C	71.774	124	121	132	1	121	3	119	2.37e-48	154	100
P00037_03	9vq6_B	71.774	124	121	132	1	121	3	119	2.37e-48	154	100
P00037_03	9vq6_A	71.774	124	121	132	1	121	3	119	2.37e-48	154	100
P00037_03	8xse_M	68.548	124	121	226	1	121	1	122	3.83e-48	157	100
P00037_03	2v7n_H	68.548	124	121	229	1	121	1	118	6.99e-47	154	100
P00037_03	2v7n_F	68.548	124	121	229	1	121	1	118	6.99e-47	154	100
P00037_03	2v7n_D	68.548	124	121	229	1	121	1	118	6.99e-47	154	100
P00037_03	2v7n_B	68.548	124	121	229	1	121	1	118	6.99e-47	154	100
P00037_03	6xq4_E	67.480	123	121	233	1	121	1	121	8.54e-47	154	100
P00037_03	6xq4_C	67.480	123	121	233	1	121	1	121	8.54e-47	154	100
P00037_03	5gs1_R	66.935	124	121	124	1	121	1	118	2.61e-46	149	100
P00037_03	5gs1_P	66.935	124	121	124	1	121	1	118	2.61e-46	149	100
P00037_03	5gs1_N	66.935	124	121	124	1	121	1	118	2.61e-46	149	100
P00037_03	5gs1_B	66.935	124	121	124	1	121	1	118	2.61e-46	149	100
P00037_03	9nh7_F	68.548	124	121	140	1	121	4	124	2.79e-46	149	100
P00037_03	9nh7_E	68.548	124	121	140	1	121	4	124	2.79e-46	149	100
P00037_03	5grv_L	66.935	124	121	124	1	121	1	118	3.96e-46	148	100
P00037_03	6ii4_H	67.460	126	121	225	1	121	1	122	4.47e-46	151	100
P00037_03	6ii4_E	67.460	126	121	225	1	121	1	122	4.47e-46	151	100
P00037_04	9nh7_F	67.460	126	121	140	1	121	4	124	5.09e-48	154	100
P00037_04	9nh7_E	67.460	126	121	140	1	121	4	124	5.09e-48	154	100
P00037_04	9vq6_H	69.919	123	121	132	1	121	3	119	3.01e-47	151	100
P00037_04	9vq6_C	69.919	123	121	132	1	121	3	119	3.01e-47	151	100
P00037_04	9vq6_B	69.919	123	121	132	1	121	3	119	3.01e-47	151	100
P00037_04	9vq6_A	69.919	123	121	132	1	121	3	119	3.01e-47	151	100
P00037_04	8xse_M	67.480	123	121	226	1	121	1	122	5.16e-47	154	100
P00037_04	6rqm_B	66.406	128	121	144	1	121	1	127	5.43e-47	151	100
P00037_04	7ssc_H	65.854	123	121	223	1	121	1	122	7.40e-47	153	100
P00037_04	7jva_H	63.415	123	121	119	1	121	1	118	1.55e-45	147	100
P00037_04	8w84_A	65.041	123	121	228	1	121	1	122	3.03e-45	149	100
P00037_04	8w83_M	65.041	123	121	228	1	121	1	122	3.03e-45	149	100
P00037_04	8w83_I	65.041	123	121	228	1	121	1	122	3.03e-45	149	100
P00037_04	8w83_E	65.041	123	121	228	1	121	1	122	3.03e-45	149	100
P00037_04	8w83_A	65.041	123	121	228	1	121	1	122	3.03e-45	149	100
P00037_04	7dzy_O	63.710	124	121	225	1	121	1	123	3.53e-45	149	100
P00037_04	7dzy_M	63.710	124	121	225	1	121	1	123	3.53e-45	149	100
P00037_04	7dzy_H	63.710	124	121	225	1	121	1	123	3.53e-45	149	100
P00037_04	8eqf_H	64.228	123	121	123	1	121	1	122	3.58e-45	146	100
P00037_04	9z18_H	66.667	123	121	121	1	121	1	120	3.80e-45	145	100
P00037_05	9nh7_F	68.548	124	121	140	1	121	4	124	2.41e-47	152	100
P00037_05	9nh7_E	68.548	124	121	140	1	121	4	124	2.41e-47	152	100
P00037_05	9vq6_H	69.355	124	121	132	1	121	3	119	6.47e-47	150	100
P00037_05	9vq6_C	69.355	124	121	132	1	121	3	119	6.47e-47	150	100
P00037_05	9vq6_B	69.355	124	121	132	1	121	3	119	6.47e-47	150	100
P00037_05	9vq6_A	69.355	124	121	132	1	121	3	119	6.47e-47	150	100
P00037_05	8xse_M	66.667	123	121	226	1	121	1	122	1.26e-46	153	100
P00037_05	6rqm_B	66.667	129	121	144	1	121	1	127	1.23e-45	148	100
P00037_05	8udz_E	67.742	124	121	233	1	121	1	120	1.81e-45	150	100
P00037_05	8udz_C	67.742	124	121	233	1	121	1	120	1.81e-45	150	100
P00037_05	1dee_F	65.854	123	121	223	1	121	1	120	1.96e-45	150	100
P00037_05	1dee_D	65.854	123	121	223	1	121	1	120	1.96e-45	150	100
P00037_05	1dee_B	65.854	123	121	223	1	121	1	120	1.96e-45	150	100
P00037_05	1hez_D	65.854	123	121	224	1	121	1	120	3.32e-45	149	100
P00037_05	1hez_B	65.854	123	121	224	1	121	1	120	3.32e-45	149	100
P00037_05	7ssc_H	65.041	123	121	223	1	121	1	122	7.88e-45	148	100
P00037_05	9jqu_H	66.667	123	121	223	1	121	1	120	1.22e-44	148	100
P00037_05	8fas_A	66.667	123	121	223	1	121	1	119	1.92e-44	147	100
P00037_05	2v7n_H	66.129	124	121	229	1	121	1	118	2.54e-44	147	100
P00037_05	2v7n_F	66.129	124	121	229	1	121	1	118	2.54e-44	147	100
P00037_06	9nh7_F	68.293	123	121	140	1	121	4	124	2.33e-47	152	100
P00037_06	9nh7_E	68.293	123	121	140	1	121	4	124	2.33e-47	152	100
P00037_06	9vq6_H	68.217	129	121	132	1	121	3	119	2.79e-47	151	100
P00037_06	9vq6_C	68.217	129	121	132	1	121	3	119	2.79e-47	151	100
P00037_06	9vq6_B	68.217	129	121	132	1	121	3	119	2.79e-47	151	100
P00037_06	9vq6_A	68.217	129	121	132	1	121	3	119	2.79e-47	151	100
P00037_06	8xse_M	67.742	124	121	226	1	121	1	122	4.06e-47	154	100
P00037_06	8udz_E	67.742	124	121	233	1	121	1	120	2.00e-45	150	100
P00037_06	8udz_C	67.742	124	121	233	1	121	1	120	2.00e-45	150	100
P00037_06	6rqm_B	65.625	128	121	144	1	121	1	127	4.22e-45	146	100
P00037_06	6dkj_A	67.742	124	121	223	1	121	1	119	1.63e-44	147	100
P00037_06	6dkj_H	67.742	124	121	223	1	121	1	119	1.63e-44	147	100
P00037_06	1dee_F	67.200	125	121	223	1	121	1	120	1.99e-44	147	100
P00037_06	1dee_D	67.200	125	121	223	1	121	1	120	1.99e-44	147	100
P00037_06	1dee_B	67.200	125	121	223	1	121	1	120	1.99e-44	147	100
P00037_06	7ssc_H	65.323	124	121	223	1	121	1	122	2.17e-44	147	100
P00037_06	8r1d_H	65.079	126	121	121	1	121	1	120	2.37e-44	144	100
P00037_06	8r1d_D	65.079	126	121	121	1	121	1	120	2.37e-44	144	100
P00037_06	8r1d_F	65.079	126	121	121	1	121	1	120	2.37e-44	144	100
P00037_06	7ws7_K	62.097	124	121	125	1	121	1	122	2.95e-44	144	100
P00037_07	9vq6_H	71.200	125	121	132	1	121	3	119	2.44e-47	152	100
P00037_07	9vq6_C	71.200	125	121	132	1	121	3	119	2.44e-47	152	100
P00037_07	9vq6_B	71.200	125	121	132	1	121	3	119	2.44e-47	152	100
P00037_07	9vq6_A	71.200	125	121	132	1	121	3	119	2.44e-47	152	100
P00037_07	9nh7_F	68.548	124	121	140	1	121	4	124	1.53e-46	150	100
P00037_07	9nh7_E	68.548	124	121	140	1	121	4	124	1.53e-46	150	100
P00037_07	8xse_M	68.548	124	121	226	1	121	1	122	2.17e-46	152	100
P00037_07	7ssc_H	66.935	124	121	223	1	121	1	122	7.04e-46	151	100
P00037_07	2v7n_H	69.355	124	121	229	1	121	1	118	1.69e-45	150	100
P00037_07	2v7n_F	69.355	124	121	229	1	121	1	118	1.69e-45	150	100
P00037_07	2v7n_D	69.355	124	121	229	1	121	1	118	1.69e-45	150	100
P00037_07	2v7n_B	69.355	124	121	229	1	121	1	118	1.69e-45	150	100
P00037_07	6k7o_H	63.710	124	121	228	1	121	1	121	2.77e-45	149	100
P00037_07	6k7o_F	63.710	124	121	228	1	121	1	121	2.77e-45	149	100
P00037_07	6k7o_D	63.710	124	121	228	1	121	1	121	2.77e-45	149	100
P00037_07	6k7o_B	63.710	124	121	228	1	121	1	121	2.77e-45	149	100
P00037_07	8hq7_M	65.574	122	121	225	1	121	1	121	3.98e-45	149	100
P00037_07	8hpv_R	65.574	122	121	225	1	121	1	121	3.98e-45	149	100
P00037_07	8hpv_E	65.574	122	121	225	1	121	1	121	3.98e-45	149	100
P00037_07	8hpv_M	65.574	122	121	225	1	121	1	121	3.98e-45	149	100
P00037_08	9vq6_H	70.161	124	121	132	1	121	3	119	5.57e-48	153	100
P00037_08	9vq6_C	70.161	124	121	132	1	121	3	119	5.57e-48	153	100
P00037_08	9vq6_B	70.161	124	121	132	1	121	3	119	5.57e-48	153	100
P00037_08	9vq6_A	70.161	124	121	132	1	121	3	119	5.57e-48	153	100
P00037_08	8xse_M	67.480	123	121	226	1	121	1	122	2.90e-47	154	100
P00037_08	9nh7_F	68.548	124	121	140	1	121	4	124	6.88e-47	151	100
P00037_08	9nh7_E	68.548	124	121	140	1	121	4	124	6.88e-47	151	100
P00037_08	1dee_F	66.667	123	121	223	1	121	1	120	3.08e-46	152	100
P00037_08	1dee_D	66.667	123	121	223	1	121	1	120	3.08e-46	152	100
P00037_08	1dee_B	66.667	123	121	223	1	121	1	120	3.08e-46	152	100
P00037_08	6ii4_H	67.460	126	121	225	1	121	1	122	3.92e-46	152	100
P00037_08	6ii4_E	67.460	126	121	225	1	121	1	122	3.92e-46	152	100
P00037_08	1hez_D	66.935	124	121	224	1	121	1	120	4.49e-46	151	100
P00037_08	1hez_B	66.935	124	121	224	1	121	1	120	4.49e-46	151	100
P00037_08	7ssc_H	66.129	124	121	223	1	121	1	122	7.04e-46	151	100
P00037_08	6k7o_H	62.903	124	121	228	1	121	1	121	1.58e-45	150	100
P00037_08	6k7o_F	62.903	124	121	228	1	121	1	121	1.58e-45	150	100
P00037_08	6k7o_D	62.903	124	121	228	1	121	1	121	1.58e-45	150	100
P00037_08	6k7o_B	62.903	124	121	228	1	121	1	121	1.58e-45	150	100
P00037_08	9jqu_H	67.480	123	121	223	1	121	1	120	1.58e-45	150	100
P00038_00	3eak_B	67.692	130	125	137	1	125	1	127	4.79e-47	151	100
P00038_00	3eak_A	67.692	130	125	137	1	125	1	127	4.79e-47	151	100
P00038_00	8j9k_D	66.142	127	125	125	1	125	2	124	5.15e-46	148	100
P00038_00	9vq6_H	69.925	133	125	132	1	125	3	119	8.23e-46	148	100
P00038_00	9vq6_C	69.925	133	125	132	1	125	3	119	8.23e-46	148	100
P00038_00	9vq6_B	69.925	133	125	132	1	125	3	119	8.23e-46	148	100
P00038_00	9vq6_A	69.925	133	125	132	1	125	3	119	8.23e-46	148	100
P00038_00	9nh7_F	67.692	130	125	140	1	125	4	124	4.36e-45	146	100
P00038_00	9nh7_E	67.692	130	125	140	1	125	4	124	4.36e-45	146	100
P00038_00	5vyf_B	65.649	131	125	220	1	125	1	114	5.25e-45	149	100
P00038_00	5vyf_H	65.649	131	125	220	1	125	1	114	5.25e-45	149	100
P00038_00	7uaq_H	62.687	134	125	233	1	125	1	126	6.28e-45	149	100
P00038_00	7uap_O	62.687	134	125	233	1	125	1	126	6.28e-45	149	100
P00038_00	7uap_M	62.687	134	125	233	1	125	1	126	6.28e-45	149	100
P00038_00	7uap_H	62.687	134	125	233	1	125	1	126	6.28e-45	149	100
P00038_00	5wob_W	65.891	129	125	263	1	125	27	154	7.41e-45	150	100
P00038_00	5wob_U	65.891	129	125	263	1	125	27	154	7.41e-45	150	100
P00038_00	5wob_S	65.891	129	125	263	1	125	27	154	7.41e-45	150	100
P00038_00	5wob_Q	65.891	129	125	263	1	125	27	154	7.41e-45	150	100
P00038_00	5wob_O	65.891	129	125	263	1	125	27	154	7.41e-45	150	100
P00038_01	9vq6_H	69.291	127	125	132	1	125	3	119	1.57e-48	155	100
P00038_01	9vq6_C	69.291	127	125	132	1	125	3	119	1.57e-48	155	100
P00038_01	9vq6_B	69.291	127	125	132	1	125	3	119	1.57e-48	155	100
P00038_01	9vq6_A	69.291	127	125	132	1	125	3	119	1.57e-48	155	100
P00038_01	4u3x_C	66.142	127	125	121	1	125	1	120	5.64e-48	153	100
P00038_01	4u3x_A	66.142	127	125	121	1	125	1	120	5.64e-48	153	100
P00038_01	4pgj_C	66.142	127	125	121	1	125	1	120	5.64e-48	153	100
P00038_01	4pgj_A	66.142	127	125	121	1	125	1	120	5.64e-48	153	100
P00038_01	3eak_B	66.923	130	125	137	1	125	1	127	7.45e-48	153	100
P00038_01	3eak_A	66.923	130	125	137	1	125	1	127	7.45e-48	153	100
P00038_01	9nh7_F	67.717	127	125	140	1	125	4	124	1.19e-47	153	100
P00038_01	9nh7_E	67.717	127	125	140	1	125	4	124	1.19e-47	153	100
P00038_01	8k4q_D	64.567	127	125	121	1	125	3	120	2.28e-46	149	100
P00038_01	8k4q_B	64.567	127	125	121	1	125	3	120	2.28e-46	149	100
P00038_01	6rqm_B	67.188	128	125	144	1	125	1	127	5.66e-46	149	100
P00038_01	9lqi_A	66.406	128	125	121	1	125	1	120	6.25e-46	148	100
P00038_01	9lqi_B	66.406	128	125	121	1	125	1	120	6.25e-46	148	100
P00038_01	9w7j_B	65.625	128	125	120	1	125	1	119	6.41e-46	148	100
P00038_01	8eqf_H	62.992	127	125	123	1	125	1	122	1.67e-45	147	100
P00038_01	6dsi_A	66.667	126	125	242	1	124	1	117	1.96e-45	150	99
P00038_02	9nh7_F	66.923	130	125	140	1	125	4	124	1.27e-46	150	100
P00038_02	9nh7_E	66.923	130	125	140	1	125	4	124	1.27e-46	150	100
P00038_02	9vq6_H	68.504	127	125	132	1	125	3	119	5.55e-46	148	100
P00038_02	9vq6_C	68.504	127	125	132	1	125	3	119	5.55e-46	148	100
P00038_02	9vq6_B	68.504	127	125	132	1	125	3	119	5.55e-46	148	100
P00038_02	9vq6_A	68.504	127	125	132	1	125	3	119	5.55e-46	148	100
P00038_02	3eak_B	65.891	129	125	137	1	125	1	127	8.89e-46	148	100
P00038_02	3eak_A	65.891	129	125	137	1	125	1	127	8.89e-46	148	100
P00038_02	4u3x_C	64.567	127	125	121	1	125	1	120	5.18e-45	145	100
P00038_02	4u3x_A	64.567	127	125	121	1	125	1	120	5.18e-45	145	100
P00038_02	4pgj_C	64.567	127	125	121	1	125	1	120	5.18e-45	145	100
P00038_02	4pgj_A	64.567	127	125	121	1	125	1	120	5.18e-45	145	100
P00038_02	9lqi_A	64.567	127	125	121	1	125	1	120	1.01e-44	145	100
P00038_02	9lqi_B	64.567	127	125	121	1	125	1	120	1.01e-44	145	100
P00038_02	6rqm_B	67.969	128	125	144	1	125	1	127	1.10e-44	145	100
P00038_02	8cwj_U	64.615	130	125	230	1	125	1	118	1.39e-44	148	100
P00038_02	8cwj_J	64.615	130	125	230	1	125	1	118	1.39e-44	148	100
P00038_02	2vyr_L	64.567	127	125	153	1	125	1	123	1.46e-44	145	100
P00038_02	2vyr_K	64.567	127	125	153	1	125	1	123	1.46e-44	145	100
P00038_02	2vyr_J	64.567	127	125	153	1	125	1	123	1.46e-44	145	100
P00038_03	3eak_B	66.667	129	125	137	1	125	1	127	1.34e-46	150	100
P00038_03	3eak_A	66.667	129	125	137	1	125	1	127	1.34e-46	150	100
P00038_03	9vq6_H	68.504	127	125	132	1	125	3	119	4.08e-46	149	100
P00038_03	9vq6_C	68.504	127	125	132	1	125	3	119	4.08e-46	149	100
P00038_03	9vq6_B	68.504	127	125	132	1	125	3	119	4.08e-46	149	100
P00038_03	9vq6_A	68.504	127	125	132	1	125	3	119	4.08e-46	149	100
P00038_03	9nh7_F	67.692	130	125	140	1	125	4	124	4.68e-46	149	100
P00038_03	9nh7_E	67.692	130	125	140	1	125	4	124	4.68e-46	149	100
P00038_03	9lqi_A	65.354	127	125	121	1	125	1	120	3.61e-45	146	100
P00038_03	9lqi_B	65.354	127	125	121	1	125	1	120	3.61e-45	146	100
P00038_03	4u3x_C	64.567	127	125	121	1	125	1	120	7.51e-45	145	100
P00038_03	4u3x_A	64.567	127	125	121	1	125	1	120	7.51e-45	145	100
P00038_03	4pgj_C	64.567	127	125	121	1	125	1	120	7.51e-45	145	100
P00038_03	4pgj_A	64.567	127	125	121	1	125	1	120	7.51e-45	145	100
P00038_03	7sk9_F	64.567	127	125	238	1	125	4	129	1.43e-44	148	100
P00038_03	7sk8_F	64.567	127	125	238	1	125	4	129	1.43e-44	148	100
P00038_03	7sk6_F	64.567	127	125	238	1	125	4	129	1.43e-44	148	100
P00038_03	7sk5_F	64.567	127	125	238	1	125	4	129	1.43e-44	148	100
P00038_03	7sk4_F	64.567	127	125	238	1	125	4	129	1.43e-44	148	100
P00038_03	7sk3_F	64.567	127	125	238	1	125	4	129	1.43e-44	148	100
P00038_04	3eak_B	65.891	129	125	137	1	125	1	127	8.93e-47	150	100
P00038_04	3eak_A	65.891	129	125	137	1	125	1	127	8.93e-47	150	100
P00038_04	9vq6_H	68.504	127	125	132	1	125	3	119	1.37e-46	150	100
P00038_04	9vq6_C	68.504	127	125	132	1	125	3	119	1.37e-46	150	100
P00038_04	9vq6_B	68.504	127	125	132	1	125	3	119	1.37e-46	150	100
P00038_04	9vq6_A	68.504	127	125	132	1	125	3	119	1.37e-46	150	100
P00038_04	9nh7_F	66.923	130	125	140	1	125	4	124	1.51e-45	147	100
P00038_04	9nh7_E	66.923	130	125	140	1	125	4	124	1.51e-45	147	100
P00038_04	5w2b_H	67.188	128	125	236	1	125	4	127	1.61e-45	150	100
P00038_04	5vkd_H	67.188	128	125	236	1	125	4	127	1.61e-45	150	100
P00038_04	8j9k_D	65.354	127	125	125	1	125	2	124	2.09e-45	147	100
P00038_04	9lqi_A	65.354	127	125	121	1	125	1	120	3.20e-45	146	100
P00038_04	9lqi_B	65.354	127	125	121	1	125	1	120	3.20e-45	146	100
P00038_04	9fm1_F	63.492	126	125	124	2	125	2	123	3.32e-45	146	99
P00038_04	9fm1_E	63.492	126	125	124	2	125	2	123	3.32e-45	146	99
P00038_04	9fm1_D	63.492	126	125	124	2	125	2	123	3.32e-45	146	99
P00038_04	7sk9_F	63.780	127	125	238	1	125	4	129	1.02e-44	149	100
P00038_04	7sk8_F	63.780	127	125	238	1	125	4	129	1.02e-44	149	100
P00038_04	7sk6_F	63.780	127	125	238	1	125	4	129	1.02e-44	149	100
P00038_04	7sk5_F	63.780	127	125	238	1	125	4	129	1.02e-44	149	100
P00038_05	3eak_B	66.667	129	125	137	1	125	1	127	1.30e-46	150	100
P00038_05	3eak_A	66.667	129	125	137	1	125	1	127	1.30e-46	150	100
P00038_05	9vq6_H	68.504	127	125	132	1	125	3	119	3.38e-45	146	100
P00038_05	9vq6_C	68.504	127	125	132	1	125	3	119	3.38e-45	146	100
P00038_05	9vq6_B	68.504	127	125	132	1	125	3	119	3.38e-45	146	100
P00038_05	9vq6_A	68.504	127	125	132	1	125	3	119	3.38e-45	146	100
P00038_05	9nh7_F	66.142	127	125	140	1	125	4	124	8.60e-45	145	100
P00038_05	9nh7_E	66.142	127	125	140	1	125	4	124	8.60e-45	145	100
P00038_05	4u3x_C	66.142	127	125	121	1	125	1	120	1.97e-44	144	100
P00038_05	4u3x_A	66.142	127	125	121	1	125	1	120	1.97e-44	144	100
P00038_05	4pgj_C	66.142	127	125	121	1	125	1	120	1.97e-44	144	100
P00038_05	4pgj_A	66.142	127	125	121	1	125	1	120	1.97e-44	144	100
P00038_05	7whk_H	66.406	128	125	120	1	125	1	119	3.45e-44	143	100
P00038_05	7whk_D	66.406	128	125	120	1	125	1	119	3.45e-44	143	100
P00038_05	7whj_F	66.406	128	125	120	1	125	1	119	3.45e-44	143	100
P00038_05	7whi_G	66.406	128	125	120	1	125	1	119	3.45e-44	143	100
P00038_05	7rew_A	64.122	131	125	227	1	125	1	122	5.38e-44	146	100
P00038_05	7rew_H	64.122	131	125	227	1	125	1	122	5.38e-44	146	100
P00038_05	9lqi_A	65.354	127	125	121	1	125	1	120	7.24e-44	142	100
P00038_05	9lqi_B	65.354	127	125	121	1	125	1	120	7.24e-44	142	100
P00038_06	3eak_B	66.154	130	125	137	1	125	1	127	5.32e-46	149	100
P00038_06	3eak_A	66.154	130	125	137	1	125	1	127	5.32e-46	149	100
P00038_06	9nh7_F	66.667	129	125	140	1	125	4	124	2.47e-45	147	100
P00038_06	9nh7_E	66.667	129	125	140	1	125	4	124	2.47e-45	147	100
P00038_06	9vq6_H	68.992	129	125	132	1	125	3	119	3.38e-45	146	100
P00038_06	9vq6_C	68.992	129	125	132	1	125	3	119	3.38e-45	146	100
P00038_06	9vq6_B	68.992	129	125	132	1	125	3	119	3.38e-45	146	100
P00038_06	9vq6_A	68.992	129	125	132	1	125	3	119	3.38e-45	146	100
P00038_06	8j9k_D	65.354	127	125	125	1	125	2	124	2.11e-44	144	100
P00038_06	9fm1_F	63.492	126	125	124	2	125	2	123	2.11e-44	144	99
P00038_06	9fm1_E	63.492	126	125	124	2	125	2	123	2.11e-44	144	99
P00038_06	9fm1_D	63.492	126	125	124	2	125	2	123	2.11e-44	144	99
P00038_06	9lqi_A	65.354	127	125	121	1	125	1	120	2.32e-44	144	100
P00038_06	9lqi_B	65.354	127	125	121	1	125	1	120	2.32e-44	144	100
P00038_06	2vyr_L	64.567	127	125	153	1	125	1	123	5.97e-44	144	100
P00038_06	2vyr_K	64.567	127	125	153	1	125	1	123	5.97e-44	144	100
P00038_06	2vyr_J	64.567	127	125	153	1	125	1	123	5.97e-44	144	100
P00038_06	2vyr_I	64.567	127	125	153	1	125	1	123	5.97e-44	144	100
P00038_06	2vyr_H	64.567	127	125	153	1	125	1	123	5.97e-44	144	100
P00038_06	2vyr_G	64.567	127	125	153	1	125	1	123	5.97e-44	144	100
P00038_07	3eak_B	68.217	129	125	137	1	125	1	127	2.13e-47	152	100
P00038_07	3eak_A	68.217	129	125	137	1	125	1	127	2.13e-47	152	100
P00038_07	8j9k_D	66.142	127	125	125	1	125	2	124	3.05e-46	149	100
P00038_07	9nh7_F	67.692	130	125	140	1	125	4	124	7.02e-46	148	100
P00038_07	9nh7_E	67.692	130	125	140	1	125	4	124	7.02e-46	148	100
P00038_07	9vq6_H	68.702	131	125	132	1	125	3	119	7.37e-46	148	100
P00038_07	9vq6_C	68.702	131	125	132	1	125	3	119	7.37e-46	148	100
P00038_07	9vq6_B	68.702	131	125	132	1	125	3	119	7.37e-46	148	100
P00038_07	9vq6_A	68.702	131	125	132	1	125	3	119	7.37e-46	148	100
P00038_07	9fm1_F	63.492	126	125	124	2	125	2	123	2.29e-45	147	99
P00038_07	9fm1_E	63.492	126	125	124	2	125	2	123	2.29e-45	147	99
P00038_07	9fm1_D	63.492	126	125	124	2	125	2	123	2.29e-45	147	99
P00038_07	6k7o_H	62.500	128	125	228	1	125	1	121	2.29e-45	150	100
P00038_07	6k7o_F	62.500	128	125	228	1	125	1	121	2.29e-45	150	100
P00038_07	6k7o_D	62.500	128	125	228	1	125	1	121	2.29e-45	150	100
P00038_07	6k7o_B	62.500	128	125	228	1	125	1	121	2.29e-45	150	100
P00038_07	5vyf_B	65.649	131	125	220	1	125	1	114	1.14e-44	148	100
P00038_07	5vyf_H	65.649	131	125	220	1	125	1	114	1.14e-44	148	100
P00038_07	3nh7_K	65.152	132	125	234	1	125	1	119	1.52e-44	148	100
P00038_07	3nh7_J	65.152	132	125	234	1	125	1	119	1.52e-44	148	100
P00038_08	3eak_B	67.442	129	125	137	1	125	1	127	6.02e-47	151	100
P00038_08	3eak_A	67.442	129	125	137	1	125	1	127	6.02e-47	151	100
P00038_08	9vq6_H	67.717	127	125	132	1	125	3	119	1.05e-46	150	100
P00038_08	9vq6_C	67.717	127	125	132	1	125	3	119	1.05e-46	150	100
P00038_08	9vq6_B	67.717	127	125	132	1	125	3	119	1.05e-46	150	100
P00038_08	9vq6_A	67.717	127	125	132	1	125	3	119	1.05e-46	150	100
P00038_08	9nh7_F	68.504	127	125	140	1	125	4	124	1.41e-46	150	100
P00038_08	9nh7_E	68.504	127	125	140	1	125	4	124	1.41e-46	150	100
P00038_08	4u3x_C	66.142	127	125	121	1	125	1	120	1.87e-45	147	100
P00038_08	4u3x_A	66.142	127	125	121	1	125	1	120	1.87e-45	147	100
P00038_08	4pgj_C	66.142	127	125	121	1	125	1	120	1.87e-45	147	100
P00038_08	4pgj_A	66.142	127	125	121	1	125	1	120	1.87e-45	147	100
P00038_08	7whk_H	66.406	128	125	120	1	125	1	119	7.44e-45	145	100
P00038_08	7whk_D	66.406	128	125	120	1	125	1	119	7.44e-45	145	100
P00038_08	7whj_F	66.406	128	125	120	1	125	1	119	7.44e-45	145	100
P00038_08	7whi_G	66.406	128	125	120	1	125	1	119	7.44e-45	145	100
P00038_08	8k4q_D	65.354	127	125	121	1	125	3	120	1.22e-44	145	100
P00038_08	8k4q_B	65.354	127	125	121	1	125	3	120	1.22e-44	145	100
P00038_08	5d7s_H	65.116	129	125	238	1	125	1	116	1.43e-44	148	100
P00038_08	5d72_M	65.116	129	125	238	1	125	1	116	1.43e-44	148	100
P00039_00	9nh7_F	69.841	126	119	140	1	119	4	124	8.90e-49	155	100
P00039_00	9nh7_E	69.841	126	119	140	1	119	4	124	8.90e-49	155	100
P00039_00	3eak_B	67.692	130	119	137	1	119	1	127	7.79e-47	150	100
P00039_00	3eak_A	67.692	130	119	137	1	119	1	127	7.79e-47	150	100
P00039_00	9vq6_H	68.548	124	119	132	1	119	3	119	2.32e-46	149	100
P00039_00	9vq6_C	68.548	124	119	132	1	119	3	119	2.32e-46	149	100
P00039_00	9vq6_B	68.548	124	119	132	1	119	3	119	2.32e-46	149	100
P00039_00	9vq6_A	68.548	124	119	132	1	119	3	119	2.32e-46	149	100
P00039_00	1ol0_B	64.516	124	119	121	1	119	1	120	4.06e-46	148	100
P00039_00	1ol0_A	64.516	124	119	121	1	119	1	120	4.06e-46	148	100
P00039_00	4xxd_E	66.142	127	119	223	1	119	1	111	9.22e-46	150	100
P00039_00	4xxd_B	66.142	127	119	223	1	119	1	111	9.22e-46	150	100
P00039_00	3g6d_H	68.000	125	119	229	1	119	1	121	1.13e-45	150	100
P00039_00	3g6a_B	68.000	125	119	229	1	119	1	121	1.13e-45	150	100
P00039_00	3g6a_H	68.000	125	119	229	1	119	1	121	1.13e-45	150	100
P00039_00	4y5v_G	64.567	127	119	130	1	119	8	124	1.62e-45	147	100
P00039_00	4y5v_D	64.567	127	119	130	1	119	8	124	1.62e-45	147	100
P00039_00	4y5v_A	64.567	127	119	130	1	119	8	124	1.62e-45	147	100
P00039_00	8zhg_H	66.142	127	119	139	1	119	20	138	1.72e-45	147	100
P00039_00	9w7j_B	65.323	124	119	120	1	119	1	119	3.41e-45	145	100
P00039_01	9nh7_F	68.254	126	119	140	1	119	4	124	7.10e-47	150	100
P00039_01	9nh7_E	68.254	126	119	140	1	119	4	124	7.10e-47	150	100
P00039_01	5d71_H	72.131	122	119	236	1	119	1	114	2.97e-46	152	100
P00039_01	5d70_H	72.131	122	119	236	1	119	1	114	2.97e-46	152	100
P00039_01	3eak_B	66.923	130	119	137	1	119	1	127	6.03e-46	148	100
P00039_01	3eak_A	66.923	130	119	137	1	119	1	127	6.03e-46	148	100
P00039_01	9vq6_H	69.600	125	119	132	1	119	3	119	1.02e-45	147	100
P00039_01	9vq6_C	69.600	125	119	132	1	119	3	119	1.02e-45	147	100
P00039_01	9vq6_B	69.600	125	119	132	1	119	3	119	1.02e-45	147	100
P00039_01	9vq6_A	69.600	125	119	132	1	119	3	119	1.02e-45	147	100
P00039_01	8k4q_D	64.800	125	119	121	1	119	3	120	1.26e-45	147	100
P00039_01	8k4q_B	64.800	125	119	121	1	119	3	120	1.26e-45	147	100
P00039_01	9ls3_H	69.919	123	119	219	1	119	1	121	1.50e-45	150	100
P00039_01	9ls3_F	69.919	123	119	219	1	119	1	121	1.50e-45	150	100
P00039_01	9ls3_D	69.919	123	119	219	1	119	1	121	1.50e-45	150	100
P00039_01	5d7s_H	70.968	124	119	238	1	119	1	116	2.82e-45	150	100
P00039_01	5d72_M	70.968	124	119	238	1	119	1	116	2.82e-45	150	100
P00039_01	5d72_H	70.968	124	119	238	1	119	1	116	2.82e-45	150	100
P00039_01	5c7x_M	70.968	124	119	238	1	119	1	116	2.82e-45	150	100
P00039_01	5c7x_H	70.968	124	119	238	1	119	1	116	2.82e-45	150	100
P00039_02	3g6d_H	70.492	122	119	229	1	119	1	121	7.21e-49	159	100
P00039_02	3g6a_B	70.492	122	119	229	1	119	1	121	7.21e-49	159	100
P00039_02	3g6a_H	70.492	122	119	229	1	119	1	121	7.21e-49	159	100
P00039_02	9nh7_F	69.106	123	119	140	1	119	4	124	6.32e-48	153	100
P00039_02	9nh7_E	69.106	123	119	140	1	119	4	124	6.32e-48	153	100
P00039_02	9vq6_H	68.548	124	119	132	1	119	3	119	1.32e-47	152	100
P00039_02	9vq6_C	68.548	124	119	132	1	119	3	119	1.32e-47	152	100
P00039_02	9vq6_B	68.548	124	119	132	1	119	3	119	1.32e-47	152	100
P00039_02	9vq6_A	68.548	124	119	132	1	119	3	119	1.32e-47	152	100
P00039_02	1dee_F	67.769	121	119	223	1	119	1	120	2.77e-47	154	100
P00039_02	1dee_D	67.769	121	119	223	1	119	1	120	2.77e-47	154	100
P00039_02	1dee_B	67.769	121	119	223	1	119	1	120	2.77e-47	154	100
P00039_02	1hez_D	67.769	121	119	224	1	119	1	120	3.87e-47	154	100
P00039_02	1hez_B	67.769	121	119	224	1	119	1	120	3.87e-47	154	100
P00039_02	5d71_H	69.421	121	119	236	1	119	1	114	9.68e-47	154	100
P00039_02	5d70_H	69.421	121	119	236	1	119	1	114	9.68e-47	154	100
P00039_02	7shy_E	65.833	120	119	122	1	119	2	121	1.45e-46	149	100
P00039_02	7shy_C	65.833	120	119	122	1	119	2	121	1.45e-46	149	100
P00039_02	7shy_K	65.833	120	119	122	1	119	2	121	1.45e-46	149	100
P00039_02	7shy_I	65.833	120	119	122	1	119	2	121	1.45e-46	149	100
P00039_03	9nh7_F	69.600	125	119	140	1	119	4	124	2.44e-48	154	100
P00039_03	9nh7_E	69.600	125	119	140	1	119	4	124	2.44e-48	154	100
P00039_03	9vq6_H	70.161	124	119	132	1	119	3	119	9.30e-48	152	100
P00039_03	9vq6_C	70.161	124	119	132	1	119	3	119	9.30e-48	152	100
P00039_03	9vq6_B	70.161	124	119	132	1	119	3	119	9.30e-48	152	100
P00039_03	9vq6_A	70.161	124	119	132	1	119	3	119	9.30e-48	152	100
P00039_03	6t2j_B	67.480	123	119	120	1	119	1	119	3.82e-47	150	100
P00039_03	6t2j_A	67.480	123	119	120	1	119	1	119	3.82e-47	150	100
P00039_03	6sc9_C	67.480	123	119	120	1	119	1	119	3.82e-47	150	100
P00039_03	6sc9_B	67.480	123	119	120	1	119	1	119	3.82e-47	150	100
P00039_03	6sc8_C	67.480	123	119	120	1	119	1	119	3.82e-47	150	100
P00039_03	6sc8_B	67.480	123	119	120	1	119	1	119	3.82e-47	150	100
P00039_03	6sc7_C	67.480	123	119	120	1	119	1	119	3.82e-47	150	100
P00039_03	6sc7_B	67.480	123	119	120	1	119	1	119	3.82e-47	150	100
P00039_03	6sc6_C	67.480	123	119	120	1	119	1	119	3.82e-47	150	100
P00039_03	6sc6_B	67.480	123	119	120	1	119	1	119	3.82e-47	150	100
P00039_03	6sc5_C	67.480	123	119	120	1	119	1	119	3.82e-47	150	100
P00039_03	6sc5_B	67.480	123	119	120	1	119	1	119	3.82e-47	150	100
P00039_03	3eak_B	66.923	130	119	137	1	119	1	127	4.46e-47	151	100
P00039_03	3eak_A	66.923	130	119	137	1	119	1	127	4.46e-47	151	100
P00039_04	3eak_B	66.923	130	119	137	1	119	1	127	9.91e-47	150	100
P00039_04	3eak_A	66.923	130	119	137	1	119	1	127	9.91e-47	150	100
P00039_04	9vq6_H	69.600	125	119	132	1	119	3	119	1.17e-46	150	100
P00039_04	9vq6_C	69.600	125	119	132	1	119	3	119	1.17e-46	150	100
P00039_04	9vq6_B	69.600	125	119	132	1	119	3	119	1.17e-46	150	100
P00039_04	9vq6_A	69.600	125	119	132	1	119	3	119	1.17e-46	150	100
P00039_04	5d71_H	71.311	122	119	236	1	119	1	114	3.57e-46	152	100
P00039_04	5d70_H	71.311	122	119	236	1	119	1	114	3.57e-46	152	100
P00039_04	9nh7_F	67.200	125	119	140	1	119	4	124	4.82e-46	149	100
P00039_04	9nh7_E	67.200	125	119	140	1	119	4	124	4.82e-46	149	100
P00039_04	9w7j_B	68.000	125	119	120	1	119	1	119	9.56e-46	147	100
P00039_04	6o1f_H	69.600	125	119	227	1	119	1	118	1.84e-45	150	100
P00039_04	8zhg_H	66.400	125	119	139	1	119	20	138	1.94e-45	147	100
P00039_04	7kfv_H	66.935	124	119	225	1	119	1	119	2.05e-45	150	100
P00039_04	7kfv_F	66.935	124	119	225	1	119	1	119	2.05e-45	150	100
P00039_04	7kfv_C	66.935	124	119	225	1	119	1	119	2.05e-45	150	100
P00039_04	8eqf_H	66.929	127	119	123	1	119	1	122	2.09e-45	146	100
P00039_04	6xq4_E	66.667	126	119	233	1	119	1	121	2.40e-45	150	100
P00039_04	6xq4_C	66.667	126	119	233	1	119	1	121	2.40e-45	150	100
P00039_04	7kfy_H	66.935	124	119	225	1	119	1	119	2.49e-45	149	100
P00039_05	9nh7_F	68.293	123	119	140	1	119	4	124	2.96e-47	152	100
P00039_05	9nh7_E	68.293	123	119	140	1	119	4	124	2.96e-47	152	100
P00039_05	5d71_H	71.074	121	119	236	1	119	1	114	5.81e-47	154	100
P00039_05	5d70_H	71.074	121	119	236	1	119	1	114	5.81e-47	154	100
P00039_05	3eak_B	66.929	127	119	137	1	119	1	127	2.38e-46	149	100
P00039_05	3eak_A	66.929	127	119	137	1	119	1	127	2.38e-46	149	100
P00039_05	1dee_F	67.769	121	119	223	1	119	1	120	3.04e-46	152	100
P00039_05	1dee_D	67.769	121	119	223	1	119	1	120	3.04e-46	152	100
P00039_05	1dee_B	67.769	121	119	223	1	119	1	120	3.04e-46	152	100
P00039_05	1hez_D	67.769	121	119	224	1	119	1	120	4.38e-46	151	100
P00039_05	1hez_B	67.769	121	119	224	1	119	1	120	4.38e-46	151	100
P00039_05	3g6d_H	69.672	122	119	229	1	119	1	121	5.22e-46	151	100
P00039_05	3g6a_B	69.672	122	119	229	1	119	1	121	5.22e-46	151	100
P00039_05	3g6a_H	69.672	122	119	229	1	119	1	121	5.22e-46	151	100
P00039_05	1ol0_B	65.289	121	119	121	1	119	1	120	9.86e-46	147	100
P00039_05	1ol0_A	65.289	121	119	121	1	119	1	120	9.86e-46	147	100
P00039_05	9vq6_H	68.595	121	119	132	1	119	3	119	1.16e-45	147	100
P00039_05	9vq6_C	68.595	121	119	132	1	119	3	119	1.16e-45	147	100
P00039_05	9vq6_B	68.595	121	119	132	1	119	3	119	1.16e-45	147	100
P00039_05	9vq6_A	68.595	121	119	132	1	119	3	119	1.16e-45	147	100
P00039_06	9nh7_F	69.841	126	119	140	1	119	4	124	7.39e-49	155	100
P00039_06	9nh7_E	69.841	126	119	140	1	119	4	124	7.39e-49	155	100
P00039_06	3eak_B	66.923	130	119	137	1	119	1	127	7.32e-48	153	100
P00039_06	3eak_A	66.923	130	119	137	1	119	1	127	7.32e-48	153	100
P00039_06	9vq6_H	68.548	124	119	132	1	119	3	119	7.69e-47	150	100
P00039_06	9vq6_C	68.548	124	119	132	1	119	3	119	7.69e-47	150	100
P00039_06	9vq6_B	68.548	124	119	132	1	119	3	119	7.69e-47	150	100
P00039_06	9vq6_A	68.548	124	119	132	1	119	3	119	7.69e-47	150	100
P00039_06	9ls3_H	67.188	128	119	219	1	119	1	121	1.54e-46	152	100
P00039_06	9ls3_F	67.188	128	119	219	1	119	1	121	1.54e-46	152	100
P00039_06	9ls3_D	67.188	128	119	219	1	119	1	121	1.54e-46	152	100
P00039_06	8zhg_H	66.142	127	119	139	1	119	20	138	1.97e-46	149	100
P00039_06	1ol0_B	63.710	124	119	121	1	119	1	120	2.18e-46	149	100
P00039_06	1ol0_A	63.710	124	119	121	1	119	1	120	2.18e-46	149	100
P00039_06	4y5v_G	63.780	127	119	130	1	119	8	124	3.10e-46	149	100
P00039_06	4y5v_D	63.780	127	119	130	1	119	8	124	3.10e-46	149	100
P00039_06	4y5v_A	63.780	127	119	130	1	119	8	124	3.10e-46	149	100
P00039_06	4xxd_E	66.142	127	119	223	1	119	1	111	3.39e-46	152	100
P00039_06	4xxd_B	66.142	127	119	223	1	119	1	111	3.39e-46	152	100
P00039_06	6t2j_B	65.323	124	119	120	1	119	1	119	3.90e-46	148	100
P00039_07	9nh7_F	69.841	126	119	140	1	119	4	124	1.96e-49	157	100
P00039_07	9nh7_E	69.841	126	119	140	1	119	4	124	1.96e-49	157	100
P00039_07	9vq6_H	69.355	124	119	132	1	119	3	119	1.63e-47	152	100
P00039_07	9vq6_C	69.355	124	119	132	1	119	3	119	1.63e-47	152	100
P00039_07	9vq6_B	69.355	124	119	132	1	119	3	119	1.63e-47	152	100
P00039_07	9vq6_A	69.355	124	119	132	1	119	3	119	1.63e-47	152	100
P00039_07	3eak_B	66.923	130	119	137	1	119	1	127	1.29e-46	150	100
P00039_07	3eak_A	66.923	130	119	137	1	119	1	127	1.29e-46	150	100
P00039_07	9mml_H	67.717	127	119	223	1	119	1	118	3.99e-46	151	100
P00039_07	8xsl_M	67.692	130	119	226	1	119	1	122	4.25e-46	151	100
P00039_07	8xsl_H	67.692	130	119	226	1	119	1	122	4.25e-46	151	100
P00039_07	8xse_H	67.692	130	119	226	1	119	1	122	4.25e-46	151	100
P00039_07	1mhp_X	69.106	123	119	219	1	119	1	117	4.93e-46	151	100
P00039_07	1mhp_H	69.106	123	119	219	1	119	1	117	4.93e-46	151	100
P00039_07	3eot_H	69.106	123	119	226	1	119	1	117	6.50e-46	151	100
P00039_07	4xxd_E	66.142	127	119	223	1	119	1	111	8.64e-46	150	100
P00039_07	4xxd_B	66.142	127	119	223	1	119	1	111	8.64e-46	150	100
P00039_07	7nd3_H	68.548	124	119	237	1	119	14	131	8.66e-46	151	100
P00039_07	6t2j_B	65.323	124	119	120	1	119	1	119	1.19e-45	147	100
P00039_07	6t2j_A	65.323	124	119	120	1	119	1	119	1.19e-45	147	100
P00039_08	9nh7_F	68.033	122	119	140	1	119	4	124	1.29e-48	155	100
P00039_08	9nh7_E	68.033	122	119	140	1	119	4	124	1.29e-48	155	100
P00039_08	5d71_H	69.421	121	119	236	1	119	1	114	2.60e-47	155	100
P00039_08	5d70_H	69.421	121	119	236	1	119	1	114	2.60e-47	155	100
P00039_08	3g6d_H	68.033	122	119	229	1	119	1	121	5.67e-47	154	100
P00039_08	3g6a_B	68.033	122	119	229	1	119	1	121	5.67e-47	154	100
P00039_08	3g6a_H	68.033	122	119	229	1	119	1	121	5.67e-47	154	100
P00039_08	7shz_E	65.000	120	119	123	1	119	2	121	1.68e-46	149	100
P00039_08	7shz_I	65.000	120	119	123	1	119	2	121	1.68e-46	149	100
P00039_08	7shz_C	65.000	120	119	123	1	119	2	121	1.68e-46	149	100
P00039_08	7shz_K	65.000	120	119	123	1	119	2	121	1.68e-46	149	100
P00039_08	9ls3_H	66.393	122	119	219	1	119	1	121	1.87e-46	152	100
P00039_08	9ls3_F	66.393	122	119	219	1	119	1	121	1.87e-46	152	100
P00039_08	9ls3_D	66.393	122	119	219	1	119	1	121	1.87e-46	152	100
P00039_08	9vq6_H	67.200	125	119	132	1	119	3	119	2.11e-46	149	100
P00039_08	9vq6_C	67.200	125	119	132	1	119	3	119	2.11e-46	149	100
P00039_08	9vq6_B	67.200	125	119	132	1	119	3	119	2.11e-46	149	100
P00039_08	9vq6_A	67.200	125	119	132	1	119	3	119	2.11e-46	149	100
P00039_08	3eak_B	66.412	131	119	137	1	119	1	127	2.74e-46	149	100
P00039_08	3eak_A	66.412	131	119	137	1	119	1	127	2.74e-46	149	100
P00040_00	3eak_B	66.929	127	123	137	1	123	1	127	3.26e-47	152	100
P00040_00	3eak_A	66.929	127	123	137	1	123	1	127	3.26e-47	152	100
P00040_00	9nh7_F	67.188	128	123	140	1	123	4	124	5.60e-47	151	100
P00040_00	9nh7_E	67.188	128	123	140	1	123	4	124	5.60e-47	151	100
P00040_00	9vq6_H	66.406	128	123	132	1	123	3	119	1.94e-46	149	100
P00040_00	9vq6_C	66.406	128	123	132	1	123	3	119	1.94e-46	149	100
P00040_00	9vq6_B	66.406	128	123	132	1	123	3	119	1.94e-46	149	100
P00040_00	9vq6_A	66.406	128	123	132	1	123	3	119	1.94e-46	149	100
P00040_00	7yvp_K	63.780	127	123	118	1	123	1	117	3.32e-45	146	100
P00040_00	7yvp_P	63.780	127	123	118	1	123	1	117	3.32e-45	146	100
P00040_00	7yvn_O	63.780	127	123	118	1	123	1	117	3.32e-45	146	100
P00040_00	7yvn_L	63.780	127	123	118	1	123	1	117	3.32e-45	146	100
P00040_00	7yvn_I	63.780	127	123	118	1	123	1	117	3.32e-45	146	100
P00040_00	7yvm_C	63.780	127	123	118	1	123	1	117	3.32e-45	146	100
P00040_00	9w7j_B	64.062	128	123	120	1	123	1	119	1.09e-44	145	100
P00040_00	7yvo_K	63.780	127	123	118	1	123	1	117	1.44e-44	144	100
P00040_00	7yvo_I	63.780	127	123	118	1	123	1	117	1.44e-44	144	100
P00040_00	7yvh_C	63.780	127	123	118	1	123	1	117	1.44e-44	144	100
P00040_00	7yvg_M	63.780	127	123	118	1	123	1	117	1.44e-44	144	100
P00040_00	7yvg_K	63.780	127	123	118	1	123	1	117	1.44e-44	144	100
P00040_01	9nh7_F	68.800	125	123	140	1	123	4	124	8.37e-49	155	100
P00040_01	9nh7_E	68.800	125	123	140	1	123	4	124	8.37e-49	155	100
P00040_01	9vq6_H	68.000	125	123	132	1	123	3	119	2.34e-47	152	100
P00040_01	9vq6_C	68.000	125	123	132	1	123	3	119	2.34e-47	152	100
P00040_01	9vq6_B	68.000	125	123	132	1	123	3	119	2.34e-47	152	100
P00040_01	9vq6_A	68.000	125	123	132	1	123	3	119	2.34e-47	152	100
P00040_01	3eak_B	66.929	127	123	137	1	123	1	127	1.06e-46	150	100
P00040_01	3eak_A	66.929	127	123	137	1	123	1	127	1.06e-46	150	100
P00040_01	8k4q_D	64.615	130	123	121	1	123	3	120	8.87e-46	147	100
P00040_01	8k4q_B	64.615	130	123	121	1	123	3	120	8.87e-46	147	100
P00040_01	9w7j_B	65.079	126	123	120	1	123	1	119	5.65e-45	145	100
P00040_01	7yvp_K	63.281	128	123	118	1	123	1	117	6.27e-45	145	100
P00040_01	7yvp_P	63.281	128	123	118	1	123	1	117	6.27e-45	145	100
P00040_01	7yvn_O	63.281	128	123	118	1	123	1	117	6.27e-45	145	100
P00040_01	7yvn_L	63.281	128	123	118	1	123	1	117	6.27e-45	145	100
P00040_01	7yvn_I	63.281	128	123	118	1	123	1	117	6.27e-45	145	100
P00040_01	7yvm_C	63.281	128	123	118	1	123	1	117	6.27e-45	145	100
P00040_01	7yvo_K	63.281	128	123	118	1	123	1	117	9.19e-45	145	100
P00040_01	7yvo_I	63.281	128	123	118	1	123	1	117	9.19e-45	145	100
P00040_01	7yvh_C	63.281	128	123	118	1	123	1	117	9.19e-45	145	100
P00040_02	9nh7_F	68.800	125	123	140	1	123	4	124	6.25e-47	151	100
P00040_02	9nh7_E	68.800	125	123	140	1	123	4	124	6.25e-47	151	100
P00040_02	3eak_B	65.649	131	123	137	1	123	1	127	1.49e-46	150	100
P00040_02	3eak_A	65.649	131	123	137	1	123	1	127	1.49e-46	150	100
P00040_02	9vq6_H	65.891	129	123	132	1	123	3	119	7.53e-46	148	100
P00040_02	9vq6_C	65.891	129	123	132	1	123	3	119	7.53e-46	148	100
P00040_02	9vq6_B	65.891	129	123	132	1	123	3	119	7.53e-46	148	100
P00040_02	9vq6_A	65.891	129	123	132	1	123	3	119	7.53e-46	148	100
P00040_02	8coe_B	65.079	126	123	132	1	123	1	125	6.57e-45	145	100
P00040_02	8coh_A	64.615	130	123	132	1	123	1	125	8.45e-45	145	100
P00040_02	3g6d_H	66.400	125	123	229	1	123	1	121	2.23e-44	147	100
P00040_02	3g6a_B	66.400	125	123	229	1	123	1	121	2.23e-44	147	100
P00040_02	3g6a_H	66.400	125	123	229	1	123	1	121	2.23e-44	147	100
P00040_02	8k4q_D	63.077	130	123	121	1	123	3	120	5.50e-44	143	100
P00040_02	8k4q_B	63.077	130	123	121	1	123	3	120	5.50e-44	143	100
P00040_02	7yvp_K	63.281	128	123	118	1	123	1	117	5.72e-44	143	100
P00040_02	7yvp_P	63.281	128	123	118	1	123	1	117	5.72e-44	143	100
P00040_02	7yvn_O	63.281	128	123	118	1	123	1	117	5.72e-44	143	100
P00040_02	7yvn_L	63.281	128	123	118	1	123	1	117	5.72e-44	143	100
P00040_02	7yvn_I	63.281	128	123	118	1	123	1	117	5.72e-44	143	100
P00040_03	3eak_B	67.717	127	123	137	1	123	1	127	1.88e-47	152	100
P00040_03	3eak_A	67.717	127	123	137	1	123	1	127	1.88e-47	152	100
P00040_03	9nh7_F	68.800	125	123	140	1	123	4	124	3.03e-47	152	100
P00040_03	9nh7_E	68.800	125	123	140	1	123	4	124	3.03e-47	152	100
P00040_03	9vq6_H	68.000	125	123	132	1	123	3	119	4.32e-47	151	100
P00040_03	9vq6_C	68.000	125	123	132	1	123	3	119	4.32e-47	151	100
P00040_03	9vq6_B	68.000	125	123	132	1	123	3	119	4.32e-47	151	100
P00040_03	9vq6_A	68.000	125	123	132	1	123	3	119	4.32e-47	151	100
P00040_03	8k4q_D	65.873	126	123	121	1	123	3	120	1.71e-45	147	100
P00040_03	8k4q_B	65.873	126	123	121	1	123	3	120	1.71e-45	147	100
P00040_03	7xl0_B	64.516	124	123	130	1	123	1	120	3.39e-45	146	100
P00040_03	7xl0_A	64.516	124	123	130	1	123	1	120	3.39e-45	146	100
P00040_03	4u3x_C	64.800	125	123	121	1	123	1	120	6.95e-45	145	100
P00040_03	4u3x_A	64.800	125	123	121	1	123	1	120	6.95e-45	145	100
P00040_03	4pgj_C	64.800	125	123	121	1	123	1	120	6.95e-45	145	100
P00040_03	4pgj_A	64.800	125	123	121	1	123	1	120	6.95e-45	145	100
P00040_03	9w7j_B	65.600	125	123	120	1	123	1	119	2.86e-44	144	100
P00040_03	3zhk_B	63.200	125	123	127	1	123	1	118	3.47e-44	144	100
P00040_03	3zhk_A	63.200	125	123	127	1	123	1	118	3.47e-44	144	100
P00040_03	7yvp_K	63.710	124	123	118	1	123	1	117	4.08e-44	143	100
P00040_04	3eak_B	67.717	127	123	137	1	123	1	127	1.30e-48	155	100
P00040_04	3eak_A	67.717	127	123	137	1	123	1	127	1.30e-48	155	100
P00040_04	9vq6_H	69.048	126	123	132	1	123	3	119	2.65e-48	154	100
P00040_04	9vq6_C	69.048	126	123	132	1	123	3	119	2.65e-48	154	100
P00040_04	9vq6_B	69.048	126	123	132	1	123	3	119	2.65e-48	154	100
P00040_04	9vq6_A	69.048	126	123	132	1	123	3	119	2.65e-48	154	100
P00040_04	9nh7_F	68.000	125	123	140	1	123	4	124	1.52e-47	152	100
P00040_04	9nh7_E	68.000	125	123	140	1	123	4	124	1.52e-47	152	100
P00040_04	8k4q_D	64.800	125	123	121	1	123	3	120	1.62e-46	149	100
P00040_04	8k4q_B	64.800	125	123	121	1	123	3	120	1.62e-46	149	100
P00040_04	9w7j_B	66.142	127	123	120	1	123	1	119	2.52e-46	149	100
P00040_04	8p2e_G	65.625	128	123	223	1	123	2	118	9.47e-46	150	100
P00040_04	8p2e_E	65.625	128	123	223	1	123	2	118	9.47e-46	150	100
P00040_04	8p2e_C	65.625	128	123	223	1	123	2	118	9.47e-46	150	100
P00040_04	8p2e_A	65.625	128	123	223	1	123	2	118	9.47e-46	150	100
P00040_04	8jen_G	66.406	128	123	222	1	123	1	118	2.89e-45	149	100
P00040_04	8jen_E	66.406	128	123	222	1	123	1	118	2.89e-45	149	100
P00040_04	8jen_C	66.406	128	123	222	1	123	1	118	2.89e-45	149	100
P00040_04	8jen_A	66.406	128	123	222	1	123	1	118	2.89e-45	149	100
P00040_04	8jel_I	66.406	128	123	222	1	123	1	118	2.89e-45	149	100
P00040_05	9nh7_F	68.800	125	123	140	1	123	4	124	1.27e-48	155	100
P00040_05	9nh7_E	68.800	125	123	140	1	123	4	124	1.27e-48	155	100
P00040_05	3eak_B	67.717	127	123	137	1	123	1	127	1.75e-47	152	100
P00040_05	3eak_A	67.717	127	123	137	1	123	1	127	1.75e-47	152	100
P00040_05	9vq6_H	69.048	126	123	132	1	123	3	119	6.55e-47	150	100
P00040_05	9vq6_C	69.048	126	123	132	1	123	3	119	6.55e-47	150	100
P00040_05	9vq6_B	69.048	126	123	132	1	123	3	119	6.55e-47	150	100
P00040_05	9vq6_A	69.048	126	123	132	1	123	3	119	6.55e-47	150	100
P00040_05	8k4q_D	65.385	130	123	121	1	123	3	120	1.32e-45	147	100
P00040_05	8k4q_B	65.385	130	123	121	1	123	3	120	1.32e-45	147	100
P00040_05	7yvp_K	64.062	128	123	118	1	123	1	117	3.04e-45	146	100
P00040_05	7yvp_P	64.062	128	123	118	1	123	1	117	3.04e-45	146	100
P00040_05	7yvn_O	64.062	128	123	118	1	123	1	117	3.04e-45	146	100
P00040_05	7yvn_L	64.062	128	123	118	1	123	1	117	3.04e-45	146	100
P00040_05	7yvn_I	64.062	128	123	118	1	123	1	117	3.04e-45	146	100
P00040_05	7yvm_C	64.062	128	123	118	1	123	1	117	3.04e-45	146	100
P00040_05	3zhd_B	64.286	126	123	127	1	123	1	118	4.19e-45	146	100
P00040_05	3zhd_A	64.286	126	123	127	1	123	1	118	4.19e-45	146	100
P00040_05	3zhk_B	63.492	126	123	127	1	123	1	118	4.48e-45	146	100
P00040_05	3zhk_A	63.492	126	123	127	1	123	1	118	4.48e-45	146	100
P00040_06	3eak_B	66.929	127	123	137	1	123	1	127	2.86e-47	152	100
P00040_06	3eak_A	66.929	127	123	137	1	123	1	127	2.86e-47	152	100
P00040_06	9vq6_H	67.692	130	123	132	1	123	3	119	1.99e-45	147	100
P00040_06	9vq6_C	67.692	130	123	132	1	123	3	119	1.99e-45	147	100
P00040_06	9vq6_B	67.692	130	123	132	1	123	3	119	1.99e-45	147	100
P00040_06	9vq6_A	67.692	130	123	132	1	123	3	119	1.99e-45	147	100
P00040_06	9nh7_F	66.667	126	123	140	1	123	4	124	2.64e-45	147	100
P00040_06	9nh7_E	66.667	126	123	140	1	123	4	124	2.64e-45	147	100
P00040_06	7yvp_K	64.567	127	123	118	1	123	1	117	1.08e-44	144	100
P00040_06	7yvp_P	64.567	127	123	118	1	123	1	117	1.08e-44	144	100
P00040_06	7yvn_O	64.567	127	123	118	1	123	1	117	1.08e-44	144	100
P00040_06	7yvn_L	64.567	127	123	118	1	123	1	117	1.08e-44	144	100
P00040_06	7yvn_I	64.567	127	123	118	1	123	1	117	1.08e-44	144	100
P00040_06	7yvm_C	64.567	127	123	118	1	123	1	117	1.08e-44	144	100
P00040_06	8k4q_D	63.566	129	123	121	1	123	3	120	2.59e-44	144	100
P00040_06	8k4q_B	63.566	129	123	121	1	123	3	120	2.59e-44	144	100
P00040_06	7mzf_H	66.667	126	123	224	1	123	1	116	3.68e-44	147	100
P00040_06	8hc7_H	63.566	129	123	115	1	123	1	115	3.84e-44	143	100
P00040_06	8coh_A	64.615	130	123	132	1	123	1	125	5.20e-44	143	100
P00040_06	7yvo_K	64.567	127	123	118	1	123	1	117	5.36e-44	143	100
P00040_07	3eak_B	67.717	127	123	137	1	123	1	127	1.04e-49	158	100
P00040_07	3eak_A	67.717	127	123	137	1	123	1	127	1.04e-49	158	100
P00040_07	9nh7_F	68.000	125	123	140	1	123	4	124	3.92e-48	154	100
P00040_07	9nh7_E	68.000	125	123	140	1	123	4	124	3.92e-48	154	100
P00040_07	9vq6_H	69.841	126	123	132	1	123	3	119	8.65e-48	153	100
P00040_07	9vq6_C	69.841	126	123	132	1	123	3	119	8.65e-48	153	100
P00040_07	9vq6_B	69.841	126	123	132	1	123	3	119	8.65e-48	153	100
P00040_07	9vq6_A	69.841	126	123	132	1	123	3	119	8.65e-48	153	100
P00040_07	7yvp_K	64.516	124	123	118	1	123	1	117	3.84e-46	148	100
P00040_07	7yvp_P	64.516	124	123	118	1	123	1	117	3.84e-46	148	100
P00040_07	7yvn_O	64.516	124	123	118	1	123	1	117	3.84e-46	148	100
P00040_07	7yvn_L	64.516	124	123	118	1	123	1	117	3.84e-46	148	100
P00040_07	7yvn_I	64.516	124	123	118	1	123	1	117	3.84e-46	148	100
P00040_07	7yvm_C	64.516	124	123	118	1	123	1	117	3.84e-46	148	100
P00040_07	8k4q_D	64.000	125	123	121	1	123	3	120	5.19e-46	148	100
P00040_07	8k4q_B	64.000	125	123	121	1	123	3	120	5.19e-46	148	100
P00040_07	9lp1_A	63.710	124	123	117	1	123	1	116	6.23e-46	147	100
P00040_07	9lp0_D	63.710	124	123	117	1	123	1	116	6.23e-46	147	100
P00040_07	9loz_B	63.710	124	123	117	1	123	1	116	6.23e-46	147	100
P00040_07	9loy_H	63.710	124	123	117	1	123	1	116	6.23e-46	147	100
P00040_08	9nh7_F	69.600	125	123	140	1	123	4	124	5.62e-48	154	100
P00040_08	9nh7_E	69.600	125	123	140	1	123	4	124	5.62e-48	154	100
P00040_08	3eak_B	67.717	127	123	137	1	123	1	127	4.47e-47	151	100
P00040_08	3eak_A	67.717	127	123	137	1	123	1	127	4.47e-47	151	100
P00040_08	9vq6_H	66.923	130	123	132	1	123	3	119	3.82e-46	149	100
P00040_08	9vq6_C	66.923	130	123	132	1	123	3	119	3.82e-46	149	100
P00040_08	9vq6_B	66.923	130	123	132	1	123	3	119	3.82e-46	149	100
P00040_08	9vq6_A	66.923	130	123	132	1	123	3	119	3.82e-46	149	100
P00040_08	7yvp_K	64.062	128	123	118	1	123	1	117	4.23e-45	145	100
P00040_08	7yvp_P	64.062	128	123	118	1	123	1	117	4.23e-45	145	100
P00040_08	7yvn_O	64.062	128	123	118	1	123	1	117	4.23e-45	145	100
P00040_08	7yvn_L	64.062	128	123	118	1	123	1	117	4.23e-45	145	100
P00040_08	7yvn_I	64.062	128	123	118	1	123	1	117	4.23e-45	145	100
P00040_08	7yvm_C	64.062	128	123	118	1	123	1	117	4.23e-45	145	100
P00040_08	8k4q_D	64.341	129	123	121	1	123	3	120	4.44e-45	145	100
P00040_08	8k4q_B	64.341	129	123	121	1	123	3	120	4.44e-45	145	100
P00040_08	7yvo_K	64.062	128	123	118	1	123	1	117	1.98e-44	144	100
P00040_08	7yvo_I	64.062	128	123	118	1	123	1	117	1.98e-44	144	100
P00040_08	7yvh_C	64.062	128	123	118	1	123	1	117	1.98e-44	144	100
P00040_08	7yvg_M	64.062	128	123	118	1	123	1	117	1.98e-44	144	100
P00041_00	9nh7_F	66.929	127	127	140	1	127	4	124	5.67e-49	156	100
P00041_00	9nh7_E	66.929	127	127	140	1	127	4	124	5.67e-49	156	100
P00041_00	9vq6_H	66.929	127	127	132	1	127	3	119	2.81e-48	154	100
P00041_00	9vq6_C	66.929	127	127	132	1	127	3	119	2.81e-48	154	100
P00041_00	9vq6_B	66.929	127	127	132	1	127	3	119	2.81e-48	154	100
P00041_00	9vq6_A	66.929	127	127	132	1	127	3	119	2.81e-48	154	100
P00041_00	3eak_B	65.116	129	127	137	1	127	1	127	8.05e-48	153	100
P00041_00	3eak_A	65.116	129	127	137	1	127	1	127	8.05e-48	153	100
P00041_00	5n88_A	62.992	127	127	126	1	127	1	126	3.09e-47	151	100
P00041_00	5n88_H	62.992	127	127	126	1	127	1	126	3.09e-47	151	100
P00041_00	8cwj_U	65.354	127	127	230	1	127	1	118	2.94e-46	152	100
P00041_00	8cwj_J	65.354	127	127	230	1	127	1	118	2.94e-46	152	100
P00041_00	9lqi_A	62.992	127	127	121	1	127	1	120	4.66e-46	148	100
P00041_00	9lqi_B	62.992	127	127	121	1	127	1	120	4.66e-46	148	100
P00041_00	8r1d_H	63.780	127	127	121	1	127	1	120	6.76e-46	148	100
P00041_00	8r1d_D	63.780	127	127	121	1	127	1	120	6.76e-46	148	100
P00041_00	8r1d_F	63.780	127	127	121	1	127	1	120	6.76e-46	148	100
P00041_00	3g6d_H	65.354	127	127	229	1	127	1	121	1.20e-45	151	100
P00041_00	3g6a_B	65.354	127	127	229	1	127	1	121	1.20e-45	151	100
P00041_00	3g6a_H	65.354	127	127	229	1	127	1	121	1.20e-45	151	100
P00041_01	6t2j_B	65.354	127	127	120	1	127	1	119	2.45e-47	151	100
P00041_01	6t2j_A	65.354	127	127	120	1	127	1	119	2.45e-47	151	100
P00041_01	6sc9_C	65.354	127	127	120	1	127	1	119	2.45e-47	151	100
P00041_01	6sc9_B	65.354	127	127	120	1	127	1	119	2.45e-47	151	100
P00041_01	6sc8_C	65.354	127	127	120	1	127	1	119	2.45e-47	151	100
P00041_01	6sc8_B	65.354	127	127	120	1	127	1	119	2.45e-47	151	100
P00041_01	6sc7_C	65.354	127	127	120	1	127	1	119	2.45e-47	151	100
P00041_01	6sc7_B	65.354	127	127	120	1	127	1	119	2.45e-47	151	100
P00041_01	6sc6_C	65.354	127	127	120	1	127	1	119	2.45e-47	151	100
P00041_01	6sc6_B	65.354	127	127	120	1	127	1	119	2.45e-47	151	100
P00041_01	6sc5_C	65.354	127	127	120	1	127	1	119	2.45e-47	151	100
P00041_01	6sc5_B	65.354	127	127	120	1	127	1	119	2.45e-47	151	100
P00041_01	7obf_B	63.780	127	127	125	1	127	1	119	6.03e-47	150	100
P00041_01	7obf_A	63.780	127	127	125	1	127	1	119	6.03e-47	150	100
P00041_01	1ohq_B	63.780	127	127	120	1	127	1	119	7.92e-47	150	100
P00041_01	1ohq_A	63.780	127	127	120	1	127	1	119	7.92e-47	150	100
P00041_01	9nh7_F	67.188	128	127	140	1	127	4	124	1.91e-46	150	100
P00041_01	9nh7_E	67.188	128	127	140	1	127	4	124	1.91e-46	150	100
P00041_01	3eak_B	62.687	134	127	137	1	127	1	127	3.83e-46	149	100
P00041_01	3eak_A	62.687	134	127	137	1	127	1	127	3.83e-46	149	100
P00041_02	3eak_B	66.667	132	127	137	1	127	1	127	3.91e-48	154	100
P00041_02	3eak_A	66.667	132	127	137	1	127	1	127	3.91e-48	154	100
P00041_02	9dlf_B	65.354	127	127	126	1	127	1	124	1.69e-47	152	100
P00041_02	9nh7_F	63.504	137	127	140	1	127	4	124	4.87e-47	151	100
P00041_02	9nh7_E	63.504	137	127	140	1	127	4	124	4.87e-47	151	100
P00041_02	9vq6_H	66.667	129	127	132	1	127	3	119	1.01e-46	150	100
P00041_02	9vq6_C	66.667	129	127	132	1	127	3	119	1.01e-46	150	100
P00041_02	9vq6_B	66.667	129	127	132	1	127	3	119	1.01e-46	150	100
P00041_02	9vq6_A	66.667	129	127	132	1	127	3	119	1.01e-46	150	100
P00041_02	9dzg_H	66.142	127	127	228	1	127	1	124	1.56e-46	153	100
P00041_02	9dzf_H	66.142	127	127	228	1	127	1	124	1.56e-46	153	100
P00041_02	5d7s_H	66.412	131	127	238	1	127	1	116	1.96e-46	153	100
P00041_02	5d72_M	66.412	131	127	238	1	127	1	116	1.96e-46	153	100
P00041_02	5d72_H	66.412	131	127	238	1	127	1	116	1.96e-46	153	100
P00041_02	5c7x_M	66.412	131	127	238	1	127	1	116	1.96e-46	153	100
P00041_02	5c7x_H	66.412	131	127	238	1	127	1	116	1.96e-46	153	100
P00041_02	5d71_H	66.667	129	127	236	1	127	1	114	4.93e-46	152	100
P00041_02	5d70_H	66.667	129	127	236	1	127	1	114	4.93e-46	152	100
P00041_02	8vti_D	65.354	127	127	235	1	127	4	126	8.82e-46	151	100
P00041_02	6t2j_B	62.992	127	127	120	1	127	1	119	9.72e-46	147	100
P00041_03	9nh7_F	67.442	129	127	140	1	127	4	124	3.62e-47	152	100
P00041_03	9nh7_E	67.442	129	127	140	1	127	4	124	3.62e-47	152	100
P00041_03	3eak_B	64.662	133	127	137	1	127	1	127	3.69e-47	152	100
P00041_03	3eak_A	64.662	133	127	137	1	127	1	127	3.69e-47	152	100
P00041_03	5csz_A	65.891	129	127	228	1	127	1	125	2.19e-46	152	100
P00041_03	5csz_H	65.891	129	127	228	1	127	1	125	2.19e-46	152	100
P00041_03	8eqf_H	68.217	129	127	123	1	127	1	122	8.20e-46	148	100
P00041_03	7cbp_R	63.077	130	127	222	1	127	1	121	1.17e-45	150	100
P00041_03	7cbp_D	63.077	130	127	222	1	127	1	121	1.17e-45	150	100
P00041_03	8cwj_U	66.923	130	127	230	1	127	1	118	2.25e-45	150	100
P00041_03	8cwj_J	66.923	130	127	230	1	127	1	118	2.25e-45	150	100
P00041_03	5n88_A	62.791	129	127	126	1	127	1	126	3.24e-45	146	100
P00041_03	5n88_H	62.791	129	127	126	1	127	1	126	3.24e-45	146	100
P00041_03	7on5_A	60.465	129	127	130	1	127	4	129	3.87e-45	146	100
P00041_03	9vq6_H	66.667	129	127	132	1	127	3	119	3.89e-45	146	100
P00041_03	9vq6_C	66.667	129	127	132	1	127	3	119	3.89e-45	146	100
P00041_03	9vq6_B	66.667	129	127	132	1	127	3	119	3.89e-45	146	100
P00041_03	9vq6_A	66.667	129	127	132	1	127	3	119	3.89e-45	146	100
P00041_03	7kf0_A	65.354	127	127	236	1	127	1	119	4.15e-45	150	100
P00041_03	7kf0_H	65.354	127	127	236	1	127	1	119	4.15e-45	150	100
P00041_04	3eak_B	63.433	134	127	137	1	127	1	127	3.78e-48	154	100
P00041_04	3eak_A	63.433	134	127	137	1	127	1	127	3.78e-48	154	100
P00041_04	5n88_A	63.780	127	127	126	1	127	1	126	4.96e-48	153	100
P00041_04	5n88_H	63.780	127	127	126	1	127	1	126	4.96e-48	153	100
P00041_04	5csz_A	66.142	127	127	228	1	127	1	125	7.51e-48	156	100
P00041_04	5csz_H	66.142	127	127	228	1	127	1	125	7.51e-48	156	100
P00041_04	9nh7_F	66.667	129	127	140	1	127	4	124	9.33e-48	153	100
P00041_04	9nh7_E	66.667	129	127	140	1	127	4	124	9.33e-48	153	100
P00041_04	6t2j_B	65.354	127	127	120	1	127	1	119	1.23e-47	152	100
P00041_04	6t2j_A	65.354	127	127	120	1	127	1	119	1.23e-47	152	100
P00041_04	6sc9_C	65.354	127	127	120	1	127	1	119	1.23e-47	152	100
P00041_04	6sc9_B	65.354	127	127	120	1	127	1	119	1.23e-47	152	100
P00041_04	6sc8_C	65.354	127	127	120	1	127	1	119	1.23e-47	152	100
P00041_04	6sc8_B	65.354	127	127	120	1	127	1	119	1.23e-47	152	100
P00041_04	6sc7_C	65.354	127	127	120	1	127	1	119	1.23e-47	152	100
P00041_04	6sc7_B	65.354	127	127	120	1	127	1	119	1.23e-47	152	100
P00041_04	6sc6_C	65.354	127	127	120	1	127	1	119	1.23e-47	152	100
P00041_04	6sc6_B	65.354	127	127	120	1	127	1	119	1.23e-47	152	100
P00041_04	6sc5_C	65.354	127	127	120	1	127	1	119	1.23e-47	152	100
P00041_04	6sc5_B	65.354	127	127	120	1	127	1	119	1.23e-47	152	100
P00041_05	3eak_B	65.116	129	127	137	1	127	1	127	1.01e-47	153	100
P00041_05	3eak_A	65.116	129	127	137	1	127	1	127	1.01e-47	153	100
P00041_05	9nh7_F	66.142	127	127	140	1	127	4	124	1.31e-47	153	100
P00041_05	9nh7_E	66.142	127	127	140	1	127	4	124	1.31e-47	153	100
P00041_05	5ihl_I	62.205	127	127	121	1	127	3	117	1.22e-46	150	100
P00041_05	5ihl_G	62.205	127	127	121	1	127	3	117	1.22e-46	150	100
P00041_05	5ihl_E	62.205	127	127	121	1	127	3	117	1.22e-46	150	100
P00041_05	5ihl_B	62.205	127	127	121	1	127	3	117	1.22e-46	150	100
P00041_05	5dmj_G	62.205	127	127	121	1	127	3	117	1.22e-46	150	100
P00041_05	5dmj_E	62.205	127	127	121	1	127	3	117	1.22e-46	150	100
P00041_05	5dmj_B	62.205	127	127	121	1	127	3	117	1.22e-46	150	100
P00041_05	9vq6_H	64.567	127	127	132	1	127	3	119	3.55e-46	149	100
P00041_05	9vq6_C	64.567	127	127	132	1	127	3	119	3.55e-46	149	100
P00041_05	9vq6_B	64.567	127	127	132	1	127	3	119	3.55e-46	149	100
P00041_05	9vq6_A	64.567	127	127	132	1	127	3	119	3.55e-46	149	100
P00041_05	6rqm_B	64.844	128	127	144	1	127	1	127	4.97e-46	149	100
P00041_05	8z8l_A	63.780	127	127	124	1	127	1	114	6.79e-46	148	100
P00041_05	7obf_B	63.780	127	127	125	1	127	1	119	2.41e-45	147	100
P00041_05	7obf_A	63.780	127	127	125	1	127	1	119	2.41e-45	147	100
P00041_05	1ohq_B	63.780	127	127	120	1	127	1	119	2.91e-45	146	100
P00041_06	9nh7_F	66.142	127	127	140	1	127	4	124	7.78e-49	156	100
P00041_06	9nh7_E	66.142	127	127	140	1	127	4	124	7.78e-49	156	100
P00041_06	3eak_B	64.122	131	127	137	1	127	1	127	8.98e-48	153	100
P00041_06	3eak_A	64.122	131	127	137	1	127	1	127	8.98e-48	153	100
P00041_06	6rqm_B	64.844	128	127	144	1	127	1	127	3.84e-47	152	100
P00041_06	9vq6_H	65.354	127	127	132	1	127	3	119	5.28e-47	151	100
P00041_06	9vq6_C	65.354	127	127	132	1	127	3	119	5.28e-47	151	100
P00041_06	9vq6_B	65.354	127	127	132	1	127	3	119	5.28e-47	151	100
P00041_06	9vq6_A	65.354	127	127	132	1	127	3	119	5.28e-47	151	100
P00041_06	6t2j_B	63.780	127	127	120	1	127	1	119	9.75e-47	150	100
P00041_06	6t2j_A	63.780	127	127	120	1	127	1	119	9.75e-47	150	100
P00041_06	6sc9_C	63.780	127	127	120	1	127	1	119	9.75e-47	150	100
P00041_06	6sc9_B	63.780	127	127	120	1	127	1	119	9.75e-47	150	100
P00041_06	6sc8_C	63.780	127	127	120	1	127	1	119	9.75e-47	150	100
P00041_06	6sc8_B	63.780	127	127	120	1	127	1	119	9.75e-47	150	100
P00041_06	6sc7_C	63.780	127	127	120	1	127	1	119	9.75e-47	150	100
P00041_06	6sc7_B	63.780	127	127	120	1	127	1	119	9.75e-47	150	100
P00041_06	6sc6_C	63.780	127	127	120	1	127	1	119	9.75e-47	150	100
P00041_06	6sc6_B	63.780	127	127	120	1	127	1	119	9.75e-47	150	100
P00041_06	6sc5_C	63.780	127	127	120	1	127	1	119	9.75e-47	150	100
P00041_07	6t2j_B	63.780	127	127	120	1	127	1	119	3.09e-47	151	100
P00041_07	6t2j_A	63.780	127	127	120	1	127	1	119	3.09e-47	151	100
P00041_07	6sc9_C	63.780	127	127	120	1	127	1	119	3.09e-47	151	100
P00041_07	6sc9_B	63.780	127	127	120	1	127	1	119	3.09e-47	151	100
P00041_07	6sc8_C	63.780	127	127	120	1	127	1	119	3.09e-47	151	100
P00041_07	6sc8_B	63.780	127	127	120	1	127	1	119	3.09e-47	151	100
P00041_07	6sc7_C	63.780	127	127	120	1	127	1	119	3.09e-47	151	100
P00041_07	6sc7_B	63.780	127	127	120	1	127	1	119	3.09e-47	151	100
P00041_07	6sc6_C	63.780	127	127	120	1	127	1	119	3.09e-47	151	100
P00041_07	6sc6_B	63.780	127	127	120	1	127	1	119	3.09e-47	151	100
P00041_07	6sc5_C	63.780	127	127	120	1	127	1	119	3.09e-47	151	100
P00041_07	6sc5_B	63.780	127	127	120	1	127	1	119	3.09e-47	151	100
P00041_07	9nh7_F	66.154	130	127	140	1	127	4	124	6.23e-46	149	100
P00041_07	9nh7_E	66.154	130	127	140	1	127	4	124	6.23e-46	149	100
P00041_07	9vq6_H	64.567	127	127	132	1	127	3	119	1.04e-45	148	100
P00041_07	9vq6_C	64.567	127	127	132	1	127	3	119	1.04e-45	148	100
P00041_07	9vq6_B	64.567	127	127	132	1	127	3	119	1.04e-45	148	100
P00041_07	9vq6_A	64.567	127	127	132	1	127	3	119	1.04e-45	148	100
P00041_07	3eak_B	64.122	131	127	137	1	127	1	127	2.23e-45	147	100
P00041_07	3eak_A	64.122	131	127	137	1	127	1	127	2.23e-45	147	100
P00041_08	9nh7_F	66.929	127	127	140	1	127	4	124	8.49e-49	156	100
P00041_08	9nh7_E	66.929	127	127	140	1	127	4	124	8.49e-49	156	100
P00041_08	3eak_B	65.116	129	127	137	1	127	1	127	2.36e-48	155	100
P00041_08	3eak_A	65.116	129	127	137	1	127	1	127	2.36e-48	155	100
P00041_08	6t2j_B	63.780	127	127	120	1	127	1	119	3.76e-47	151	100
P00041_08	6t2j_A	63.780	127	127	120	1	127	1	119	3.76e-47	151	100
P00041_08	6sc9_C	63.780	127	127	120	1	127	1	119	3.76e-47	151	100
P00041_08	6sc9_B	63.780	127	127	120	1	127	1	119	3.76e-47	151	100
P00041_08	6sc8_C	63.780	127	127	120	1	127	1	119	3.76e-47	151	100
P00041_08	6sc8_B	63.780	127	127	120	1	127	1	119	3.76e-47	151	100
P00041_08	6sc7_C	63.780	127	127	120	1	127	1	119	3.76e-47	151	100
P00041_08	6sc7_B	63.780	127	127	120	1	127	1	119	3.76e-47	151	100
P00041_08	6sc6_C	63.780	127	127	120	1	127	1	119	3.76e-47	151	100
P00041_08	6sc6_B	63.780	127	127	120	1	127	1	119	3.76e-47	151	100
P00041_08	6sc5_C	63.780	127	127	120	1	127	1	119	3.76e-47	151	100
P00041_08	6sc5_B	63.780	127	127	120	1	127	1	119	3.76e-47	151	100
P00041_08	7xl1_B	62.205	127	127	133	1	127	1	123	3.88e-47	151	100
P00041_08	7xl1_A	62.205	127	127	133	1	127	1	123	3.88e-47	151	100
P00041_08	9dzg_H	65.354	127	127	228	1	127	1	124	5.38e-47	154	100
P00041_08	9dzf_H	65.354	127	127	228	1	127	1	124	5.38e-47	154	100
